Country Name,Country Code,Series Name,Series Code,2016 [YR2016],2017 [YR2017],2018 [YR2018],2019 [YR2019],2020 [YR2020],2021 [YR2021],2022 [YR2022],2023 [YR2023],2024 [YR2024],2025 [YR2025]
Afghanistan,AFG,Access to Clean Fuels and Technologies for cooking (% of total population),EG.CFT.ACCS.ZS,28.9,30.15,31.7,33.3,34.6,35.9,37.1,38.6,,
Afghanistan,AFG,Access to electricity (% of total population),EG.ELC.ACCS.ZS,97.7,97.7,93.4,97.7,97.7,97.7,85.3,85.3,87.8,
Afghanistan,AFG,Population growth (annual %),SP.POP.GROW,2.53571991833963,2.80833730805469,2.91080959861384,2.98438913621969,3.15360920291972,2.35609779179185,1.43570437048699,2.13559384981397,2.83657317243522,2.76719430653303
Afghanistan,AFG,energy_poverty_electricity_rural (% of rural population),EG.ELC.ACCS.RU.ZS,97.1,97.1,91.6,97.1,97.1,97.1,81.7,81.4,84.6,
Afghanistan,AFG,energy_poverty_electricity_urban (% of urban population),EG.ELC.ACCS.UR.ZS,99.5,99.5,98.8,99.5,99.5,99.5,95.9,96.0,97.0,
Africa Eastern and Southern,AFE,Access to Clean Fuels and Technologies for cooking (% of total population),EG.CFT.ACCS.ZS,18.6851183805539,19.2056324304616,19.7427723256188,20.3326789734798,20.8628000665566,21.4196207400075,21.9964562319101,22.5414402127635,,
Africa Eastern and Southern,AFE,Access to electricity (% of total population),EG.ELC.ACCS.ZS,38.8595976583714,40.2237441730368,43.0350733507835,44.3908605333639,46.2823709455637,48.1272110400485,48.7420429375177,50.6675157944854,52.5981705163589,
Africa Eastern and Southern,AFE,Population growth (annual %),SP.POP.GROW,2.64074325542301,2.64206728810391,2.73426282366823,2.72168052257397,2.69951609745311,2.6494391643563,2.59275445199729,2.51916664518144,2.47280147854539,2.51127758940208
Africa Eastern and Southern,AFE,energy_poverty_electricity_rural (% of rural population),EG.ELC.ACCS.RU.ZS,24.5849063292052,25.3750374165444,26.9419836631142,28.9831827826011,30.9099909700969,32.7098365540535,33.9981786802343,35.2402362869802,36.0805715658078,
Africa Eastern and Southern,AFE,energy_poverty_electricity_urban (% of urban population),EG.ELC.ACCS.UR.ZS,69.1156725458505,70.9470358996273,71.8169384248205,72.9558440831329,74.3771181846498,75.8419966667537,76.2770144157384,80.6495589479192,80.0492740496487,
Africa Western and Central,AFW,Access to Clean Fuels and Technologies for cooking (% of total population),EG.CFT.ACCS.ZS,11.3729680882487,12.7953876118393,14.4983961316588,16.4161557333045,18.3320081705312,20.1476120874473,21.7968144143329,23.0861438505293,,
Africa Western and Central,AFW,Access to electricity (% of total population),EG.ELC.ACCS.ZS,51.0516355535304,48.902227563243,51.3381985112771,51.2893740480215,51.8518662109613,54.3660120999023,55.5855936928306,57.0647374680747,58.8221662248088,
Africa Western and Central,AFW,Population growth (annual %),SP.POP.GROW,2.66132695560953,2.61315215287381,2.52276242943424,2.43511941995056,2.38534703874946,2.35569541452186,2.32085084130242,2.37937619625479,2.39809620858228,2.30763633387899
Africa Western and Central,AFW,energy_poverty_electricity_rural (% of rural population),EG.ELC.ACCS.RU.ZS,26.7034051913366,22.9611442145573,28.0212582034382,26.25714327759,24.6897159445783,25.8117866418889,25.1882679024413,28.9574197737725,34.9534616228452,
Africa Western and Central,AFW,energy_poverty_electricity_urban (% of urban population),EG.ELC.ACCS.UR.ZS,81.9386893658641,82.8494141888898,80.3079833068358,82.6784389750083,83.2437168402274,86.6860388718378,86.7793773833545,84.8040438550224,85.8938427493386,
Albania,ALB,Access to Clean Fuels and Technologies for cooking (% of total population),EG.CFT.ACCS.ZS,78.0,79.7,80.9,82.1,83.4,84.5,85.4,86.1,,
Albania,ALB,Access to electricity (% of total population),EG.ELC.ACCS.ZS,99.9,99.9,100.0,100.0,100.0,100.0,100.0,100.0,100.0,
Albania,ALB,Population growth (annual %),SP.POP.GROW,-1.54313470861992,-1.54315156766944,-1.54309991591532,-1.54313709096794,-1.54315589345436,-1.54312080996395,-1.54315667695786,-1.64410790425763,-1.44214414486444,-1.16564475393365
Albania,ALB,energy_poverty_electricity_rural (% of rural population),EG.ELC.ACCS.RU.ZS,99.7,99.7,100.0,100.0,100.0,100.0,100.0,100.0,100.0,
Albania,ALB,energy_poverty_electricity_urban (% of urban population),EG.ELC.ACCS.UR.ZS,100.0,100.0,100.0,100.0,100.0,100.0,100.0,100.0,100.0,
Algeria,DZA,Access to Clean Fuels and Technologies for cooking (% of total population),EG.CFT.ACCS.ZS,99.6,99.6,99.7,99.7,99.7,99.7,99.7,99.7,,
Algeria,DZA,Access to electricity (% of total population),EG.ELC.ACCS.ZS,99.4,99.5,99.6,99.5,99.7,99.8,100.0,100.0,100.0,
Algeria,DZA,Population growth (annual %),SP.POP.GROW,2.05569111181654,2.03200060784518,1.93780623340147,1.84041291439333,1.71191216459393,1.61936460233826,1.58758210690673,1.49897601193923,1.39838651912702,1.31780475504384
Algeria,DZA,energy_poverty_electricity_rural (% of rural population),EG.ELC.ACCS.RU.ZS,98.3,98.6,98.9,98.7,99.1,99.3,99.3,100.0,100.0,
Algeria,DZA,energy_poverty_electricity_urban (% of urban population),EG.ELC.ACCS.UR.ZS,99.9,99.9,99.9,99.8,99.9,100.0,100.0,100.0,100.0,
American Samoa,ASM,Population growth (annual %),SP.POP.GROW,-1.20431808595042,-1.26938746413556,-1.32302357149178,-1.38257886328442,-0.896274880494128,-1.0829920166826,-1.81008765020754,-1.71290294190977,-1.60366587175019,-1.5863427255336
Andorra,AND,Access to Clean Fuels and Technologies for cooking (% of total population),EG.CFT.ACCS.ZS,100.0,100.0,100.0,100.0,100.0,100.0,100.0,100.0,,
Andorra,AND,Access to electricity (% of total population),EG.ELC.ACCS.ZS,100.0,100.0,100.0,100.0,100.0,100.0,100.0,100.0,100.0,
Andorra,AND,Population growth (annual %),SP.POP.GROW,0.00969831319383994,2.16803975005007,1.87885332176802,1.73050296926809,1.17775354895761,1.26362889534188,1.69676808598242,1.43374756867515,1.32930689449906,1.17204481645642
Andorra,AND,energy_poverty_electricity_rural (% of rural population),EG.ELC.ACCS.RU.ZS,100.0,100.0,100.0,100.0,100.0,100.0,100.0,100.0,100.0,
Andorra,AND,energy_poverty_electricity_urban (% of urban population),EG.ELC.ACCS.UR.ZS,100.0,100.0,100.0,100.0,100.0,100.0,100.0,100.0,100.0,
Angola,AGO,Access to Clean Fuels and Technologies for cooking (% of total population),EG.CFT.ACCS.ZS,48.0,48.2,48.8,49.2,49.4,49.8,50.0,50.2,,
Angola,AGO,Access to electricity (% of total population),EG.ELC.ACCS.ZS,41.8,42.9,45.3,45.6,47.0,48.2,48.5,51.1,55.5,
Angola,AGO,Population growth (annual %),SP.POP.GROW,3.57644143982026,3.54061221486272,3.45323300897802,3.38788422184303,3.26795864914978,3.18132259995095,3.14302612044601,3.08065530722915,3.04419972245653,3.00100954627922
Angola,AGO,energy_poverty_electricity_rural (% of rural population),EG.ELC.ACCS.RU.ZS,,,7.3,,,,,,1.3,
Angola,AGO,energy_poverty_electricity_urban (% of urban population),EG.ELC.ACCS.UR.ZS,67.9,69.4,65.3,72.2,73.6,75.0,76.2,77.9,78.0,
Antigua and Barbuda,ATG,Access to Clean Fuels and Technologies for cooking (% of total population),EG.CFT.ACCS.ZS,100.0,100.0,100.0,100.0,100.0,100.0,100.0,100.0,,
Antigua and Barbuda,ATG,Access to electricity (% of total population),EG.ELC.ACCS.ZS,100.0,100.0,100.0,100.0,100.0,100.0,100.0,100.0,100.0,
Antigua and Barbuda,ATG,Population growth (annual %),SP.POP.GROW,0.624381829779871,0.553103046635761,0.504979187034594,0.480553889847623,0.526173366134419,0.546161676855974,0.530270318994476,0.511400156215609,0.487472101887911,0.464941443253073
Antigua and Barbuda,ATG,energy_poverty_electricity_rural (% of rural population),EG.ELC.ACCS.RU.ZS,100.0,100.0,100.0,100.0,100.0,100.0,100.0,100.0,100.0,
Antigua and Barbuda,ATG,energy_poverty_electricity_urban (% of urban population),EG.ELC.ACCS.UR.ZS,100.0,100.0,100.0,100.0,100.0,100.0,100.0,100.0,100.0,
Arab World,ARB,Access to Clean Fuels and Technologies for cooking (% of total population),EG.CFT.ACCS.ZS,86.4793431723936,86.6379522000933,86.6601694019868,86.744828031453,86.7608769963874,86.6893216166095,86.763430122317,86.8229669353075,,
Arab World,ARB,Access to electricity (% of total population),EG.ELC.ACCS.ZS,89.1861710572825,90.3510669396465,88.6898406472267,89.9289963083413,90.2417769685806,90.4340947732985,90.6545179070033,91.6454299444509,92.1659179921314,
Arab World,ARB,Population growth (annual %),SP.POP.GROW,2.31761538561915,2.00626985832883,1.77768190401844,1.88201603418311,2.10294522896747,1.51437547360799,2.29741398218854,2.25586602644063,2.15591676300777,2.15748085841541
Arab World,ARB,energy_poverty_electricity_rural (% of rural population),EG.ELC.ACCS.RU.ZS,80.0046754436517,82.9401387076972,84.1869568996094,84.0353382124263,82.3523763177403,82.6857648582543,82.6239594636249,84.5524153017321,85.012232151515,
Arab World,ARB,energy_poverty_electricity_urban (% of urban population),EG.ELC.ACCS.UR.ZS,97.3085802293717,97.3733649794418,96.9339397365112,97.406238529904,97.4737649991652,97.525178378762,97.865546338499,98.1464688805601,97.9513566665397,
Argentina,ARG,Access to Clean Fuels and Technologies for cooking (% of total population),EG.CFT.ACCS.ZS,99.8,99.8,99.9,99.9,99.9,99.9,99.9,99.9,,
Argentina,ARG,Access to electricity (% of total population),EG.ELC.ACCS.ZS,99.9,100.0,100.0,100.0,100.0,100.0,100.0,100.0,98.4,
Argentina,ARG,Population growth (annual %),SP.POP.GROW,0.968911125580978,0.881249595012674,0.822969480473088,0.710900853077743,0.484665636741261,0.265879395046274,0.210808731072658,0.286976121920089,0.345829819817895,0.339100654860035
Argentina,ARG,energy_poverty_electricity_rural (% of rural population),EG.ELC.ACCS.RU.ZS,99.3,100.0,99.9,100.0,100.0,100.0,100.0,100.0,79.8,
Argentina,ARG,energy_poverty_electricity_urban (% of urban population),EG.ELC.ACCS.UR.ZS,100.0,100.0,100.0,100.0,100.0,100.0,100.0,100.0,100.0,
Armenia,ARM,Access to Clean Fuels and Technologies for cooking (% of total population),EG.CFT.ACCS.ZS,97.8,98.1,98.2,98.4,98.5,98.6,98.7,98.8,,
Armenia,ARM,Access to electricity (% of total population),EG.ELC.ACCS.ZS,99.8,99.7,99.9,100.0,100.0,100.0,100.0,100.0,100.0,
Armenia,ARM,Population growth (annual %),SP.POP.GROW,-0.410212518071397,-0.432038450211669,-0.349674218173286,-0.219168932037313,-0.0337609726366775,0.0270096898904032,0.2326562627468,-0.165163937436499,2.30761515133256,1.73854906675217
Armenia,ARM,energy_poverty_electricity_rural (% of rural population),EG.ELC.ACCS.RU.ZS,99.8,99.5,99.9,100.0,100.0,100.0,100.0,100.0,100.0,
Armenia,ARM,energy_poverty_electricity_urban (% of urban population),EG.ELC.ACCS.UR.ZS,99.8,99.8,99.9,100.0,100.0,99.9,100.0,100.0,100.0,
Aruba,ABW,Access to electricity (% of total population),EG.ELC.ACCS.ZS,100.0,100.0,100.0,100.0,100.0,100.0,99.9,100.0,100.0,
Aruba,ABW,Population growth (annual %),SP.POP.GROW,0.75796755862231,0.007357607309414,0.158975971141518,0.270504632854835,-0.565684046703506,-0.82021108315363,-0.362774222330685,0.0456516784920034,0.590657103226071,0.728852751394889
Aruba,ABW,energy_poverty_electricity_rural (% of rural population),EG.ELC.ACCS.RU.ZS,100.0,100.0,100.0,100.0,100.0,100.0,100.0,100.0,100.0,
Aruba,ABW,energy_poverty_electricity_urban (% of urban population),EG.ELC.ACCS.UR.ZS,100.0,100.0,100.0,100.0,100.0,100.0,100.0,100.0,100.0,
Australia,AUS,Access to Clean Fuels and Technologies for cooking (% of total population),EG.CFT.ACCS.ZS,100.0,100.0,100.0,100.0,100.0,100.0,100.0,100.0,,
Australia,AUS,Access to electricity (% of total population),EG.ELC.ACCS.ZS,100.0,100.0,100.0,100.0,100.0,100.0,100.0,100.0,100.0,
Australia,AUS,Population growth (annual %),SP.POP.GROW,1.56194049810399,1.64682779735017,1.49599671041328,1.47749071058438,1.23342825131378,0.14089508329287,1.28931130985537,2.43450716351535,1.98454886891555,1.53308964338105
Australia,AUS,energy_poverty_electricity_rural (% of rural population),EG.ELC.ACCS.RU.ZS,100.0,100.0,100.0,100.0,100.0,100.0,100.0,100.0,100.0,
Australia,AUS,energy_poverty_electricity_urban (% of urban population),EG.ELC.ACCS.UR.ZS,100.0,100.0,100.0,100.0,100.0,100.0,100.0,100.0,100.0,
Austria,AUT,Access to Clean Fuels and Technologies for cooking (% of total population),EG.CFT.ACCS.ZS,100.0,100.0,100.0,100.0,100.0,100.0,100.0,100.0,,
Austria,AUT,Access to electricity (% of total population),EG.ELC.ACCS.ZS,100.0,100.0,100.0,100.0,100.0,100.0,100.0,100.0,100.0,
Austria,AUT,Population growth (annual %),SP.POP.GROW,1.08139629872802,0.694621103604983,0.487071924768999,0.444673639004876,0.415176731565556,0.435671684056384,0.956287797076634,0.989464653969154,0.504879813795986,0.328301850203979
Austria,AUT,energy_poverty_electricity_rural (% of rural population),EG.ELC.ACCS.RU.ZS,100.0,100.0,100.0,100.0,100.0,100.0,100.0,100.0,100.0,
Austria,AUT,energy_poverty_electricity_urban (% of urban population),EG.ELC.ACCS.UR.ZS,100.0,100.0,100.0,100.0,100.0,100.0,100.0,100.0,100.0,
Azerbaijan,AZE,Access to Clean Fuels and Technologies for cooking (% of total population),EG.CFT.ACCS.ZS,97.3,97.6,97.9,98.2,98.4,98.6,98.8,98.9,,
Azerbaijan,AZE,Access to electricity (% of total population),EG.ELC.ACCS.ZS,100.0,100.0,100.0,100.0,100.0,100.0,100.0,100.0,100.0,
Azerbaijan,AZE,Population growth (annual %),SP.POP.GROW,1.11785721013911,0.98126180450475,0.866316916370841,0.846646726414021,0.684365325388407,0.441197735816311,0.039507866238038,0.120242150339289,0.480155257252915,0.431945667113889
Azerbaijan,AZE,energy_poverty_electricity_rural (% of rural population),EG.ELC.ACCS.RU.ZS,100.0,100.0,100.0,100.0,100.0,100.0,100.0,100.0,100.0,
Azerbaijan,AZE,energy_poverty_electricity_urban (% of urban population),EG.ELC.ACCS.UR.ZS,100.0,100.0,100.0,100.0,100.0,100.0,100.0,100.0,100.0,
"Bahamas, The",BHS,Access to Clean Fuels and Technologies for cooking (% of total population),EG.CFT.ACCS.ZS,100.0,100.0,100.0,100.0,100.0,100.0,100.0,100.0,,
"Bahamas, The",BHS,Access to electricity (% of total population),EG.ELC.ACCS.ZS,100.0,100.0,100.0,100.0,100.0,100.0,100.0,100.0,100.0,
"Bahamas, The",BHS,Population growth (annual %),SP.POP.GROW,0.700545015838571,0.624247409539043,0.569969444023085,0.497339072752345,0.300555038290333,0.128749531818761,0.293483989063331,0.477303918283875,0.460334786075668,0.43515303971882
"Bahamas, The",BHS,energy_poverty_electricity_rural (% of rural population),EG.ELC.ACCS.RU.ZS,100.0,100.0,100.0,100.0,100.0,100.0,100.0,100.0,100.0,
"Bahamas, The",BHS,energy_poverty_electricity_urban (% of urban population),EG.ELC.ACCS.UR.ZS,100.0,100.0,100.0,100.0,100.0,100.0,100.0,100.0,100.0,
Bahrain,BHR,Access to Clean Fuels and Technologies for cooking (% of total population),EG.CFT.ACCS.ZS,100.0,100.0,100.0,100.0,100.0,100.0,100.0,100.0,,
Bahrain,BHR,Access to electricity (% of total population),EG.ELC.ACCS.ZS,100.0,100.0,100.0,100.0,100.0,100.0,100.0,100.0,100.0,
Bahrain,BHR,Population growth (annual %),SP.POP.GROW,3.82316300255316,5.29314527321994,0.131482303617889,-1.29469437720599,-0.781611308056263,2.16102845934147,1.34221960637543,3.37686417721007,0.733546811160036,0.733516488465226
Bahrain,BHR,energy_poverty_electricity_rural (% of rural population),EG.ELC.ACCS.RU.ZS,100.0,100.0,100.0,100.0,100.0,100.0,100.0,100.0,100.0,
Bahrain,BHR,energy_poverty_electricity_urban (% of urban population),EG.ELC.ACCS.UR.ZS,100.0,100.0,100.0,100.0,100.0,100.0,100.0,100.0,100.0,
Bangladesh,BGD,Access to Clean Fuels and Technologies for cooking (% of total population),EG.CFT.ACCS.ZS,19.4,20.6,22.0,23.1,24.6,25.9,27.2,28.4,,
Bangladesh,BGD,Access to electricity (% of total population),EG.ELC.ACCS.ZS,75.9,88.0,86.9,92.2,96.2,99.0,99.4,99.5,99.5,
Bangladesh,BGD,Population growth (annual %),SP.POP.GROW,0.892432416039535,0.850917315689336,0.820955197842845,0.84641125179804,0.836310836229073,0.814977993693211,1.02423384746683,1.22171475464107,1.21462115417186,1.21664463269168
Bangladesh,BGD,energy_poverty_electricity_rural (% of rural population),EG.ELC.ACCS.RU.ZS,66.1,81.6,81.3,88.9,95.2,98.5,99.2,99.6,99.6,
Bangladesh,BGD,energy_poverty_electricity_urban (% of urban population),EG.ELC.ACCS.UR.ZS,94.0,99.5,96.6,97.8,97.8,99.7,100.0,99.5,99.5,
Barbados,BRB,Access to Clean Fuels and Technologies for cooking (% of total population),EG.CFT.ACCS.ZS,100.0,100.0,100.0,100.0,100.0,100.0,100.0,100.0,,
Barbados,BRB,Access to electricity (% of total population),EG.ELC.ACCS.ZS,100.0,100.0,100.0,100.0,100.0,100.0,100.0,100.0,100.0,
Barbados,BRB,Population growth (annual %),SP.POP.GROW,0.217691837314076,0.204727378663704,0.192553930005438,0.176538259610281,0.174452216457154,0.159263661079578,0.0605883465692588,0.00637558575909917,0.0463878564204179,0.0552124454380577
Barbados,BRB,energy_poverty_electricity_rural (% of rural population),EG.ELC.ACCS.RU.ZS,100.0,100.0,100.0,100.0,100.0,100.0,100.0,100.0,100.0,
Barbados,BRB,energy_poverty_electricity_urban (% of urban population),EG.ELC.ACCS.UR.ZS,100.0,100.0,100.0,100.0,100.0,100.0,100.0,100.0,100.0,
Belarus,BLR,Access to Clean Fuels and Technologies for cooking (% of total population),EG.CFT.ACCS.ZS,99.5,99.6,99.7,99.7,99.7,99.8,99.7,99.7,,
Belarus,BLR,Access to electricity (% of total population),EG.ELC.ACCS.ZS,98.0,98.7,99.3,100.0,100.0,100.0,100.0,100.0,100.0,
Belarus,BLR,Population growth (annual %),SP.POP.GROW,0.0877210878706449,-0.109782322950581,-0.213824206997671,-0.201786600970723,-0.42347525027949,-0.82823272086807,-0.804228426880244,-0.540824986374776,-0.49881794290787,-0.511982816210923
Belarus,BLR,energy_poverty_electricity_rural (% of rural population),EG.ELC.ACCS.RU.ZS,94.7,96.6,98.2,100.0,100.0,100.0,100.0,100.0,100.0,
Belarus,BLR,energy_poverty_electricity_urban (% of urban population),EG.ELC.ACCS.UR.ZS,99.0,99.3,99.7,100.0,100.0,100.0,100.0,100.0,100.0,
Belgium,BEL,Access to Clean Fuels and Technologies for cooking (% of total population),EG.CFT.ACCS.ZS,100.0,100.0,100.0,100.0,100.0,100.0,100.0,100.0,,
Belgium,BEL,Access to electricity (% of total population),EG.ELC.ACCS.ZS,100.0,100.0,100.0,100.0,100.0,100.0,100.0,100.0,100.0,
Belgium,BEL,Population growth (annual %),SP.POP.GROW,0.506300002451376,0.385228018372369,0.455184695275022,0.540461327098122,0.430996815099722,0.411601996532257,0.808165350001861,0.850263748167955,0.66555918543206,0.698907329339411
Belgium,BEL,energy_poverty_electricity_rural (% of rural population),EG.ELC.ACCS.RU.ZS,100.0,100.0,100.0,100.0,100.0,100.0,100.0,100.0,100.0,
Belgium,BEL,energy_poverty_electricity_urban (% of urban population),EG.ELC.ACCS.UR.ZS,100.0,100.0,100.0,100.0,100.0,100.0,100.0,100.0,100.0,
Belize,BLZ,Access to Clean Fuels and Technologies for cooking (% of total population),EG.CFT.ACCS.ZS,83.4,83.4,83.3,83.4,83.2,83.2,83.0,82.9,,
Belize,BLZ,Access to electricity (% of total population),EG.ELC.ACCS.ZS,93.3,94.2,91.7,92.7,96.8,97.7,98.6,99.6,99.6,
Belize,BLZ,Population growth (annual %),SP.POP.GROW,2.32231207163985,2.30310203964335,1.86459847610366,1.46284533510266,1.28323598131052,1.1534704907648,1.85124805102003,2.05772774277288,1.44077799785791,1.39336251081714
Belize,BLZ,energy_poverty_electricity_rural (% of rural population),EG.ELC.ACCS.RU.ZS,89.4,90.9,86.5,87.8,95.5,97.1,97.1,99.4,99.5,
Belize,BLZ,energy_poverty_electricity_urban (% of urban population),EG.ELC.ACCS.UR.ZS,97.9,98.0,97.9,98.5,98.3,98.4,98.4,99.8,99.8,
Benin,BEN,Access to Clean Fuels and Technologies for cooking (% of total population),EG.CFT.ACCS.ZS,5.2,5.4,5.4,5.5,5.7,5.8,5.9,6.0,,
Benin,BEN,Access to electricity (% of total population),EG.ELC.ACCS.ZS,37.0,34.5,39.0,40.0,41.0,42.0,56.5,57.0,59.0,
Benin,BEN,Population growth (annual %),SP.POP.GROW,2.92460216679542,2.88117869411855,2.8136418840483,2.73538842831436,2.66259875153288,2.59230167510348,2.54740926342667,2.52274772277722,2.46175361912328,2.40291500851022
Benin,BEN,energy_poverty_electricity_rural (% of rural population),EG.ELC.ACCS.RU.ZS,15.2,17.2,16.3,16.9,17.4,18.0,45.5,43.7,45.0,
Benin,BEN,energy_poverty_electricity_urban (% of urban population),EG.ELC.ACCS.UR.ZS,62.5,54.2,64.3,65.2,66.1,67.0,71.1,70.3,71.6,
Bermuda,BMU,Access to electricity (% of total population),EG.ELC.ACCS.ZS,100.0,100.0,100.0,100.0,100.0,100.0,100.0,100.0,100.0,
Bermuda,BMU,Population growth (annual %),SP.POP.GROW,-0.0236382404794606,0.203106496014494,0.397146720463835,0.431459657274573,0.428052860400885,0.412307799470137,0.156108751379667,-0.0787967316952785,-0.0958758017988935,-0.125395748331922
Bermuda,BMU,energy_poverty_electricity_rural (% of rural population),EG.ELC.ACCS.RU.ZS,100.0,100.0,100.0,100.0,100.0,100.0,100.0,100.0,100.0,
Bermuda,BMU,energy_poverty_electricity_urban (% of urban population),EG.ELC.ACCS.UR.ZS,100.0,100.0,100.0,100.0,100.0,100.0,100.0,100.0,100.0,
Bhutan,BTN,Access to Clean Fuels and Technologies for cooking (% of total population),EG.CFT.ACCS.ZS,82.2,84.0,85.7,87.0,88.3,89.5,90.6,91.6,,
Bhutan,BTN,Access to electricity (% of total population),EG.ELC.ACCS.ZS,99.3,97.7,100.0,100.0,100.0,100.0,100.0,100.0,100.0,
Bhutan,BTN,Population growth (annual %),SP.POP.GROW,0.973884473914115,0.86127488782821,0.716471130925301,0.66444642692507,0.675256502719854,0.703488233671584,0.703183917780367,0.698146584889649,0.651370664586926,0.649540189970473
Bhutan,BTN,energy_poverty_electricity_rural (% of rural population),EG.ELC.ACCS.RU.ZS,99.0,96.8,99.9,100.0,100.0,100.0,100.0,100.0,100.0,
Bhutan,BTN,energy_poverty_electricity_urban (% of urban population),EG.ELC.ACCS.UR.ZS,99.9,99.1,100.0,100.0,100.0,100.0,100.0,100.0,100.0,
Bolivia,BOL,Access to Clean Fuels and Technologies for cooking (% of total population),EG.CFT.ACCS.ZS,83.3,84.3,85.4,86.6,87.5,88.7,89.7,90.6,,
Bolivia,BOL,Access to electricity (% of total population),EG.ELC.ACCS.ZS,91.8,91.8,92.8,95.1,97.2,98.6,99.9,99.8,96.6,
Bolivia,BOL,Population growth (annual %),SP.POP.GROW,1.48970583998181,1.46124572329841,1.43337090655267,1.40657823805422,1.23396442673807,1.01931284088344,1.16425907336882,1.37334382280772,1.37206798819615,1.34850560934918
Bolivia,BOL,energy_poverty_electricity_rural (% of rural population),EG.ELC.ACCS.RU.ZS,74.9,74.8,77.6,84.9,90.9,95.1,95.6,99.6,88.7,
Bolivia,BOL,energy_poverty_electricity_urban (% of urban population),EG.ELC.ACCS.UR.ZS,99.5,99.4,99.5,99.5,99.9,100.0,100.0,99.9,99.8,
Bosnia and Herzegovina,BIH,Access to Clean Fuels and Technologies for cooking (% of total population),EG.CFT.ACCS.ZS,41.6,41.3,40.85,40.3,40.2,39.9,39.3,39.5,,
Bosnia and Herzegovina,BIH,Access to electricity (% of total population),EG.ELC.ACCS.ZS,100.0,100.0,100.0,100.0,100.0,100.0,100.0,100.0,100.0,
Bosnia and Herzegovina,BIH,Population growth (annual %),SP.POP.GROW,-1.30267774814121,-1.28437067954589,-1.22313569369776,-1.23185506471358,-1.39008469041609,-1.66384860150923,-1.24363802761194,-0.617510129445164,-0.655819991673837,-0.766395454237064
Bosnia and Herzegovina,BIH,energy_poverty_electricity_rural (% of rural population),EG.ELC.ACCS.RU.ZS,100.0,100.0,100.0,100.0,100.0,100.0,100.0,100.0,100.0,
Bosnia and Herzegovina,BIH,energy_poverty_electricity_urban (% of urban population),EG.ELC.ACCS.UR.ZS,100.0,100.0,100.0,100.0,100.0,100.0,100.0,100.0,100.0,
Botswana,BWA,Access to Clean Fuels and Technologies for cooking (% of total population),EG.CFT.ACCS.ZS,63.1,63.5,64.1,64.7,65.1,65.6,66.0,66.4,,
Botswana,BWA,Access to electricity (% of total population),EG.ELC.ACCS.ZS,64.2,67.4,68.3,70.1,71.8,73.7,75.9,76.0,80.2,
Botswana,BWA,Population growth (annual %),SP.POP.GROW,1.41970172619868,1.42047647332447,1.41898108514606,1.42262847077389,1.4394103578493,1.49130106425067,1.58848021878269,1.64031664035479,1.63538411022867,1.61250378521521
Botswana,BWA,energy_poverty_electricity_rural (% of rural population),EG.ELC.ACCS.RU.ZS,28.8,31.0,29.1,27.9,26.2,25.0,25.0,25.0,45.9,
Botswana,BWA,energy_poverty_electricity_urban (% of urban population),EG.ELC.ACCS.UR.ZS,80.9,84.0,85.5,88.0,90.6,93.1,95.5,97.7,96.7,
Brazil,BRA,Access to Clean Fuels and Technologies for cooking (% of total population),EG.CFT.ACCS.ZS,95.8,96.1,96.2,96.3,96.45,96.4,96.5,96.5,,
Brazil,BRA,Access to electricity (% of total population),EG.ELC.ACCS.ZS,99.7,99.8,99.7,99.8,99.7,99.5,100.0,99.8,99.8,
Brazil,BRA,Population growth (annual %),SP.POP.GROW,0.761972670496742,0.72824666001736,0.683439571425594,0.651994346081362,0.579350709708032,0.425360907216456,0.360180890872169,0.395928695574996,0.405467027627251,0.383150642409967
Brazil,BRA,energy_poverty_electricity_rural (% of rural population),EG.ELC.ACCS.RU.ZS,98.5,99.2,98.4,98.5,98.7,97.3,97.3,99.0,99.2,
Brazil,BRA,energy_poverty_electricity_urban (% of urban population),EG.ELC.ACCS.UR.ZS,99.9,99.9,99.9,100.0,99.9,99.8,100.0,99.9,99.9,
British Virgin Islands,VGB,Access to electricity (% of total population),EG.ELC.ACCS.ZS,100.0,100.0,100.0,100.0,100.0,100.0,100.0,100.0,100.0,
British Virgin Islands,VGB,Population growth (annual %),SP.POP.GROW,-1.8135515178247,-3.54213397683474,5.81552290387566,4.8931677135622,2.01285185510385,1.79872484022046,1.33986872052852,1.72311000328138,1.23892682902476,0.659068330129875
British Virgin Islands,VGB,energy_poverty_electricity_rural (% of rural population),EG.ELC.ACCS.RU.ZS,100.0,100.0,100.0,100.0,100.0,100.0,100.0,100.0,100.0,
British Virgin Islands,VGB,energy_poverty_electricity_urban (% of urban population),EG.ELC.ACCS.UR.ZS,100.0,100.0,100.0,100.0,100.0,100.0,100.0,100.0,100.0,
Brunei Darussalam,BRN,Access to Clean Fuels and Technologies for cooking (% of total population),EG.CFT.ACCS.ZS,100.0,100.0,100.0,100.0,100.0,100.0,100.0,100.0,,
Brunei Darussalam,BRN,Access to electricity (% of total population),EG.ELC.ACCS.ZS,100.0,100.0,100.0,100.0,100.0,100.0,100.0,100.0,100.0,
Brunei Darussalam,BRN,Population growth (annual %),SP.POP.GROW,1.25964272152269,1.2107045656128,1.15739958778106,1.10621350885567,1.06148281648515,0.96027430523198,0.804554269312164,0.782881746925984,0.81851878860359,0.776925734682091
Brunei Darussalam,BRN,energy_poverty_electricity_rural (% of rural population),EG.ELC.ACCS.RU.ZS,100.0,100.0,100.0,100.0,100.0,100.0,100.0,100.0,100.0,
Brunei Darussalam,BRN,energy_poverty_electricity_urban (% of urban population),EG.ELC.ACCS.UR.ZS,100.0,100.0,100.0,100.0,100.0,100.0,100.0,100.0,100.0,
Bulgaria,BGR,Access to electricity (% of total population),EG.ELC.ACCS.ZS,97.3,98.1,98.7,99.2,99.7,99.8,100.0,100.0,100.0,
Bulgaria,BGR,Population growth (annual %),SP.POP.GROW,-1.29824041616821,-1.32391481752631,-1.3714611289258,-1.41171852077109,-1.00293821352921,-0.664652622488209,-0.650676134087796,-0.286577641861364,-0.0803071609561488,-0.126123118551665
Bulgaria,BGR,energy_poverty_electricity_rural (% of rural population),EG.ELC.ACCS.RU.ZS,94.2,96.0,97.4,98.4,99.4,99.5,99.6,100.0,100.0,
Bulgaria,BGR,energy_poverty_electricity_urban (% of urban population),EG.ELC.ACCS.UR.ZS,98.4,98.8,99.1,99.4,99.8,99.9,100.0,100.0,100.0,
Burkina Faso,BFA,Access to Clean Fuels and Technologies for cooking (% of total population),EG.CFT.ACCS.ZS,9.8,10.6,11.7,12.5,13.5,14.6,15.9,17.0,,
Burkina Faso,BFA,Access to electricity (% of total population),EG.ELC.ACCS.ZS,16.6,17.0,14.4,17.6,18.5,19.0,19.5,21.7,34.0,
Burkina Faso,BFA,Population growth (annual %),SP.POP.GROW,2.92508251378454,2.85291595529266,2.69713675384815,2.52989803984158,2.43522959287393,2.37649218888363,2.30907147387783,2.26973666268599,2.24597728439097,2.20824551344995
Burkina Faso,BFA,energy_poverty_electricity_rural (% of rural population),EG.ELC.ACCS.RU.ZS,,,,,,,3.4,2.0,12.7,
Burkina Faso,BFA,energy_poverty_electricity_urban (% of urban population),EG.ELC.ACCS.UR.ZS,59.7,61.4,62.3,64.6,66.1,67.6,60.5,62.6,87.8,
Burundi,BDI,Access to Clean Fuels and Technologies for cooking (% of total population),EG.CFT.ACCS.ZS,0.2,0.2,0.2,0.15,0.1,0.1,0.2,0.1,,
Burundi,BDI,Access to electricity (% of total population),EG.ELC.ACCS.ZS,8.5,9.3,9.5,9.8,9.1,10.2,10.3,11.6,20.1,
Burundi,BDI,Population growth (annual %),SP.POP.GROW,1.72186004024144,2.35048627086438,3.01898182778662,3.28367531420808,2.9086530249822,2.72425539520386,2.70585008916716,2.72764441044431,2.5839340108674,2.40689260858279
Burundi,BDI,energy_poverty_electricity_rural (% of rural population),EG.ELC.ACCS.RU.ZS,1.5,1.7,2.0,2.0,0.9,1.6,1.7,2.3,3.6,
Burundi,BDI,energy_poverty_electricity_urban (% of urban population),EG.ELC.ACCS.UR.ZS,57.6,61.8,59.8,60.8,60.5,62.8,64.0,65.0,70.0,
Cabo Verde,CPV,Access to Clean Fuels and Technologies for cooking (% of total population),EG.CFT.ACCS.ZS,76.6,77.7,78.9,79.7,81.0,82.1,83.0,83.9,,
Cabo Verde,CPV,Access to electricity (% of total population),EG.ELC.ACCS.ZS,87.5,88.6,90.2,91.4,93.7,95.5,97.1,98.6,98.4,
Cabo Verde,CPV,Population growth (annual %),SP.POP.GROW,0.0312210963482392,0.0661175101881539,0.101723857752759,0.134109462358547,0.11178257414313,0.38203217521266,0.596688345869947,0.497087597239901,0.486246288487151,0.465500368710652
Cabo Verde,CPV,energy_poverty_electricity_rural (% of rural population),EG.ELC.ACCS.RU.ZS,78.8,81.2,84.6,87.3,92.7,96.9,97.4,96.9,97.7,
Cabo Verde,CPV,energy_poverty_electricity_urban (% of urban population),EG.ELC.ACCS.UR.ZS,92.3,92.5,93.1,93.5,94.3,94.9,95.3,96.5,98.6,
Cambodia,KHM,Access to Clean Fuels and Technologies for cooking (% of total population),EG.CFT.ACCS.ZS,23.8,27.1,31.1,35.5,40.6,46.3,52.15,58.0,,
Cambodia,KHM,Access to electricity (% of total population),EG.ELC.ACCS.ZS,68.8,89.1,80.7,84.0,86.4,82.5,92.3,95.0,99.2,
Cambodia,KHM,Population growth (annual %),SP.POP.GROW,1.45860767566845,1.38176596089867,1.24368277407927,1.26258301009769,1.47062988552696,1.47677836241244,1.33088813106016,1.28320677599476,1.22593986324555,1.17893708663597
Cambodia,KHM,energy_poverty_electricity_rural (% of rural population),EG.ELC.ACCS.RU.ZS,60.7,86.1,75.0,80.0,82.9,77.1,88.0,93.4,98.6,
Cambodia,KHM,energy_poverty_electricity_urban (% of urban population),EG.ELC.ACCS.UR.ZS,96.3,99.1,99.4,96.9,97.3,98.9,99.0,99.5,100.0,
Cameroon,CMR,Access to Clean Fuels and Technologies for cooking (% of total population),EG.CFT.ACCS.ZS,23.6,24.35,25.3,26.3,27.4,28.4,29.4,30.7,,
Cameroon,CMR,Access to electricity (% of total population),EG.ELC.ACCS.ZS,59.8,60.9,62.2,63.2,64.3,65.4,71.0,72.0,72.0,
Cameroon,CMR,Population growth (annual %),SP.POP.GROW,2.98933225067819,2.83499798189177,2.77030987519388,2.78164441246944,2.7244863481235,2.65496076580698,2.62905090961273,2.64245336134821,2.61268294319567,2.56133847709635
Cameroon,CMR,energy_poverty_electricity_rural (% of rural population),EG.ELC.ACCS.RU.ZS,21.8,22.4,26.3,23.6,24.2,24.8,25.0,26.0,42.7,
Cameroon,CMR,energy_poverty_electricity_urban (% of urban population),EG.ELC.ACCS.UR.ZS,90.6,91.4,90.0,93.1,93.9,94.7,94.0,95.8,95.6,
Canada,CAN,Access to Clean Fuels and Technologies for cooking (% of total population),EG.CFT.ACCS.ZS,100.0,100.0,100.0,100.0,100.0,100.0,100.0,100.0,,
Canada,CAN,Access to electricity (% of total population),EG.ELC.ACCS.ZS,100.0,100.0,100.0,100.0,100.0,100.0,100.0,100.0,100.0,
Canada,CAN,Population growth (annual %),SP.POP.GROW,1.13153974027004,1.19543575451553,1.43322615679352,1.46171259938134,1.08436897113225,0.553902422386893,1.84036295796994,2.78237404482922,2.9844051252484,0.939110272846239
Canada,CAN,energy_poverty_electricity_rural (% of rural population),EG.ELC.ACCS.RU.ZS,100.0,100.0,100.0,100.0,100.0,100.0,100.0,100.0,100.0,
Canada,CAN,energy_poverty_electricity_urban (% of urban population),EG.ELC.ACCS.UR.ZS,100.0,100.0,100.0,100.0,100.0,100.0,100.0,100.0,100.0,
Caribbean small states,CSS,Access to Clean Fuels and Technologies for cooking (% of total population),EG.CFT.ACCS.ZS,96.7846443707497,96.8152174002666,96.8253044814276,96.8535261146749,96.8179657488997,96.8005600594932,96.7487530990748,96.685309422501,,
Caribbean small states,CSS,Access to electricity (% of total population),EG.ELC.ACCS.ZS,96.6656867832991,97.0542900594117,97.0878277080481,97.3685903913769,97.9333626877032,98.1746990902549,98.3064221501297,99.168477538461,98.4281812533873,
Caribbean small states,CSS,Population growth (annual %),SP.POP.GROW,0.627162236860335,0.569787976717434,0.946415905583182,0.801650066715792,0.363226824115709,0.444484009630739,0.404234861975181,0.501131442241158,0.422918747707842,0.384757178377881
Caribbean small states,CSS,energy_poverty_electricity_rural (% of rural population),EG.ELC.ACCS.RU.ZS,94.4114484953541,95.0446620525966,94.9941451103202,95.438487141123,96.567767670708,97.0067446373364,97.1513862838627,96.8979892211912,97.0071877591993,
Caribbean small states,CSS,energy_poverty_electricity_urban (% of urban population),EG.ELC.ACCS.UR.ZS,98.9788489327166,99.0903996447222,99.2274118716942,99.40358762131,99.4875948338336,99.5365547958078,99.6807355724067,99.643756427561,99.9843904568459,
Cayman Islands,CYM,Access to electricity (% of total population),EG.ELC.ACCS.ZS,100.0,100.0,100.0,100.0,100.0,100.0,100.0,100.0,100.0,
Cayman Islands,CYM,Population growth (annual %),SP.POP.GROW,2.33773131582921,2.24869427399836,2.15526905432315,2.08009420729087,1.9954930548265,2.05206347593734,2.09324575309515,2.00104859136332,1.92419238887509,1.84568216276921
Cayman Islands,CYM,energy_poverty_electricity_rural (% of rural population),EG.ELC.ACCS.RU.ZS,100.0,100.0,100.0,100.0,100.0,100.0,100.0,100.0,100.0,
Cayman Islands,CYM,energy_poverty_electricity_urban (% of urban population),EG.ELC.ACCS.UR.ZS,100.0,100.0,100.0,100.0,100.0,100.0,100.0,100.0,100.0,
Central African Republic,CAF,Access to Clean Fuels and Technologies for cooking (% of total population),EG.CFT.ACCS.ZS,0.7,0.7,0.7,0.8,0.8,0.9,1.0,1.0,,
Central African Republic,CAF,Access to electricity (% of total population),EG.ELC.ACCS.ZS,13.4,14.1,14.6,14.3,15.4,15.7,15.7,17.6,18.2,
Central African Republic,CAF,Population growth (annual %),SP.POP.GROW,1.80553237158984,1.67978155291511,1.76068487647458,1.34469255324203,1.64324789708014,1.68608971248183,-0.275432271573156,1.06107453184959,3.40139844069992,3.36794044132968
Central African Republic,CAF,energy_poverty_electricity_rural (% of rural population),EG.ELC.ACCS.RU.ZS,1.7,2.1,2.2,1.5,1.9,1.6,1.6,2.3,2.0,
Central African Republic,CAF,energy_poverty_electricity_urban (% of urban population),EG.ELC.ACCS.UR.ZS,30.5,31.4,32.2,32.1,33.9,34.7,34.7,37.4,38.8,
Central Europe and the Baltics,CEB,Access to Clean Fuels and Technologies for cooking (% of total population),EG.CFT.ACCS.ZS,100.0,100.0,100.0,100.0,100.0,100.0,100.0,100.0,,
Central Europe and the Baltics,CEB,Access to electricity (% of total population),EG.ELC.ACCS.ZS,99.6459138297945,99.8736866830469,99.8763758983526,99.9480349626799,99.98058396497,99.9870121182289,100.0,100.0,100.0,
Central Europe and the Baltics,CEB,Population growth (annual %),SP.POP.GROW,-0.316337439806704,-0.302888085449285,-0.257617487691325,-0.205872946873443,-0.63867745350422,-1.00291129900562,-0.13367547636684,0.111693279901196,-0.121594654206648,-0.247519896811324
Central Europe and the Baltics,CEB,energy_poverty_electricity_rural (% of rural population),EG.ELC.ACCS.RU.ZS,99.3981053985891,99.8144144650703,99.8584255600759,99.9285931074052,99.9730014660622,99.9774927825064,99.9821559511767,100.0,100.0,
Central Europe and the Baltics,CEB,energy_poverty_electricity_urban (% of urban population),EG.ELC.ACCS.UR.ZS,99.7899454335994,99.8393325721153,99.8967381836297,99.9534698802295,99.9846003665115,99.9922613084017,100.0,100.0,100.0,
Chad,TCD,Access to Clean Fuels and Technologies for cooking (% of total population),EG.CFT.ACCS.ZS,4.7,5.2,5.9,6.6,7.4,8.0,8.8,9.7,,
Chad,TCD,Access to electricity (% of total population),EG.ELC.ACCS.ZS,9.2,10.9,10.1,8.4,10.9,11.3,11.7,12.0,13.4,
Chad,TCD,Population growth (annual %),SP.POP.GROW,3.13868697646131,3.30639583736028,3.35956028710956,3.21991132048391,3.18197036099619,3.44423869357111,3.45668911084691,4.57399213394625,4.94853027382671,3.41211675890953
Chad,TCD,energy_poverty_electricity_rural (% of rural population),EG.ELC.ACCS.RU.ZS,2.8,4.2,2.3,,1.6,1.3,1.3,0.4,100.0,
Chad,TCD,energy_poverty_electricity_urban (% of urban population),EG.ELC.ACCS.UR.ZS,31.1,33.6,36.0,36.7,40.8,43.2,46.3,48.1,51.0,
Channel Islands,CHI,Access to electricity (% of total population),EG.ELC.ACCS.ZS,100.0,100.0,100.0,100.0,100.0,100.0,100.0,100.0,100.0,
Channel Islands,CHI,Population growth (annual %),SP.POP.GROW,0.262115340226344,0.265690188653133,0.38266747377841,0.417438625700863,0.359172843142478,0.30392604241618,0.283869921965387,0.284259058075622,0.25906981677504,0.202025072
Channel Islands,CHI,energy_poverty_electricity_rural (% of rural population),EG.ELC.ACCS.RU.ZS,100.0,100.0,100.0,100.0,100.0,100.0,100.0,100.0,100.0,
Channel Islands,CHI,energy_poverty_electricity_urban (% of urban population),EG.ELC.ACCS.UR.ZS,100.0,100.0,100.0,100.0,100.0,100.0,100.0,100.0,100.0,
Chile,CHL,Access to Clean Fuels and Technologies for cooking (% of total population),EG.CFT.ACCS.ZS,100.0,100.0,100.0,100.0,100.0,100.0,100.0,100.0,,
Chile,CHL,Access to electricity (% of total population),EG.ELC.ACCS.ZS,100.0,99.7,100.0,100.0,100.0,100.0,100.0,100.0,99.0,
Chile,CHL,Population growth (annual %),SP.POP.GROW,1.2094154366484,1.58394825779579,1.78538584857741,1.59911795256016,0.896491953505063,0.441498091207504,0.495789591494285,0.53962870957127,0.537425495656651,0.480257021978241
Chile,CHL,energy_poverty_electricity_rural (% of rural population),EG.ELC.ACCS.RU.ZS,100.0,100.0,100.0,100.0,100.0,100.0,100.0,100.0,90.7,
Chile,CHL,energy_poverty_electricity_urban (% of urban population),EG.ELC.ACCS.UR.ZS,100.0,99.8,100.0,100.0,100.0,100.0,100.0,100.0,100.0,
China,CHN,Access to Clean Fuels and Technologies for cooking (% of total population),EG.CFT.ACCS.ZS,74.2,76.9,79.5,81.6,83.8,85.6,87.2,88.7,,
China,CHN,Access to electricity (% of total population),EG.ELC.ACCS.ZS,100.0,100.0,100.0,100.0,100.0,100.0,100.0,100.0,100.0,
China,CHN,Population growth (annual %),SP.POP.GROW,0.573050906069647,0.605245013482969,0.467672053461959,0.354740890170827,0.238040870229883,0.0892522000412526,-0.0130995013525784,-0.103794531589067,-0.123063407363995,-0.169770885652674
China,CHN,energy_poverty_electricity_rural (% of rural population),EG.ELC.ACCS.RU.ZS,100.0,100.0,100.0,100.0,100.0,100.0,100.0,100.0,100.0,
China,CHN,energy_poverty_electricity_urban (% of urban population),EG.ELC.ACCS.UR.ZS,100.0,100.0,100.0,100.0,100.0,100.0,100.0,100.0,100.0,
Colombia,COL,Access to Clean Fuels and Technologies for cooking (% of total population),EG.CFT.ACCS.ZS,89.2,89.7,90.1,90.6,90.9,91.4,91.5,91.8,,
Colombia,COL,Access to electricity (% of total population),EG.ELC.ACCS.ZS,98.4,98.5,98.5,99.4,99.7,100.0,100.0,98.7,98.9,
Colombia,COL,Population growth (annual %),SP.POP.GROW,0.990548549326914,1.45147726169193,1.83913784861099,1.78615507724394,1.43632167326968,1.09642825395961,1.06829295530618,1.12092864340999,1.07447920962035,1.01451696044498
Colombia,COL,energy_poverty_electricity_rural (% of rural population),EG.ELC.ACCS.RU.ZS,92.8,92.7,92.6,97.1,98.5,100.0,100.0,94.8,95.2,
Colombia,COL,energy_poverty_electricity_urban (% of urban population),EG.ELC.ACCS.UR.ZS,99.8,99.9,99.9,100.0,100.0,100.0,100.0,100.0,99.9,
Comoros,COM,Access to Clean Fuels and Technologies for cooking (% of total population),EG.CFT.ACCS.ZS,6.0,6.6,7.1,7.7,8.3,9.0,9.7,10.4,,
Comoros,COM,Access to electricity (% of total population),EG.ELC.ACCS.ZS,76.4,78.7,81.0,83.3,85.6,87.9,89.9,89.8,91.7,
Comoros,COM,Population growth (annual %),SP.POP.GROW,2.05111578193354,1.99257798738542,1.95274153616222,1.92385702700328,1.96199379762606,1.97631988078353,1.93837687010445,1.92327433672711,1.89182789744612,1.85420936957363
Comoros,COM,energy_poverty_electricity_rural (% of rural population),EG.ELC.ACCS.RU.ZS,70.1,72.6,75.1,77.6,80.1,82.9,85.7,86.1,88.2,
Comoros,COM,energy_poverty_electricity_urban (% of urban population),EG.ELC.ACCS.UR.ZS,92.2,93.9,95.6,97.3,99.0,100.0,100.0,98.3,98.5,
"Congo, Dem. Rep.",COD,Access to Clean Fuels and Technologies for cooking (% of total population),EG.CFT.ACCS.ZS,4.0,4.1,4.2,4.4,4.4,4.6,4.8,5.0,,
"Congo, Dem. Rep.",COD,Access to electricity (% of total population),EG.ELC.ACCS.ZS,17.3,18.0,18.7,19.1,20.1,20.8,21.5,22.1,22.5,
"Congo, Dem. Rep.",COD,Population growth (annual %),SP.POP.GROW,3.54100823238224,3.65684620577994,3.34726508426912,3.1695285579572,3.22098049233111,3.23790848096045,3.2234019442495,3.25963514299902,3.24257627586721,3.20249618590858
"Congo, Dem. Rep.",COD,energy_poverty_electricity_rural (% of rural population),EG.ELC.ACCS.RU.ZS,1.0,1.0,1.0,1.0,1.0,1.0,1.0,1.0,1.0,
"Congo, Dem. Rep.",COD,energy_poverty_electricity_urban (% of urban population),EG.ELC.ACCS.UR.ZS,38.6,39.7,40.8,41.2,42.8,43.8,45.3,55.6,55.0,
"Congo, Rep.",COG,Access to Clean Fuels and Technologies for cooking (% of total population),EG.CFT.ACCS.ZS,27.9,29.8,31.85,33.7,35.4,37.5,38.8,40.1,,
"Congo, Rep.",COG,Access to electricity (% of total population),EG.ELC.ACCS.ZS,45.3,46.2,47.0,47.7,48.7,49.7,50.6,51.3,53.0,
"Congo, Rep.",COG,Population growth (annual %),SP.POP.GROW,2.42169941927317,2.43024073423953,2.43884022378671,2.40634419722279,2.39477691216791,2.39414288318435,2.39665300284304,2.41919038084212,2.39829082784283,2.36370989746216
"Congo, Rep.",COG,energy_poverty_electricity_rural (% of rural population),EG.ELC.ACCS.RU.ZS,11.6,11.8,11.8,11.4,11.8,12.4,13.0,10.8,19.4,
"Congo, Rep.",COG,energy_poverty_electricity_urban (% of urban population),EG.ELC.ACCS.UR.ZS,62.7,63.6,64.5,65.3,66.2,67.0,67.5,69.4,72.0,
Costa Rica,CRI,Access to Clean Fuels and Technologies for cooking (% of total population),EG.CFT.ACCS.ZS,94.7,95.1,95.3,95.6,95.9,96.1,96.3,96.6,,
Costa Rica,CRI,Access to electricity (% of total population),EG.ELC.ACCS.ZS,99.5,99.6,99.7,99.7,99.9,100.0,100.0,100.0,99.8,
Costa Rica,CRI,Population growth (annual %),SP.POP.GROW,1.01105286688192,0.944345948457895,0.904494518403601,0.838278384859255,0.6929953994471,0.508564932290693,0.429453043658398,0.46646444898736,0.476482848761595,0.448125104429705
Costa Rica,CRI,energy_poverty_electricity_rural (% of rural population),EG.ELC.ACCS.RU.ZS,98.5,98.9,98.9,98.9,99.7,100.0,100.0,100.0,99.4,
Costa Rica,CRI,energy_poverty_electricity_urban (% of urban population),EG.ELC.ACCS.UR.ZS,99.8,99.8,99.9,99.9,99.9,99.8,100.0,100.0,99.9,
Cote d'Ivoire,CIV,Access to Clean Fuels and Technologies for cooking (% of total population),EG.CFT.ACCS.ZS,28.0,30.2,32.3,34.7,36.9,39.35,41.7,44.1,,
Cote d'Ivoire,CIV,Access to electricity (% of total population),EG.ELC.ACCS.ZS,64.3,65.6,67.1,68.6,69.9,71.1,70.4,72.4,72.9,
Cote d'Ivoire,CIV,Population growth (annual %),SP.POP.GROW,2.90076810314127,2.82237176165589,2.69696827034562,2.61916841176218,2.53019803537112,2.47398737434864,2.51622934953513,2.50384681190665,2.43618201263834,2.40496595908985
Cote d'Ivoire,CIV,energy_poverty_electricity_rural (% of rural population),EG.ELC.ACCS.RU.ZS,36.7,38.4,40.4,42.1,43.7,45.2,45.3,48.0,47.7,
Cote d'Ivoire,CIV,energy_poverty_electricity_urban (% of urban population),EG.ELC.ACCS.UR.ZS,92.0,92.5,93.1,93.7,94.3,94.9,95.0,93.9,94.3,
Croatia,HRV,Access to Clean Fuels and Technologies for cooking (% of total population),EG.CFT.ACCS.ZS,100.0,100.0,100.0,100.0,100.0,100.0,100.0,100.0,,
Croatia,HRV,Access to electricity (% of total population),EG.ELC.ACCS.ZS,100.0,100.0,100.0,100.0,100.0,100.0,100.0,100.0,100.0,
Croatia,HRV,Population growth (annual %),SP.POP.GROW,-1.08634598144505,-1.60675520461679,-1.31087324504252,-0.992302961069294,-0.894863743984583,-0.904000889163613,-0.603521952188318,0.104856226330186,0.168627948783285,0.258317977905583
Croatia,HRV,energy_poverty_electricity_rural (% of rural population),EG.ELC.ACCS.RU.ZS,100.0,100.0,100.0,100.0,100.0,100.0,100.0,100.0,100.0,
Croatia,HRV,energy_poverty_electricity_urban (% of urban population),EG.ELC.ACCS.UR.ZS,100.0,100.0,100.0,100.0,100.0,100.0,100.0,100.0,100.0,
Cuba,CUB,Access to Clean Fuels and Technologies for cooking (% of total population),EG.CFT.ACCS.ZS,93.1,93.7,94.2,94.5,94.7,94.9,94.9,94.9,,
Cuba,CUB,Access to electricity (% of total population),EG.ELC.ACCS.ZS,99.2,99.4,99.6,99.8,99.9,100.0,100.0,100.0,100.0,
Cuba,CUB,Population growth (annual %),SP.POP.GROW,-0.0838750367097098,-0.157976772172404,-0.1843030451865,-0.216424863402489,-0.236755669324081,-0.486006262271645,-0.562151275082133,-0.361317873522215,-0.364986968189241,-0.388557565092683
Cuba,CUB,energy_poverty_electricity_rural (% of rural population),EG.ELC.ACCS.RU.ZS,96.4,97.4,98.3,99.5,99.7,100.0,100.0,100.0,100.0,
Cuba,CUB,energy_poverty_electricity_urban (% of urban population),EG.ELC.ACCS.UR.ZS,100.0,100.0,100.0,99.9,100.0,100.0,100.0,100.0,100.0,
Curacao,CUW,Access to electricity (% of total population),EG.ELC.ACCS.ZS,100.0,100.0,100.0,100.0,100.0,100.0,100.0,100.0,100.0,
Curacao,CUW,Population growth (annual %),SP.POP.GROW,1.06031644056836,0.319536038312865,-0.525178744011738,-1.19643951751799,-1.25208156177086,-0.991508623687595,-0.408112025783182,0.865660085534404,0.845408275786684,0.189603874500038
Curacao,CUW,energy_poverty_electricity_rural (% of rural population),EG.ELC.ACCS.RU.ZS,100.0,100.0,100.0,100.0,100.0,100.0,100.0,100.0,100.0,
Curacao,CUW,energy_poverty_electricity_urban (% of urban population),EG.ELC.ACCS.UR.ZS,100.0,100.0,100.0,100.0,100.0,100.0,100.0,100.0,100.0,
Cyprus,CYP,Access to Clean Fuels and Technologies for cooking (% of total population),EG.CFT.ACCS.ZS,100.0,100.0,100.0,100.0,100.0,100.0,100.0,100.0,,
Cyprus,CYP,Access to electricity (% of total population),EG.ELC.ACCS.ZS,100.0,100.0,100.0,100.0,100.0,100.0,100.0,100.0,100.0,
Cyprus,CYP,Population growth (annual %),SP.POP.GROW,1.43370522557944,1.377808546931,1.30393306995205,1.24612155650882,1.20329712567783,1.1499785451605,1.06174678712373,1.0167681770201,0.984449687113221,0.914028750872649
Cyprus,CYP,energy_poverty_electricity_rural (% of rural population),EG.ELC.ACCS.RU.ZS,100.0,100.0,100.0,100.0,100.0,100.0,100.0,100.0,100.0,
Cyprus,CYP,energy_poverty_electricity_urban (% of urban population),EG.ELC.ACCS.UR.ZS,100.0,100.0,100.0,100.0,100.0,100.0,100.0,100.0,100.0,
Czechia,CZE,Access to Clean Fuels and Technologies for cooking (% of total population),EG.CFT.ACCS.ZS,100.0,100.0,100.0,100.0,100.0,100.0,100.0,100.0,,
Czechia,CZE,Access to electricity (% of total population),EG.ELC.ACCS.ZS,100.0,100.0,100.0,100.0,100.0,100.0,100.0,100.0,100.0,
Czechia,CZE,Population growth (annual %),SP.POP.GROW,0.192048415842684,0.265642663548985,0.334427262299794,0.393788864202175,0.243222682211879,-1.81187141002542,1.5709725672011,1.78238907045946,0.376553049157494,-0.16657564691038
Czechia,CZE,energy_poverty_electricity_rural (% of rural population),EG.ELC.ACCS.RU.ZS,100.0,100.0,100.0,100.0,100.0,100.0,100.0,100.0,100.0,
Czechia,CZE,energy_poverty_electricity_urban (% of urban population),EG.ELC.ACCS.UR.ZS,100.0,100.0,100.0,100.0,100.0,100.0,100.0,100.0,100.0,
Denmark,DNK,Access to Clean Fuels and Technologies for cooking (% of total population),EG.CFT.ACCS.ZS,100.0,100.0,100.0,100.0,100.0,100.0,100.0,100.0,,
Denmark,DNK,Access to electricity (% of total population),EG.ELC.ACCS.ZS,100.0,100.0,100.0,100.0,100.0,100.0,100.0,100.0,100.0,
Denmark,DNK,Population growth (annual %),SP.POP.GROW,0.780392644135167,0.643350903737356,0.495838925879129,0.358130915892652,0.291641177476633,0.433414489409722,0.787502464739957,0.741185515720057,0.503861198167737,0.536903805914283
Denmark,DNK,energy_poverty_electricity_rural (% of rural population),EG.ELC.ACCS.RU.ZS,100.0,100.0,100.0,100.0,100.0,100.0,100.0,100.0,100.0,
Denmark,DNK,energy_poverty_electricity_urban (% of urban population),EG.ELC.ACCS.UR.ZS,100.0,100.0,100.0,100.0,100.0,100.0,100.0,100.0,100.0,
Djibouti,DJI,Access to Clean Fuels and Technologies for cooking (% of total population),EG.CFT.ACCS.ZS,8.7,9.0,9.3,9.45,9.7,9.8,9.8,10.0,,
Djibouti,DJI,Access to electricity (% of total population),EG.ELC.ACCS.ZS,59.8,60.2,62.4,64.7,64.5,65.4,65.0,65.2,69.2,
Djibouti,DJI,Population growth (annual %),SP.POP.GROW,1.68519891610854,1.64286125399062,1.60259372935612,1.55766086478885,1.50228656339009,1.44268944208775,1.40352932560807,1.38410272350128,1.3592172957681,1.30518794764358
Djibouti,DJI,energy_poverty_electricity_rural (% of rural population),EG.ELC.ACCS.RU.ZS,29.5,,33.6,40.3,35.8,36.6,37.3,37.0,53.9,
Djibouti,DJI,energy_poverty_electricity_urban (% of urban population),EG.ELC.ACCS.UR.ZS,68.6,70.0,70.6,71.6,72.6,73.5,72.8,74.6,74.9,
Dominica,DMA,Access to Clean Fuels and Technologies for cooking (% of total population),EG.CFT.ACCS.ZS,89.0,88.65,88.5,88.2,87.7,87.1,86.8,86.2,,
Dominica,DMA,Access to electricity (% of total population),EG.ELC.ACCS.ZS,97.8,98.9,99.6,99.9,100.0,100.0,100.0,100.0,100.0,
Dominica,DMA,Population growth (annual %),SP.POP.GROW,-1.14845280097172,-1.60754211187345,-0.471208891199626,-0.432182012456847,-0.453294538586472,-0.550548598917183,-0.561078261856387,-0.473991407609536,-0.459632350460969,-0.505770483641074
Dominica,DMA,energy_poverty_electricity_rural (% of rural population),EG.ELC.ACCS.RU.ZS,,,,,100.0,100.0,100.0,100.0,100.0,
Dominica,DMA,energy_poverty_electricity_urban (% of urban population),EG.ELC.ACCS.UR.ZS,,,,,100.0,100.0,100.0,100.0,100.0,
Dominican Republic,DOM,Access to Clean Fuels and Technologies for cooking (% of total population),EG.CFT.ACCS.ZS,90.1,90.6,91.25,91.8,92.3,92.7,93.2,93.5,,
Dominican Republic,DOM,Access to electricity (% of total population),EG.ELC.ACCS.ZS,98.9,100.0,98.9,99.0,100.0,98.1,98.1,99.6,99.5,
Dominican Republic,DOM,Population growth (annual %),SP.POP.GROW,1.11122425240832,1.08787494846018,1.07428473724925,1.0333133463082,1.04334076460591,1.04082961778304,0.959629735113671,0.891159203732232,0.846199988604412,0.809920950082305
Dominican Republic,DOM,energy_poverty_electricity_rural (% of rural population),EG.ELC.ACCS.RU.ZS,95.0,100.0,95.9,96.3,100.0,94.8,94.5,98.2,98.7,
Dominican Republic,DOM,energy_poverty_electricity_urban (% of urban population),EG.ELC.ACCS.UR.ZS,99.9,99.7,99.6,99.6,100.0,98.8,98.8,100.0,99.8,
Early-demographic dividend,EAR,Access to Clean Fuels and Technologies for cooking (% of total population),EG.CFT.ACCS.ZS,57.426478985939,59.5459658374306,61.7312098497205,63.8794312906402,66.0584266650385,68.1126984948592,69.9427819751172,71.8113902892427,,
Early-demographic dividend,EAR,Access to electricity (% of total population),EG.ELC.ACCS.ZS,88.3494481253503,90.5086728796454,91.9927109222765,92.7895334479975,93.4552643956364,95.2423338887017,95.1445282423272,95.7044381043822,96.0905949050278,
Early-demographic dividend,EAR,Population growth (annual %),SP.POP.GROW,1.33001077454781,1.26100135075766,1.21989783757211,1.22262600683525,1.21571614142701,1.0537443092784,1.11896236573035,1.17335447434549,1.15231312352477,1.13210033331684
Early-demographic dividend,EAR,energy_poverty_electricity_rural (% of rural population),EG.ELC.ACCS.RU.ZS,80.9744281576672,84.2185624227969,87.3803464409005,87.9432261407286,89.6755196205372,92.5019613460011,92.4353397866542,92.9490895935386,93.3906038348416,
Early-demographic dividend,EAR,energy_poverty_electricity_urban (% of urban population),EG.ELC.ACCS.UR.ZS,97.7966084035065,98.3666380294769,98.3038010688781,98.7009551413369,98.5086275874682,98.9876359090573,99.0589074520098,99.3287104617778,99.2277738217297,
East Asia & Pacific,EAS,Access to Clean Fuels and Technologies for cooking (% of total population),EG.CFT.ACCS.ZS,73.0430431028612,75.523172177934,77.8183135320775,79.7718190041413,81.7442101916121,83.3660114813536,84.8268678976187,86.205219816791,,
East Asia & Pacific,EAS,Access to electricity (% of total population),EG.ELC.ACCS.ZS,97.0343965831866,97.6915359289014,97.66096406877,97.8635835308099,97.7976042617313,98.1534049450822,98.2159746947416,98.4044624957692,98.5597948238034,
East Asia & Pacific,EAS,Population growth (annual %),SP.POP.GROW,0.702994192128918,0.705272469380137,0.602464921030028,0.517740212726729,0.408472469030409,0.240142918855769,0.189259906183258,0.20253187675137,0.16250484328034,0.106898927720114
East Asia & Pacific,EAS,energy_poverty_electricity_rural (% of rural population),EG.ELC.ACCS.RU.ZS,94.8943266038522,96.2879091391782,96.0266827221939,96.3636875772694,96.0197384213259,96.7616895312014,96.5281950900357,97.2059622752866,97.3209597404021,
East Asia & Pacific,EAS,energy_poverty_electricity_urban (% of urban population),EG.ELC.ACCS.UR.ZS,99.6889676289178,99.7078086212053,99.739284411937,99.7599016744067,99.7454452562879,99.8094970179742,99.8032548003291,99.8265523701021,99.8981651604974,
East Asia & Pacific (IDA & IBRD countries),TEA,Access to Clean Fuels and Technologies for cooking (% of total population),EG.CFT.ACCS.ZS,71.0340454852691,73.8066416796618,76.3656952569493,78.5419907167146,80.7403366094001,82.5485831341568,84.1759836820185,85.7011387493324,,
East Asia & Pacific (IDA & IBRD countries),TEA,Access to electricity (% of total population),EG.ELC.ACCS.ZS,97.4026392373466,98.1121893727336,98.051229750632,98.2517291129462,98.1521712499121,98.5259377999818,98.5710601814202,98.7474424069608,98.8730876053292,
East Asia & Pacific (IDA & IBRD countries),TEA,Population growth (annual %),SP.POP.GROW,0.751293281787118,0.761249005677729,0.645371494905098,0.552005486782092,0.453261414135534,0.31401226881642,0.23329577316355,0.183862594333235,0.166308498832557,0.128259615137576
East Asia & Pacific (IDA & IBRD countries),TEA,energy_poverty_electricity_rural (% of rural population),EG.ELC.ACCS.RU.ZS,94.7577633876715,96.1867300264277,95.9159636062935,96.2604247649425,95.9051086097306,96.6669885091041,96.4263302176915,97.1237449197492,97.2418705718474,
East Asia & Pacific (IDA & IBRD countries),TEA,energy_poverty_electricity_urban (% of urban population),EG.ELC.ACCS.UR.ZS,99.6346089849013,99.6580207573719,99.6959313483842,99.7207717327422,99.7046351014379,99.7796626240132,99.7727763121747,99.7997886674277,99.8825472767118,
East Asia & Pacific (excluding high income),EAP,Access to Clean Fuels and Technologies for cooking (% of total population),EG.CFT.ACCS.ZS,70.2677839723321,73.0157947159141,75.5547846027561,77.7140508600294,79.894584845175,81.692449244824,83.3048333335027,84.8209492500933,,
East Asia & Pacific (excluding high income),EAP,Access to electricity (% of total population),EG.ELC.ACCS.ZS,96.7165341917277,97.4453072983769,97.4123829747175,97.6371958731303,97.5651849682476,97.9599209910295,98.029656910797,98.2376383007189,98.409299927655,
East Asia & Pacific (excluding high income),EAP,Population growth (annual %),SP.POP.GROW,0.747918955883516,0.757561926599341,0.642815839523057,0.550254605067876,0.452341336047048,0.314672689212406,0.234938160938111,0.185776878891948,0.168020512804402,0.130041234607189
East Asia & Pacific (excluding high income),EAP,energy_poverty_electricity_rural (% of rural population),EG.ELC.ACCS.RU.ZS,94.7577431203031,96.1867147819354,95.915946694551,96.2604087934785,95.9050907280973,96.666973648904,96.4263141582525,97.1237319410935,97.2418580798811,
East Asia & Pacific (excluding high income),EAP,energy_poverty_electricity_urban (% of urban population),EG.ELC.ACCS.UR.ZS,99.6346057033292,99.6580171400092,99.6959267429133,99.7207658645051,99.7046289933768,99.7796581459608,99.7727728257707,99.7997846528874,99.8825449351039,
Ecuador,ECU,Access to Clean Fuels and Technologies for cooking (% of total population),EG.CFT.ACCS.ZS,94.4,94.5,94.6,94.6,94.6,94.6,94.7,94.7,,
Ecuador,ECU,Access to electricity (% of total population),EG.ELC.ACCS.ZS,98.7,99.2,98.7,99.1,98.8,100.0,100.0,98.7,98.5,
Ecuador,ECU,Population growth (annual %),SP.POP.GROW,1.45809147770557,1.52946083980042,1.71572391035149,1.68935479627168,1.18125258230486,0.774314023514489,0.796723652034201,0.872456027022398,0.860548498593581,0.847864596028112
Ecuador,ECU,energy_poverty_electricity_rural (% of rural population),EG.ELC.ACCS.RU.ZS,96.8,97.8,96.9,97.8,97.4,100.0,100.0,95.5,95.9,
Ecuador,ECU,energy_poverty_electricity_urban (% of urban population),EG.ELC.ACCS.UR.ZS,99.8,100.0,99.7,99.8,99.7,100.0,100.0,100.0,100.0,
"Egypt, Arab Rep.",EGY,Access to Clean Fuels and Technologies for cooking (% of total population),EG.CFT.ACCS.ZS,99.8,99.9,99.9,99.9,99.9,99.9,99.9,99.9,,
"Egypt, Arab Rep.",EGY,Access to electricity (% of total population),EG.ELC.ACCS.ZS,100.0,100.0,100.0,100.0,100.0,100.0,100.0,100.0,100.0,
"Egypt, Arab Rep.",EGY,Population growth (annual %),SP.POP.GROW,2.03468294927084,1.99817843887244,1.89713831833082,1.75497438173801,1.62495386951696,1.4908053906311,1.48609697540294,1.68834126904494,1.73324205302065,1.55618628611795
"Egypt, Arab Rep.",EGY,energy_poverty_electricity_rural (% of rural population),EG.ELC.ACCS.RU.ZS,100.0,100.0,100.0,100.0,100.0,100.0,100.0,100.0,100.0,
"Egypt, Arab Rep.",EGY,energy_poverty_electricity_urban (% of urban population),EG.ELC.ACCS.UR.ZS,100.0,100.0,100.0,100.0,100.0,100.0,100.0,100.0,100.0,
El Salvador,SLV,Access to Clean Fuels and Technologies for cooking (% of total population),EG.CFT.ACCS.ZS,87.2,88.6,89.9,90.9,92.0,92.9,93.7,94.4,,
El Salvador,SLV,Access to electricity (% of total population),EG.ELC.ACCS.ZS,96.0,96.8,97.0,97.4,99.7,97.9,100.0,98.3,98.7,
El Salvador,SLV,Population growth (annual %),SP.POP.GROW,0.276539934558171,0.205133928097967,0.100922206462958,0.0403628806830014,0.198362574897496,0.338002420196154,0.39146192798287,0.465531145369394,0.451762522948611,0.429954275845337
El Salvador,SLV,energy_poverty_electricity_rural (% of rural population),EG.ELC.ACCS.RU.ZS,90.3,91.3,92.6,93.6,100.0,94.1,100.0,96.6,96.6,
El Salvador,SLV,energy_poverty_electricity_urban (% of urban population),EG.ELC.ACCS.UR.ZS,98.4,99.0,98.7,98.8,99.1,99.2,100.0,99.4,99.4,
Equatorial Guinea,GNQ,Access to Clean Fuels and Technologies for cooking (% of total population),EG.CFT.ACCS.ZS,24.1,23.8,23.7,23.3,23.0,22.8,22.7,22.1,,
Equatorial Guinea,GNQ,Access to electricity (% of total population),EG.ELC.ACCS.ZS,66.2,66.4,66.5,66.6,66.7,66.8,67.0,66.9,65.1,
Equatorial Guinea,GNQ,Population growth (annual %),SP.POP.GROW,3.66421838047825,3.53129362583944,3.39945242088076,3.271454421427,2.73390823188935,2.43551071649529,2.5130374213272,2.41057232825781,2.40472649031131,2.39717222444002
Equatorial Guinea,GNQ,energy_poverty_electricity_rural (% of rural population),EG.ELC.ACCS.RU.ZS,4.1,3.5,2.9,2.4,1.8,1.4,1.4,2.4,5.1,
Equatorial Guinea,GNQ,energy_poverty_electricity_urban (% of urban population),EG.ELC.ACCS.UR.ZS,91.4,91.2,91.0,90.8,90.5,90.3,89.8,89.0,89.3,
Eritrea,ERI,Access to Clean Fuels and Technologies for cooking (% of total population),EG.CFT.ACCS.ZS,10.6,11.0,11.2,11.4,11.7,12.0,11.9,12.0,,
Eritrea,ERI,Access to electricity (% of total population),EG.ELC.ACCS.ZS,46.9,48.0,49.1,50.3,51.4,52.5,55.4,54.4,55.3,
Eritrea,ERI,Population growth (annual %),SP.POP.GROW,0.614809318134095,0.817496698225399,1.33731409848117,1.47474580694345,1.56406078076077,1.77411588481268,1.75351368458045,1.77168715176453,1.86168851424672,1.99933689205926
Eritrea,ERI,energy_poverty_electricity_rural (% of rural population),EG.ELC.ACCS.RU.ZS,28.0,29.5,31.0,32.5,34.1,35.7,36.0,37.1,43.2,
Eritrea,ERI,energy_poverty_electricity_urban (% of urban population),EG.ELC.ACCS.UR.ZS,76.7,76.5,76.3,76.1,75.9,75.7,75.5,77.1,78.1,
Estonia,EST,Access to Clean Fuels and Technologies for cooking (% of total population),EG.CFT.ACCS.ZS,100.0,100.0,100.0,100.0,100.0,100.0,100.0,100.0,,
Estonia,EST,Access to electricity (% of total population),EG.ELC.ACCS.ZS,100.0,100.0,100.0,100.0,100.0,100.0,100.0,100.0,100.0,
Estonia,EST,Population growth (annual %),SP.POP.GROW,0.0291122255540077,0.121070631466687,0.348039137980543,0.371554389037477,0.197559185177642,0.105996956310127,1.33655151148286,1.57745133607335,0.149856351926424,-0.428360939161402
Estonia,EST,energy_poverty_electricity_rural (% of rural population),EG.ELC.ACCS.RU.ZS,100.0,100.0,100.0,100.0,100.0,100.0,100.0,100.0,100.0,
Estonia,EST,energy_poverty_electricity_urban (% of urban population),EG.ELC.ACCS.UR.ZS,100.0,100.0,100.0,100.0,100.0,100.0,100.0,100.0,100.0,
Eswatini,SWZ,Access to Clean Fuels and Technologies for cooking (% of total population),EG.CFT.ACCS.ZS,47.0,47.75,48.4,48.7,49.4,49.5,49.9,50.3,,
Eswatini,SWZ,Access to electricity (% of total population),EG.ELC.ACCS.ZS,63.4,73.5,74.0,77.0,80.0,82.9,82.3,86.4,89.3,
Eswatini,SWZ,Population growth (annual %),SP.POP.GROW,0.584038792817515,0.752960394981198,0.922518621738631,0.931970814127083,1.0836305772053,1.15567266949473,1.01620740015869,0.946270731993531,0.995913343966098,1.06859931393766
Eswatini,SWZ,energy_poverty_electricity_rural (% of rural population),EG.ELC.ACCS.RU.ZS,58.1,69.8,69.7,72.9,76.1,79.1,81.6,84.9,88.3,
Eswatini,SWZ,energy_poverty_electricity_urban (% of urban population),EG.ELC.ACCS.UR.ZS,81.0,85.3,87.7,90.0,92.3,94.6,86.1,91.0,92.1,
Ethiopia,ETH,Access to Clean Fuels and Technologies for cooking (% of total population),EG.CFT.ACCS.ZS,4.7,5.2,5.6,5.9,6.2,6.5,6.9,7.1,,
Ethiopia,ETH,Access to electricity (% of total population),EG.ELC.ACCS.ZS,42.9,44.3,44.8,48.0,51.1,54.2,55.0,55.4,56.6,
Ethiopia,ETH,Population growth (annual %),SP.POP.GROW,2.70788250761242,2.72524097063889,2.69675179524869,2.69123978261516,2.71077284780816,2.67249538803955,2.62269500936104,2.6036241976442,2.58350411214521,2.55107529460765
Ethiopia,ETH,energy_poverty_electricity_rural (% of rural population),EG.ELC.ACCS.RU.ZS,32.4,31.0,32.5,36.0,39.4,42.8,43.0,43.6,44.8,
Ethiopia,ETH,energy_poverty_electricity_urban (% of urban population),EG.ELC.ACCS.UR.ZS,85.4,96.6,91.8,92.7,93.5,94.3,94.0,94.7,95.1,
Euro area,EMU,Access to Clean Fuels and Technologies for cooking (% of total population),EG.CFT.ACCS.ZS,100.0,100.0,100.0,100.0,100.0,100.0,100.0,100.0,,
Euro area,EMU,Access to electricity (% of total population),EG.ELC.ACCS.ZS,99.9469722581204,99.9632363837118,99.9752371882724,99.9850093995461,99.9944412898777,99.9963206008424,100.0,100.0,100.0,
Euro area,EMU,Population growth (annual %),SP.POP.GROW,0.245983882460601,0.166950500773583,0.196143464535757,0.229463137483838,0.119864417128253,0.050498815108036,0.268431756081216,0.4341535020062,0.390590086480305,0.296259275510713
Euro area,EMU,energy_poverty_electricity_rural (% of rural population),EG.ELC.ACCS.RU.ZS,99.8711406902173,99.9126808921745,99.9441675461269,99.9661070043019,99.9871856737452,99.9893564088667,99.991560489863,100.0,100.0,
Euro area,EMU,energy_poverty_electricity_urban (% of urban population),EG.ELC.ACCS.UR.ZS,99.9698579328279,99.9776996312192,99.983524082588,99.9892014320099,99.9964645208284,99.9982467988692,100.0,100.0,100.0,
Europe & Central Asia,ECS,Access to Clean Fuels and Technologies for cooking (% of total population),EG.CFT.ACCS.ZS,97.5471862900533,97.5986173874668,97.6081220352671,97.620703266831,97.6307412051968,97.6097000616403,97.6025860188589,97.5906638016646,,
Europe & Central Asia,ECS,Access to electricity (% of total population),EG.ELC.ACCS.ZS,99.8289900286233,99.96414862519,99.9707746763569,99.9534522262568,99.9760273251971,99.9881930522021,99.997731634024,100.0,99.998857471373,
Europe & Central Asia,ECS,Population growth (annual %),SP.POP.GROW,0.445442985731073,0.381663461208007,0.365643409349807,0.381813986863525,0.187615110675363,0.0774353815871693,-0.0117486154637433,0.058157268386224,0.405947664713241,0.425354152592411
Europe & Central Asia,ECS,energy_poverty_electricity_rural (% of rural population),EG.ELC.ACCS.RU.ZS,99.8209808558944,99.9113999824254,99.9410833989655,99.9704740510635,99.9846018922497,99.9686362230064,99.989632553421,100.0,99.9967547942951,
Europe & Central Asia,ECS,energy_poverty_electricity_urban (% of urban population),EG.ELC.ACCS.UR.ZS,99.8178762289067,99.8277802718033,99.9828563448286,99.8620353001219,99.8661240454801,99.8664147378546,99.8450525303378,100.0,99.9995958650925,
Europe & Central Asia (IDA & IBRD countries),TEC,Access to Clean Fuels and Technologies for cooking (% of total population),EG.CFT.ACCS.ZS,95.0505016188185,95.1587030045879,95.1812693900644,95.2097368046776,95.2308180277035,95.1877417611059,95.1512774990179,95.0995313124947,,
Europe & Central Asia (IDA & IBRD countries),TEC,Access to electricity (% of total population),EG.ELC.ACCS.ZS,99.6574040765117,99.9282316965341,99.941528994937,99.9069194604741,99.9520668153849,99.9763873001269,99.9954427619778,100.0,99.9976895300598,
Europe & Central Asia (IDA & IBRD countries),TEC,Population growth (annual %),SP.POP.GROW,0.494941793569477,0.45897213033258,0.421928354843313,0.43092937954452,0.196606051680253,0.0566125487591527,-0.467968565667359,-0.509492541975487,0.301119159174174,0.558598108857146
Europe & Central Asia (IDA & IBRD countries),TEC,energy_poverty_electricity_rural (% of rural population),EG.ELC.ACCS.RU.ZS,99.6934143989093,99.8486798765314,99.899655755896,99.9498042064987,99.9738605184449,99.9468127652317,99.9823867704836,100.0,99.9944739939692,
Europe & Central Asia (IDA & IBRD countries),TEC,energy_poverty_electricity_urban (% of urban population),EG.ELC.ACCS.UR.ZS,99.6106814674928,99.631937254354,99.9633622590588,99.7053125367681,99.7140260260153,99.7145543536516,99.6848497916447,100.0,99.9991251092305,
Europe & Central Asia (excluding high income),ECA,Access to Clean Fuels and Technologies for cooking (% of total population),EG.CFT.ACCS.ZS,90.7937149591135,91.0284644205042,91.1065711237585,91.1968231424015,91.2794070563474,91.2481861715818,91.1755024472711,91.0639982362105,,
Europe & Central Asia (excluding high income),ECA,Access to electricity (% of total population),EG.ELC.ACCS.ZS,99.8659600305289,99.9182925529991,99.9420709286304,99.9657744725899,99.9774302018769,99.9616464835516,99.9915875475848,100.0,99.9957431987505,
Europe & Central Asia (excluding high income),ECA,Population growth (annual %),SP.POP.GROW,0.88773937316308,0.856871158993943,0.852581511333748,0.8793157332119,0.711353855412666,0.603916502040543,-0.538786451184916,-0.719265625223627,0.671406615620136,1.14598534910776
Europe & Central Asia (excluding high income),ECA,energy_poverty_electricity_rural (% of rural population),EG.ELC.ACCS.RU.ZS,99.7391410909961,99.8158426823941,99.8871970654847,99.9439270436675,99.9658522682246,99.9148386746451,99.9768890498355,100.0,99.9900603583161,
Europe & Central Asia (excluding high income),ECA,energy_poverty_electricity_urban (% of urban population),EG.ELC.ACCS.UR.ZS,99.9349852388129,99.954562623116,99.9698093000615,99.9794483326546,99.9821517145746,99.9779732939792,99.9843019011466,100.0,99.998370431697,
European Union,EUU,Access to Clean Fuels and Technologies for cooking (% of total population),EG.CFT.ACCS.ZS,100.0,100.0,100.0,100.0,100.0,100.0,100.0,100.0,,
European Union,EUU,Access to electricity (% of total population),EG.ELC.ACCS.ZS,99.9182637194093,99.9709724278479,99.9717103637088,99.9881556120147,99.9956022901904,99.997083420627,100.0,100.0,100.0,
European Union,EUU,Population growth (annual %),SP.POP.GROW,0.198866460412297,0.144811184101519,0.165449880203722,0.190824171550364,-0.00883750758193382,-0.143920872876958,0.218330107204789,0.378071389543418,0.295986183604409,0.199526868046785
European Union,EUU,energy_poverty_electricity_rural (% of rural population),EG.ELC.ACCS.RU.ZS,99.795713499788,99.936986264584,99.9518065353052,99.9756217005168,99.9907808849771,99.9923346260063,99.9939225982505,100.0,100.0,
European Union,EUU,energy_poverty_electricity_urban (% of urban population),EG.ELC.ACCS.UR.ZS,99.9594872044965,99.9692098840811,99.9803493262213,99.9912054013735,99.9971164074518,99.9985671102981,100.0,100.0,100.0,
Faroe Islands,FRO,Access to electricity (% of total population),EG.ELC.ACCS.ZS,100.0,100.0,100.0,100.0,100.0,100.0,100.0,100.0,100.0,
Faroe Islands,FRO,Population growth (annual %),SP.POP.GROW,1.14884194797275,1.43716971528022,1.61701949833066,1.54302729710577,1.47773194347557,1.37930615088331,1.14186736137659,0.914125348702147,0.443882678235839,0.474713325295028
Faroe Islands,FRO,energy_poverty_electricity_rural (% of rural population),EG.ELC.ACCS.RU.ZS,100.0,100.0,100.0,100.0,100.0,100.0,100.0,100.0,100.0,
Faroe Islands,FRO,energy_poverty_electricity_urban (% of urban population),EG.ELC.ACCS.UR.ZS,100.0,100.0,100.0,100.0,100.0,100.0,99.9,100.0,100.0,
Fiji,FJI,Access to Clean Fuels and Technologies for cooking (% of total population),EG.CFT.ACCS.ZS,42.1,44.1,45.8,47.9,49.5,51.0,52.8,54.1,,
Fiji,FJI,Access to electricity (% of total population),EG.ELC.ACCS.ZS,93.4,96.0,95.1,96.1,97.1,92.1,92.0,99.3,95.9,
Fiji,FJI,Population growth (annual %),SP.POP.GROW,0.0639915048086223,-0.0442890767199793,-0.172010114641272,-0.24900685817593,0.00699506301854314,0.190863715994045,0.295294727557318,0.51237740019889,0.500721796949901,0.469404246979013
Fiji,FJI,energy_poverty_electricity_rural (% of rural population),EG.ELC.ACCS.RU.ZS,89.3,95.1,92.7,94.8,96.9,86.8,86.8,98.3,92.5,
Fiji,FJI,energy_poverty_electricity_urban (% of urban population),EG.ELC.ACCS.UR.ZS,96.7,96.7,96.9,97.1,97.3,96.0,97.6,100.0,98.2,
Finland,FIN,Access to Clean Fuels and Technologies for cooking (% of total population),EG.CFT.ACCS.ZS,100.0,100.0,100.0,100.0,100.0,100.0,100.0,100.0,,
Finland,FIN,Access to electricity (% of total population),EG.ELC.ACCS.ZS,100.0,100.0,100.0,100.0,100.0,100.0,100.0,100.0,100.0,
Finland,FIN,Population growth (annual %),SP.POP.GROW,0.287421401687637,0.234670531705453,0.132641040791912,0.110191690491055,0.143641197212847,0.207288594407348,0.271944526506117,0.499192375381062,0.642640054363343,0.470872218110853
Finland,FIN,energy_poverty_electricity_rural (% of rural population),EG.ELC.ACCS.RU.ZS,100.0,100.0,100.0,100.0,100.0,100.0,100.0,100.0,100.0,
Finland,FIN,energy_poverty_electricity_urban (% of urban population),EG.ELC.ACCS.UR.ZS,100.0,100.0,100.0,100.0,100.0,100.0,100.0,100.0,100.0,
France,FRA,Access to Clean Fuels and Technologies for cooking (% of total population),EG.CFT.ACCS.ZS,100.0,100.0,100.0,100.0,100.0,100.0,100.0,100.0,,
France,FRA,Access to electricity (% of total population),EG.ELC.ACCS.ZS,100.0,100.0,100.0,100.0,100.0,100.0,100.0,100.0,100.0,
France,FRA,Population growth (annual %),SP.POP.GROW,0.263868788565368,0.29020211635109,0.358494581816163,0.332559129027963,0.324557781035362,0.356902332389048,0.502320929337976,0.275093143443794,0.261995241898747,0.245766211891762
France,FRA,energy_poverty_electricity_rural (% of rural population),EG.ELC.ACCS.RU.ZS,100.0,100.0,100.0,100.0,100.0,100.0,100.0,100.0,100.0,
France,FRA,energy_poverty_electricity_urban (% of urban population),EG.ELC.ACCS.UR.ZS,100.0,100.0,100.0,100.0,100.0,100.0,100.0,100.0,100.0,
French Polynesia,PYF,Access to electricity (% of total population),EG.ELC.ACCS.ZS,100.0,100.0,100.0,100.0,100.0,100.0,100.0,100.0,100.0,
French Polynesia,PYF,Population growth (annual %),SP.POP.GROW,0.471058812613167,0.325069797127642,-0.0971598677616479,-0.279503231980126,0.0626967129843171,0.208586464560115,0.209222276724143,0.263581727538977,0.244792945440769,0.23322096373719
French Polynesia,PYF,energy_poverty_electricity_rural (% of rural population),EG.ELC.ACCS.RU.ZS,100.0,100.0,100.0,100.0,100.0,100.0,100.0,100.0,100.0,
French Polynesia,PYF,energy_poverty_electricity_urban (% of urban population),EG.ELC.ACCS.UR.ZS,100.0,100.0,100.0,100.0,100.0,100.0,100.0,100.0,100.0,
Gabon,GAB,Access to Clean Fuels and Technologies for cooking (% of total population),EG.CFT.ACCS.ZS,87.1,87.7,88.8,89.4,90.0,90.5,91.0,91.4,,
Gabon,GAB,Access to electricity (% of total population),EG.ELC.ACCS.ZS,88.1,86.3,89.6,90.3,91.1,91.8,93.5,94.1,95.1,
Gabon,GAB,Population growth (annual %),SP.POP.GROW,2.86485541015556,2.65889572463952,2.53688289832205,2.47279132038176,2.38922359813697,2.30612435799096,2.24763901253797,2.19891289669511,2.15636509762581,2.11142428155027
Gabon,GAB,energy_poverty_electricity_rural (% of rural population),EG.ELC.ACCS.RU.ZS,18.9,,21.3,22.8,24.7,26.8,29.0,29.0,51.3,
Gabon,GAB,energy_poverty_electricity_urban (% of urban population),EG.ELC.ACCS.UR.ZS,97.0,97.8,97.7,98.0,98.4,98.7,98.5,99.2,99.0,
"Gambia, The",GMB,Access to Clean Fuels and Technologies for cooking (% of total population),EG.CFT.ACCS.ZS,2.0,1.9,1.9,1.8,1.7,1.7,1.7,1.6,,
"Gambia, The",GMB,Access to electricity (% of total population),EG.ELC.ACCS.ZS,56.4,56.2,60.3,62.1,62.2,63.7,65.4,66.9,69.0,
"Gambia, The",GMB,Population growth (annual %),SP.POP.GROW,2.62819405087404,2.52588138504562,2.42294300881827,2.35622071960344,2.3686612920428,2.36774778418782,2.31992109797091,2.30124049704572,2.27730257212036,2.22524763449017
"Gambia, The",GMB,energy_poverty_electricity_rural (% of rural population),EG.ELC.ACCS.RU.ZS,30.0,20.5,,,31.0,31.2,31.5,35.3,39.2,
"Gambia, The",GMB,energy_poverty_electricity_urban (% of urban population),EG.ELC.ACCS.UR.ZS,74.0,79.4,76.4,78.6,80.9,82.6,82.8,85.3,85.6,
Georgia,GEO,Access to Clean Fuels and Technologies for cooking (% of total population),EG.CFT.ACCS.ZS,81.7,84.1,86.3,87.9,89.6,90.9,92.2,93.2,,
Georgia,GEO,Access to electricity (% of total population),EG.ELC.ACCS.ZS,100.0,100.0,99.9,100.0,100.0,100.0,100.0,100.0,100.0,
Georgia,GEO,Population growth (annual %),SP.POP.GROW,0.0598165991047394,0.0133860746662629,-0.0390365463489613,-0.171565740223868,0.0686562494680967,-0.379636607027231,0.104889950638883,0.0802640328443946,2.57811800562047,3.1815662969341
Georgia,GEO,energy_poverty_electricity_rural (% of rural population),EG.ELC.ACCS.RU.ZS,100.0,100.0,100.0,100.0,100.0,100.0,100.0,100.0,100.0,
Georgia,GEO,energy_poverty_electricity_urban (% of urban population),EG.ELC.ACCS.UR.ZS,100.0,100.0,99.8,100.0,100.0,99.9,100.0,100.0,100.0,
Germany,DEU,Access to Clean Fuels and Technologies for cooking (% of total population),EG.CFT.ACCS.ZS,100.0,100.0,100.0,100.0,100.0,100.0,100.0,100.0,,
Germany,DEU,Access to electricity (% of total population),EG.ELC.ACCS.ZS,100.0,100.0,100.0,100.0,100.0,100.0,100.0,100.0,100.0,
Germany,DEU,Population growth (annual %),SP.POP.GROW,0.807218538573871,0.373724559895838,0.300526701992065,0.22551987421288,0.0816931586494595,0.0423270572552137,-0.0219565701848977,0.131511079477747,0.274957829184881,-0.0303506708320264
Germany,DEU,energy_poverty_electricity_rural (% of rural population),EG.ELC.ACCS.RU.ZS,100.0,100.0,100.0,100.0,100.0,100.0,100.0,100.0,100.0,
Germany,DEU,energy_poverty_electricity_urban (% of urban population),EG.ELC.ACCS.UR.ZS,100.0,100.0,100.0,100.0,100.0,100.0,100.0,100.0,100.0,
Ghana,GHA,Access to Clean Fuels and Technologies for cooking (% of total population),EG.CFT.ACCS.ZS,22.7,23.9,25.3,26.9,28.3,29.9,31.5,32.8,,
Ghana,GHA,Access to electricity (% of total population),EG.ELC.ACCS.ZS,79.3,79.0,80.4,83.5,85.4,86.3,85.1,89.5,91.9,
Ghana,GHA,Population growth (annual %),SP.POP.GROW,2.27621203911157,2.19535792776401,2.07517136640112,2.00780519953703,1.99181985149439,1.95904584379494,1.92029034344132,1.90860289687983,1.87500010333119,1.83295547173437
Ghana,GHA,energy_poverty_electricity_rural (% of rural population),EG.ELC.ACCS.RU.ZS,66.6,65.3,68.3,70.0,73.1,74.0,71.6,77.8,82.6,
Ghana,GHA,energy_poverty_electricity_urban (% of urban population),EG.ELC.ACCS.UR.ZS,89.8,90.0,89.9,93.8,94.6,95.2,95.0,97.5,98.6,
Gibraltar,GIB,Access to electricity (% of total population),EG.ELC.ACCS.ZS,100.0,100.0,100.0,100.0,100.0,100.0,100.0,100.0,100.0,
Gibraltar,GIB,Population growth (annual %),SP.POP.GROW,1.39117589725216,1.72897993589869,1.76273395885819,1.81957598739227,1.89493160765265,1.87597072209458,2.01706920456894,2.26613272520816,2.20574495293092,2.00623430210837
Gibraltar,GIB,energy_poverty_electricity_rural (% of rural population),EG.ELC.ACCS.RU.ZS,100.0,100.0,100.0,100.0,100.0,100.0,100.0,100.0,100.0,
Gibraltar,GIB,energy_poverty_electricity_urban (% of urban population),EG.ELC.ACCS.UR.ZS,100.0,100.0,100.0,100.0,100.0,100.0,100.0,100.0,100.0,
Greece,GRC,Access to Clean Fuels and Technologies for cooking (% of total population),EG.CFT.ACCS.ZS,100.0,100.0,100.0,100.0,100.0,100.0,100.0,100.0,,
Greece,GRC,Access to electricity (% of total population),EG.ELC.ACCS.ZS,100.0,100.0,100.0,100.0,100.0,100.0,100.0,100.0,100.0,
Greece,GRC,Population growth (annual %),SP.POP.GROW,-0.415913028277122,-0.197783224759792,-0.202880238259165,-0.105339392724138,-0.214592106571664,-1.20806995499074,-1.25977874589147,-0.292192792101549,-0.0213045199396999,0.0848067613416544
Greece,GRC,energy_poverty_electricity_rural (% of rural population),EG.ELC.ACCS.RU.ZS,100.0,100.0,100.0,100.0,100.0,100.0,100.0,100.0,100.0,
Greece,GRC,energy_poverty_electricity_urban (% of urban population),EG.ELC.ACCS.UR.ZS,100.0,100.0,100.0,100.0,100.0,100.0,100.0,100.0,100.0,
Greenland,GRL,Access to electricity (% of total population),EG.ELC.ACCS.ZS,100.0,100.0,100.0,100.0,100.0,100.0,100.0,100.0,100.0,
Greenland,GRL,Population growth (annual %),SP.POP.GROW,0.128227978389047,-0.0249203440297217,-0.265609140509557,0.359917714454119,0.252238303411568,0.506106194434674,0.0141200557976914,0.359389425458904,-0.0510109860579076,-0.00879762816511268
Greenland,GRL,energy_poverty_electricity_rural (% of rural population),EG.ELC.ACCS.RU.ZS,100.0,100.0,100.0,100.0,100.0,100.0,100.0,100.0,100.0,
Greenland,GRL,energy_poverty_electricity_urban (% of urban population),EG.ELC.ACCS.UR.ZS,100.0,100.0,100.0,100.0,100.0,100.0,100.0,100.0,100.0,
Grenada,GRD,Access to Clean Fuels and Technologies for cooking (% of total population),EG.CFT.ACCS.ZS,89.9,89.3,88.7,87.9,87.2,86.3,85.1,84.2,,
Grenada,GRD,Access to electricity (% of total population),EG.ELC.ACCS.ZS,91.8,92.2,92.3,93.0,93.4,93.7,94.2,94.4,95.6,
Grenada,GRD,Population growth (annual %),SP.POP.GROW,0.39511639438688,0.26716646126376,0.218925449466702,0.250354079448358,0.309914935427349,0.297817230024271,0.192636221230939,0.143593450145476,0.107559936614412,0.081872845816827
Guam,GUM,Access to electricity (% of total population),EG.ELC.ACCS.ZS,100.0,100.0,100.0,100.0,100.0,100.0,100.0,100.0,100.0,
Guam,GUM,Population growth (annual %),SP.POP.GROW,-0.408339926567039,-0.453432485979039,-0.49728924043186,-0.536848682318792,0.216072141009173,0.964756108149453,0.881705873116992,0.799555642468131,0.760437189316384,0.725708104538761
Guam,GUM,energy_poverty_electricity_rural (% of rural population),EG.ELC.ACCS.RU.ZS,100.0,100.0,100.0,100.0,100.0,100.0,100.0,100.0,100.0,
Guam,GUM,energy_poverty_electricity_urban (% of urban population),EG.ELC.ACCS.UR.ZS,100.0,100.0,100.0,100.0,100.0,100.0,100.0,100.0,100.0,
Guatemala,GTM,Access to Clean Fuels and Technologies for cooking (% of total population),EG.CFT.ACCS.ZS,40.6,41.3,42.3,43.0,43.7,44.8,45.5,46.5,,
Guatemala,GTM,Access to electricity (% of total population),EG.ELC.ACCS.ZS,91.8,93.3,94.2,95.4,96.6,97.9,99.1,100.0,90.9,
Guatemala,GTM,Population growth (annual %),SP.POP.GROW,1.84256060230578,1.81876091504989,1.66602273310221,1.52062955252943,1.47137710546514,1.3807587059317,1.40623710213146,1.53986971917384,1.54129399660934,1.5179036167086
Guatemala,GTM,energy_poverty_electricity_rural (% of rural population),EG.ELC.ACCS.RU.ZS,86.8,89.6,91.2,93.5,95.8,98.1,98.2,100.0,80.4,
Guatemala,GTM,energy_poverty_electricity_urban (% of urban population),EG.ELC.ACCS.UR.ZS,96.7,96.9,97.1,97.2,97.4,97.6,97.7,100.0,99.2,
Guinea,GIN,Access to Clean Fuels and Technologies for cooking (% of total population),EG.CFT.ACCS.ZS,0.9,0.9,0.9,0.9,1.0,1.0,1.0,1.0,,
Guinea,GIN,Access to electricity (% of total population),EG.ELC.ACCS.ZS,33.5,35.4,45.0,42.2,44.7,46.8,47.7,51.1,53.8,
Guinea,GIN,Population growth (annual %),SP.POP.GROW,2.56690869267138,2.55652318226129,2.54385572881799,2.56100451729991,2.55139953603925,2.50610419423246,2.48250409145397,2.46199049961035,2.39595802290484,2.31092272302565
Guinea,GIN,energy_poverty_electricity_rural (% of rural population),EG.ELC.ACCS.RU.ZS,6.7,8.6,21.4,17.0,19.3,21.3,21.3,25.7,29.4,
Guinea,GIN,energy_poverty_electricity_urban (% of urban population),EG.ELC.ACCS.UR.ZS,82.2,83.4,86.7,86.0,88.3,89.8,91.0,92.5,93.6,
Guinea-Bissau,GNB,Access to Clean Fuels and Technologies for cooking (% of total population),EG.CFT.ACCS.ZS,1.1,1.1,1.1,1.0,1.0,0.95,0.9,0.8,,
Guinea-Bissau,GNB,Access to electricity (% of total population),EG.ELC.ACCS.ZS,22.9,26.0,28.4,30.9,33.4,35.8,37.4,40.5,43.7,
Guinea-Bissau,GNB,Population growth (annual %),SP.POP.GROW,2.51155296505032,2.4363257519627,2.37405997248475,2.34095994762157,2.28895000835492,2.23903878745423,2.24235388639993,2.24529187264064,2.20520563612008,2.16429203622489
Guinea-Bissau,GNB,energy_poverty_electricity_rural (% of rural population),EG.ELC.ACCS.RU.ZS,10.5,12.5,13.3,14.3,15.1,15.8,17.0,20.7,24.9,
Guinea-Bissau,GNB,energy_poverty_electricity_urban (% of urban population),EG.ELC.ACCS.UR.ZS,39.7,43.9,48.1,52.3,56.4,60.5,61.0,64.3,65.6,
Guyana,GUY,Access to Clean Fuels and Technologies for cooking (% of total population),EG.CFT.ACCS.ZS,100.0,100.0,100.0,100.0,100.0,100.0,100.0,100.0,,
Guyana,GUY,Access to electricity (% of total population),EG.ELC.ACCS.ZS,89.0,90.0,90.9,91.6,92.3,92.9,93.0,98.9,93.0,
Guyana,GUY,Population growth (annual %),SP.POP.GROW,0.626279284065059,0.643724559372237,2.95873919098606,2.0146740033225,-0.0227843180487706,0.985982406099209,0.751934221097092,0.57233513230005,0.571243951310838,0.58773840166977
Guyana,GUY,energy_poverty_electricity_rural (% of rural population),EG.ELC.ACCS.RU.ZS,86.7,87.9,88.9,89.8,90.5,91.2,91.6,91.6,90.5,
Guyana,GUY,energy_poverty_electricity_urban (% of urban population),EG.ELC.ACCS.UR.ZS,95.3,95.8,96.3,96.7,97.2,97.5,98.0,98.9,100.0,
Haiti,HTI,Access to Clean Fuels and Technologies for cooking (% of total population),EG.CFT.ACCS.ZS,4.0,4.1,4.0,4.2,4.2,4.4,4.4,4.5,,
Haiti,HTI,Access to electricity (% of total population),EG.ELC.ACCS.ZS,40.4,43.3,44.4,45.4,46.3,47.2,49.3,51.3,53.9,
Haiti,HTI,Population growth (annual %),SP.POP.GROW,1.39862723308259,1.36160662434986,1.32790959369268,1.29423660619831,1.24109993204209,1.15604339382525,1.12789828650149,1.15633263604117,1.15472671204546,1.12793089533676
Haiti,HTI,energy_poverty_electricity_rural (% of rural population),EG.ELC.ACCS.RU.ZS,,2.1,1.8,1.2,,,,2.9,15.0,
Haiti,HTI,energy_poverty_electricity_urban (% of urban population),EG.ELC.ACCS.UR.ZS,76.4,77.9,78.9,79.9,80.9,81.8,83.0,84.0,85.6,
Heavily indebted poor countries (HIPC),HPC,Access to Clean Fuels and Technologies for cooking (% of total population),EG.CFT.ACCS.ZS,12.859737290645,13.4615760589952,14.0626581770411,14.7228487179098,15.3185705058773,15.9365315232518,16.5853361349134,17.1966568141317,,
Heavily indebted poor countries (HIPC),HPC,Access to electricity (% of total population),EG.ELC.ACCS.ZS,40.5825141572233,41.4700007412761,43.9720388425801,45.014803870368,46.3325205711702,48.0116236625576,48.6044269308349,50.5208896795623,52.4769402918894,
Heavily indebted poor countries (HIPC),HPC,Population growth (annual %),SP.POP.GROW,2.87059651059503,2.92152583279996,2.85647828276401,2.77992627055034,2.76023746119099,2.69418958338331,2.59787593290291,2.58026361363995,2.59429753696978,2.60784745398428
Heavily indebted poor countries (HIPC),HPC,energy_poverty_electricity_rural (% of rural population),EG.ELC.ACCS.RU.ZS,25.6746581572935,26.1293774092322,27.7234365866889,28.8244504732623,29.3541270753589,30.889383779111,30.5698718768694,31.7595404367757,37.6891708317074,
Heavily indebted poor countries (HIPC),HPC,energy_poverty_electricity_urban (% of urban population),EG.ELC.ACCS.UR.ZS,71.5976817352612,73.4147908071903,74.3789705860374,75.5917195716085,76.9682408412454,78.3689297554899,78.6415404504671,81.3957823258061,81.8651665497198,
High income,,Access to Clean Fuels and Technologies for cooking (% of total population),EG.CFT.ACCS.ZS,99.9806125877042,99.9819882251631,99.9826265950527,99.983658721548,99.9847102651449,99.985366410066,99.9861257359543,99.9872826461909,,
High income,,Access to electricity (% of total population),EG.ELC.ACCS.ZS,99.8749398314557,99.9597217073415,99.9626435667928,99.9496095685706,99.9683058935554,99.9798908670507,99.9798001329497,99.9883997819596,99.9679657645831,
High income,,Population growth (annual %),SP.POP.GROW,0.603644718180708,0.438138662206481,0.326344661365445,0.355904728443637,0.266018292728065,-0.119155828637909,0.445759077082637,0.720614909220043,0.692671029675521,0.409174607962311
High income,,energy_poverty_electricity_rural (% of rural population),EG.ELC.ACCS.RU.ZS,99.7719962807195,99.9445375973567,99.9519178604823,99.9633743776461,99.8984099636292,99.9776226148425,99.9791266513756,99.9257696945559,99.8594311730686,
High income,,energy_poverty_electricity_urban (% of urban population),EG.ELC.ACCS.UR.ZS,99.8935233805172,99.8952711251233,99.9913158756827,99.9152358923859,99.9182507750482,99.9185655855845,99.9034137637391,99.9993169206872,99.9943034442363,
Honduras,HND,Access to Clean Fuels and Technologies for cooking (% of total population),EG.CFT.ACCS.ZS,46.7,47.0,47.7,48.35,48.9,49.3,50.05,50.3,,
Honduras,HND,Access to electricity (% of total population),EG.ELC.ACCS.ZS,91.6,86.5,91.6,91.1,93.1,94.1,94.4,95.6,95.5,
Honduras,HND,Population growth (annual %),SP.POP.GROW,1.87756675968273,1.85007611234979,1.82994643094924,1.81063773761993,1.75456432541029,1.66825063176954,1.67679658023776,1.71477388415816,1.68469129774697,1.65037355718421
Honduras,HND,energy_poverty_electricity_rural (% of rural population),EG.ELC.ACCS.RU.ZS,82.1,71.8,81.9,80.3,83.4,85.7,86.8,88.8,90.1,
Honduras,HND,energy_poverty_electricity_urban (% of urban population),EG.ELC.ACCS.UR.ZS,99.1,97.8,98.9,99.0,100.0,100.0,100.0,100.0,99.3,
"Hong Kong SAR, China",HKG,Access to electricity (% of total population),EG.ELC.ACCS.ZS,100.0,100.0,100.0,100.0,100.0,100.0,100.0,100.0,100.0,
"Hong Kong SAR, China",HKG,Population growth (annual %),SP.POP.GROW,0.619366345332479,0.768513877614955,0.800230596967774,0.739283471323064,-0.358932661902885,-0.91177674914823,-0.907914524343304,2.55352466697343,-0.159360467186035,-0.33548590342358
"Hong Kong SAR, China",HKG,energy_poverty_electricity_rural (% of rural population),EG.ELC.ACCS.RU.ZS,100.0,100.0,100.0,100.0,100.0,100.0,100.0,100.0,100.0,
"Hong Kong SAR, China",HKG,energy_poverty_electricity_urban (% of urban population),EG.ELC.ACCS.UR.ZS,100.0,100.0,100.0,100.0,100.0,100.0,100.0,100.0,100.0,
Hungary,HUN,Access to Clean Fuels and Technologies for cooking (% of total population),EG.CFT.ACCS.ZS,100.0,100.0,100.0,100.0,100.0,100.0,100.0,100.0,,
Hungary,HUN,Access to electricity (% of total population),EG.ELC.ACCS.ZS,100.0,100.0,100.0,100.0,100.0,100.0,100.0,100.0,100.0,
Hungary,HUN,Population growth (annual %),SP.POP.GROW,-0.388598014975531,-0.338685889370073,-0.203687269785053,-0.125143121699401,-0.252049642963059,-0.409163639262836,-0.268850150860009,-0.134269181500181,-0.314510077464087,-0.501292808614035
Hungary,HUN,energy_poverty_electricity_rural (% of rural population),EG.ELC.ACCS.RU.ZS,100.0,100.0,100.0,100.0,100.0,100.0,100.0,100.0,100.0,
Hungary,HUN,energy_poverty_electricity_urban (% of urban population),EG.ELC.ACCS.UR.ZS,100.0,100.0,100.0,100.0,100.0,100.0,100.0,100.0,100.0,
IBRD only,IBD,Access to Clean Fuels and Technologies for cooking (% of total population),EG.CFT.ACCS.ZS,72.895550261228,75.0941606364217,77.2571703477183,79.2364077803898,81.2498280906558,83.0530088193925,84.6202879321422,86.1766537155871,,
IBRD only,IBD,Access to electricity (% of total population),EG.ELC.ACCS.ZS,95.836371597902,96.6040591336246,97.7498443251445,97.8715752983766,98.0567134046334,99.1094167920247,98.9686574577803,99.0885815861564,99.1710314335576,
IBRD only,IBD,Population growth (annual %),SP.POP.GROW,0.953226967586102,0.931910507109358,0.860957217689987,0.789332313249615,0.683339753441515,0.55022908934187,0.467464056138187,0.486083267287729,0.552979753222267,0.545865461962873
IBRD only,IBD,energy_poverty_electricity_rural (% of rural population),EG.ELC.ACCS.RU.ZS,92.4933706882817,93.9833086168185,95.9302364109512,96.4399803810137,97.1084901733352,99.2073269083509,98.995522633428,99.1962205969677,98.6177116846419,
IBRD only,IBD,energy_poverty_electricity_urban (% of urban population),EG.ELC.ACCS.UR.ZS,99.0615340145891,99.1758879403175,99.2594059273936,99.427943475701,99.2793147724057,99.4833946496584,99.4861172467943,99.672821147823,99.6365763371247,
IDA & IBRD total,IBT,Access to Clean Fuels and Technologies for cooking (% of total population),EG.CFT.ACCS.ZS,59.6281377788474,61.3910692514225,63.1510296387691,64.7900924576489,66.4288612426951,67.8978781991551,69.1746658485523,70.4180781353697,,
IDA & IBRD total,IBT,Access to electricity (% of total population),EG.ELC.ACCS.ZS,86.2020439952187,87.1825242962377,88.2076680736069,88.5722643080015,88.9159802522601,90.0247787023894,89.9534822341794,90.3195251994939,90.6841858083156,
IDA & IBRD total,IBT,Population growth (annual %),SP.POP.GROW,1.25202514276894,1.24674185481154,1.20371141530004,1.16113986667386,1.08931741599415,0.987074934479923,0.916716913217627,0.933779500498559,0.985636475049798,0.983237218148019
IDA & IBRD total,IBT,energy_poverty_electricity_rural (% of rural population),EG.ELC.ACCS.RU.ZS,77.7739214437624,79.5749977985785,80.7333592378611,81.4512061311095,81.812786820815,83.4501565075099,82.9563300446787,83.3866144445663,83.9067071854987,
IDA & IBRD total,IBT,energy_poverty_electricity_urban (% of urban population),EG.ELC.ACCS.UR.ZS,96.0267135544593,96.3504270589871,96.2254244016439,96.5574358798306,96.5313946592951,97.0257108653767,97.0384107122003,97.2065842786545,97.1828536915672,
IDA blend,IDB,Access to Clean Fuels and Technologies for cooking (% of total population),EG.CFT.ACCS.ZS,28.539851744017,29.9636373391436,31.7404014506388,33.8468072263773,35.8293548872337,37.8595266691453,39.7101906744718,41.4111736806163,,
IDA blend,IDB,Access to electricity (% of total population),EG.ELC.ACCS.ZS,72.5460349141719,71.6466137332559,73.151878223369,73.9089088089712,74.4924621989682,76.4698873250238,76.9975316257502,77.9201343756954,78.8148230386128,
IDA blend,IDB,Population growth (annual %),SP.POP.GROW,1.9603728587418,1.97875951411748,2.00142239236433,1.98455712089246,2.00303566755831,2.01581444092209,1.96732800737651,1.89932789494521,1.87305223436203,1.8768892130296
IDA blend,IDB,energy_poverty_electricity_rural (% of rural population),EG.ELC.ACCS.RU.ZS,60.5837384844247,58.7978008172553,62.353399527024,62.5363776232081,63.1492397824999,64.3989022960687,65.2728026758115,67.3251152896265,66.6756198482142,
IDA blend,IDB,energy_poverty_electricity_urban (% of urban population),EG.ELC.ACCS.UR.ZS,90.8075924531761,91.2423271788831,89.2348822991832,90.6649464730268,91.0064444105354,93.6698991114346,93.6701723854889,91.7373280025248,91.638372581889,
IDA only,IDX,Access to Clean Fuels and Technologies for cooking (% of total population),EG.CFT.ACCS.ZS,17.6533953941399,18.4093650308106,19.2076050149083,20.0091575769747,20.8348288687011,21.6349710760207,22.459763122293,23.2405833848446,,
IDA only,IDX,Access to electricity (% of total population),EG.ELC.ACCS.ZS,50.6626258014594,54.1468852720313,54.9448489168899,56.7377764694733,58.2396653821217,59.7443718318286,60.2610028883008,61.9225640121999,63.6732469361987,
IDA only,IDX,Population growth (annual %),SP.POP.GROW,2.20476300980669,2.24148980784844,2.26694653283155,2.31499314863569,2.31549775862641,2.25279015277306,2.19184341656057,2.21826281999446,2.22368416110244,2.20962118823943
IDA only,IDX,energy_poverty_electricity_rural (% of rural population),EG.ELC.ACCS.RU.ZS,38.9951269949235,43.9156599194935,42.7339948175416,45.2237243653817,46.2402429835307,47.7570608326256,47.8559068622359,49.105321083245,53.3922283003407,
IDA only,IDX,energy_poverty_electricity_urban (% of urban population),EG.ELC.ACCS.UR.ZS,77.5303870196504,79.5850557796624,79.6332448702336,80.6616115195972,81.5982976588576,82.8252241768968,83.2854165990181,85.2231411486276,85.6904058057853,
IDA total,IDA,Access to Clean Fuels and Technologies for cooking (% of total population),EG.CFT.ACCS.ZS,21.502316875054,22.487392864378,23.6233112291931,24.8740363850571,26.0956331172755,27.3184357720847,28.4935930172518,29.582675719329,,
IDA total,IDA,Access to electricity (% of total population),EG.ELC.ACCS.ZS,58.3995349206974,60.3233347999931,61.3597693909093,62.7746020826155,63.9419318251959,65.6033228695587,66.1150819903058,67.5062058598898,68.9457220651021,
IDA total,IDA,Population growth (annual %),SP.POP.GROW,2.11838407347067,2.14878078477716,2.17341173739727,2.19881674875002,2.2058695971097,2.16979480396582,2.11332985849227,2.10692753354027,2.10155053006799,2.09398047967704
IDA total,IDA,energy_poverty_electricity_rural (% of rural population),EG.ELC.ACCS.RU.ZS,45.9923678384661,48.7692226438817,49.0536355548708,50.8099320268944,51.5874324008419,52.9966565963629,53.1860863363786,54.6266185152357,57.3989331831117,
IDA total,IDA,energy_poverty_electricity_urban (% of urban population),EG.ELC.ACCS.UR.ZS,83.1655722871364,84.5201353056844,83.6863486332789,84.8721576896311,85.5511293767346,87.37568178311,87.6365215885062,87.9469379714204,88.1698000064385,
Iceland,ISL,Access to Clean Fuels and Technologies for cooking (% of total population),EG.CFT.ACCS.ZS,100.0,100.0,100.0,100.0,100.0,100.0,100.0,100.0,,
Iceland,ISL,Access to electricity (% of total population),EG.ELC.ACCS.ZS,100.0,100.0,100.0,100.0,100.0,100.0,100.0,100.0,100.0,
Iceland,ISL,Population growth (annual %),SP.POP.GROW,1.38808149583838,2.34558267643862,2.67814276922904,2.19893225826166,1.6230862512591,1.6393166402584,2.51377343254216,0.953546915490719,0.218346070592545,1.51445294794602
Iceland,ISL,energy_poverty_electricity_rural (% of rural population),EG.ELC.ACCS.RU.ZS,100.0,100.0,100.0,100.0,100.0,100.0,100.0,100.0,100.0,
Iceland,ISL,energy_poverty_electricity_urban (% of urban population),EG.ELC.ACCS.UR.ZS,100.0,100.0,100.0,100.0,100.0,100.0,100.0,100.0,100.0,
India,IND,Access to Clean Fuels and Technologies for cooking (% of total population),EG.CFT.ACCS.ZS,51.8,55.3,59.0,62.7,66.5,70.2,73.4,76.7,,
India,IND,Access to electricity (% of total population),EG.ELC.ACCS.ZS,89.6,91.8,95.7,95.9,96.5,99.6,99.2,99.5,99.9,
India,IND,Population growth (annual %),SP.POP.GROW,1.19162966402099,1.1623961434697,1.09729906702925,1.04001395098104,0.973438646910149,0.822648220128724,0.790200540609834,0.883289539766135,0.890706546985984,0.887183543977214
India,IND,energy_poverty_electricity_rural (% of rural population),EG.ELC.ACCS.RU.ZS,85.3,88.3,93.9,93.8,95.2,99.3,99.1,99.2,99.9,
India,IND,energy_poverty_electricity_urban (% of urban population),EG.ELC.ACCS.UR.ZS,98.2,98.7,99.1,99.8,99.0,100.0,100.0,100.0,100.0,
Indonesia,IDN,Access to Clean Fuels and Technologies for cooking (% of total population),EG.CFT.ACCS.ZS,71.3,75.3,78.7,81.85,84.6,86.9,88.8,90.6,,
Indonesia,IDN,Access to electricity (% of total population),EG.ELC.ACCS.ZS,97.6,98.1,98.5,98.8,97.0,99.2,100.0,99.4,99.9,
Indonesia,IDN,Population growth (annual %),SP.POP.GROW,1.0744882002252,1.02232939771064,0.969743409524713,0.935604959235128,0.849801187379341,0.704601321926319,0.746050469653246,0.842666137328498,0.813871513351669,0.784708535785041
Indonesia,IDN,energy_poverty_electricity_rural (% of rural population),EG.ELC.ACCS.RU.ZS,95.1,96.0,96.8,97.5,93.5,98.2,98.3,98.6,99.7,
Indonesia,IDN,energy_poverty_electricity_urban (% of urban population),EG.ELC.ACCS.UR.ZS,99.8,99.9,99.9,99.9,99.6,99.9,100.0,100.0,100.0,
"Iran, Islamic Rep.",IRN,Access to Clean Fuels and Technologies for cooking (% of total population),EG.CFT.ACCS.ZS,97.0,96.9,96.8,96.5,96.4,96.2,95.9,95.7,,
"Iran, Islamic Rep.",IRN,Access to electricity (% of total population),EG.ELC.ACCS.ZS,100.0,99.9,100.0,100.0,100.0,100.0,100.0,100.0,100.0,
"Iran, Islamic Rep.",IRN,Population growth (annual %),SP.POP.GROW,1.43348558597155,1.43870442098455,1.27524656861717,1.07831720901251,0.768757498195729,0.831029236943935,1.20100285857304,1.20408185634218,1.05286922170537,0.923930875479985
"Iran, Islamic Rep.",IRN,energy_poverty_electricity_rural (% of rural population),EG.ELC.ACCS.RU.ZS,99.8,99.8,100.0,100.0,100.0,100.0,100.0,100.0,100.0,
"Iran, Islamic Rep.",IRN,energy_poverty_electricity_urban (% of urban population),EG.ELC.ACCS.UR.ZS,100.0,100.0,100.0,100.0,100.0,100.0,100.0,100.0,100.0,
Iraq,IRQ,Access to Clean Fuels and Technologies for cooking (% of total population),EG.CFT.ACCS.ZS,98.7,98.9,99.1,99.3,99.3,99.4,99.4,99.5,,
Iraq,IRQ,Access to electricity (% of total population),EG.ELC.ACCS.ZS,99.7,99.9,99.9,100.0,100.0,100.0,100.0,100.0,100.0,
Iraq,IRQ,Population growth (annual %),SP.POP.GROW,2.39151227352058,2.23055046409754,2.33235769663486,2.27501115691232,2.21938669515023,2.24127347113109,2.29369659225826,2.25148890849618,2.12476784890538,2.10351548706844
Iraq,IRQ,energy_poverty_electricity_rural (% of rural population),EG.ELC.ACCS.RU.ZS,98.8,99.6,99.9,100.0,100.0,100.0,100.0,100.0,100.0,
Iraq,IRQ,energy_poverty_electricity_urban (% of urban population),EG.ELC.ACCS.UR.ZS,100.0,100.0,99.9,100.0,100.0,100.0,100.0,100.0,100.0,
Ireland,IRL,Access to Clean Fuels and Technologies for cooking (% of total population),EG.CFT.ACCS.ZS,100.0,100.0,100.0,100.0,100.0,100.0,100.0,100.0,,
Ireland,IRL,Access to electricity (% of total population),EG.ELC.ACCS.ZS,100.0,100.0,100.0,100.0,100.0,100.0,100.0,100.0,100.0,
Ireland,IRL,Population growth (annual %),SP.POP.GROW,1.28405485082411,1.34979886553997,1.45141079540844,1.58865409604595,1.26378913010119,1.39579966615221,1.98101664069715,1.87573900211149,1.57375843711631,1.62826615443033
Ireland,IRL,energy_poverty_electricity_rural (% of rural population),EG.ELC.ACCS.RU.ZS,100.0,100.0,100.0,100.0,100.0,100.0,100.0,100.0,100.0,
Ireland,IRL,energy_poverty_electricity_urban (% of urban population),EG.ELC.ACCS.UR.ZS,100.0,100.0,100.0,100.0,100.0,100.0,100.0,100.0,100.0,
Isle of Man,IMN,Access to electricity (% of total population),EG.ELC.ACCS.ZS,100.0,100.0,100.0,100.0,100.0,100.0,100.0,100.0,100.0,
Isle of Man,IMN,Population growth (annual %),SP.POP.GROW,-0.152042122202678,0.171180649312203,0.234150178061123,0.181209143421298,0.12736504896945,0.0499494569462143,0.0309085940239317,0.0392163858214135,-0.00594088816452728,-0.0499173996269448
Isle of Man,IMN,energy_poverty_electricity_rural (% of rural population),EG.ELC.ACCS.RU.ZS,100.0,100.0,100.0,100.0,100.0,100.0,100.0,100.0,100.0,
Isle of Man,IMN,energy_poverty_electricity_urban (% of urban population),EG.ELC.ACCS.UR.ZS,100.0,100.0,100.0,100.0,100.0,100.0,100.0,100.0,100.0,
Israel,ISR,Access to Clean Fuels and Technologies for cooking (% of total population),EG.CFT.ACCS.ZS,100.0,100.0,100.0,100.0,100.0,100.0,100.0,100.0,,
Israel,ISR,Access to electricity (% of total population),EG.ELC.ACCS.ZS,100.0,100.0,100.0,100.0,100.0,100.0,100.0,100.0,100.0,
Israel,ISR,Population growth (annual %),SP.POP.GROW,1.9603489624817,1.93872567441099,1.92662286520241,1.90898263957994,1.76367939210866,1.68190551747412,1.96636884788361,3.00437405991345,1.54351416100292,1.19852366348133
Israel,ISR,energy_poverty_electricity_rural (% of rural population),EG.ELC.ACCS.RU.ZS,100.0,100.0,100.0,100.0,100.0,100.0,100.0,100.0,100.0,
Israel,ISR,energy_poverty_electricity_urban (% of urban population),EG.ELC.ACCS.UR.ZS,100.0,100.0,100.0,100.0,100.0,100.0,100.0,100.0,100.0,
Italy,ITA,Access to Clean Fuels and Technologies for cooking (% of total population),EG.CFT.ACCS.ZS,100.0,100.0,100.0,100.0,100.0,100.0,100.0,100.0,,
Italy,ITA,Access to electricity (% of total population),EG.ELC.ACCS.ZS,100.0,100.0,100.0,100.0,100.0,100.0,100.0,100.0,100.0,
Italy,ITA,Population growth (annual %),SP.POP.GROW,-0.190090486385849,-0.188100912559894,-0.208594586223998,-0.247712826621699,-0.487095091717782,-0.515599998844444,-0.20230086688254,-0.0499178457490556,-0.0534387378437725,-0.0628633523365352
Italy,ITA,energy_poverty_electricity_rural (% of rural population),EG.ELC.ACCS.RU.ZS,100.0,100.0,100.0,100.0,100.0,100.0,100.0,100.0,100.0,
Italy,ITA,energy_poverty_electricity_urban (% of urban population),EG.ELC.ACCS.UR.ZS,100.0,100.0,100.0,100.0,100.0,100.0,100.0,100.0,100.0,
Jamaica,JAM,Access to Clean Fuels and Technologies for cooking (% of total population),EG.CFT.ACCS.ZS,90.4,91.05,91.5,91.9,92.4,92.8,93.0,93.0,,
Jamaica,JAM,Access to electricity (% of total population),EG.ELC.ACCS.ZS,96.6,97.4,98.2,98.9,99.7,100.0,100.0,97.7,97.7,
Jamaica,JAM,Population growth (annual %),SP.POP.GROW,0.263022586225724,0.207939418780596,0.153765355594745,0.112486030848061,0.264166647844328,0.244971341124232,0.0515076570013975,0.0226098931571573,-0.0215180207209529,-0.0739220209228623
Jamaica,JAM,energy_poverty_electricity_rural (% of rural population),EG.ELC.ACCS.RU.ZS,93.0,94.3,95.9,97.6,99.3,100.0,100.0,96.5,95.7,
Jamaica,JAM,energy_poverty_electricity_urban (% of urban population),EG.ELC.ACCS.UR.ZS,99.5,99.8,100.0,100.0,100.0,100.0,100.0,98.6,99.1,
Japan,JPN,Access to Clean Fuels and Technologies for cooking (% of total population),EG.CFT.ACCS.ZS,100.0,100.0,100.0,100.0,100.0,100.0,100.0,100.0,,
Japan,JPN,Access to electricity (% of total population),EG.ELC.ACCS.ZS,100.0,100.0,100.0,100.0,100.0,100.0,100.0,100.0,100.0,
Japan,JPN,Population growth (annual %),SP.POP.GROW,-0.0511374152133631,-0.081874296046114,-0.126880068088791,-0.140464977878172,-0.294194617750067,-0.459952415807642,-0.443851919148528,-0.487370782049143,-0.435651699326323,-0.492142838725375
Japan,JPN,energy_poverty_electricity_rural (% of rural population),EG.ELC.ACCS.RU.ZS,100.0,100.0,100.0,100.0,100.0,100.0,100.0,100.0,100.0,
Japan,JPN,energy_poverty_electricity_urban (% of urban population),EG.ELC.ACCS.UR.ZS,100.0,100.0,100.0,100.0,100.0,100.0,100.0,100.0,100.0,
Jordan,JOR,Access to Clean Fuels and Technologies for cooking (% of total population),EG.CFT.ACCS.ZS,99.9,99.8,99.8,99.8,99.7,99.6,99.5,99.4,,
Jordan,JOR,Access to electricity (% of total population),EG.ELC.ACCS.ZS,100.0,100.0,99.9,99.9,99.9,99.9,100.0,100.0,100.0,
Jordan,JOR,Population growth (annual %),SP.POP.GROW,4.72325254401232,2.25160030043779,2.20412998393259,1.98343822476301,1.79543228239066,1.83419162693059,1.70151702842564,1.61225050235636,0.988722042141178,-0.279038179525473
Jordan,JOR,energy_poverty_electricity_rural (% of rural population),EG.ELC.ACCS.RU.ZS,99.5,100.0,98.9,98.9,98.8,98.8,98.9,100.0,100.0,
Jordan,JOR,energy_poverty_electricity_urban (% of urban population),EG.ELC.ACCS.UR.ZS,100.0,100.0,100.0,100.0,100.0,100.0,100.0,100.0,100.0,
Kazakhstan,KAZ,Access to Clean Fuels and Technologies for cooking (% of total population),EG.CFT.ACCS.ZS,93.5,93.8,94.0,94.0,94.2,94.2,94.1,94.2,,
Kazakhstan,KAZ,Access to electricity (% of total population),EG.ELC.ACCS.ZS,100.0,100.0,100.0,100.0,100.0,100.0,100.0,100.0,100.0,
Kazakhstan,KAZ,Population growth (annual %),SP.POP.GROW,1.53335297365685,1.5579235201186,1.49423322942686,1.45157995956237,1.4089156380377,1.33325722721198,1.46316879039749,1.46415151694869,1.28276364646616,1.21239553353742
Kazakhstan,KAZ,energy_poverty_electricity_rural (% of rural population),EG.ELC.ACCS.RU.ZS,100.0,100.0,100.0,100.0,100.0,100.0,100.0,100.0,100.0,
Kazakhstan,KAZ,energy_poverty_electricity_urban (% of urban population),EG.ELC.ACCS.UR.ZS,100.0,100.0,100.0,100.0,100.0,100.0,100.0,100.0,100.0,
Kenya,KEN,Access to Clean Fuels and Technologies for cooking (% of total population),EG.CFT.ACCS.ZS,14.2,16.1,18.0,20.6,23.05,25.8,28.5,31.6,,
Kenya,KEN,Access to electricity (% of total population),EG.ELC.ACCS.ZS,53.1,55.8,61.2,69.7,71.5,76.5,76.0,76.2,77.0,
Kenya,KEN,Population growth (annual %),SP.POP.GROW,2.20775684612709,2.17412854990493,2.03083744189606,1.96381549826771,1.96197633664853,1.90040858948898,1.92297608206469,1.98296028478422,1.95751431565234,1.92967823977399
Kenya,KEN,energy_poverty_electricity_rural (% of rural population),EG.ELC.ACCS.RU.ZS,42.1,45.8,51.6,61.7,62.7,68.2,68.4,67.9,67.1,
Kenya,KEN,energy_poverty_electricity_urban (% of urban population),EG.ELC.ACCS.UR.ZS,84.3,83.6,87.2,90.8,94.1,97.5,98.0,96.0,98.1,
Kiribati,KIR,Access to Clean Fuels and Technologies for cooking (% of total population),EG.CFT.ACCS.ZS,7.1,8.3,9.4,10.7,11.9,13.3,14.6,16.4,,
Kiribati,KIR,Access to electricity (% of total population),EG.ELC.ACCS.ZS,92.6,85.7,87.5,89.3,91.0,92.8,94.4,95.9,97.7,
Kiribati,KIR,Population growth (annual %),SP.POP.GROW,1.41358025249878,1.50534982546091,1.49285448135933,1.4934933399344,1.74230469268591,1.79039347594032,1.61644031663411,1.56733842415292,1.48889841912877,1.45386795887331
Kiribati,KIR,energy_poverty_electricity_rural (% of rural population),EG.ELC.ACCS.RU.ZS,,,,90.1,94.3,,,,,
Kiribati,KIR,energy_poverty_electricity_urban (% of urban population),EG.ELC.ACCS.UR.ZS,88.8,88.8,88.7,88.6,88.4,88.3,86.0,88.9,97.0,
"Korea, Dem. People's Rep.",PRK,Access to Clean Fuels and Technologies for cooking (% of total population),EG.CFT.ACCS.ZS,9.3,9.9,10.7,11.4,12.1,13.1,13.6,14.5,,
"Korea, Dem. People's Rep.",PRK,Access to electricity (% of total population),EG.ELC.ACCS.ZS,42.1,44.2,46.3,48.4,50.5,52.6,54.7,57.5,61.4,
"Korea, Dem. People's Rep.",PRK,Population growth (annual %),SP.POP.GROW,0.479685660941037,0.463479822191171,0.438418123483477,0.409804313568107,0.378273559953142,0.36747843663433,0.366471008261931,0.338821174570736,0.304699893187806,0.272143344374275
"Korea, Rep.",KOR,Access to Clean Fuels and Technologies for cooking (% of total population),EG.CFT.ACCS.ZS,100.0,100.0,100.0,100.0,100.0,100.0,100.0,100.0,,
"Korea, Rep.",KOR,Access to electricity (% of total population),EG.ELC.ACCS.ZS,100.0,100.0,100.0,100.0,100.0,100.0,100.0,100.0,100.0,
"Korea, Rep.",KOR,Population growth (annual %),SP.POP.GROW,0.396851823381145,0.280968018301691,0.433519027613049,0.347874968577526,0.137869266247028,-0.128757315474928,-0.187486566698935,0.077477253324535,0.0743178674548815,-0.128584337535563
"Korea, Rep.",KOR,energy_poverty_electricity_rural (% of rural population),EG.ELC.ACCS.RU.ZS,100.0,100.0,100.0,100.0,100.0,100.0,100.0,100.0,100.0,
"Korea, Rep.",KOR,energy_poverty_electricity_urban (% of urban population),EG.ELC.ACCS.UR.ZS,100.0,100.0,100.0,100.0,100.0,100.0,100.0,100.0,100.0,
Kosovo,XKX,Population growth (annual %),SP.POP.GROW,-0.600477091754396,0.753859367983812,0.338173257577919,-0.457058941890623,0.0704099058940516,-0.227725943787301,-1.01194530149251,-4.95226324203524,-5.39126176551648,-1.10223367296906
Kuwait,KWT,Access to Clean Fuels and Technologies for cooking (% of total population),EG.CFT.ACCS.ZS,100.0,100.0,100.0,100.0,100.0,100.0,100.0,100.0,,
Kuwait,KWT,Access to electricity (% of total population),EG.ELC.ACCS.ZS,100.0,100.0,100.0,100.0,100.0,100.0,100.0,100.0,100.0,
Kuwait,KWT,Population growth (annual %),SP.POP.GROW,4.32594906785888,3.69493434034851,3.9801548230671,2.71071332448015,-0.951064116715736,-0.899478872255975,5.11318110910574,5.58813678140227,0.899286654502241,-0.654851001278566
Kuwait,KWT,energy_poverty_electricity_rural (% of rural population),EG.ELC.ACCS.RU.ZS,100.0,100.0,100.0,100.0,100.0,100.0,100.0,100.0,100.0,
Kuwait,KWT,energy_poverty_electricity_urban (% of urban population),EG.ELC.ACCS.UR.ZS,100.0,100.0,100.0,100.0,100.0,100.0,100.0,100.0,100.0,
Kyrgyz Republic,KGZ,Access to Clean Fuels and Technologies for cooking (% of total population),EG.CFT.ACCS.ZS,76.6,77.4,77.8,78.1,78.6,78.9,79.1,79.6,,
Kyrgyz Republic,KGZ,Access to electricity (% of total population),EG.ELC.ACCS.ZS,99.7,100.0,100.0,99.9,99.9,99.7,99.7,100.0,100.0,
Kyrgyz Republic,KGZ,Population growth (annual %),SP.POP.GROW,2.21536456642779,2.10483082494568,2.15497985981547,2.24236415055009,2.04838545399769,1.83581016918265,1.7936545985598,1.76957037310792,1.70540730430368,1.66425490124613
Kyrgyz Republic,KGZ,energy_poverty_electricity_rural (% of rural population),EG.ELC.ACCS.RU.ZS,99.8,100.0,100.0,99.9,99.9,99.6,99.6,100.0,100.0,
Kyrgyz Republic,KGZ,energy_poverty_electricity_urban (% of urban population),EG.ELC.ACCS.UR.ZS,99.5,100.0,100.0,99.8,99.8,99.8,100.0,100.0,100.0,
Lao PDR,LAO,Access to Clean Fuels and Technologies for cooking (% of total population),EG.CFT.ACCS.ZS,6.3,6.9,7.4,8.1,8.8,9.6,10.3,11.1,,
Lao PDR,LAO,Access to electricity (% of total population),EG.ELC.ACCS.ZS,89.0,93.6,92.9,98.4,99.3,100.0,100.0,96.5,96.5,
Lao PDR,LAO,Population growth (annual %),SP.POP.GROW,1.56317561333482,1.57029722559747,1.55377801997365,1.52576304616693,1.49338675171473,1.44141640887407,1.40971670105791,1.39237667233214,1.35832703035837,1.31981575540414
Lao PDR,LAO,energy_poverty_electricity_rural (% of rural population),EG.ELC.ACCS.RU.ZS,84.1,90.5,89.3,97.6,99.0,100.0,100.0,95.2,94.2,
Lao PDR,LAO,energy_poverty_electricity_urban (% of urban population),EG.ELC.ACCS.UR.ZS,98.7,99.5,99.5,99.9,99.9,100.0,100.0,98.6,100.0,
Late-demographic dividend,LTE,Access to Clean Fuels and Technologies for cooking (% of total population),EG.CFT.ACCS.ZS,79.9927004216327,81.9282209018955,83.7269255342653,85.2001138497893,86.6985571261653,87.8967564690471,88.9653604235263,89.9592806283074,,
Late-demographic dividend,LTE,Access to electricity (% of total population),EG.ELC.ACCS.ZS,99.1163496922603,99.2721123074965,99.2806763593238,99.3289771232339,99.3868589993401,99.4116181639433,99.4771148328134,99.4570958130029,99.5003821979258,
Late-demographic dividend,LTE,Population growth (annual %),SP.POP.GROW,0.650110367167023,0.659615208820901,0.546388195643394,0.455107616529725,0.31456704988528,0.171482605874454,0.158139633101719,0.107296424335895,0.110931670489346,0.0665060155266648
Late-demographic dividend,LTE,energy_poverty_electricity_rural (% of rural population),EG.ELC.ACCS.RU.ZS,99.5588304954404,99.7641146447861,99.7267522792263,99.7868843602428,99.8952645548586,99.8887278884733,99.8907265662936,99.8568501281192,99.8521386671831,
Late-demographic dividend,LTE,energy_poverty_electricity_urban (% of urban population),EG.ELC.ACCS.UR.ZS,99.8850928200565,99.9035826944028,99.9661209527048,99.935734897159,99.919889998784,99.9102875451741,99.9350656081877,99.9859844511086,99.9824533402396,
Latin America & Caribbean,LCN,Access to Clean Fuels and Technologies for cooking (% of total population),EG.CFT.ACCS.ZS,87.6782766828718,87.9480532943132,88.2167571926769,88.4782015326547,88.6903827852008,88.8775210450793,89.0197186234126,89.1755849668465,,
Latin America & Caribbean,LCN,Access to electricity (% of total population),EG.ELC.ACCS.ZS,97.4783821342287,97.7105992174177,97.756715207991,97.9982113870485,98.1472760748436,98.2756306140479,98.5788786246178,98.4226177308055,98.0459111591331,
Latin America & Caribbean,LCN,Population growth (annual %),SP.POP.GROW,0.943927000851983,0.904629116537115,0.847126273562878,0.812117996469208,0.705164843775006,0.577402706574956,0.594627801259553,0.68792568746324,0.692393676236428,0.663311937426025
Latin America & Caribbean,LCN,energy_poverty_electricity_rural (% of rural population),EG.ELC.ACCS.RU.ZS,93.4581981318334,90.5588723814664,90.5280853416719,91.3705864293127,96.1038464505585,96.8068548997881,97.0461230526243,92.7784269633809,91.0260439229498,
Latin America & Caribbean,LCN,energy_poverty_electricity_urban (% of urban population),EG.ELC.ACCS.UR.ZS,99.4917915324167,99.5241882209903,99.5295306903938,99.6090174185501,99.5879563003634,99.5674319940556,99.6400960758596,99.7084203261653,99.659857371579,
Latin America & Caribbean (excluding high income),LAC,Access to Clean Fuels and Technologies for cooking (% of total population),EG.CFT.ACCS.ZS,87.0199931697905,87.2993087388266,87.5778596135638,87.8486720873456,88.0701599038257,88.2670946992169,88.4165447112929,88.5798434130318,,
Latin America & Caribbean (excluding high income),LAC,Access to electricity (% of total population),EG.ELC.ACCS.ZS,97.3895317965432,97.6345956572633,97.6720041771543,97.9267480324862,98.0726539787735,98.2080478765579,98.5332606972821,98.348001499771,97.9933011133193,
Latin America & Caribbean (excluding high income),LAC,Population growth (annual %),SP.POP.GROW,0.950832447116478,0.90131517094962,0.839681539281607,0.788660547676258,0.709112321230011,0.589563616486852,0.611085431754646,0.702661085803243,0.705022926271216,0.679405115613968
Latin America & Caribbean (excluding high income),LAC,energy_poverty_electricity_rural (% of rural population),EG.ELC.ACCS.RU.ZS,93.4180413863021,90.0949398125764,90.1690629793822,91.0445976714067,96.109017520992,96.7041341186743,96.9142269419636,92.5392233051628,90.8436796303677,
Latin America & Caribbean (excluding high income),LAC,energy_poverty_electricity_urban (% of urban population),EG.ELC.ACCS.UR.ZS,99.4666588271986,99.504480632401,99.5045834346687,99.5884052268115,99.5639450633336,99.5428333151824,99.6232237052008,99.6908841432787,99.6503071266134,
Latin America & the Caribbean (IDA & IBRD countries),TLA,Access to Clean Fuels and Technologies for cooking (% of total population),EG.CFT.ACCS.ZS,87.5701343308668,87.8351618632681,88.1009986682024,88.3630737779713,88.5766734727663,88.7648914752994,88.9109136403272,89.0706556715774,,
Latin America & the Caribbean (IDA & IBRD countries),TLA,Access to electricity (% of total population),EG.ELC.ACCS.ZS,97.4280893456675,97.6633402843346,97.7078847938323,97.9522021469941,98.1036683889447,98.2338083621938,98.5448799242171,98.3852491204833,98.0000586906957,
Latin America & the Caribbean (IDA & IBRD countries),TLA,Population growth (annual %),SP.POP.GROW,0.977702558791852,0.941276850505142,0.890295525521512,0.833705241452608,0.730174026610969,0.603142566290651,0.625181508078684,0.712391178156926,0.714412993725169,0.687521739687515
Latin America & the Caribbean (IDA & IBRD countries),TLA,energy_poverty_electricity_rural (% of rural population),EG.ELC.ACCS.RU.ZS,93.3738890676317,90.388787607714,90.337333627585,91.1749831401808,96.0143142354421,96.7271555450348,96.9735039892892,92.6086832788593,90.8151824517992,
Latin America & the Caribbean (IDA & IBRD countries),TLA,energy_poverty_electricity_urban (% of urban population),EG.ELC.ACCS.UR.ZS,99.4784123634229,99.5118789024908,99.5176078500986,99.6009365433798,99.577758260278,99.5568678415673,99.631441567969,99.7014985453084,99.651876704637,
Latvia,LVA,Access to Clean Fuels and Technologies for cooking (% of total population),EG.CFT.ACCS.ZS,100.0,100.0,100.0,100.0,100.0,100.0,100.0,100.0,,
Latvia,LVA,Access to electricity (% of total population),EG.ELC.ACCS.ZS,100.0,100.0,100.0,100.0,100.0,100.0,100.0,100.0,100.0,
Latvia,LVA,Population growth (annual %),SP.POP.GROW,-0.913885332226604,-0.886215573292392,-0.779138396192231,-0.695239140136066,-0.701211570733301,-0.843294678005026,-0.271369577775699,0.22997050070229,-0.93796839712162,-0.987592806179397
Latvia,LVA,energy_poverty_electricity_rural (% of rural population),EG.ELC.ACCS.RU.ZS,100.0,100.0,100.0,100.0,100.0,100.0,100.0,100.0,100.0,
Latvia,LVA,energy_poverty_electricity_urban (% of urban population),EG.ELC.ACCS.UR.ZS,100.0,100.0,100.0,100.0,100.0,100.0,100.0,100.0,100.0,
Least developed countries: UN classification,LDC,Access to Clean Fuels and Technologies for cooking (% of total population),EG.CFT.ACCS.ZS,15.0818557786226,15.8703956553741,16.686886065539,17.4800570312238,18.3062886335857,19.125355912973,19.9446613318465,20.7191495590139,,
Least developed countries: UN classification,LDC,Access to electricity (% of total population),EG.ELC.ACCS.ZS,46.3455300500397,50.2060962041014,51.0882635710901,52.8790143070516,54.4739882982852,56.1058821370756,56.7044105069269,58.4334317805897,60.3676703753846,
Least developed countries: UN classification,LDC,Population growth (annual %),SP.POP.GROW,2.34677384385459,2.35866075352646,2.35719785763558,2.37971178137536,2.39123483488682,2.32586878914746,2.26001631858664,2.28323754860687,2.29506968215423,2.29085125307675
Least developed countries: UN classification,LDC,energy_poverty_electricity_rural (% of rural population),EG.ELC.ACCS.RU.ZS,34.9078717789724,40.321798681682,38.4365889963587,41.5652864404257,42.694626425334,44.3314580691082,44.6180974033944,45.8874791441244,49.8100859002347,
Least developed countries: UN classification,LDC,energy_poverty_electricity_urban (% of urban population),EG.ELC.ACCS.UR.ZS,74.1480905399348,76.5273811292612,76.3587626532098,77.7125267651734,78.7796849963921,80.1864412775166,80.7801573983024,82.8567442402108,83.3363175406948,
Lebanon,LBN,Access to electricity (% of total population),EG.ELC.ACCS.ZS,99.8,99.9,99.7,100.0,100.0,100.0,100.0,100.0,100.0,
Lebanon,LBN,Population growth (annual %),SP.POP.GROW,-2.33543749400836,-2.61057116476665,-2.89884297122412,-3.21837128976045,-1.60386258157574,0.275364167930295,0.460053063032864,0.503630953855672,0.560805065461567,0.745736135898232
Lebanon,LBN,energy_poverty_electricity_rural (% of rural population),EG.ELC.ACCS.RU.ZS,98.3,98.7,97.4,99.6,99.8,100.0,100.0,100.0,100.0,
Lebanon,LBN,energy_poverty_electricity_urban (% of urban population),EG.ELC.ACCS.UR.ZS,100.0,100.0,100.0,100.0,100.0,100.0,100.0,100.0,100.0,
Lesotho,LSO,Access to Clean Fuels and Technologies for cooking (% of total population),EG.CFT.ACCS.ZS,40.8,42.6,44.4,46.2,48.1,49.8,51.8,53.8,,
Lesotho,LSO,Access to electricity (% of total population),EG.ELC.ACCS.ZS,35.1,33.7,47.0,44.6,47.5,50.4,50.0,57.3,60.6,
Lesotho,LSO,Population growth (annual %),SP.POP.GROW,1.21894302061673,1.24492806980041,1.22069019410404,1.17469837087993,1.18432063043163,1.14804266920884,1.08048016923391,1.10328678263994,1.11644894351979,1.1020485314959
Lesotho,LSO,energy_poverty_electricity_rural (% of rural population),EG.ELC.ACCS.RU.ZS,23.3,20.2,,32.6,35.2,37.7,38.0,45.2,41.4,
Lesotho,LSO,energy_poverty_electricity_urban (% of urban population),EG.ELC.ACCS.UR.ZS,66.4,68.8,70.7,74.4,77.5,80.6,83.6,85.0,85.2,
Liberia,LBR,Access to Clean Fuels and Technologies for cooking (% of total population),EG.CFT.ACCS.ZS,0.5,0.5,0.5,0.5,0.6,0.7,0.8,0.8,,
Liberia,LBR,Access to electricity (% of total population),EG.ELC.ACCS.ZS,17.7,24.2,22.8,23.1,27.6,29.8,31.8,32.5,34.9,
Liberia,LBR,Population growth (annual %),SP.POP.GROW,2.04312155500225,1.94324776688719,1.95645231379837,1.98225492944197,2.07483340649162,2.11098738475006,2.14388170425267,2.20390696065654,2.15725346515291,2.08732472424606
Liberia,LBR,energy_poverty_electricity_rural (% of rural population),EG.ELC.ACCS.RU.ZS,4.1,7.4,7.7,8.3,8.1,8.1,14.9,9.3,9.2,
Liberia,LBR,energy_poverty_electricity_urban (% of urban population),EG.ELC.ACCS.UR.ZS,31.2,40.5,37.2,37.0,45.4,49.5,53.7,52.7,55.5,
Libya,LBY,Access to electricity (% of total population),EG.ELC.ACCS.ZS,72.2,70.6,67.0,68.5,69.4,70.2,70.0,73.2,77.4,
Libya,LBY,Population growth (annual %),SP.POP.GROW,1.52399514586306,1.59519992425695,1.62332708641058,1.47795950725002,1.3484498033463,1.26619979488109,1.23450447871795,1.12674309223491,1.02629935747641,1.04494488295615
Libya,LBY,energy_poverty_electricity_urban (% of urban population),EG.ELC.ACCS.UR.ZS,100.0,100.0,100.0,100.0,100.0,100.0,100.0,100.0,100.0,
Liechtenstein,LIE,Access to electricity (% of total population),EG.ELC.ACCS.ZS,100.0,100.0,100.0,100.0,100.0,100.0,100.0,100.0,100.0,
Liechtenstein,LIE,Population growth (annual %),SP.POP.GROW,0.590348742843119,0.650125178937136,0.745332024798021,0.825428790511035,0.872668968896405,0.719750043098349,0.790598334689517,0.889858277389592,1.50446197178693,1.4090617793704
Liechtenstein,LIE,energy_poverty_electricity_rural (% of rural population),EG.ELC.ACCS.RU.ZS,100.0,100.0,100.0,100.0,100.0,100.0,100.0,100.0,100.0,
Liechtenstein,LIE,energy_poverty_electricity_urban (% of urban population),EG.ELC.ACCS.UR.ZS,100.0,100.0,100.0,100.0,100.0,100.0,100.0,100.0,100.0,
Lithuania,LTU,Access to Clean Fuels and Technologies for cooking (% of total population),EG.CFT.ACCS.ZS,100.0,100.0,100.0,100.0,100.0,100.0,100.0,100.0,,
Lithuania,LTU,Access to electricity (% of total population),EG.ELC.ACCS.ZS,100.0,100.0,100.0,100.0,100.0,100.0,100.0,100.0,100.0,
Lithuania,LTU,Population growth (annual %),SP.POP.GROW,-1.16730651563847,-1.21281970207312,-0.82796893028899,-0.288120400605037,-0.0256161303326233,-0.070798680741267,0.824789131191284,1.40084461829591,0.579633464785161,0.0171713878019065
Lithuania,LTU,energy_poverty_electricity_rural (% of rural population),EG.ELC.ACCS.RU.ZS,100.0,100.0,100.0,100.0,100.0,100.0,100.0,100.0,100.0,
Lithuania,LTU,energy_poverty_electricity_urban (% of urban population),EG.ELC.ACCS.UR.ZS,100.0,100.0,100.0,100.0,100.0,100.0,100.0,100.0,100.0,
Low & middle income,LMY,Access to Clean Fuels and Technologies for cooking (% of total population),EG.CFT.ACCS.ZS,57.9036396880935,59.7451431416462,61.5829156215449,63.2934286331594,65.0058118820077,66.5437428246255,67.8762257339887,69.1739521929806,,
Low & middle income,LMY,Access to electricity (% of total population),EG.ELC.ACCS.ZS,85.5246558169944,86.5356490857827,87.6089655146589,88.0036720417216,88.3700636132634,89.5267133602325,89.4668649583682,89.8583124845854,90.2581392015093,
Low & middle income,LMY,Population growth (annual %),SP.POP.GROW,1.28983618969144,1.28410537368515,1.24131300169148,1.19801320825403,1.13637437870022,1.03732803386416,0.956904645217757,0.970350271390185,1.01940966578721,1.01688538175573
Low & middle income,LMY,energy_poverty_electricity_rural (% of rural population),EG.ELC.ACCS.RU.ZS,77.2941018932589,79.1205619727483,80.317818930576,81.0503721746754,81.4222248373689,83.0992393659217,82.5929190379547,83.041191354128,83.5823967914712,
Low & middle income,LMY,energy_poverty_electricity_urban (% of urban population),EG.ELC.ACCS.UR.ZS,95.8503724377856,96.1943394376569,96.0334651413445,96.4114569060614,96.3866515552003,96.9083206409882,96.9270737323618,97.0761259623716,97.0548162423939,
Low income,,Access to Clean Fuels and Technologies for cooking (% of total population),EG.CFT.ACCS.ZS,14.1690963383532,14.5908012933693,15.0048063472541,15.4660940324014,15.8394238222809,16.2089663936524,16.6320875524969,17.0128671051344,,
Low income,,Access to electricity (% of total population),EG.ELC.ACCS.ZS,37.4479617651254,39.1396999246683,40.4586751561812,41.8440112578434,43.236730725436,44.8338005527739,44.9581860319955,46.8863791540125,48.8005987231827,
Low income,,Population growth (annual %),SP.POP.GROW,2.61673015548651,2.71131287503802,2.78763681403062,2.85015829799292,2.81706688000591,2.71232996929194,2.63977079031453,2.7021643002205,2.71201208510864,2.6856183373172
Low income,,energy_poverty_electricity_rural (% of rural population),EG.ELC.ACCS.RU.ZS,25.8303509363631,28.0226765159936,26.3139202733643,29.5236631471822,29.4827869698089,31.0460279955516,29.1088601139619,31.5385227553978,37.0892317837697,
Low income,,energy_poverty_electricity_urban (% of urban population),EG.ELC.ACCS.UR.ZS,67.0623626666266,69.4630872368803,69.7319173638929,70.5733061644716,72.3337296729891,73.5053958343304,74.0843587726482,77.0455184652148,77.6258167198916,
Lower middle income,,Access to Clean Fuels and Technologies for cooking (% of total population),EG.CFT.ACCS.ZS,44.4780794448353,46.7856184023927,49.2806669043801,51.8265406474738,54.4133437129091,56.9454938195244,59.1675920083723,61.4112049555716,,
Lower middle income,,Access to electricity (% of total population),EG.ELC.ACCS.ZS,81.6559415186104,83.6717620116648,86.0358983303437,86.7664523653516,87.534043658525,89.8258266528143,89.9475979235739,90.5927216759463,91.3581860772078,
Lower middle income,,Population growth (annual %),SP.POP.GROW,1.48850792378941,1.45278181296653,1.39197084074146,1.35720976498391,1.34753933329543,1.27629085119707,1.25763040545137,1.30653524509785,1.30463269701607,1.29525816665262
Lower middle income,,energy_poverty_electricity_rural (% of rural population),EG.ELC.ACCS.RU.ZS,75.128205515912,77.8572806618842,81.266341702383,82.3210674947761,84.1212525884435,86.9503242019138,87.5363727808132,87.8585566696802,88.0440724824424,
Lower middle income,,energy_poverty_electricity_urban (% of urban population),EG.ELC.ACCS.UR.ZS,94.0745774492651,94.7389754772787,94.2576503036023,95.2903873898737,95.0709346101159,96.4625222400429,96.5466168703654,96.2018424254158,96.2377046834446,
Luxembourg,LUX,Access to Clean Fuels and Technologies for cooking (% of total population),EG.CFT.ACCS.ZS,100.0,100.0,100.0,100.0,100.0,100.0,100.0,100.0,,
Luxembourg,LUX,Access to electricity (% of total population),EG.ELC.ACCS.ZS,100.0,100.0,100.0,100.0,100.0,100.0,100.0,100.0,100.0,
Luxembourg,LUX,Population growth (annual %),SP.POP.GROW,2.15531198799205,2.43097641776115,1.92883751398765,1.9628449198635,1.66635867423273,1.51834936706612,2.01666790212729,2.02002574712319,1.57538901671221,1.46016251329208
Luxembourg,LUX,energy_poverty_electricity_rural (% of rural population),EG.ELC.ACCS.RU.ZS,100.0,100.0,100.0,100.0,100.0,100.0,100.0,100.0,100.0,
Luxembourg,LUX,energy_poverty_electricity_urban (% of urban population),EG.ELC.ACCS.UR.ZS,100.0,100.0,100.0,100.0,100.0,100.0,100.0,100.0,100.0,
"Macao SAR, China",MAC,Access to electricity (% of total population),EG.ELC.ACCS.ZS,100.0,100.0,100.0,100.0,100.0,100.0,100.0,100.0,100.0,
"Macao SAR, China",MAC,Population growth (annual %),SP.POP.GROW,1.48219480492074,-0.630334933532746,1.60639880582531,1.96865626033754,1.9744268917359,-0.424008238139362,-0.764822083825685,0.221222713921319,1.20077588622782,-0.160244771707362
"Macao SAR, China",MAC,energy_poverty_electricity_rural (% of rural population),EG.ELC.ACCS.RU.ZS,100.0,100.0,100.0,100.0,100.0,100.0,100.0,100.0,100.0,
"Macao SAR, China",MAC,energy_poverty_electricity_urban (% of urban population),EG.ELC.ACCS.UR.ZS,100.0,100.0,100.0,100.0,100.0,100.0,100.0,100.0,100.0,
Madagascar,MDG,Access to Clean Fuels and Technologies for cooking (% of total population),EG.CFT.ACCS.ZS,1.0,1.1,1.2,1.2,1.3,1.4,1.5,1.6,,
Madagascar,MDG,Access to electricity (% of total population),EG.ELC.ACCS.ZS,22.9,24.1,36.5,31.0,32.0,35.1,36.1,39.4,42.5,
Madagascar,MDG,Population growth (annual %),SP.POP.GROW,2.61335935661539,2.60345495087599,2.60334538024635,2.60136633480103,2.56778870397591,2.51537360931706,2.48207836172625,2.46201530433165,2.43524760129506,2.39781026296956
Madagascar,MDG,energy_poverty_electricity_rural (% of rural population),EG.ELC.ACCS.RU.ZS,,,16.0,13.0,6.7,10.9,11.1,14.6,26.5,
Madagascar,MDG,energy_poverty_electricity_urban (% of urban population),EG.ELC.ACCS.UR.ZS,67.3,66.6,71.2,60.7,72.4,72.6,71.6,75.6,75.9,
Malawi,MWI,Access to Clean Fuels and Technologies for cooking (% of total population),EG.CFT.ACCS.ZS,2.1,2.1,1.9,1.9,1.8,1.7,1.6,1.5,,
Malawi,MWI,Access to electricity (% of total population),EG.ELC.ACCS.ZS,11.0,12.7,18.0,11.2,11.5,14.2,14.0,15.6,15.6,
Malawi,MWI,Population growth (annual %),SP.POP.GROW,2.72595787740448,2.70808949087835,2.67117568591664,2.65059567621331,2.63573735113183,2.59415828794597,2.567947782963,2.57135708610945,2.57641467045761,2.55685698114353
Malawi,MWI,energy_poverty_electricity_rural (% of rural population),EG.ELC.ACCS.RU.ZS,4.9,3.7,11.7,4.1,3.5,5.6,5.8,6.1,6.4,
Malawi,MWI,energy_poverty_electricity_urban (% of urban population),EG.ELC.ACCS.UR.ZS,42.0,57.5,49.0,45.5,49.6,54.2,54.0,57.8,59.5,
Malaysia,MYS,Access to Clean Fuels and Technologies for cooking (% of total population),EG.CFT.ACCS.ZS,91.9,90.9,89.65,88.6,87.55,86.4,85.3,83.8,,
Malaysia,MYS,Access to electricity (% of total population),EG.ELC.ACCS.ZS,99.9,100.0,100.0,100.0,100.0,100.0,100.0,100.0,100.0,
Malaysia,MYS,Population growth (annual %),SP.POP.GROW,1.76731054757933,1.76466064017847,1.70174731907235,1.59646653343981,1.33363323143911,1.15251304394292,1.1977720012836,1.23402869169549,1.22058891015438,1.17471679693395
Malaysia,MYS,energy_poverty_electricity_rural (% of rural population),EG.ELC.ACCS.RU.ZS,99.6,99.9,100.0,100.0,100.0,100.0,100.0,100.0,100.0,
Malaysia,MYS,energy_poverty_electricity_urban (% of urban population),EG.ELC.ACCS.UR.ZS,100.0,100.0,100.0,100.0,100.0,100.0,100.0,100.0,100.0,
Maldives,MDV,Access to Clean Fuels and Technologies for cooking (% of total population),EG.CFT.ACCS.ZS,98.8,99.1,99.3,99.5,99.6,99.7,99.8,99.8,,
Maldives,MDV,Access to electricity (% of total population),EG.ELC.ACCS.ZS,100.0,99.8,100.0,100.0,100.0,100.0,100.0,100.0,100.0,
Maldives,MDV,Population growth (annual %),SP.POP.GROW,3.47818441091268,3.3230837355609,3.18090435033978,3.04593554452725,2.90711274683574,2.75700187362712,1.528878337276,0.359585188904548,0.342572358181693,0.35499694483684
Maldives,MDV,energy_poverty_electricity_rural (% of rural population),EG.ELC.ACCS.RU.ZS,100.0,99.9,100.0,100.0,100.0,100.0,100.0,100.0,100.0,
Maldives,MDV,energy_poverty_electricity_urban (% of urban population),EG.ELC.ACCS.UR.ZS,100.0,99.7,100.0,100.0,100.0,100.0,100.0,100.0,100.0,
Mali,MLI,Access to Clean Fuels and Technologies for cooking (% of total population),EG.CFT.ACCS.ZS,1.0,1.0,1.0,1.1,1.2,1.2,1.3,1.3,,
Mali,MLI,Access to electricity (% of total population),EG.ELC.ACCS.ZS,38.8,34.8,50.9,47.9,50.6,53.4,53.0,54.5,49.5,
Mali,MLI,Population growth (annual %),SP.POP.GROW,3.16701291267986,3.18823649379751,3.1254232369578,3.01814494306617,3.01751361469378,3.06035796580474,3.00942592606239,2.97400537620334,2.94115084753028,2.89981455024173
Mali,MLI,energy_poverty_electricity_rural (% of rural population),EG.ELC.ACCS.RU.ZS,8.4,,25.4,15.2,16.8,18.3,19.7,22.7,31.4,
Mali,MLI,energy_poverty_electricity_urban (% of urban population),EG.ELC.ACCS.UR.ZS,83.0,85.0,85.6,90.9,93.9,96.9,99.7,91.5,88.6,
Malta,MLT,Access to Clean Fuels and Technologies for cooking (% of total population),EG.CFT.ACCS.ZS,100.0,100.0,100.0,100.0,100.0,100.0,100.0,100.0,,
Malta,MLT,Access to electricity (% of total population),EG.ELC.ACCS.ZS,100.0,100.0,100.0,100.0,100.0,100.0,100.0,100.0,100.0,
Malta,MLT,Population growth (annual %),SP.POP.GROW,2.28889794467689,2.73472979835887,3.53282607673569,4.05171762437788,2.2716254974907,0.51468710034629,2.47100289980875,3.99255876861009,2.87111128593908,1.8906123268828
Malta,MLT,energy_poverty_electricity_rural (% of rural population),EG.ELC.ACCS.RU.ZS,100.0,100.0,100.0,100.0,100.0,100.0,100.0,100.0,100.0,
Malta,MLT,energy_poverty_electricity_urban (% of urban population),EG.ELC.ACCS.UR.ZS,100.0,100.0,100.0,100.0,100.0,100.0,100.0,100.0,100.0,
Marshall Islands,MHL,Access to Clean Fuels and Technologies for cooking (% of total population),EG.CFT.ACCS.ZS,64.9,64.8,64.9,65.6,65.2,64.9,65.2,64.8,,
Marshall Islands,MHL,Access to electricity (% of total population),EG.ELC.ACCS.ZS,92.7,93.8,95.3,96.8,98.3,99.8,100.0,100.0,97.2,
Marshall Islands,MHL,Population growth (annual %),SP.POP.GROW,-2.26102535172131,-2.50442852271303,-2.70999222878463,-2.86271396531764,-3.00092865880133,-3.18559640580083,-3.16808578519291,-3.16867227675357,-3.34957664335036,-3.42983639556145
Marshall Islands,MHL,energy_poverty_electricity_rural (% of rural population),EG.ELC.ACCS.RU.ZS,86.9,90.5,95.8,100.0,100.0,100.0,100.0,100.0,96.3,
Marshall Islands,MHL,energy_poverty_electricity_urban (% of urban population),EG.ELC.ACCS.UR.ZS,94.5,94.8,95.1,95.4,95.7,96.0,96.1,100.0,97.4,
Mauritania,MRT,Access to Clean Fuels and Technologies for cooking (% of total population),EG.CFT.ACCS.ZS,44.9,45.5,46.1,46.8,47.5,48.1,48.9,49.4,,
Mauritania,MRT,Access to electricity (% of total population),EG.ELC.ACCS.ZS,41.2,42.9,43.6,44.9,45.4,47.7,49.0,50.3,52.2,
Mauritania,MRT,Population growth (annual %),SP.POP.GROW,2.99795842489143,2.98778789331469,2.97356403059489,2.95347297852629,2.92092559048913,2.88703345850902,2.92956466448208,2.96653079197429,2.88395898961435,2.77895808619534
Mauritania,MRT,energy_poverty_electricity_urban (% of urban population),EG.ELC.ACCS.UR.ZS,80.5,82.0,83.6,85.5,87.5,89.7,91.6,93.5,94.2,
Mauritius,MUS,Access to Clean Fuels and Technologies for cooking (% of total population),EG.CFT.ACCS.ZS,98.6,98.7,98.8,98.9,99.0,99.0,99.1,99.1,,
Mauritius,MUS,Access to electricity (% of total population),EG.ELC.ACCS.ZS,99.7,99.6,99.8,100.0,99.5,99.6,100.0,100.0,100.0,
Mauritius,MUS,Population growth (annual %),SP.POP.GROW,0.0687082325715694,0.0901672663767558,0.0545354541381391,0.0322330642925213,0.00229068020969373,0.0252729878913446,-0.301401216835277,-1.1051534726941,-0.2299528038748,-0.163726377394902
Mauritius,MUS,energy_poverty_electricity_rural (% of rural population),EG.ELC.ACCS.RU.ZS,99.8,99.6,100.0,100.0,99.5,99.8,100.0,100.0,100.0,
Mauritius,MUS,energy_poverty_electricity_urban (% of urban population),EG.ELC.ACCS.UR.ZS,99.6,99.6,99.5,100.0,99.4,99.3,99.0,100.0,100.0,
Mexico,MEX,Access to Clean Fuels and Technologies for cooking (% of total population),EG.CFT.ACCS.ZS,84.8,84.7,84.8,85.0,85.0,85.05,85.0,85.1,,
Mexico,MEX,Access to electricity (% of total population),EG.ELC.ACCS.ZS,99.5,100.0,99.5,99.6,99.4,100.0,100.0,99.7,99.8,
Mexico,MEX,Population growth (annual %),SP.POP.GROW,0.969124204799117,0.935239396499786,0.9466023549862,0.950144329831411,0.820454117563552,0.66740537533078,0.753116988604166,0.872178517508623,0.860515443690537,0.826382426690595
Mexico,MEX,energy_poverty_electricity_rural (% of rural population),EG.ELC.ACCS.RU.ZS,98.3,100.0,98.3,98.3,97.7,100.0,100.0,99.1,99.2,
Mexico,MEX,energy_poverty_electricity_urban (% of urban population),EG.ELC.ACCS.UR.ZS,99.8,99.9,99.8,99.9,99.8,99.9,99.8,100.0,99.9,
"Micronesia, Fed. Sts.",FSM,Access to Clean Fuels and Technologies for cooking (% of total population),EG.CFT.ACCS.ZS,12.7,12.9,12.9,13.1,13.3,13.3,13.3,13.3,,
"Micronesia, Fed. Sts.",FSM,Access to electricity (% of total population),EG.ELC.ACCS.ZS,74.8,76.5,78.3,80.1,81.9,83.6,85.3,86.9,88.9,
"Micronesia, Fed. Sts.",FSM,Population growth (annual %),SP.POP.GROW,0.329674160226437,0.371529920950747,0.390173246703998,0.338797095962346,0.573243642479669,0.636292251926478,0.438013018270765,0.459189928699194,0.469463637376133,0.46111268735637
"Micronesia, Fed. Sts.",FSM,energy_poverty_electricity_rural (% of rural population),EG.ELC.ACCS.RU.ZS,69.9,71.8,73.7,75.6,77.5,79.4,79.6,83.7,86.0,
"Micronesia, Fed. Sts.",FSM,energy_poverty_electricity_urban (% of urban population),EG.ELC.ACCS.UR.ZS,91.4,92.6,93.9,95.1,96.4,97.6,98.6,97.3,98.8,
"Middle East, North Africa, Afghanistan & Pakistan",MEA,Access to Clean Fuels and Technologies for cooking (% of total population),EG.CFT.ACCS.ZS,75.4430603172851,75.8061271457959,76.2667761033233,76.7406469048732,77.1511351924818,77.5462596875773,78.0405170756645,78.617471658088,,
"Middle East, North Africa, Afghanistan & Pakistan",MEA,Access to electricity (% of total population),EG.ELC.ACCS.ZS,95.158764819742,96.0012431691978,94.9706861712285,96.0087072984601,96.2621204422818,96.4166690553693,95.8637945014964,96.4226367435274,96.7736884722286,
"Middle East, North Africa, Afghanistan & Pakistan",MEA,Population growth (annual %),SP.POP.GROW,1.8256339602922,1.66412778344544,1.58355413714312,1.67709090803779,1.8265650487491,1.46633720086535,1.9060709844483,1.95583616128018,1.90852681030619,1.80985405047339
"Middle East, North Africa, Afghanistan & Pakistan",MEA,energy_poverty_electricity_rural (% of rural population),EG.ELC.ACCS.RU.ZS,90.9403184281545,92.7342812736466,93.889502946357,92.5713693138768,93.027815340131,93.2399423604293,92.3581435686276,93.0068660669032,93.979239181816,
"Middle East, North Africa, Afghanistan & Pakistan",MEA,energy_poverty_electricity_urban (% of urban population),EG.ELC.ACCS.UR.ZS,99.3735018057837,99.4719820262717,99.2285198351805,99.5604172816964,99.6271132067806,99.69563532534,99.7244148154681,99.7292056727461,99.3675286352499,
"Middle East, North Africa, Afghanistan & Pakistan (IDA & IBRD)",TMN,Access to Clean Fuels and Technologies for cooking (% of total population),EG.CFT.ACCS.ZS,73.0524573852252,73.4556519668056,74.0097280563348,74.5579222241471,74.9889536943546,75.482319396557,75.9706034748614,76.5501871248102,,
"Middle East, North Africa, Afghanistan & Pakistan (IDA & IBRD)",TMN,Access to electricity (% of total population),EG.ELC.ACCS.ZS,94.6688585064836,95.593813647771,94.4715748209862,95.6135456463624,95.8888561743117,96.0681260042218,95.4516981935493,96.0574946837091,96.4373354708585,
"Middle East, North Africa, Afghanistan & Pakistan (IDA & IBRD)",TMN,Population growth (annual %),SP.POP.GROW,1.63269589993256,1.67605084854725,1.75747020495062,1.78066780462406,1.74889177292591,1.7022820773622,1.69089538433865,1.73430944588312,1.7106462612973,1.6281746415265
"Middle East, North Africa, Afghanistan & Pakistan (IDA & IBRD)",TMN,energy_poverty_electricity_rural (% of rural population),EG.ELC.ACCS.RU.ZS,90.6828526841451,92.5307622419328,93.710983725234,92.3738334015261,92.8415323691485,93.0647233378539,92.155613972539,92.8167993722509,93.8121704796967,
"Middle East, North Africa, Afghanistan & Pakistan (IDA & IBRD)",TMN,energy_poverty_electricity_urban (% of urban population),EG.ELC.ACCS.UR.ZS,99.2642989780958,99.3802116576734,99.0971191602399,99.4865557003514,99.564115795266,99.6457022620985,99.6782817549728,99.6829610921016,99.2575862037909,
"Middle East, North Africa, Afghanistan & Pakistan (excluding high income)",MNA,Access to Clean Fuels and Technologies for cooking (% of total population),EG.CFT.ACCS.ZS,73.0524573852252,73.4556519668056,74.0097280563348,74.5579222241471,74.9889536943546,75.482319396557,75.9706034748614,76.5501871248102,,
"Middle East, North Africa, Afghanistan & Pakistan (excluding high income)",MNA,Access to electricity (% of total population),EG.ELC.ACCS.ZS,94.7049071241041,95.6230221837644,94.5093636648155,95.6437471934695,95.9173702775193,96.0956018888668,95.483714372763,96.0854287468734,96.4627415717196,
"Middle East, North Africa, Afghanistan & Pakistan (excluding high income)",MNA,Population growth (annual %),SP.POP.GROW,1.63683109950783,1.6781681424931,1.7627509545654,1.78568343276842,1.75398933414753,1.70753659078455,1.69604782645998,1.73896313941003,1.7152640194007,1.63316512463689
"Middle East, North Africa, Afghanistan & Pakistan (excluding high income)",MNA,energy_poverty_electricity_rural (% of rural population),EG.ELC.ACCS.RU.ZS,90.7016863719616,92.5451271270769,93.7247125081557,92.3892192756616,92.855881145876,93.0785315895444,92.1711277153803,92.8308945113705,93.8242026204684,
"Middle East, North Africa, Afghanistan & Pakistan (excluding high income)",MNA,energy_poverty_electricity_urban (% of urban population),EG.ELC.ACCS.UR.ZS,99.2726514170258,99.3872465266959,99.107423758984,99.4924506750175,99.569150068981,99.6498195161986,99.6820408142147,99.6866829309721,99.2663480173543,
Middle income,MIC,Access to Clean Fuels and Technologies for cooking (% of total population),EG.CFT.ACCS.ZS,62.6447305428075,64.7180816579167,66.8013816026277,68.751103352608,70.7223395077985,72.5067011798659,74.0624071540849,75.5943176476884,,
Middle income,MIC,Access to electricity (% of total population),EG.ELC.ACCS.ZS,90.7202018281775,91.7393285084935,92.8753397189939,93.2550308654154,93.6017586619471,94.8051776493539,94.8234868349066,95.1313255374831,95.4429311855908,
Middle income,MIC,Population growth (annual %),SP.POP.GROW,1.14753562243349,1.12869322852262,1.07012826146571,1.01183245314391,0.943428520143934,0.841401299751263,0.756327928299984,0.759953149100681,0.809785499940091,0.806272627807298
Middle income,MIC,energy_poverty_electricity_rural (% of rural population),EG.ELC.ACCS.RU.ZS,84.3541760169486,86.0088559648609,87.9670726556386,88.6358779769106,89.6942594629839,91.5972728289242,91.8021868808629,92.0798803240211,91.8721594540407,
Middle income,MIC,energy_poverty_electricity_urban (% of urban population),EG.ELC.ACCS.UR.ZS,97.60210651181,97.8509355827697,97.6974291845134,98.0835333606291,97.98218675388,98.4968108018242,98.5209537654904,98.512060671103,98.4874052207749,
Moldova,MDA,Access to Clean Fuels and Technologies for cooking (% of total population),EG.CFT.ACCS.ZS,96.8,97.2,97.5,97.7,97.9,98.1,98.2,98.3,,
Moldova,MDA,Access to electricity (% of total population),EG.ELC.ACCS.ZS,99.9,100.0,100.0,100.0,100.0,100.0,100.0,100.0,100.0,
Moldova,MDA,Population growth (annual %),SP.POP.GROW,-1.16302237797705,-1.72705846625605,-1.75700442074845,-1.60031653578231,-1.09803165876287,-1.50342952349937,-2.62110760462091,-2.84274212689094,-2.28306147072637,-1.75442101889586
Moldova,MDA,energy_poverty_electricity_rural (% of rural population),EG.ELC.ACCS.RU.ZS,99.9,100.0,100.0,100.0,100.0,100.0,100.0,100.0,100.0,
Moldova,MDA,energy_poverty_electricity_urban (% of urban population),EG.ELC.ACCS.UR.ZS,100.0,100.0,100.0,100.0,100.0,100.0,100.0,100.0,100.0,
Monaco,MCO,Access to Clean Fuels and Technologies for cooking (% of total population),EG.CFT.ACCS.ZS,100.0,100.0,100.0,100.0,100.0,100.0,100.0,100.0,,
Monaco,MCO,Access to electricity (% of total population),EG.ELC.ACCS.ZS,100.0,100.0,100.0,100.0,100.0,100.0,100.0,100.0,100.0,
Monaco,MCO,Population growth (annual %),SP.POP.GROW,1.40210042123736,1.07266818197735,1.2554231770143,-0.118012680389237,-0.15493904017385,1.24582098923186,1.04315542231896,0.064195567574974,-0.837774113919638,-0.753524326194984
Monaco,MCO,energy_poverty_electricity_rural (% of rural population),EG.ELC.ACCS.RU.ZS,100.0,100.0,100.0,100.0,100.0,100.0,100.0,100.0,100.0,
Monaco,MCO,energy_poverty_electricity_urban (% of urban population),EG.ELC.ACCS.UR.ZS,100.0,100.0,100.0,100.0,100.0,100.0,100.0,100.0,100.0,
Mongolia,MNG,Access to Clean Fuels and Technologies for cooking (% of total population),EG.CFT.ACCS.ZS,45.6,47.2,48.9,50.3,51.8,53.1,54.3,55.8,,
Mongolia,MNG,Access to electricity (% of total population),EG.ELC.ACCS.ZS,90.8,93.6,98.1,98.9,99.5,100.0,100.0,100.0,99.1,
Mongolia,MNG,Population growth (annual %),SP.POP.GROW,2.02736957640078,1.92577883760149,1.86480192831175,1.8371507310985,1.80542008661223,1.684959051396,1.46704738017187,1.3708886685104,1.24590299529718,1.24589876857071
Mongolia,MNG,energy_poverty_electricity_rural (% of rural population),EG.ELC.ACCS.RU.ZS,74.1,81.7,94.6,96.9,98.5,100.0,100.0,100.0,98.4,
Mongolia,MNG,energy_poverty_electricity_urban (% of urban population),EG.ELC.ACCS.UR.ZS,98.6,99.1,99.7,99.9,100.0,100.0,100.0,100.0,99.4,
Montenegro,MNE,Access to Clean Fuels and Technologies for cooking (% of total population),EG.CFT.ACCS.ZS,61.6,61.8,61.6,61.5,61.5,61.7,61.9,61.4,,
Montenegro,MNE,Access to electricity (% of total population),EG.ELC.ACCS.ZS,99.6,100.0,100.0,100.0,99.9,99.8,100.0,100.0,100.0,
Montenegro,MNE,Population growth (annual %),SP.POP.GROW,0.11231965238542,0.100532639617139,0.0728190255904537,0.0502716675485305,-0.0260104378320954,-0.245597310506825,-0.234174139002603,-0.00994290846928265,-0.000641511915285095,-0.0635300593940256
Montenegro,MNE,energy_poverty_electricity_rural (% of rural population),EG.ELC.ACCS.RU.ZS,98.9,100.0,100.0,99.9,99.5,99.4,100.0,100.0,100.0,
Montenegro,MNE,energy_poverty_electricity_urban (% of urban population),EG.ELC.ACCS.UR.ZS,99.9,99.9,100.0,100.0,100.0,100.0,100.0,100.0,100.0,
Morocco,MAR,Access to Clean Fuels and Technologies for cooking (% of total population),EG.CFT.ACCS.ZS,98.0,98.0,98.1,98.3,98.2,98.1,98.1,98.1,,
Morocco,MAR,Access to electricity (% of total population),EG.ELC.ACCS.ZS,97.8,100.0,98.1,99.6,100.0,100.0,100.0,100.0,100.0,
Morocco,MAR,Population growth (annual %),SP.POP.GROW,1.19450726277516,1.20034336418867,1.1036421008163,1.03022315933698,1.02565486360782,1.00691847923959,1.00863622672701,1.02195181223548,0.972827595296714,0.913842778572571
Morocco,MAR,energy_poverty_electricity_rural (% of rural population),EG.ELC.ACCS.RU.ZS,95.4,100.0,96.1,98.9,100.0,100.0,100.0,100.0,100.0,
Morocco,MAR,energy_poverty_electricity_urban (% of urban population),EG.ELC.ACCS.UR.ZS,99.3,100.0,99.3,100.0,100.0,100.0,100.0,100.0,100.0,
Mozambique,MOZ,Access to Clean Fuels and Technologies for cooking (% of total population),EG.CFT.ACCS.ZS,4.5,4.9,5.2,5.6,6.1,6.5,6.9,7.4,,
Mozambique,MOZ,Access to electricity (% of total population),EG.ELC.ACCS.ZS,26.2,24.3,31.1,29.7,30.6,31.5,33.2,36.0,36.9,
Mozambique,MOZ,Population growth (annual %),SP.POP.GROW,2.93066434696089,2.98845927899068,2.98089902972538,2.9397415898529,2.96490034295304,2.9577768101764,2.9473431712575,2.95358093047219,2.91994049442347,2.84630186701375
Mozambique,MOZ,energy_poverty_electricity_rural (% of rural population),EG.ELC.ACCS.RU.ZS,4.7,4.4,8.0,5.2,4.6,3.8,5.0,8.9,12.3,
Mozambique,MOZ,energy_poverty_electricity_urban (% of urban population),EG.ELC.ACCS.UR.ZS,66.2,60.5,72.2,72.3,74.8,77.4,79.4,78.9,79.8,
Myanmar,MMR,Access to Clean Fuels and Technologies for cooking (% of total population),EG.CFT.ACCS.ZS,24.4,28.0,31.7,35.9,40.1,44.5,48.9,53.5,,
Myanmar,MMR,Access to electricity (% of total population),EG.ELC.ACCS.ZS,55.6,69.8,66.1,68.3,70.4,72.5,73.7,76.8,80.4,
Myanmar,MMR,Population growth (annual %),SP.POP.GROW,0.792792538685626,0.772302033467657,0.72443284342539,0.702425162747352,0.711376906349628,0.696558038955431,0.690074759264932,0.698879396261223,0.674364862610485,0.641162929716532
Myanmar,MMR,energy_poverty_electricity_rural (% of rural population),EG.ELC.ACCS.RU.ZS,39.8,59.9,54.6,57.5,60.1,62.8,62.9,68.8,73.9,
Myanmar,MMR,energy_poverty_electricity_urban (% of urban population),EG.ELC.ACCS.UR.ZS,92.3,92.6,92.1,92.6,93.1,93.6,93.9,94.6,95.3,
Namibia,NAM,Access to Clean Fuels and Technologies for cooking (% of total population),EG.CFT.ACCS.ZS,44.8,45.4,45.7,46.4,46.9,47.5,47.7,48.0,,
Namibia,NAM,Access to electricity (% of total population),EG.ELC.ACCS.ZS,49.7,52.5,52.3,53.3,52.3,55.2,56.2,56.7,59.3,
Namibia,NAM,Population growth (annual %),SP.POP.GROW,2.69727890929136,2.73527353433315,2.77246337174234,2.79932223646079,2.91019887709682,2.95314556354467,2.77600581415178,2.50947899094054,2.23715227334598,2.04761498541566
Namibia,NAM,energy_poverty_electricity_rural (% of rural population),EG.ELC.ACCS.RU.ZS,31.6,31.6,30.2,31.2,,33.2,33.4,34.1,41.1,
Namibia,NAM,energy_poverty_electricity_urban (% of urban population),EG.ELC.ACCS.UR.ZS,69.3,74.3,74.4,74.5,74.7,74.7,74.8,75.0,77.2,
Naoero,NRU,Access to Clean Fuels and Technologies for cooking (% of total population),EG.CFT.ACCS.ZS,100.0,100.0,100.0,100.0,100.0,100.0,100.0,100.0,,
Naoero,NRU,Access to electricity (% of total population),EG.ELC.ACCS.ZS,99.7,99.8,99.9,100.0,100.0,100.0,100.0,100.0,100.0,
Naoero,NRU,Population growth (annual %),SP.POP.GROW,1.77348115445981,1.54848693435255,1.34206654488781,0.953874731639391,0.482136103995375,0.565263581170869,0.782649677702407,0.625107627709329,0.604485091438176,0.650761515673821
Naoero,NRU,energy_poverty_electricity_rural (% of rural population),EG.ELC.ACCS.RU.ZS,,,,100.0,100.0,100.0,100.0,100.0,100.0,
Naoero,NRU,energy_poverty_electricity_urban (% of urban population),EG.ELC.ACCS.UR.ZS,99.5,99.6,99.8,100.0,100.0,100.0,100.0,100.0,100.0,
Nepal,NPL,Access to Clean Fuels and Technologies for cooking (% of total population),EG.CFT.ACCS.ZS,31.8,33.4,35.1,36.6,38.3,39.9,41.1,42.7,,
Nepal,NPL,Access to electricity (% of total population),EG.ELC.ACCS.ZS,90.7,86.6,93.9,89.9,89.9,89.9,91.3,94.0,97.9,
Nepal,NPL,Population growth (annual %),SP.POP.GROW,0.472697719209503,0.199389989212823,0.244000280298262,1.18377302604311,1.92583106605859,1.74002411752275,0.81238557412485,-0.0700958873206174,-0.146800968936231,-0.111140420150509
Nepal,NPL,energy_poverty_electricity_rural (% of rural population),EG.ELC.ACCS.RU.ZS,89.8,84.6,93.5,,,,93.7,93.4,94.2,
Nepal,NPL,energy_poverty_electricity_urban (% of urban population),EG.ELC.ACCS.UR.ZS,94.5,95.2,95.8,94.2,94.2,94.2,97.7,96.0,99.7,
Netherlands,NLD,Access to Clean Fuels and Technologies for cooking (% of total population),EG.CFT.ACCS.ZS,100.0,100.0,100.0,100.0,100.0,100.0,100.0,100.0,,
Netherlands,NLD,Access to electricity (% of total population),EG.ELC.ACCS.ZS,100.0,100.0,100.0,100.0,100.0,100.0,100.0,100.0,100.0,
Netherlands,NLD,Population growth (annual %),SP.POP.GROW,0.532178879608489,0.591203366164118,0.583933408920832,0.65507157480522,0.55554079025497,0.523490508168757,0.953278922854537,0.990139686700227,0.648823280021657,0.521869714098474
Netherlands,NLD,energy_poverty_electricity_rural (% of rural population),EG.ELC.ACCS.RU.ZS,100.0,100.0,100.0,100.0,100.0,100.0,100.0,100.0,100.0,
Netherlands,NLD,energy_poverty_electricity_urban (% of urban population),EG.ELC.ACCS.UR.ZS,100.0,100.0,100.0,100.0,100.0,100.0,100.0,100.0,100.0,
New Caledonia,NCL,Access to electricity (% of total population),EG.ELC.ACCS.ZS,100.0,100.0,100.0,100.0,100.0,100.0,100.0,100.0,100.0,
New Caledonia,NCL,Population growth (annual %),SP.POP.GROW,0.0900120253294113,0.0433886162840042,-0.00176339785610822,0.0229217470195887,0.200781353226217,0.364601116942216,0.66709196832953,0.952185123510063,0.95072208560765,0.916376579929707
New Caledonia,NCL,energy_poverty_electricity_rural (% of rural population),EG.ELC.ACCS.RU.ZS,100.0,100.0,100.0,100.0,100.0,100.0,100.0,100.0,100.0,
New Caledonia,NCL,energy_poverty_electricity_urban (% of urban population),EG.ELC.ACCS.UR.ZS,100.0,100.0,100.0,100.0,100.0,100.0,100.0,100.0,100.0,
New Zealand,NZL,Access to Clean Fuels and Technologies for cooking (% of total population),EG.CFT.ACCS.ZS,100.0,100.0,100.0,100.0,100.0,100.0,100.0,100.0,,
New Zealand,NZL,Access to electricity (% of total population),EG.ELC.ACCS.ZS,100.0,100.0,100.0,100.0,100.0,100.0,100.0,100.0,100.0,
New Zealand,NZL,Population growth (annual %),SP.POP.GROW,2.24603210015584,2.08872272281936,1.79124016759035,1.41225538599445,2.03338779187545,0.240228529431089,-0.0570512394609476,2.3012774309073,1.71596202828263,0.653812611006536
New Zealand,NZL,energy_poverty_electricity_rural (% of rural population),EG.ELC.ACCS.RU.ZS,100.0,100.0,100.0,100.0,100.0,100.0,100.0,100.0,100.0,
New Zealand,NZL,energy_poverty_electricity_urban (% of urban population),EG.ELC.ACCS.UR.ZS,100.0,100.0,100.0,100.0,100.0,100.0,100.0,100.0,100.0,
Nicaragua,NIC,Access to Clean Fuels and Technologies for cooking (% of total population),EG.CFT.ACCS.ZS,52.3,53.6,54.6,55.8,56.8,57.7,58.6,59.6,,
Nicaragua,NIC,Access to electricity (% of total population),EG.ELC.ACCS.ZS,83.9,84.6,85.2,85.7,86.0,86.3,86.5,88.3,88.7,
Nicaragua,NIC,Population growth (annual %),SP.POP.GROW,1.34468900607336,1.33184988677682,1.31878207820366,1.29742127419157,1.25084741191992,1.20325375827905,1.28466010240759,1.37167812196347,1.34687135560209,1.31234789341176
Nicaragua,NIC,energy_poverty_electricity_rural (% of rural population),EG.ELC.ACCS.RU.ZS,62.3,63.3,64.4,65.2,65.9,66.3,66.4,71.0,72.2,
Nicaragua,NIC,energy_poverty_electricity_urban (% of urban population),EG.ELC.ACCS.UR.ZS,99.5,99.9,99.9,100.0,100.0,100.0,100.0,100.0,100.0,
Niger,NER,Access to Clean Fuels and Technologies for cooking (% of total population),EG.CFT.ACCS.ZS,2.3,2.6,3.0,3.4,3.8,4.1,4.5,5.1,,
Niger,NER,Access to electricity (% of total population),EG.ELC.ACCS.ZS,17.0,17.6,17.6,18.5,18.7,18.6,19.5,20.1,21.3,
Niger,NER,Population growth (annual %),SP.POP.GROW,3.67426137513091,3.56007044831691,3.45088050525461,3.36654855482346,3.29977391625444,3.25425239869281,3.25170642220024,3.29489175812772,3.28101480132484,3.22289981385576
Niger,NER,energy_poverty_electricity_rural (% of rural population),EG.ELC.ACCS.RU.ZS,8.8,9.2,11.7,9.7,9.7,9.1,7.7,10.4,10.8,
Niger,NER,energy_poverty_electricity_urban (% of urban population),EG.ELC.ACCS.UR.ZS,59.2,60.4,47.6,62.7,63.8,65.9,66.1,67.4,69.1,
Nigeria,NGA,Access to Clean Fuels and Technologies for cooking (% of total population),EG.CFT.ACCS.ZS,7.4,9.7,12.5,15.7,18.9,21.85,24.4,26.2,,
Nigeria,NGA,Access to electricity (% of total population),EG.ELC.ACCS.ZS,59.3,54.4,56.5,55.4,55.4,59.5,60.5,61.2,62.5,
Nigeria,NGA,Population growth (annual %),SP.POP.GROW,2.47183239057048,2.43170936923065,2.31217263003389,2.1944019229433,2.13029714344341,2.09618685225463,2.09281687128387,2.09838916935738,2.08297776184189,2.06227178599451
Nigeria,NGA,energy_poverty_electricity_rural (% of rural population),EG.ELC.ACCS.RU.ZS,34.0,22.6,31.0,25.5,24.6,26.3,27.0,32.9,23.5,
Nigeria,NGA,energy_poverty_electricity_urban (% of urban population),EG.ELC.ACCS.UR.ZS,86.0,86.8,81.7,83.9,83.9,89.2,89.0,85.0,85.5,
North America,NAC,Access to Clean Fuels and Technologies for cooking (% of total population),EG.CFT.ACCS.ZS,100.0,100.0,100.0,100.0,100.0,100.0,100.0,100.0,,
North America,NAC,Access to electricity (% of total population),EG.ELC.ACCS.ZS,100.0,100.0,100.0,100.0,100.0,100.0,100.0,100.0,100.0,
North America,NAC,Population growth (annual %),SP.POP.GROW,0.820075680421435,0.743268119320072,0.671925189322868,0.61147351678854,0.477859612731752,0.19823759626924,0.701227350749623,1.02888113096261,1.17699231428795,0.567525761500349
North America,NAC,energy_poverty_electricity_rural (% of rural population),EG.ELC.ACCS.RU.ZS,100.0,100.0,100.0,100.0,100.0,100.0,100.0,100.0,100.0,
North America,NAC,energy_poverty_electricity_urban (% of urban population),EG.ELC.ACCS.UR.ZS,100.0,100.0,100.0,100.0,100.0,100.0,100.0,100.0,100.0,
North Macedonia,MKD,Access to Clean Fuels and Technologies for cooking (% of total population),EG.CFT.ACCS.ZS,75.0,75.9,76.45,77.6,78.9,79.6,80.55,81.3,,
North Macedonia,MKD,Access to electricity (% of total population),EG.ELC.ACCS.ZS,100.0,100.0,99.8,100.0,100.0,100.0,100.0,100.0,100.0,
North Macedonia,MKD,Population growth (annual %),SP.POP.GROW,-0.320367473371963,-0.40242158713311,-0.507220756968942,-0.679308688552216,-1.07910572041332,-1.02945804668594,-0.294481335654044,-0.212923714310977,-0.189311904958652,-0.189286550678574
North Macedonia,MKD,energy_poverty_electricity_rural (% of rural population),EG.ELC.ACCS.RU.ZS,100.0,100.0,99.8,100.0,100.0,100.0,100.0,100.0,100.0,
North Macedonia,MKD,energy_poverty_electricity_urban (% of urban population),EG.ELC.ACCS.UR.ZS,99.9,100.0,99.8,100.0,100.0,100.0,100.0,100.0,100.0,
Northern Mariana Islands,MNP,Access to electricity (% of total population),EG.ELC.ACCS.ZS,100.0,100.0,100.0,100.0,100.0,100.0,100.0,100.0,100.0,
Northern Mariana Islands,MNP,Population growth (annual %),SP.POP.GROW,-1.44888981594755,-1.61620481831009,-1.78121757640998,-1.95055872430955,-1.25658949836081,-1.16183177026859,-1.93650806828242,-2.05003835843766,-1.93472893815204,-1.67849167730668
Northern Mariana Islands,MNP,energy_poverty_electricity_rural (% of rural population),EG.ELC.ACCS.RU.ZS,100.0,100.0,100.0,100.0,100.0,100.0,100.0,100.0,100.0,
Northern Mariana Islands,MNP,energy_poverty_electricity_urban (% of urban population),EG.ELC.ACCS.UR.ZS,100.0,100.0,100.0,100.0,100.0,100.0,100.0,100.0,100.0,
Norway,NOR,Access to Clean Fuels and Technologies for cooking (% of total population),EG.CFT.ACCS.ZS,100.0,100.0,100.0,100.0,100.0,100.0,100.0,100.0,,
Norway,NOR,Access to electricity (% of total population),EG.ELC.ACCS.ZS,100.0,100.0,100.0,100.0,100.0,100.0,100.0,100.0,100.0,
Norway,NOR,Population growth (annual %),SP.POP.GROW,0.880969815359919,0.807673181884948,0.660090844249,0.675061373245644,0.588757324043059,0.534772281874925,0.898395220610608,1.13831142739624,0.949855138372357,0.690166127329719
Norway,NOR,energy_poverty_electricity_rural (% of rural population),EG.ELC.ACCS.RU.ZS,100.0,100.0,100.0,100.0,100.0,100.0,100.0,100.0,100.0,
Norway,NOR,energy_poverty_electricity_urban (% of urban population),EG.ELC.ACCS.UR.ZS,100.0,100.0,100.0,100.0,100.0,100.0,100.0,100.0,100.0,
OECD members,OED,Access to Clean Fuels and Technologies for cooking (% of total population),EG.CFT.ACCS.ZS,97.9160920756957,97.9220196740799,97.9406252730566,97.9604655585654,97.9732314638211,97.9852573748899,97.978243132584,97.9965021958187,,
OECD members,OED,Access to electricity (% of total population),EG.ELC.ACCS.ZS,99.8959369290422,99.9408589463576,99.8987530248709,99.940072384951,99.9329793160221,100.0,100.0,99.922945762566,99.9247308566563,
OECD members,OED,Population growth (annual %),SP.POP.GROW,0.633792799556659,0.594005618994822,0.596992636131392,0.584169727660366,0.377791181312229,0.18049946526991,0.495306996437536,0.669046970502832,0.645006539987646,0.387043991013275
OECD members,OED,energy_poverty_electricity_rural (% of rural population),EG.ELC.ACCS.RU.ZS,99.5186315076135,99.6914236485652,99.5065386914356,99.6963079855353,99.698562782082,100.0,100.0,99.6840551072651,99.6324664309058,
OECD members,OED,energy_poverty_electricity_urban (% of urban population),EG.ELC.ACCS.UR.ZS,99.9749421223384,99.9840366091187,99.9783860666071,99.9906930085828,99.9815993850228,99.9902045117556,99.9767097302578,100.0,99.9867761916685,
Oman,OMN,Access to Clean Fuels and Technologies for cooking (% of total population),EG.CFT.ACCS.ZS,100.0,100.0,100.0,100.0,100.0,100.0,100.0,100.0,,
Oman,OMN,Access to electricity (% of total population),EG.ELC.ACCS.ZS,100.0,100.0,100.0,100.0,100.0,100.0,100.0,100.0,100.0,
Oman,OMN,Population growth (annual %),SP.POP.GROW,4.80473653238819,3.28242998732701,1.32413960038748,-0.144431732263903,-1.50860829621662,-0.489266037731458,4.98013669293962,6.52704988451128,4.49738628465102,3.95650101545376
Oman,OMN,energy_poverty_electricity_rural (% of rural population),EG.ELC.ACCS.RU.ZS,100.0,100.0,100.0,100.0,100.0,100.0,100.0,100.0,100.0,
Oman,OMN,energy_poverty_electricity_urban (% of urban population),EG.ELC.ACCS.UR.ZS,100.0,100.0,100.0,100.0,100.0,100.0,100.0,100.0,100.0,
Other small states,OSS,Access to Clean Fuels and Technologies for cooking (% of total population),EG.CFT.ACCS.ZS,65.6108724849429,65.972731800603,66.2963326641268,66.5430831018343,66.8272529938595,67.0216101657414,67.3696369991192,67.5996228240947,,
Other small states,OSS,Access to electricity (% of total population),EG.ELC.ACCS.ZS,87.8544041310444,89.3280026877149,90.472453074168,91.8035513133262,92.8384985004429,93.8560728212473,93.9605317818207,94.4954692175265,94.5434268711783,
Other small states,OSS,Population growth (annual %),SP.POP.GROW,1.09883402957305,1.15304626269071,1.20956677579268,1.20113624131693,1.0966115325234,0.998084267144432,1.24494821200593,0.964925235955626,0.852252955825721,0.793709792345381
Other small states,OSS,energy_poverty_electricity_rural (% of rural population),EG.ELC.ACCS.RU.ZS,80.3610255995561,86.1601280646885,84.9096726693699,87.4522456955098,89.2754052917926,91.1836017013136,91.9971528402121,92.4164975394296,92.7685984747745,
Other small states,OSS,energy_poverty_electricity_urban (% of urban population),EG.ELC.ACCS.UR.ZS,94.0987168760529,94.5062896276663,94.8951704559854,95.2591700996977,95.546195038405,95.8183875699096,95.3448512734772,95.8793085290685,96.0060993795479,
Pacific island small states,PSS,Access to Clean Fuels and Technologies for cooking (% of total population),EG.CFT.ACCS.ZS,29.0377285198043,29.7906673667998,30.445184773146,31.3101429891741,32.0091516080388,32.6452913033857,33.3774349795505,34.0194482869408,,
Pacific island small states,PSS,Access to electricity (% of total population),EG.ELC.ACCS.ZS,79.9083422592839,82.1041734677982,82.69782730903,84.3434350882329,86.1939811336602,85.6708178235478,85.6038100577211,88.8705713618501,88.2672275917394,
Pacific island small states,PSS,Population growth (annual %),SP.POP.GROW,1.29191080769398,1.29137065436152,1.26723585430322,1.0428091638606,1.04048475391698,1.1481035475349,1.15709923057953,1.24129959209673,1.22857783792362,1.21145320106702
Pacific island small states,PSS,energy_poverty_electricity_rural (% of rural population),EG.ELC.ACCS.RU.ZS,71.9696460816672,76.0764101524215,76.5813064460323,79.2326636844663,81.8032144370647,80.4202449672094,80.468229869451,84.5719077254157,83.7875893057625,
Pacific island small states,PSS,energy_poverty_electricity_urban (% of urban population),EG.ELC.ACCS.UR.ZS,91.2266858657344,91.3198937769254,91.7328722143387,92.1445941149996,92.6177195113853,92.3615875900141,92.8635971944549,94.1076125836502,94.0994046131389,
Pakistan,PAK,Access to Clean Fuels and Technologies for cooking (% of total population),EG.CFT.ACCS.ZS,43.4,44.5,46.1,47.9,49.5,51.3,53.0,54.9,,
Pakistan,PAK,Access to electricity (% of total population),EG.ELC.ACCS.ZS,91.8,92.7,93.4,93.9,94.5,94.9,95.0,95.6,95.7,
Pakistan,PAK,Population growth (annual %),SP.POP.GROW,1.30216393815952,1.41409990353131,1.62371483290292,1.69187124669657,1.80375141301202,1.8867779716011,1.74799739792983,1.54880458608849,1.50959876314033,1.55994397009632
Pakistan,PAK,energy_poverty_electricity_rural (% of rural population),EG.ELC.ACCS.RU.ZS,88.0,89.1,90.1,90.7,91.5,91.9,93.0,92.8,94.0,
Pakistan,PAK,energy_poverty_electricity_urban (% of urban population),EG.ELC.ACCS.UR.ZS,98.5,98.8,99.1,99.3,99.6,99.9,100.0,100.0,98.4,
Palau,PLW,Access to Clean Fuels and Technologies for cooking (% of total population),EG.CFT.ACCS.ZS,100.0,100.0,100.0,100.0,100.0,100.0,100.0,100.0,,
Palau,PLW,Access to electricity (% of total population),EG.ELC.ACCS.ZS,100.0,100.0,100.0,100.0,100.0,100.0,100.0,100.0,100.0,
Palau,PLW,Population growth (annual %),SP.POP.GROW,0.151826160128869,0.0842483691607325,0.0112277550221814,-0.0898573575007226,-0.0337173366498603,-0.0505973306648282,-0.135051508906549,-0.180352864081089,-0.180678723422048,-0.181005762412027
Palau,PLW,energy_poverty_electricity_rural (% of rural population),EG.ELC.ACCS.RU.ZS,100.0,100.0,100.0,100.0,100.0,100.0,100.0,100.0,100.0,
Palau,PLW,energy_poverty_electricity_urban (% of urban population),EG.ELC.ACCS.UR.ZS,100.0,100.0,100.0,100.0,100.0,100.0,99.9,100.0,100.0,
Panama,PAN,Access to Clean Fuels and Technologies for cooking (% of total population),EG.CFT.ACCS.ZS,100.0,100.0,100.0,100.0,100.0,100.0,100.0,100.0,,
Panama,PAN,Access to electricity (% of total population),EG.ELC.ACCS.ZS,92.4,93.7,93.8,93.9,95.3,95.3,95.0,97.0,96.0,
Panama,PAN,Population growth (annual %),SP.POP.GROW,1.72866876171939,1.71320068899723,1.67311565171591,1.59097727067192,1.37340966978709,1.20723809203153,1.26612423517538,1.30902688797168,1.26624987466078,1.22403711826792
Panama,PAN,energy_poverty_electricity_rural (% of rural population),EG.ELC.ACCS.RU.ZS,78.1,100.0,,,85.6,,100.0,90.7,92.1,
Panama,PAN,energy_poverty_electricity_urban (% of urban population),EG.ELC.ACCS.UR.ZS,99.4,100.0,99.6,99.6,99.8,99.8,99.0,100.0,98.0,
Papua New Guinea,PNG,Access to Clean Fuels and Technologies for cooking (% of total population),EG.CFT.ACCS.ZS,9.0,9.3,9.5,9.6,9.8,9.9,10.2,10.5,,
Papua New Guinea,PNG,Access to electricity (% of total population),EG.ELC.ACCS.ZS,13.5,19.2,16.6,23.6,20.5,20.9,19.0,20.5,43.3,
Papua New Guinea,PNG,Population growth (annual %),SP.POP.GROW,2.46804330802257,2.3925157995011,2.32386877655607,2.25754045467385,2.12866309675902,1.98860312209741,1.88244961375761,1.81103162496893,1.78260733820852,1.74625754996746
Papua New Guinea,PNG,energy_poverty_electricity_rural (% of rural population),EG.ELC.ACCS.RU.ZS,5.6,12.3,10.5,17.1,13.6,14.0,14.2,13.4,39.0,
Papua New Guinea,PNG,energy_poverty_electricity_urban (% of urban population),EG.ELC.ACCS.UR.ZS,66.2,65.3,57.0,66.0,65.2,65.2,65.1,65.2,66.8,
Paraguay,PRY,Access to Clean Fuels and Technologies for cooking (% of total population),EG.CFT.ACCS.ZS,66.0,67.2,68.1,68.8,69.35,70.2,70.7,71.3,,
Paraguay,PRY,Access to electricity (% of total population),EG.ELC.ACCS.ZS,98.4,99.3,99.6,99.7,99.7,100.0,100.0,99.8,99.8,
Paraguay,PRY,Population growth (annual %),SP.POP.GROW,1.45104639106418,1.42257756735462,1.38999117307295,1.35488116957369,1.35198907049682,1.21078357917422,1.13476871860664,1.23021616038983,1.23438951533718,1.20391081847026
Paraguay,PRY,energy_poverty_electricity_rural (% of rural population),EG.ELC.ACCS.RU.ZS,96.1,98.5,99.1,99.4,99.4,100.0,100.0,99.5,99.6,
Paraguay,PRY,energy_poverty_electricity_urban (% of urban population),EG.ELC.ACCS.UR.ZS,99.9,99.8,99.9,99.9,99.9,100.0,100.0,100.0,99.9,
Peru,PER,Access to Clean Fuels and Technologies for cooking (% of total population),EG.CFT.ACCS.ZS,78.1,80.0,82.2,84.4,86.5,88.4,90.1,91.8,,
Peru,PER,Access to electricity (% of total population),EG.ELC.ACCS.ZS,94.2,94.8,95.2,95.6,96.2,95.6,96.2,96.2,96.5,
Peru,PER,Population growth (annual %),SP.POP.GROW,1.33357065112944,1.47336535107465,1.81253577188754,1.71486934751345,1.19250495254373,0.961612354333265,0.959183909355287,1.09975320783678,1.0937871324756,1.04316532874658
Peru,PER,energy_poverty_electricity_rural (% of rural population),EG.ELC.ACCS.RU.ZS,78.0,80.5,81.8,82.9,86.1,83.6,85.1,85.1,82.1,
Peru,PER,energy_poverty_electricity_urban (% of urban population),EG.ELC.ACCS.UR.ZS,98.9,98.9,99.0,99.1,99.0,98.9,99.0,99.0,99.0,
Philippines,PHL,Access to Clean Fuels and Technologies for cooking (% of total population),EG.CFT.ACCS.ZS,46.6,48.5,50.2,51.8,54.0,55.6,57.6,59.5,,
Philippines,PHL,Access to electricity (% of total population),EG.ELC.ACCS.ZS,92.0,93.0,94.2,95.3,96.4,97.5,94.8,98.0,94.8,
Philippines,PHL,Population growth (annual %),SP.POP.GROW,1.34190709540685,1.28830186666283,1.23686033319068,1.21615534645287,1.1455140860985,0.905660310915421,0.760479216015364,0.810000998681961,0.825602488528657,0.810982768568445
Philippines,PHL,energy_poverty_electricity_rural (% of rural population),EG.ELC.ACCS.RU.ZS,87.9,90.0,91.3,93.0,94.7,96.5,91.1,97.6,88.5,
Philippines,PHL,energy_poverty_electricity_urban (% of urban population),EG.ELC.ACCS.UR.ZS,96.6,96.4,97.4,97.8,98.2,98.6,98.0,98.4,99.8,
Poland,POL,Access to Clean Fuels and Technologies for cooking (% of total population),EG.CFT.ACCS.ZS,100.0,100.0,100.0,100.0,100.0,100.0,100.0,100.0,,
Poland,POL,Access to electricity (% of total population),EG.ELC.ACCS.ZS,100.0,100.0,100.0,100.0,100.0,100.0,100.0,100.0,100.0,
Poland,POL,Population growth (annual %),SP.POP.GROW,-0.04298513087435,0.0124800985844923,-0.000200132782838419,-0.0244271070993493,-1.19164026205913,-1.4341408496549,-0.433070695882457,-0.365658526875775,-0.349832361234927,-0.338028518667454
Poland,POL,energy_poverty_electricity_rural (% of rural population),EG.ELC.ACCS.RU.ZS,100.0,100.0,100.0,100.0,100.0,100.0,100.0,100.0,100.0,
Poland,POL,energy_poverty_electricity_urban (% of urban population),EG.ELC.ACCS.UR.ZS,100.0,100.0,100.0,100.0,100.0,100.0,100.0,100.0,100.0,
Portugal,PRT,Access to Clean Fuels and Technologies for cooking (% of total population),EG.CFT.ACCS.ZS,100.0,100.0,100.0,100.0,100.0,100.0,100.0,100.0,,
Portugal,PRT,Access to electricity (% of total population),EG.ELC.ACCS.ZS,100.0,100.0,100.0,100.0,100.0,100.0,100.0,100.0,100.0,
Portugal,PRT,Population growth (annual %),SP.POP.GROW,-0.315459016997883,-0.243889410358812,-0.160104021146769,0.0237334946497115,0.10511412524675,0.626850165433157,0.697256448023043,1.36912985956796,1.09536933248007,1.02505359028502
Portugal,PRT,energy_poverty_electricity_rural (% of rural population),EG.ELC.ACCS.RU.ZS,100.0,100.0,100.0,100.0,100.0,100.0,100.0,100.0,100.0,
Portugal,PRT,energy_poverty_electricity_urban (% of urban population),EG.ELC.ACCS.UR.ZS,100.0,100.0,100.0,100.0,100.0,100.0,100.0,100.0,100.0,
Post-demographic dividend,PST,Access to Clean Fuels and Technologies for cooking (% of total population),EG.CFT.ACCS.ZS,99.5323762882667,99.5435882644534,99.5532046201609,99.5596202154647,99.5742071726446,99.5728889179422,99.5876048572938,99.5986910139536,,
Post-demographic dividend,PST,Access to electricity (% of total population),EG.ELC.ACCS.ZS,99.9577816305613,99.971122525168,99.9821600556642,99.9932424627619,99.9972400773978,99.9988344208097,100.0,100.0,100.0,
Post-demographic dividend,PST,Population growth (annual %),SP.POP.GROW,0.461347508759667,0.379493296941645,0.355636559299221,0.34068175408139,0.18890128876133,-0.0381233384223229,0.0754459661346514,0.343339336267454,0.625489391923098,0.382361704355291
Post-demographic dividend,PST,energy_poverty_electricity_rural (% of rural population),EG.ELC.ACCS.RU.ZS,99.8524709381456,99.9006473464404,99.9401938170169,99.9810985310402,99.9915590953889,99.9959512958638,99.9967810903918,100.0,100.0,
Post-demographic dividend,PST,energy_poverty_electricity_urban (% of urban population),EG.ELC.ACCS.UR.ZS,99.9827160880149,99.9875665982578,99.9925986190289,99.9957876553344,99.9989348142935,99.9994710801883,99.9937868990759,100.0,100.0,
Pre-demographic dividend,PRE,Access to Clean Fuels and Technologies for cooking (% of total population),EG.CFT.ACCS.ZS,15.7630314965697,16.7856078288273,17.9233308475846,19.213434861238,20.4345633155012,21.6317234798221,22.7421583227771,23.7043373748277,,
Pre-demographic dividend,PRE,Access to electricity (% of total population),EG.ELC.ACCS.ZS,44.6703060990128,44.3558795540309,47.1030867324641,47.5849028108597,48.3815278923719,50.5123491097242,51.0976149094662,52.5242986079524,54.321949964552,
Pre-demographic dividend,PRE,Population growth (annual %),SP.POP.GROW,2.78683551773853,2.78382435608355,2.75361144165404,2.70679856435485,2.66958864781961,2.59941687874608,2.52277745421748,2.53506961491099,2.53906602897911,2.52823339248427
Pre-demographic dividend,PRE,energy_poverty_electricity_rural (% of rural population),EG.ELC.ACCS.RU.ZS,26.3502632433642,25.620125019494,28.1361394867338,28.5661111948677,28.1090862283032,29.5735340766741,29.4187523684025,31.0596811038723,34.347700422358,
Pre-demographic dividend,PRE,energy_poverty_electricity_urban (% of urban population),EG.ELC.ACCS.UR.ZS,75.0784648122518,75.9244468096715,75.2464579194282,76.9762773346966,77.9440820933154,80.5440920886869,80.7276884838374,81.3412507652722,81.9140562336249,
Puerto Rico (US),PRI,Access to electricity (% of total population),EG.ELC.ACCS.ZS,100.0,100.0,100.0,100.0,100.0,100.0,100.0,100.0,100.0,
Puerto Rico (US),PRI,Population growth (annual %),SP.POP.GROW,-1.5604116086776,-2.01987082911005,-3.58604464903081,0.364032148393714,-0.640922494785493,-0.576379102762983,-1.31372535070036,-0.509158872556824,-0.0397420363111939,-0.553782979963777
Puerto Rico (US),PRI,energy_poverty_electricity_rural (% of rural population),EG.ELC.ACCS.RU.ZS,100.0,100.0,100.0,100.0,100.0,100.0,100.0,100.0,100.0,
Puerto Rico (US),PRI,energy_poverty_electricity_urban (% of urban population),EG.ELC.ACCS.UR.ZS,100.0,100.0,100.0,100.0,100.0,100.0,100.0,100.0,100.0,
Qatar,QAT,Access to Clean Fuels and Technologies for cooking (% of total population),EG.CFT.ACCS.ZS,100.0,100.0,100.0,100.0,100.0,100.0,100.0,100.0,,
Qatar,QAT,Access to electricity (% of total population),EG.ELC.ACCS.ZS,100.0,100.0,100.0,100.0,100.0,100.0,100.0,100.0,100.0,
Qatar,QAT,Population growth (annual %),SP.POP.GROW,5.49972976958708,2.73590293320866,1.3621056096195,2.21962210028933,5.72571544841687,-10.9274424335586,5.90701824957099,-0.0489708509014485,7.32265165181291,3.92476698437933
Qatar,QAT,energy_poverty_electricity_rural (% of rural population),EG.ELC.ACCS.RU.ZS,100.0,100.0,100.0,100.0,100.0,100.0,100.0,100.0,100.0,
Qatar,QAT,energy_poverty_electricity_urban (% of urban population),EG.ELC.ACCS.UR.ZS,100.0,100.0,100.0,100.0,100.0,100.0,100.0,100.0,100.0,
Romania,ROU,Access to Clean Fuels and Technologies for cooking (% of total population),EG.CFT.ACCS.ZS,100.0,100.0,100.0,100.0,100.0,100.0,100.0,100.0,,
Romania,ROU,Access to electricity (% of total population),EG.ELC.ACCS.ZS,99.1,100.0,99.8,100.0,100.0,100.0,100.0,100.0,100.0,
Romania,ROU,Population growth (annual %),SP.POP.GROW,-0.573660845379617,-0.578007015146885,-0.587493307403584,-0.526814821936341,-0.550759892541776,-0.746036478523061,-0.385412679960785,0.0659152146414443,-0.0485820204761977,-0.165649007627974
Romania,ROU,energy_poverty_electricity_rural (% of rural population),EG.ELC.ACCS.RU.ZS,98.6,100.0,99.9,100.0,100.0,100.0,100.0,100.0,100.0,
Romania,ROU,energy_poverty_electricity_urban (% of urban population),EG.ELC.ACCS.UR.ZS,99.5,99.6,99.8,100.0,100.0,100.0,100.0,100.0,100.0,
Russian Federation,RUS,Access to Clean Fuels and Technologies for cooking (% of total population),EG.CFT.ACCS.ZS,100.0,100.0,100.0,100.0,100.0,100.0,100.0,100.0,,
Russian Federation,RUS,Access to electricity (% of total population),EG.ELC.ACCS.ZS,99.4,100.0,100.0,99.8,99.9,100.0,100.0,100.0,100.0,
Russian Federation,RUS,Population growth (annual %),SP.POP.GROW,0.258751057379474,0.191382528772924,0.0721356165400605,0.037947213753429,-0.143202031827637,-0.343724409889771,-0.352843110363082,-0.285217600763343,-0.108858652841079,-0.108864402490546
Russian Federation,RUS,energy_poverty_electricity_rural (% of rural population),EG.ELC.ACCS.RU.ZS,100.0,100.0,100.0,100.0,100.0,100.0,100.0,100.0,100.0,
Russian Federation,RUS,energy_poverty_electricity_urban (% of urban population),EG.ELC.ACCS.UR.ZS,99.1,99.1,100.0,99.2,99.2,99.2,99.1,100.0,100.0,
Rwanda,RWA,Access to Clean Fuels and Technologies for cooking (% of total population),EG.CFT.ACCS.ZS,1.3,1.7,2.4,3.3,4.3,5.7,7.3,9.3,,
Rwanda,RWA,Access to electricity (% of total population),EG.ELC.ACCS.ZS,29.4,34.1,38.0,46.6,45.2,48.7,50.6,63.9,72.0,
Rwanda,RWA,Population growth (annual %),SP.POP.GROW,2.36997866838859,2.34556709244995,2.31630729613291,2.28086099658628,2.24244883430144,2.1909353521865,2.19046619232976,2.1984982050137,2.14176839550509,2.17017465948949
Rwanda,RWA,energy_poverty_electricity_rural (% of rural population),EG.ELC.ACCS.RU.ZS,19.0,23.6,28.0,38.3,34.9,38.2,38.2,57.9,65.2,
Rwanda,RWA,energy_poverty_electricity_urban (% of urban population),EG.ELC.ACCS.UR.ZS,80.0,84.8,85.8,86.4,93.9,98.0,98.0,99.9,88.0,
Samoa,WSM,Access to Clean Fuels and Technologies for cooking (% of total population),EG.CFT.ACCS.ZS,32.8,33.7,34.5,35.6,36.6,37.8,38.6,39.7,,
Samoa,WSM,Access to electricity (% of total population),EG.ELC.ACCS.ZS,98.9,96.8,99.8,99.2,100.0,98.3,98.3,100.0,100.0,
Samoa,WSM,Population growth (annual %),SP.POP.GROW,0.847318414943751,0.937123219994916,1.04941192646969,1.05329202031498,1.0262726301153,0.862068229419543,0.690847424147793,0.649190563116911,0.62390639530784,0.58857998761608
Samoa,WSM,energy_poverty_electricity_rural (% of rural population),EG.ELC.ACCS.RU.ZS,98.7,96.1,99.8,99.0,100.0,97.9,99.0,100.0,100.0,
Samoa,WSM,energy_poverty_electricity_urban (% of urban population),EG.ELC.ACCS.UR.ZS,99.7,99.7,99.8,99.9,100.0,100.0,100.0,100.0,100.0,
San Marino,SMR,Access to Clean Fuels and Technologies for cooking (% of total population),EG.CFT.ACCS.ZS,100.0,100.0,100.0,100.0,100.0,100.0,100.0,100.0,,
San Marino,SMR,Access to electricity (% of total population),EG.ELC.ACCS.ZS,100.0,100.0,100.0,100.0,100.0,100.0,100.0,100.0,100.0,
San Marino,SMR,Population growth (annual %),SP.POP.GROW,0.618202520367254,2.16366806498297,2.03966279076457,0.407603368403658,0.308211037123611,-1.50099888558244,-1.46164026701119,0.310582221115543,0.344944841346899,0.387745396648668
San Marino,SMR,energy_poverty_electricity_rural (% of rural population),EG.ELC.ACCS.RU.ZS,100.0,100.0,100.0,100.0,100.0,100.0,100.0,100.0,100.0,
San Marino,SMR,energy_poverty_electricity_urban (% of urban population),EG.ELC.ACCS.UR.ZS,100.0,100.0,100.0,100.0,100.0,100.0,100.0,100.0,100.0,
Sao Tome and Principe,STP,Access to Clean Fuels and Technologies for cooking (% of total population),EG.CFT.ACCS.ZS,2.3,2.6,2.9,3.2,3.5,3.9,4.2,4.6,,
Sao Tome and Principe,STP,Access to electricity (% of total population),EG.ELC.ACCS.ZS,69.4,74.3,71.0,75.1,76.8,78.5,78.0,81.3,77.7,
Sao Tome and Principe,STP,Population growth (annual %),SP.POP.GROW,1.6823011731644,1.59795344333085,1.54237554431048,1.51332392108067,1.87691054092554,2.06017354745306,1.93819561963228,1.99754660166419,2.0004655038868,1.98329290197673
Sao Tome and Principe,STP,energy_poverty_electricity_rural (% of rural population),EG.ELC.ACCS.RU.ZS,58.6,76.2,55.7,68.2,71.0,73.7,76.4,69.6,75.1,
Sao Tome and Principe,STP,energy_poverty_electricity_urban (% of urban population),EG.ELC.ACCS.UR.ZS,73.7,73.5,76.7,77.6,78.8,80.0,80.0,81.9,78.9,
Saudi Arabia,SAU,Access to Clean Fuels and Technologies for cooking (% of total population),EG.CFT.ACCS.ZS,100.0,100.0,100.0,100.0,100.0,100.0,100.0,100.0,,
Saudi Arabia,SAU,Access to electricity (% of total population),EG.ELC.ACCS.ZS,99.9,100.0,99.9,100.0,100.0,100.0,100.0,100.0,100.0,
Saudi Arabia,SAU,Population growth (annual %),SP.POP.GROW,3.74506540506437,0.0747825622238132,-2.5537682578428,-0.439701419074031,4.833138517103,-2.46456261487283,4.41891994509507,4.63821572656175,4.63120232685885,4.63120314543082
Saudi Arabia,SAU,energy_poverty_electricity_rural (% of rural population),EG.ELC.ACCS.RU.ZS,100.0,100.0,100.0,100.0,100.0,100.0,100.0,100.0,100.0,
Saudi Arabia,SAU,energy_poverty_electricity_urban (% of urban population),EG.ELC.ACCS.UR.ZS,100.0,100.0,100.0,100.0,100.0,100.0,100.0,100.0,100.0,
Senegal,SEN,Access to Clean Fuels and Technologies for cooking (% of total population),EG.CFT.ACCS.ZS,28.3,28.4,28.8,29.7,30.7,32.1,33.5,34.8,,
Senegal,SEN,Access to electricity (% of total population),EG.ELC.ACCS.ZS,64.5,61.7,66.0,70.4,64.3,68.0,67.9,74.2,82.9,
Senegal,SEN,Population growth (annual %),SP.POP.GROW,2.97843134010735,2.88769908740551,2.8004569855314,2.71760793051867,2.63303572524896,2.53848919398481,2.46764281803509,2.38738348832592,2.32058603495657,2.29738465638923
Senegal,SEN,energy_poverty_electricity_rural (% of rural population),EG.ELC.ACCS.RU.ZS,44.5,35.4,41.4,47.8,38.6,43.4,43.5,56.5,67.1,
Senegal,SEN,energy_poverty_electricity_urban (% of urban population),EG.ELC.ACCS.UR.ZS,87.7,91.7,93.5,95.2,92.0,93.9,96.6,96.1,95.7,
Serbia,SRB,Access to Clean Fuels and Technologies for cooking (% of total population),EG.CFT.ACCS.ZS,74.3,75.7,76.9,78.5,79.5,81.1,82.0,83.1,,
Serbia,SRB,Access to electricity (% of total population),EG.ELC.ACCS.ZS,99.9,100.0,100.0,99.8,100.0,100.0,100.0,100.0,100.0,
Serbia,SRB,Population growth (annual %),SP.POP.GROW,-0.523694463062603,-0.532191341024444,-0.546351968633598,-0.536610017822353,-0.666107601320794,-0.943688169512831,-2.5170575672922,-0.621120944154492,-0.555761423984425,-0.56842544719633
Serbia,SRB,energy_poverty_electricity_rural (% of rural population),EG.ELC.ACCS.RU.ZS,99.9,100.0,100.0,99.7,100.0,100.0,100.0,100.0,100.0,
Serbia,SRB,energy_poverty_electricity_urban (% of urban population),EG.ELC.ACCS.UR.ZS,100.0,100.0,100.0,99.9,100.0,100.0,100.0,100.0,100.0,
Seychelles,SYC,Access to Clean Fuels and Technologies for cooking (% of total population),EG.CFT.ACCS.ZS,100.0,100.0,100.0,100.0,100.0,100.0,100.0,100.0,,
Seychelles,SYC,Access to electricity (% of total population),EG.ELC.ACCS.ZS,100.0,100.0,100.0,100.0,100.0,100.0,100.0,100.0,100.0,
Seychelles,SYC,Population growth (annual %),SP.POP.GROW,1.33763477950025,1.22403375818123,0.954291917891324,0.887925293341637,0.853707878128979,0.805183391179401,,-0.0876274304874622,1.31136094801067,1.12749264749076
Seychelles,SYC,energy_poverty_electricity_rural (% of rural population),EG.ELC.ACCS.RU.ZS,100.0,100.0,100.0,100.0,100.0,100.0,100.0,100.0,100.0,
Seychelles,SYC,energy_poverty_electricity_urban (% of urban population),EG.ELC.ACCS.UR.ZS,100.0,100.0,100.0,100.0,100.0,100.0,100.0,100.0,100.0,
Sierra Leone,SLE,Access to Clean Fuels and Technologies for cooking (% of total population),EG.CFT.ACCS.ZS,0.6,0.7,0.7,0.7,0.8,0.8,0.8,0.9,,
Sierra Leone,SLE,Access to electricity (% of total population),EG.ELC.ACCS.ZS,20.3,23.4,26.1,22.7,26.3,27.5,29.4,35.5,39.2,
Sierra Leone,SLE,Population growth (annual %),SP.POP.GROW,2.35457342669593,2.38578952940087,2.34731039123252,2.32146457882717,2.30847202655897,2.27463021517533,2.22598462352813,2.19524258771884,2.1226891332086,2.03619305233604
Sierra Leone,SLE,energy_poverty_electricity_rural (% of rural population),EG.ELC.ACCS.RU.ZS,1.6,5.4,6.4,1.5,4.7,4.9,5.0,19.0,24.9,
Sierra Leone,SLE,energy_poverty_electricity_urban (% of urban population),EG.ELC.ACCS.UR.ZS,46.9,48.7,53.2,51.4,55.0,57.0,55.3,56.3,56.4,
Singapore,SGP,Access to Clean Fuels and Technologies for cooking (% of total population),EG.CFT.ACCS.ZS,100.0,100.0,100.0,100.0,100.0,100.0,100.0,100.0,,
Singapore,SGP,Access to electricity (% of total population),EG.ELC.ACCS.ZS,100.0,100.0,100.0,100.0,100.0,100.0,100.0,100.0,100.0,
Singapore,SGP,Population growth (annual %),SP.POP.GROW,1.29743609938602,0.0885954699924263,0.469704298714121,1.14428330688929,-0.311904961250833,-4.17033630017526,3.30862052439523,4.85831607781442,1.99449365639324,1.22350531679895
Singapore,SGP,energy_poverty_electricity_rural (% of rural population),EG.ELC.ACCS.RU.ZS,100.0,100.0,100.0,100.0,100.0,100.0,100.0,100.0,100.0,
Singapore,SGP,energy_poverty_electricity_urban (% of urban population),EG.ELC.ACCS.UR.ZS,100.0,100.0,100.0,100.0,100.0,100.0,100.0,100.0,100.0,
Sint Maarten (Dutch part),SXM,Access to electricity (% of total population),EG.ELC.ACCS.ZS,100.0,100.0,100.0,100.0,100.0,100.0,100.0,100.0,100.0,
Sint Maarten (Dutch part),SXM,Population growth (annual %),SP.POP.GROW,2.05501156733828,1.93416606270848,1.81943322551715,1.6805019872063,1.53087407274557,1.36356391629724,1.35708688873829,1.43721256242405,1.39608999302398,1.3131397652904
Sint Maarten (Dutch part),SXM,energy_poverty_electricity_rural (% of rural population),EG.ELC.ACCS.RU.ZS,100.0,100.0,100.0,100.0,100.0,100.0,100.0,100.0,100.0,
Sint Maarten (Dutch part),SXM,energy_poverty_electricity_urban (% of urban population),EG.ELC.ACCS.UR.ZS,100.0,100.0,100.0,100.0,100.0,100.0,100.0,100.0,100.0,
Slovak Republic,SVK,Access to Clean Fuels and Technologies for cooking (% of total population),EG.CFT.ACCS.ZS,100.0,100.0,100.0,100.0,100.0,100.0,100.0,100.0,,
Slovak Republic,SVK,Access to electricity (% of total population),EG.ELC.ACCS.ZS,100.0,100.0,100.0,100.0,100.0,100.0,100.0,100.0,100.0,
Slovak Republic,SVK,Population growth (annual %),SP.POP.GROW,0.128922329956911,0.155178995687406,0.138508159611326,0.135328072840865,0.0857694756149868,-0.212358807611049,-0.284860959688394,-0.0923148510113108,-0.0861108401600769,-0.152382641257418
Slovak Republic,SVK,energy_poverty_electricity_rural (% of rural population),EG.ELC.ACCS.RU.ZS,100.0,100.0,100.0,100.0,100.0,100.0,100.0,100.0,100.0,
Slovak Republic,SVK,energy_poverty_electricity_urban (% of urban population),EG.ELC.ACCS.UR.ZS,100.0,100.0,100.0,100.0,100.0,100.0,100.0,100.0,100.0,
Slovenia,SVN,Access to Clean Fuels and Technologies for cooking (% of total population),EG.CFT.ACCS.ZS,100.0,100.0,100.0,100.0,100.0,100.0,100.0,100.0,,
Slovenia,SVN,Access to electricity (% of total population),EG.ELC.ACCS.ZS,100.0,100.0,100.0,100.0,100.0,100.0,100.0,100.0,100.0,
Slovenia,SVN,Population growth (annual %),SP.POP.GROW,0.0731972072415279,0.0651590392490152,0.362584395134764,0.696304046333357,0.669754656164979,0.268851969969908,0.189424378732817,0.396216782960902,0.326705896075754,0.168420657387838
Slovenia,SVN,energy_poverty_electricity_rural (% of rural population),EG.ELC.ACCS.RU.ZS,100.0,100.0,100.0,100.0,100.0,100.0,100.0,100.0,100.0,
Slovenia,SVN,energy_poverty_electricity_urban (% of urban population),EG.ELC.ACCS.UR.ZS,100.0,100.0,100.0,100.0,100.0,100.0,100.0,100.0,100.0,
Small states,SST,Access to Clean Fuels and Technologies for cooking (% of total population),EG.CFT.ACCS.ZS,68.0057576102462,68.2968499307678,68.5718095540702,68.832538403604,69.0543558887698,69.2169120032226,69.477297247824,69.6544059880001,,
Small states,SST,Access to electricity (% of total population),EG.ELC.ACCS.ZS,88.8486713357501,90.1550278534803,90.9647335432231,92.0919222790738,93.1195945831784,93.7468179373385,93.826993722259,94.7947483488559,94.5704846062365,
Small states,SST,Population growth (annual %),SP.POP.GROW,1.01453694865616,1.03612470789208,1.15640527639564,1.08792342830391,0.920713681116119,0.891610040984682,1.04213937591557,0.897105994356687,0.806191276603831,0.758404978573975
Small states,SST,energy_poverty_electricity_rural (% of rural population),EG.ELC.ACCS.RU.ZS,82.2079246317143,86.564332669832,85.8628274580042,87.8962693865757,89.6931464562111,90.7682817756348,91.3000547580664,92.1617428840377,92.2683344972475,
Small states,SST,energy_poverty_electricity_urban (% of urban population),EG.ELC.ACCS.UR.ZS,94.8950179950812,95.194632328717,95.5227051660328,95.843433963892,96.11455562104,96.275465432231,96.0280346358307,96.5037468969675,96.6544514246016,
Solomon Islands,SLB,Access to Clean Fuels and Technologies for cooking (% of total population),EG.CFT.ACCS.ZS,8.6,8.5,8.5,8.6,8.6,8.6,8.6,8.7,,
Solomon Islands,SLB,Access to electricity (% of total population),EG.ELC.ACCS.ZS,58.2,62.9,65.8,69.4,72.9,76.3,76.0,81.3,81.5,
Solomon Islands,SLB,Population growth (annual %),SP.POP.GROW,3.52842038261052,3.45614796025836,3.35985912747517,2.65049803426017,2.22072148638778,2.40116798691356,2.39378076885188,2.39583243369756,2.37078352276169,2.34616812843002
Solomon Islands,SLB,energy_poverty_electricity_rural (% of rural population),EG.ELC.ACCS.RU.ZS,54.9,60.5,63.6,67.6,71.5,75.4,75.4,81.3,81.1,
Solomon Islands,SLB,energy_poverty_electricity_urban (% of urban population),EG.ELC.ACCS.UR.ZS,69.4,70.7,72.9,75.0,77.1,79.2,79.0,81.2,82.3,
"Somalia, Fed. Rep.",SOM,Access to Clean Fuels and Technologies for cooking (% of total population),EG.CFT.ACCS.ZS,2.3,2.6,3.0,3.5,3.7,4.3,4.8,5.4,,
"Somalia, Fed. Rep.",SOM,Access to electricity (% of total population),EG.ELC.ACCS.ZS,51.1,52.1,50.7,49.2,49.9,49.3,48.9,50.3,54.4,
"Somalia, Fed. Rep.",SOM,Population growth (annual %),SP.POP.GROW,3.8489103342184,3.88144974373944,3.52933303532182,3.67525774477084,3.79592066888979,3.65720037777736,3.0251275475745,3.07939219638342,3.48215481810475,3.3397984923678
"Somalia, Fed. Rep.",SOM,energy_poverty_electricity_rural (% of rural population),EG.ELC.ACCS.RU.ZS,37.3,38.4,35.3,,32.3,30.6,30.7,23.9,24.4,
"Somalia, Fed. Rep.",SOM,energy_poverty_electricity_urban (% of urban population),EG.ELC.ACCS.UR.ZS,68.9,69.3,69.7,69.9,70.3,70.6,76.7,79.0,73.4,
South Africa,ZAF,Access to Clean Fuels and Technologies for cooking (% of total population),EG.CFT.ACCS.ZS,85.0,85.8,86.6,87.3,88.1,88.7,89.2,89.8,,
South Africa,ZAF,Access to electricity (% of total population),EG.ELC.ACCS.ZS,83.9,84.4,84.7,85.0,90.0,89.3,86.5,87.7,90.2,
South Africa,ZAF,Population growth (annual %),SP.POP.GROW,0.940521897823675,0.653837462693277,1.68236992028419,1.64957495527878,1.62216431400652,1.54055743832642,1.41397227960081,1.32810094082844,1.24951426055192,1.14969203871645
South Africa,ZAF,energy_poverty_electricity_rural (% of rural population),EG.ELC.ACCS.RU.ZS,77.9,79.1,79.7,80.4,95.5,93.4,93.4,94.0,86.3,
South Africa,ZAF,energy_poverty_electricity_urban (% of urban population),EG.ELC.ACCS.UR.ZS,87.1,87.2,87.2,87.3,87.3,87.4,87.1,96.0,92.4,
South Asia,SAS,Access to Clean Fuels and Technologies for cooking (% of total population),EG.CFT.ACCS.ZS,47.7852760570284,50.9932969202059,54.3997607304664,57.7624633701574,61.253259249948,64.6274277793323,67.5580327508597,70.5783520488242,,
South Asia,SAS,Access to electricity (% of total population),EG.ELC.ACCS.ZS,88.3184480403398,91.3983728307397,94.8192024055978,95.4698953988653,96.4013617397441,99.3693129133951,99.0895114731934,99.4087889697405,99.8246424902051,
South Asia,SAS,Population growth (annual %),SP.POP.GROW,1.14742662932202,1.11322183437414,1.0528841436166,1.01724945450809,0.970749727379122,0.842298209099239,0.805672047808918,0.880272546944629,0.886479316682577,0.882496398833338
South Asia,SAS,energy_poverty_electricity_rural (% of rural population),EG.ELC.ACCS.RU.ZS,83.4714021385025,87.6922741949142,92.6372386562574,93.3714324437154,95.2834463102927,99.225480726567,99.075948466226,99.203337716228,99.8174261769095,
South Asia,SAS,energy_poverty_electricity_urban (% of urban population),EG.ELC.ACCS.UR.ZS,97.682281797776,98.6627796865702,98.7597454061309,99.4218623266422,98.7309019754558,99.7715650861024,99.9210216052331,99.8175075006245,99.9423412131761,
South Asia (IDA & IBRD),TSA,Access to Clean Fuels and Technologies for cooking (% of total population),EG.CFT.ACCS.ZS,47.7852760570284,50.9932969202059,54.3997607304664,57.7624633701574,61.253259249948,64.6274277793323,67.5580327508597,70.5783520488242,,
South Asia (IDA & IBRD),TSA,Access to electricity (% of total population),EG.ELC.ACCS.ZS,88.3184480403398,91.3983728307397,94.8192024055978,95.4698953988653,96.4013617397441,99.3693129133951,99.0895114731934,99.4087889697405,99.8246424902051,
South Asia (IDA & IBRD),TSA,Population growth (annual %),SP.POP.GROW,1.14742662932202,1.11322183437414,1.0528841436166,1.01724945450809,0.970749727379122,0.842298209099239,0.805672047808918,0.880272546944629,0.886479316682577,0.882496398833338
South Asia (IDA & IBRD),TSA,energy_poverty_electricity_rural (% of rural population),EG.ELC.ACCS.RU.ZS,83.4714021385025,87.6922741949142,92.6372386562574,93.3714324437154,95.2834463102927,99.225480726567,99.075948466226,99.203337716228,99.8174261769095,
South Asia (IDA & IBRD),TSA,energy_poverty_electricity_urban (% of urban population),EG.ELC.ACCS.UR.ZS,97.682281797776,98.6627796865702,98.7597454061309,99.4218623266422,98.7309019754558,99.7715650861024,99.9210216052331,99.8175075006245,99.9423412131761,
South Sudan,SSD,Access to Clean Fuels and Technologies for cooking (% of total population),EG.CFT.ACCS.ZS,0.0,0.0,0.0,0.0,0.0,0.0,0.0,0.0,,
South Sudan,SSD,Access to electricity (% of total population),EG.ELC.ACCS.ZS,5.3,4.2,6.3,6.8,7.3,7.7,8.4,5.4,5.4,
South Sudan,SSD,Population growth (annual %),SP.POP.GROW,-2.52965683465808,-5.41590990485178,-1.33625896422837,2.92439531185626,2.60487164966918,1.55179411079181,1.42002025455897,4.10816463205266,3.92792442239756,2.0337018417734
South Sudan,SSD,energy_poverty_electricity_rural (% of rural population),EG.ELC.ACCS.RU.ZS,3.7,2.9,4.8,5.1,5.4,5.7,1.7,1.8,0.7,
South Sudan,SSD,energy_poverty_electricity_urban (% of urban population),EG.ELC.ACCS.UR.ZS,12.1,9.6,12.6,13.6,14.6,15.6,15.0,19.1,22.8,
Spain,ESP,Access to Clean Fuels and Technologies for cooking (% of total population),EG.CFT.ACCS.ZS,100.0,100.0,100.0,100.0,100.0,100.0,100.0,100.0,,
Spain,ESP,Access to electricity (% of total population),EG.ELC.ACCS.ZS,100.0,100.0,100.0,100.0,100.0,100.0,100.0,100.0,100.0,
Spain,ESP,Population growth (annual %),SP.POP.GROW,0.0771658726133905,0.243134086570712,0.451573724507016,0.716697775475724,0.510010189620998,0.178046695121711,0.718854879160094,1.17836618688432,1.02121260938381,1.03113431966787
Spain,ESP,energy_poverty_electricity_rural (% of rural population),EG.ELC.ACCS.RU.ZS,100.0,100.0,100.0,100.0,100.0,100.0,100.0,100.0,100.0,
Spain,ESP,energy_poverty_electricity_urban (% of urban population),EG.ELC.ACCS.UR.ZS,100.0,100.0,100.0,100.0,100.0,100.0,100.0,100.0,100.0,
Sri Lanka,LKA,Access to Clean Fuels and Technologies for cooking (% of total population),EG.CFT.ACCS.ZS,27.4,28.6,30.0,31.0,32.1,33.2,34.2,35.4,,
Sri Lanka,LKA,Access to electricity (% of total population),EG.ELC.ACCS.ZS,97.5,97.5,99.6,99.8,100.0,100.0,100.0,100.0,100.0,
Sri Lanka,LKA,Population growth (annual %),SP.POP.GROW,1.13327749793807,1.14388758411593,1.0064319813899,0.611875945764341,0.530626559530355,1.07544995696428,0.112772639779474,-0.651320770103285,-0.550589519145017,-0.732738211545502
Sri Lanka,LKA,energy_poverty_electricity_rural (% of rural population),EG.ELC.ACCS.RU.ZS,97.2,96.9,99.5,99.7,100.0,100.0,100.0,100.0,100.0,
Sri Lanka,LKA,energy_poverty_electricity_urban (% of urban population),EG.ELC.ACCS.UR.ZS,99.0,100.0,100.0,100.0,100.0,100.0,100.0,100.0,100.0,
St. Kitts and Nevis,KNA,Access to Clean Fuels and Technologies for cooking (% of total population),EG.CFT.ACCS.ZS,100.0,100.0,100.0,100.0,100.0,100.0,100.0,100.0,,
St. Kitts and Nevis,KNA,Access to electricity (% of total population),EG.ELC.ACCS.ZS,100.0,100.0,100.0,100.0,100.0,100.0,100.0,100.0,100.0,
St. Kitts and Nevis,KNA,Population growth (annual %),SP.POP.GROW,-0.0254879889232652,-0.0531208511827516,-0.0893066039921832,-0.119199673543347,-0.174799132141861,-0.228551998925832,-0.11554263524381,0.104849849656036,0.181622041143753,0.168506412185747
St. Kitts and Nevis,KNA,energy_poverty_electricity_rural (% of rural population),EG.ELC.ACCS.RU.ZS,100.0,100.0,100.0,100.0,100.0,100.0,100.0,100.0,100.0,
St. Kitts and Nevis,KNA,energy_poverty_electricity_urban (% of urban population),EG.ELC.ACCS.UR.ZS,100.0,100.0,100.0,100.0,100.0,100.0,100.0,100.0,100.0,
St. Lucia,LCA,Access to Clean Fuels and Technologies for cooking (% of total population),EG.CFT.ACCS.ZS,95.1,94.6,94.3,94.0,93.5,93.0,92.7,92.1,,
St. Lucia,LCA,Access to electricity (% of total population),EG.ELC.ACCS.ZS,99.8,99.9,100.0,100.0,100.0,100.0,100.0,100.0,100.0,
St. Lucia,LCA,Population growth (annual %),SP.POP.GROW,0.422763651310013,0.395468542730377,0.382048183874964,0.3631466895222,0.330981923965865,0.152478363043745,0.144975018605125,0.281512532799571,0.255689791113258,0.225066989889272
St. Lucia,LCA,energy_poverty_electricity_rural (% of rural population),EG.ELC.ACCS.RU.ZS,100.0,100.0,100.0,100.0,100.0,100.0,100.0,100.0,100.0,
St. Lucia,LCA,energy_poverty_electricity_urban (% of urban population),EG.ELC.ACCS.UR.ZS,96.0,96.5,97.0,100.0,100.0,100.0,100.0,100.0,100.0,
St. Martin (French part),MAF,Access to electricity (% of total population),EG.ELC.ACCS.ZS,100.0,100.0,100.0,100.0,100.0,100.0,100.0,100.0,100.0,
St. Martin (French part),MAF,Population growth (annual %),SP.POP.GROW,-0.520499136043373,-0.913371749973348,-2.26505586002549,-4.96694243141292,-7.51568506574733,-5.91294053455205,-3.70935422542636,-4.80716831631216,-5.16855018990472,-4.65327729336626
St. Martin (French part),MAF,energy_poverty_electricity_rural (% of rural population),EG.ELC.ACCS.RU.ZS,100.0,100.0,100.0,100.0,100.0,100.0,100.0,100.0,100.0,
St. Martin (French part),MAF,energy_poverty_electricity_urban (% of urban population),EG.ELC.ACCS.UR.ZS,100.0,100.0,100.0,100.0,100.0,100.0,100.0,100.0,100.0,
St. Vincent and the Grenadines,VCT,Access to Clean Fuels and Technologies for cooking (% of total population),EG.CFT.ACCS.ZS,93.9,93.3,92.7,92.4,91.9,90.8,90.4,89.5,,
St. Vincent and the Grenadines,VCT,Access to electricity (% of total population),EG.ELC.ACCS.ZS,99.7,100.0,100.0,100.0,100.0,100.0,100.0,100.0,100.0,
St. Vincent and the Grenadines,VCT,Population growth (annual %),SP.POP.GROW,-0.572879410655285,-0.647135439549124,-0.699944450029761,-0.725995928811949,-0.617259161571258,-0.663868269423874,-0.776041417794061,-0.711025816110263,-0.700214310937747,-0.690139370317183
St. Vincent and the Grenadines,VCT,energy_poverty_electricity_rural (% of rural population),EG.ELC.ACCS.RU.ZS,100.0,100.0,100.0,100.0,100.0,100.0,100.0,100.0,100.0,
St. Vincent and the Grenadines,VCT,energy_poverty_electricity_urban (% of urban population),EG.ELC.ACCS.UR.ZS,96.8,97.4,100.0,100.0,100.0,99.8,100.0,100.0,100.0,
Sub-Saharan Africa,SSF,Access to Clean Fuels and Technologies for cooking (% of total population),EG.CFT.ACCS.ZS,15.7051433783253,16.5936651993477,17.6085362866856,18.7415300243425,19.8365435111527,20.9047114563922,21.9157719504333,22.761396231097,,
Sub-Saharan Africa,SSF,Access to electricity (% of total population),EG.ELC.ACCS.ZS,43.8283095558868,43.7599451875648,46.4140889472825,47.1934897675941,48.5408462612868,50.6526785971142,51.5078310982515,53.2507689805499,55.1103542559,
Sub-Saharan Africa,SSF,Population growth (annual %),SP.POP.GROW,2.64913137238487,2.63028429729826,2.64813725378739,2.60516152659926,2.57199901173513,2.53042768655601,2.48277688054378,2.46269453367738,2.44264156497122,2.42913202460595
Sub-Saharan Africa,SSF,energy_poverty_electricity_rural (% of rural population),EG.ELC.ACCS.RU.ZS,25.3331364484408,24.5654860354815,27.3017065552533,28.0923542652665,28.8215748340143,30.4129569040906,30.9411284005143,33.070978820353,35.6988497074765,
Sub-Saharan Africa,SSF,energy_poverty_electricity_urban (% of urban population),EG.ELC.ACCS.UR.ZS,75.3636300614231,76.746758545666,75.9488454478068,77.6822436066465,78.6824696145285,81.1004053787943,81.3618439269297,82.6601862366762,82.8747426326454,
Sub-Saharan Africa (IDA & IBRD countries),TSS,Access to Clean Fuels and Technologies for cooking (% of total population),EG.CFT.ACCS.ZS,15.7051433783253,16.5936651993477,17.6085362866855,18.7415300243425,19.8365435111527,20.9047114563922,21.9157719504333,22.761396231097,,
Sub-Saharan Africa (IDA & IBRD countries),TSS,Access to electricity (% of total population),EG.ELC.ACCS.ZS,43.8283095558868,43.7599451875648,46.4140889472825,47.1934897675941,48.5408462612868,50.6526785971142,51.5078310982515,53.2507689805499,55.1103542559,
Sub-Saharan Africa (IDA & IBRD countries),TSS,Population growth (annual %),SP.POP.GROW,2.64913137238487,2.63028429729826,2.64813725378739,2.60516152659926,2.57199901173513,2.53042768655601,2.48277688054378,2.46269453367738,2.44264156497122,2.42913202460595
Sub-Saharan Africa (IDA & IBRD countries),TSS,energy_poverty_electricity_rural (% of rural population),EG.ELC.ACCS.RU.ZS,25.3331364484408,24.5654860354815,27.3017065552533,28.0923542652665,28.8215748340143,30.4129569040906,30.9411284005143,33.070978820353,35.6988497074766,
Sub-Saharan Africa (IDA & IBRD countries),TSS,energy_poverty_electricity_urban (% of urban population),EG.ELC.ACCS.UR.ZS,75.3636300614231,76.746758545666,75.9488454478068,77.6822436066465,78.6824696145285,81.1004053787944,81.3618439269297,82.6601862366763,82.8747426326454,
Sub-Saharan Africa (excluding high income),SSA,Access to Clean Fuels and Technologies for cooking (% of total population),EG.CFT.ACCS.ZS,15.6975576012397,16.586264202437,17.6013481474622,18.7345614426566,19.8297859635877,20.8981580058805,21.9081497468218,22.7540464456045,,
Sub-Saharan Africa (excluding high income),SSA,Access to electricity (% of total population),EG.ELC.ACCS.ZS,43.8232546101961,43.7549547695956,46.4094139121308,47.1889611753106,48.5365084034364,50.6485899183237,51.5030975279241,53.2463204690134,55.1061307522528,
Sub-Saharan Africa (excluding high income),SSA,Population growth (annual %),SP.POP.GROW,2.64925017265166,2.63040996144115,2.64828628995291,2.60531006556233,2.57214511042028,2.53057187220254,2.48130101186999,2.4629403357372,2.44274860744435,2.42925369746173
Sub-Saharan Africa (excluding high income),SSA,energy_poverty_electricity_rural (% of rural population),EG.ELC.ACCS.RU.ZS,25.3262584092796,24.558430163363,27.2954460992132,28.085952480857,28.815525895094,30.4071418021971,30.9344710058911,33.0646580196281,35.6929065772948,
Sub-Saharan Africa (excluding high income),SSA,energy_poverty_electricity_urban (% of urban population),EG.ELC.ACCS.UR.ZS,75.3612491574941,76.7445574139907,75.9466209092748,77.6802242104365,78.680581990611,81.0987677001471,81.3599505727214,82.658481124009,82.8730897595907,
Sudan,SDN,Access to Clean Fuels and Technologies for cooking (% of total population),EG.CFT.ACCS.ZS,51.85,55.2,57.6,60.8,63.4,65.7,68.2,70.55,,
Sudan,SDN,Access to electricity (% of total population),EG.ELC.ACCS.ZS,50.5,53.0,55.3,57.6,59.7,61.8,63.2,66.0,66.0,
Sudan,SDN,Population growth (annual %),SP.POP.GROW,3.04008474256183,3.46430091592296,3.48828675547566,2.93537902352139,2.6882512565735,2.6941220236505,2.70189520043666,1.32652175747925,0.808373216038761,2.3763155422004
Sudan,SDN,energy_poverty_electricity_rural (% of rural population),EG.ELC.ACCS.RU.ZS,35.8,38.8,41.7,44.4,46.9,49.4,49.5,54.0,54.2,
Sudan,SDN,energy_poverty_electricity_urban (% of urban population),EG.ELC.ACCS.UR.ZS,78.9,80.0,81.1,82.2,83.2,84.2,84.0,87.0,87.9,
Suriname,SUR,Access to Clean Fuels and Technologies for cooking (% of total population),EG.CFT.ACCS.ZS,92.4,93.2,93.7,94.2,94.6,95.1,95.4,95.7,,
Suriname,SUR,Access to electricity (% of total population),EG.ELC.ACCS.ZS,95.8,96.6,97.4,97.9,98.4,98.8,99.0,99.6,99.0,
Suriname,SUR,Population growth (annual %),SP.POP.GROW,1.04842483742266,1.00824404428043,0.972162135207174,1.03794155144619,1.07530477821816,0.907003624018977,0.848956801428746,0.914027369002208,0.877853398525397,0.850523968746845
Suriname,SUR,energy_poverty_electricity_rural (% of rural population),EG.ELC.ACCS.RU.ZS,90.4,92.3,94.3,95.4,96.5,97.5,98.0,98.8,97.1,
Suriname,SUR,energy_poverty_electricity_urban (% of urban population),EG.ELC.ACCS.UR.ZS,98.6,98.8,99.0,99.2,99.4,99.5,100.0,100.0,100.0,
Sweden,SWE,Access to Clean Fuels and Technologies for cooking (% of total population),EG.CFT.ACCS.ZS,100.0,100.0,100.0,100.0,100.0,100.0,100.0,100.0,,
Sweden,SWE,Access to electricity (% of total population),EG.ELC.ACCS.ZS,100.0,100.0,100.0,100.0,100.0,100.0,100.0,100.0,100.0,
Sweden,SWE,Population growth (annual %),SP.POP.GROW,1.25645398510305,1.34744505956262,1.16164515996039,1.01372226345511,0.722703912882934,0.600591532839468,0.68058286829853,0.472717863265105,0.313432129983607,0.254281358853672
Sweden,SWE,energy_poverty_electricity_rural (% of rural population),EG.ELC.ACCS.RU.ZS,100.0,100.0,100.0,100.0,100.0,100.0,100.0,100.0,100.0,
Sweden,SWE,energy_poverty_electricity_urban (% of urban population),EG.ELC.ACCS.UR.ZS,100.0,100.0,100.0,100.0,100.0,100.0,100.0,100.0,100.0,
Switzerland,CHE,Access to Clean Fuels and Technologies for cooking (% of total population),EG.CFT.ACCS.ZS,100.0,100.0,100.0,100.0,100.0,100.0,100.0,100.0,,
Switzerland,CHE,Access to electricity (% of total population),EG.ELC.ACCS.ZS,100.0,100.0,100.0,100.0,100.0,100.0,100.0,100.0,100.0,
Switzerland,CHE,Population growth (annual %),SP.POP.GROW,1.09203117387253,0.933155888738653,0.736633975172522,0.713313668444329,0.730676195047382,0.765501039496593,0.829927183900371,1.26498425447772,1.30500749907811,0.95982517858888
Switzerland,CHE,energy_poverty_electricity_rural (% of rural population),EG.ELC.ACCS.RU.ZS,100.0,100.0,100.0,100.0,100.0,100.0,100.0,100.0,100.0,
Switzerland,CHE,energy_poverty_electricity_urban (% of urban population),EG.ELC.ACCS.UR.ZS,100.0,100.0,100.0,100.0,100.0,100.0,100.0,100.0,100.0,
Syrian Arab Republic,SYR,Access to Clean Fuels and Technologies for cooking (% of total population),EG.CFT.ACCS.ZS,95.6,95.05,94.3,93.2,92.4,91.1,90.1,88.8,,
Syrian Arab Republic,SYR,Access to electricity (% of total population),EG.ELC.ACCS.ZS,89.8,89.6,86.0,89.2,89.0,88.8,89.0,88.4,89.3,
Syrian Arab Republic,SYR,Population growth (annual %),SP.POP.GROW,-1.19521490586433,0.160516443980316,1.82043236963093,3.88559879868016,3.36188761247899,2.71541292038855,3.78051313340953,4.91861526815481,4.46809539676654,3.76901619394327
Syrian Arab Republic,SYR,energy_poverty_electricity_rural (% of rural population),EG.ELC.ACCS.RU.ZS,78.4,77.7,69.5,76.2,75.4,74.5,75.0,72.8,61.6,
Syrian Arab Republic,SYR,energy_poverty_electricity_urban (% of urban population),EG.ELC.ACCS.UR.ZS,100.0,100.0,100.0,100.0,100.0,100.0,100.0,100.0,100.0,
Tajikistan,TJK,Access to Clean Fuels and Technologies for cooking (% of total population),EG.CFT.ACCS.ZS,79.7,81.2,82.35,83.8,84.8,85.8,86.9,87.9,,
Tajikistan,TJK,Access to electricity (% of total population),EG.ELC.ACCS.ZS,99.3,99.3,99.3,99.4,99.5,99.6,100.0,100.0,99.9,
Tajikistan,TJK,Population growth (annual %),SP.POP.GROW,2.53351872618566,2.45467083241302,2.40737599740749,2.36385658944468,2.27553632959872,2.20738922074721,2.13728529423458,2.01812009749216,1.91732317936133,1.83193545840317
Tajikistan,TJK,energy_poverty_electricity_rural (% of rural population),EG.ELC.ACCS.RU.ZS,99.2,99.3,99.3,99.6,99.7,99.8,100.0,100.0,99.9,
Tajikistan,TJK,energy_poverty_electricity_urban (% of urban population),EG.ELC.ACCS.UR.ZS,99.3,99.2,99.2,99.1,99.0,98.9,99.0,100.0,99.9,
Tanzania,TZA,Access to Clean Fuels and Technologies for cooking (% of total population),EG.CFT.ACCS.ZS,4.0,4.6,5.4,6.0,6.9,7.8,8.7,9.8,,
Tanzania,TZA,Access to electricity (% of total population),EG.ELC.ACCS.ZS,32.8,32.1,34.9,37.7,39.9,42.7,45.8,48.3,52.4,
Tanzania,TZA,Population growth (annual %),SP.POP.GROW,3.40729531415315,3.3414302210835,3.15572113764533,2.98060939385811,2.99305168844906,3.00113934816488,2.95046658393064,2.90250073555304,2.87426672866542,2.85515014149945
Tanzania,TZA,energy_poverty_electricity_rural (% of rural population),EG.ELC.ACCS.RU.ZS,17.3,16.0,18.1,19.0,22.0,23.3,36.0,27.9,33.7,
Tanzania,TZA,energy_poverty_electricity_urban (% of urban population),EG.ELC.ACCS.UR.ZS,65.3,64.8,67.9,73.2,72.9,77.3,74.7,82.4,85.2,
Thailand,THA,Access to Clean Fuels and Technologies for cooking (% of total population),EG.CFT.ACCS.ZS,80.0,81.1,82.0,83.2,84.4,85.2,86.0,86.8,,
Thailand,THA,Access to electricity (% of total population),EG.ELC.ACCS.ZS,99.9,99.9,99.8,99.9,100.0,100.0,99.9,100.0,100.0,
Thailand,THA,Population growth (annual %),SP.POP.GROW,0.451266062797186,0.422963510133952,0.302929452489855,0.204609851692418,0.166540794566251,0.119758274714782,0.0111485454856964,-0.0458651887192549,-0.0480210554154485,-0.0672045728198196
Thailand,THA,energy_poverty_electricity_rural (% of rural population),EG.ELC.ACCS.RU.ZS,99.9,99.9,99.7,99.9,100.0,100.0,100.0,100.0,100.0,
Thailand,THA,energy_poverty_electricity_urban (% of urban population),EG.ELC.ACCS.UR.ZS,99.9,99.9,99.9,99.9,99.8,99.8,100.0,100.0,100.0,
Timor-Leste,TLS,Access to Clean Fuels and Technologies for cooking (% of total population),EG.CFT.ACCS.ZS,9.9,11.2,12.4,13.6,14.9,16.3,17.8,19.1,,
Timor-Leste,TLS,Access to electricity (% of total population),EG.ELC.ACCS.ZS,76.5,79.5,85.2,90.6,96.0,100.0,99.7,100.0,94.3,
Timor-Leste,TLS,Population growth (annual %),SP.POP.GROW,1.90525943887907,1.88641549739516,1.91930286555216,1.93928707188808,1.91159373351817,1.80006893139932,1.40884587356384,1.08884743970717,1.17433638550192,1.26841125849065
Timor-Leste,TLS,energy_poverty_electricity_rural (% of rural population),EG.ELC.ACCS.RU.ZS,67.2,70.9,78.8,86.5,94.2,100.0,100.0,100.0,92.1,
Timor-Leste,TLS,energy_poverty_electricity_urban (% of urban population),EG.ELC.ACCS.UR.ZS,98.4,99.4,99.7,100.0,100.0,100.0,100.0,100.0,100.0,
Togo,TGO,Access to Clean Fuels and Technologies for cooking (% of total population),EG.CFT.ACCS.ZS,7.5,8.1,9.0,9.7,10.6,11.4,12.3,13.2,,
Togo,TGO,Access to electricity (% of total population),EG.ELC.ACCS.ZS,46.8,48.0,50.0,52.5,54.1,55.7,57.2,59.2,61.1,
Togo,TGO,Population growth (annual %),SP.POP.GROW,1.81308919594096,1.70055326010166,1.81055738571426,2.14516244090598,2.18244940997049,1.88405259258743,1.65504210377245,1.90565010531245,2.197364628925,2.17758924189303
Togo,TGO,energy_poverty_electricity_rural (% of rural population),EG.ELC.ACCS.RU.ZS,21.0,19.5,26.3,23.9,24.3,24.7,25.9,30.5,33.9,
Togo,TGO,energy_poverty_electricity_urban (% of urban population),EG.ELC.ACCS.UR.ZS,84.4,88.8,83.1,91.6,94.0,96.3,96.5,95.0,96.0,
Tonga,TON,Access to Clean Fuels and Technologies for cooking (% of total population),EG.CFT.ACCS.ZS,75.95,78.5,81.0,83.2,85.2,87.0,88.6,90.1,,
Tonga,TON,Access to electricity (% of total population),EG.ELC.ACCS.ZS,97.0,98.2,99.0,98.4,99.9,100.0,100.0,100.0,100.0,
Tonga,TON,Population growth (annual %),SP.POP.GROW,-0.539650395978897,-0.159332355407353,0.20007307916608,0.09657445504329,0.0331168127621577,-0.202657341819835,-0.425589151486705,-0.424539964766316,-0.404269322267007,-0.416512960445247
Tonga,TON,energy_poverty_electricity_rural (% of rural population),EG.ELC.ACCS.RU.ZS,96.5,97.8,98.8,97.9,99.8,100.0,100.0,100.0,100.0,
Tonga,TON,energy_poverty_electricity_urban (% of urban population),EG.ELC.ACCS.UR.ZS,98.6,99.6,99.8,100.0,100.0,100.0,100.0,100.0,100.0,
Trinidad and Tobago,TTO,Access to Clean Fuels and Technologies for cooking (% of total population),EG.CFT.ACCS.ZS,100.0,100.0,100.0,100.0,100.0,100.0,100.0,100.0,,
Trinidad and Tobago,TTO,Access to electricity (% of total population),EG.ELC.ACCS.ZS,100.0,100.0,100.0,100.0,100.0,100.0,100.0,98.7,100.0,
Trinidad and Tobago,TTO,Population growth (annual %),SP.POP.GROW,0.312772812072739,0.202027127649021,0.18852465203732,0.351942101931713,0.200680476473799,0.0609300519200696,-0.128266918103601,0.124756950526578,0.0601642729371072,-0.0415920932776015
Trinidad and Tobago,TTO,energy_poverty_electricity_rural (% of rural population),EG.ELC.ACCS.RU.ZS,100.0,100.0,100.0,100.0,100.0,100.0,100.0,98.0,100.0,
Trinidad and Tobago,TTO,energy_poverty_electricity_urban (% of urban population),EG.ELC.ACCS.UR.ZS,100.0,100.0,100.0,100.0,100.0,100.0,100.0,99.3,100.0,
Tunisia,TUN,Access to Clean Fuels and Technologies for cooking (% of total population),EG.CFT.ACCS.ZS,99.8,99.9,99.9,99.9,99.9,99.9,99.9,99.9,,
Tunisia,TUN,Access to electricity (% of total population),EG.ELC.ACCS.ZS,100.0,100.0,99.8,100.0,99.9,99.9,100.0,100.0,100.0,
Tunisia,TUN,Population growth (annual %),SP.POP.GROW,1.10253911569433,1.05116025482594,0.982378425356264,0.926946081730267,0.830022185577052,0.620790374510459,0.585173208533683,0.666925034776371,0.626519256572759,0.580403828948731
Tunisia,TUN,energy_poverty_electricity_rural (% of rural population),EG.ELC.ACCS.RU.ZS,100.0,100.0,99.6,100.0,99.7,99.7,100.0,100.0,100.0,
Tunisia,TUN,energy_poverty_electricity_urban (% of urban population),EG.ELC.ACCS.UR.ZS,100.0,100.0,99.9,100.0,100.0,100.0,100.0,100.0,100.0,
Turkiye,TUR,Access to Clean Fuels and Technologies for cooking (% of total population),EG.CFT.ACCS.ZS,95.0,95.1,95.2,95.1,95.3,95.3,95.3,95.3,,
Turkiye,TUR,Access to electricity (% of total population),EG.ELC.ACCS.ZS,100.0,100.0,100.0,100.0,100.0,100.0,100.0,100.0,100.0,
Turkiye,TUR,Population growth (annual %),SP.POP.GROW,1.34542593504869,1.29675571220462,1.35360298648434,1.42969688109789,0.970386031353162,0.910444902564511,0.984586244469359,0.406389351118662,0.225580501096507,0.419954927193433
Turkiye,TUR,energy_poverty_electricity_rural (% of rural population),EG.ELC.ACCS.RU.ZS,100.0,100.0,100.0,100.0,100.0,100.0,100.0,100.0,100.0,
Turkiye,TUR,energy_poverty_electricity_urban (% of urban population),EG.ELC.ACCS.UR.ZS,100.0,100.0,100.0,100.0,100.0,100.0,100.0,100.0,100.0,
Turkmenistan,TKM,Access to Clean Fuels and Technologies for cooking (% of total population),EG.CFT.ACCS.ZS,99.9,99.9,99.9,99.9,99.9,99.9,99.8,99.8,,
Turkmenistan,TKM,Access to electricity (% of total population),EG.ELC.ACCS.ZS,100.0,100.0,100.0,99.9,100.0,100.0,100.0,100.0,100.0,
Turkmenistan,TKM,Population growth (annual %),SP.POP.GROW,2.2945212778352,2.28530711165221,2.25592915498978,2.20552575085177,2.12265535789649,2.02444537373143,1.92922787802207,1.83970100027524,1.75064111797897,1.64558945876185
Turkmenistan,TKM,energy_poverty_electricity_rural (% of rural population),EG.ELC.ACCS.RU.ZS,100.0,100.0,100.0,99.9,100.0,100.0,100.0,100.0,100.0,
Turkmenistan,TKM,energy_poverty_electricity_urban (% of urban population),EG.ELC.ACCS.UR.ZS,100.0,100.0,100.0,99.9,100.0,100.0,100.0,100.0,100.0,
Turks and Caicos Islands,TCA,Access to electricity (% of total population),EG.ELC.ACCS.ZS,100.0,100.0,100.0,100.0,99.4,100.0,99.9,100.0,100.0,
Turks and Caicos Islands,TCA,Population growth (annual %),SP.POP.GROW,4.56566213237616,4.08606209437612,4.04120189777229,3.79390439929271,2.78709560637585,1.91238576461203,1.32618037626777,0.762674129802692,0.726821053031156,0.685300893811321
Turks and Caicos Islands,TCA,energy_poverty_electricity_rural (% of rural population),EG.ELC.ACCS.RU.ZS,100.0,100.0,100.0,100.0,100.0,100.0,100.0,100.0,100.0,
Turks and Caicos Islands,TCA,energy_poverty_electricity_urban (% of urban population),EG.ELC.ACCS.UR.ZS,100.0,100.0,100.0,100.0,100.0,100.0,100.0,100.0,100.0,
Tuvalu,TUV,Access to Clean Fuels and Technologies for cooking (% of total population),EG.CFT.ACCS.ZS,69.4,71.3,73.5,73.95,75.0,76.4,76.75,77.0,,
Tuvalu,TUV,Access to electricity (% of total population),EG.ELC.ACCS.ZS,97.3,98.7,99.0,99.7,99.4,99.7,100.0,100.0,100.0,
Tuvalu,TUV,Population growth (annual %),SP.POP.GROW,-0.301466450395575,-0.559660160739733,-1.09159270779589,-1.59388335810663,-1.73502922439289,-1.99103357602457,-2.00145390945735,-1.77710654146662,-1.74703857618302,-1.6093983073263
Tuvalu,TUV,energy_poverty_electricity_rural (% of rural population),EG.ELC.ACCS.RU.ZS,93.8,97.0,97.4,99.5,98.4,99.1,99.1,100.0,100.0,
Tuvalu,TUV,energy_poverty_electricity_urban (% of urban population),EG.ELC.ACCS.UR.ZS,99.6,99.8,99.9,99.8,100.0,100.0,100.0,100.0,100.0,
Uganda,UGA,Access to Clean Fuels and Technologies for cooking (% of total population),EG.CFT.ACCS.ZS,1.1,1.1,1.2,1.3,1.4,1.5,1.6,1.8,,
Uganda,UGA,Access to electricity (% of total population),EG.ELC.ACCS.ZS,26.7,32.4,41.9,41.3,42.1,45.2,47.1,51.5,55.3,
Uganda,UGA,Population growth (annual %),SP.POP.GROW,3.32192491389275,3.49059590870242,3.39741097582772,3.39132142318772,3.33341751069644,3.21773661761443,3.00759449042677,2.80083228962433,2.75373170025335,2.70194383324801
Uganda,UGA,energy_poverty_electricity_rural (% of rural population),EG.ELC.ACCS.RU.ZS,17.7,23.0,32.5,31.8,32.8,35.9,35.9,42.4,44.8,
Uganda,UGA,energy_poverty_electricity_urban (% of urban population),EG.ELC.ACCS.UR.ZS,57.5,63.4,72.0,70.8,70.1,72.3,72.0,76.4,78.3,
Ukraine,UKR,Access to Clean Fuels and Technologies for cooking (% of total population),EG.CFT.ACCS.ZS,95.1,95.1,95.1,95.1,95.3,95.1,95.1,94.9,,
Ukraine,UKR,Access to electricity (% of total population),EG.ELC.ACCS.ZS,100.0,100.0,100.0,100.0,100.0,100.0,100.0,100.0,100.0,
Ukraine,UKR,Population growth (annual %),SP.POP.GROW,-0.36774838525265,-0.397112648136029,-0.501151978990809,-0.557746010589576,-0.619037730087783,-0.857231073467664,-7.61932022603164,-8.42300777431605,0.33702862573394,2.91573569457478
Ukraine,UKR,energy_poverty_electricity_rural (% of rural population),EG.ELC.ACCS.RU.ZS,100.0,100.0,100.0,100.0,100.0,100.0,100.0,100.0,100.0,
Ukraine,UKR,energy_poverty_electricity_urban (% of urban population),EG.ELC.ACCS.UR.ZS,100.0,100.0,100.0,100.0,100.0,100.0,100.0,100.0,100.0,
United Arab Emirates,ARE,Access to Clean Fuels and Technologies for cooking (% of total population),EG.CFT.ACCS.ZS,100.0,100.0,100.0,100.0,100.0,100.0,100.0,100.0,,
United Arab Emirates,ARE,Access to electricity (% of total population),EG.ELC.ACCS.ZS,100.0,100.0,100.0,100.0,100.0,100.0,100.0,100.0,100.0,
United Arab Emirates,ARE,Population growth (annual %),SP.POP.GROW,4.93046894788046,3.17379785893425,1.32986873264335,1.0545163442516,-0.474850154644905,1.83513009029147,5.08834153373914,3.97717097504667,4.68316095317394,4.68316292656212
United Arab Emirates,ARE,energy_poverty_electricity_rural (% of rural population),EG.ELC.ACCS.RU.ZS,100.0,100.0,100.0,100.0,100.0,100.0,100.0,100.0,100.0,
United Arab Emirates,ARE,energy_poverty_electricity_urban (% of urban population),EG.ELC.ACCS.UR.ZS,100.0,100.0,100.0,100.0,100.0,100.0,100.0,100.0,100.0,
United Kingdom,GBR,Access to Clean Fuels and Technologies for cooking (% of total population),EG.CFT.ACCS.ZS,100.0,100.0,100.0,100.0,100.0,100.0,100.0,100.0,,
United Kingdom,GBR,Access to electricity (% of total population),EG.ELC.ACCS.ZS,100.0,100.0,100.0,100.0,100.0,100.0,100.0,100.0,100.0,
United Kingdom,GBR,Population growth (annual %),SP.POP.GROW,0.794231868922694,0.544198348436919,0.48846608680317,0.513111008030604,0.167956370836665,0.355973393742215,0.977617841553254,1.30728496203423,1.09574630336216,0.296898638478743
United Kingdom,GBR,energy_poverty_electricity_rural (% of rural population),EG.ELC.ACCS.RU.ZS,100.0,100.0,100.0,100.0,100.0,100.0,100.0,100.0,100.0,
United Kingdom,GBR,energy_poverty_electricity_urban (% of urban population),EG.ELC.ACCS.UR.ZS,100.0,100.0,100.0,100.0,100.0,100.0,99.9,100.0,100.0,
United States,USA,Access to Clean Fuels and Technologies for cooking (% of total population),EG.CFT.ACCS.ZS,100.0,100.0,100.0,100.0,100.0,100.0,100.0,100.0,,
United States,USA,Access to electricity (% of total population),EG.ELC.ACCS.ZS,100.0,100.0,100.0,100.0,100.0,100.0,100.0,100.0,100.0,
United States,USA,Population growth (annual %),SP.POP.GROW,0.785625485688815,0.692906252591617,0.586433075122573,0.515108555014533,0.408543376643957,0.157323851413364,0.569329881519084,0.822589035790284,0.960096778979565,0.522468081877868
United States,USA,energy_poverty_electricity_rural (% of rural population),EG.ELC.ACCS.RU.ZS,100.0,100.0,100.0,100.0,100.0,100.0,100.0,100.0,100.0,
United States,USA,energy_poverty_electricity_urban (% of urban population),EG.ELC.ACCS.UR.ZS,100.0,100.0,100.0,100.0,100.0,100.0,100.0,100.0,100.0,
Upper middle income,,Access to Clean Fuels and Technologies for cooking (% of total population),EG.CFT.ACCS.ZS,78.7598830679849,80.7249457185032,82.5379525703239,84.0538127341647,85.5834916970221,86.8053045240072,87.881479852804,88.8927334378369,,
Upper middle income,,Access to electricity (% of total population),EG.ELC.ACCS.ZS,98.7756878322756,98.9531126307269,99.0283931905422,99.1308662220903,99.1389999180209,99.3872057592045,99.3537615814474,99.392898640485,99.3152839959032,
Upper middle income,,Population growth (annual %),SP.POP.GROW,0.845665537032691,0.839963610203264,0.781640672917611,0.700281374828841,0.576283874965047,0.443111035197472,0.293068436871359,0.249719323418953,0.343160938123363,0.340736903610036
Upper middle income,,energy_poverty_electricity_rural (% of rural population),EG.ELC.ACCS.RU.ZS,97.7177141990371,98.1452178125868,98.2605969863544,98.4532893766934,98.4870943084416,99.1208987925646,98.8647103956832,99.1925824813825,98.458382164001,
Upper middle income,,energy_poverty_electricity_urban (% of urban population),EG.ELC.ACCS.UR.ZS,99.5304136971687,99.5547743530482,99.5827197762788,99.6194337966094,99.5957417305122,99.6312619372155,99.6361051801072,99.8370070609505,99.7955126664057,
Uruguay,URY,Access to Clean Fuels and Technologies for cooking (% of total population),EG.CFT.ACCS.ZS,100.0,100.0,100.0,100.0,100.0,100.0,100.0,100.0,,
Uruguay,URY,Access to electricity (% of total population),EG.ELC.ACCS.ZS,99.7,99.8,99.8,99.9,100.0,100.0,100.0,100.0,100.0,
Uruguay,URY,Population growth (annual %),SP.POP.GROW,0.333941294134426,0.270549143036717,0.179744266709225,0.0786838170441181,0.0518527053450753,-0.0668956092956434,-0.170369337727093,-0.0835522251458198,-0.0440759548302792,-0.0561194093953689
Uruguay,URY,energy_poverty_electricity_rural (% of rural population),EG.ELC.ACCS.RU.ZS,100.0,100.0,100.0,100.0,100.0,100.0,100.0,100.0,99.3,
Uruguay,URY,energy_poverty_electricity_urban (% of urban population),EG.ELC.ACCS.UR.ZS,99.8,99.8,99.8,99.9,100.0,100.0,100.0,100.0,100.0,
Uzbekistan,UZB,Access to Clean Fuels and Technologies for cooking (% of total population),EG.CFT.ACCS.ZS,83.4,83.2,82.25,81.95,80.7,79.8,79.0,78.1,,
Uzbekistan,UZB,Access to electricity (% of total population),EG.ELC.ACCS.ZS,99.9,100.0,100.0,100.0,100.0,99.9,100.0,100.0,100.0,
Uzbekistan,UZB,Population growth (annual %),SP.POP.GROW,1.7256215086876,1.69442489458676,1.72706882389247,1.80974442927918,1.86830671569358,1.9382099918182,2.00999064709715,2.02114614047908,1.97065383660565,1.88404754637167
Uzbekistan,UZB,energy_poverty_electricity_rural (% of rural population),EG.ELC.ACCS.RU.ZS,99.9,99.9,100.0,100.0,100.0,99.8,100.0,100.0,100.0,
Uzbekistan,UZB,energy_poverty_electricity_urban (% of urban population),EG.ELC.ACCS.UR.ZS,100.0,100.0,100.0,100.0,100.0,100.0,100.0,100.0,100.0,
Vanuatu,VUT,Access to Clean Fuels and Technologies for cooking (% of total population),EG.CFT.ACCS.ZS,14.3,14.8,15.5,16.1,17.2,18.1,19.3,20.6,,
Vanuatu,VUT,Access to electricity (% of total population),EG.ELC.ACCS.ZS,57.8,62.8,61.6,64.5,67.3,70.0,70.0,61.6,65.5,
Vanuatu,VUT,Population growth (annual %),SP.POP.GROW,2.22459321328248,2.3321325606252,2.39543458138902,2.33048915705222,2.32661131084294,2.31850921412366,2.31965082626492,2.32481600892244,2.27351944261437,2.23013831174813
Vanuatu,VUT,energy_poverty_electricity_rural (% of rural population),EG.ELC.ACCS.RU.ZS,46.6,53.0,50.9,54.3,57.5,60.7,60.8,54.0,58.5,
Vanuatu,VUT,energy_poverty_electricity_urban (% of urban population),EG.ELC.ACCS.UR.ZS,91.4,91.9,93.3,94.5,95.8,97.0,97.0,87.5,90.1,
"Venezuela, RB",VEN,Access to Clean Fuels and Technologies for cooking (% of total population),EG.CFT.ACCS.ZS,95.8,95.5,95.4,94.9,94.55,94.4,93.9,93.5,,
"Venezuela, RB",VEN,Access to electricity (% of total population),EG.ELC.ACCS.ZS,99.4,99.2,99.9,99.8,99.9,100.0,100.0,100.0,100.0,
"Venezuela, RB",VEN,Population growth (annual %),SP.POP.GROW,0.62520243689416,-0.653495206896492,-2.51030049026678,-2.96041293052007,-1.72190477685565,-0.727752243229035,-0.087895947265923,0.310851368612458,0.369232130679939,0.39124515392802
"Venezuela, RB",VEN,energy_poverty_electricity_rural (% of rural population),EG.ELC.ACCS.RU.ZS,94.9,93.2,99.0,98.7,99.3,99.9,100.0,100.0,100.0,
"Venezuela, RB",VEN,energy_poverty_electricity_urban (% of urban population),EG.ELC.ACCS.UR.ZS,100.0,100.0,100.0,100.0,100.0,100.0,100.0,100.0,100.0,
Viet Nam,VNM,Access to Clean Fuels and Technologies for cooking (% of total population),EG.CFT.ACCS.ZS,84.4,88.6,91.7,94.1,95.9,97.2,98.1,98.7,,
Viet Nam,VNM,Access to electricity (% of total population),EG.ELC.ACCS.ZS,99.2,100.0,100.0,99.4,99.8,100.0,100.0,99.8,100.0,
Viet Nam,VNM,Population growth (annual %),SP.POP.GROW,1.25988366517733,1.24420473643635,1.10791395242199,0.968366698803348,0.927434295850725,0.868883560805873,0.750756665157789,0.671429250652247,0.631267006487247,0.603044839155161
Viet Nam,VNM,energy_poverty_electricity_rural (% of rural population),EG.ELC.ACCS.RU.ZS,98.8,100.0,100.0,99.1,99.7,100.0,100.0,99.8,100.0,
Viet Nam,VNM,energy_poverty_electricity_urban (% of urban population),EG.ELC.ACCS.UR.ZS,100.0,100.0,100.0,100.0,99.9,100.0,100.0,100.0,100.0,
Virgin Islands (U.S.),VIR,Access to electricity (% of total population),EG.ELC.ACCS.ZS,100.0,100.0,100.0,100.0,100.0,100.0,100.0,100.0,100.0,
Virgin Islands (U.S.),VIR,Population growth (annual %),SP.POP.GROW,-0.182132486647949,-0.218811336994337,-0.261338011929093,-0.310759832621892,-0.35593743409178,-0.395928119020198,-0.432595819529278,-0.471640678399366,-0.516021671191835,-0.562044819338406
Virgin Islands (U.S.),VIR,energy_poverty_electricity_rural (% of rural population),EG.ELC.ACCS.RU.ZS,100.0,100.0,100.0,100.0,100.0,100.0,100.0,100.0,100.0,
Virgin Islands (U.S.),VIR,energy_poverty_electricity_urban (% of urban population),EG.ELC.ACCS.UR.ZS,100.0,100.0,100.0,100.0,100.0,100.0,100.0,100.0,100.0,
West Bank and Gaza,PSE,Access to electricity (% of total population),EG.ELC.ACCS.ZS,100.0,99.9,100.0,100.0,100.0,100.0,100.0,100.0,100.0,
West Bank and Gaza,PSE,Population growth (annual %),SP.POP.GROW,2.24610527580178,1.98868634871278,2.5330114844554,2.51178246264674,2.48654993848325,2.45703865277568,2.42553777623863,2.39326476511584,2.36027908447521,2.32556364928187
West Bank and Gaza,PSE,energy_poverty_electricity_rural (% of rural population),EG.ELC.ACCS.RU.ZS,100.0,99.6,100.0,100.0,100.0,100.0,100.0,100.0,100.0,
West Bank and Gaza,PSE,energy_poverty_electricity_urban (% of urban population),EG.ELC.ACCS.UR.ZS,100.0,100.0,100.0,100.0,100.0,100.0,100.0,100.0,100.0,
World,WLD,Access to Clean Fuels and Technologies for cooking (% of total population),EG.CFT.ACCS.ZS,65.4027850677184,66.8675305485826,68.3299921154472,69.6959280065216,71.0667001168458,72.2836981445827,73.3664980176387,74.4314693135029,,
World,WLD,Access to electricity (% of total population),EG.ELC.ACCS.ZS,88.1080967238499,88.9357124003312,89.8011777019155,90.1089635853778,90.3995467820191,91.3385144099012,91.2817736699915,91.6034762480239,91.9264843853681,
World,WLD,Population growth (annual %),SP.POP.GROW,1.16421950591116,1.13020643248041,1.07605676712646,1.04700835294043,0.981397900581612,0.833112789177893,0.867263337143777,0.926690595591761,0.962423716684401,0.911303701154864
World,WLD,energy_poverty_electricity_rural (% of rural population),EG.ELC.ACCS.RU.ZS,79.1645819936555,80.8575292596875,81.9366171403556,82.6158530717673,82.9481576662001,84.4796396816111,84.0067645437043,84.4090302366377,84.8934296194104,
World,WLD,energy_poverty_electricity_urban (% of urban population),EG.ELC.ACCS.UR.ZS,96.9099577945191,97.1509053257643,97.0416994282643,97.2923827249024,97.264050872422,97.6449558410513,97.6500453915034,97.7827349245989,97.7613564357838,
"Yemen, Rep.",YEM,Access to Clean Fuels and Technologies for cooking (% of total population),EG.CFT.ACCS.ZS,55.8,55.0,54.1,52.7,51.3,50.1,48.8,47.3,,
"Yemen, Rep.",YEM,Access to electricity (% of total population),EG.ELC.ACCS.ZS,68.9,79.2,62.0,72.8,73.9,74.9,76.0,83.6,86.3,
"Yemen, Rep.",YEM,Population growth (annual %),SP.POP.GROW,3.00213847021681,3.01222786189552,2.96037896642737,2.96633475184571,2.87320414785733,2.74426152997255,2.87334358526139,3.00980765711571,2.98210396880689,2.8917915150724
"Yemen, Rep.",YEM,energy_poverty_electricity_rural (% of rural population),EG.ELC.ACCS.RU.ZS,55.6,71.4,,60.7,62.1,63.4,63.5,75.3,81.3,
"Yemen, Rep.",YEM,energy_poverty_electricity_urban (% of urban population),EG.ELC.ACCS.UR.ZS,93.0,93.0,85.0,93.1,93.1,93.1,96.1,96.1,95.0,
Zambia,ZMB,Access to Clean Fuels and Technologies for cooking (% of total population),EG.CFT.ACCS.ZS,13.3,12.8,12.1,11.5,10.9,10.2,9.7,9.2,,
Zambia,ZMB,Access to electricity (% of total population),EG.ELC.ACCS.ZS,35.4,40.3,40.2,43.0,44.6,46.7,47.8,51.1,53.6,
Zambia,ZMB,Population growth (annual %),SP.POP.GROW,3.09409054089327,3.06754137743233,3.0060186177754,2.96162166175699,2.9041649369132,2.81534240626742,2.76365042984169,2.79406758723844,2.81182258530958,2.77109662765952
Zambia,ZMB,energy_poverty_electricity_rural (% of rural population),EG.ELC.ACCS.RU.ZS,9.9,14.0,12.4,14.2,14.0,14.5,15.0,17.6,31.3,
Zambia,ZMB,energy_poverty_electricity_urban (% of urban population),EG.ELC.ACCS.UR.ZS,69.9,75.2,76.3,79.5,82.6,85.7,87.0,89.9,80.3,
Zimbabwe,ZWE,Access to Clean Fuels and Technologies for cooking (% of total population),EG.CFT.ACCS.ZS,29.9,29.9,30.1,30.1,30.3,30.3,30.5,30.7,,
Zimbabwe,ZWE,Access to electricity (% of total population),EG.ELC.ACCS.ZS,42.5,44.0,45.4,46.7,52.7,49.0,50.1,62.0,62.0,
Zimbabwe,ZWE,Population growth (annual %),SP.POP.GROW,1.38820029316449,1.44285382068925,1.48741637841697,1.56353351552455,1.65935280874134,1.72601114303872,1.7062092862652,1.67709591394986,1.7804822981922,1.88435182354047
Zimbabwe,ZWE,energy_poverty_electricity_rural (% of rural population),EG.ELC.ACCS.RU.ZS,21.9,24.2,26.4,28.3,37.1,31.6,33.7,51.4,46.6,
Zimbabwe,ZWE,energy_poverty_electricity_urban (% of urban population),EG.ELC.ACCS.UR.ZS,85.5,85.5,85.4,85.4,85.7,85.3,89.0,84.0,85.1,
