country,year,column,value,source,method,base_year,r_squared
Algeria,2016,Access to Clean Fuels and Technologies for cooking (% of total population),99.6,measured,source_ingest,2016.0,
Algeria,2016,Access to electricity (% of total population),99.4,measured,source_ingest,2016.0,
Algeria,2016,Population growth (annual %),2.05569111181654,measured,source_ingest,2016.0,
Algeria,2016,carbon_intensity_elec,636.4,measured,source_ingest,2016.0,
Algeria,2016,electricity_demand (TWh),70.79,measured,source_ingest,2016.0,
Algeria,2016,electricity_generation (TWh),71.04,measured,source_ingest,2016.0,
Algeria,2016,energy_poverty_electricity (% of total population),0.5999999999999943,derived,one_minus_access,2016.0,
Algeria,2016,energy_poverty_electricity_rural (% of rural population),1.7000000000000028,measured,source_ingest,2016.0,
Algeria,2016,energy_poverty_electricity_urban (% of urban population),0.09999999999999432,measured,source_ingest,2016.0,
Algeria,2016,energy_poverty_multidimensional (% of total population),0.5,measured,source_ingest,2016.0,
Algeria,2016,fossil_share_elec,99.521,measured,source_ingest,2016.0,
Algeria,2016,gdp,569170418715.0,measured,source_ingest,2016.0,
Algeria,2016,greenhouse_gas_emissions,45.21,measured,source_ingest,2016.0,
Algeria,2016,hydro_electricity,0.22,measured,source_ingest,2016.0,
Algeria,2016,low_carbon_share_elec,0.479,measured,source_ingest,2016.0,
Algeria,2016,population,40850719.0,measured,source_ingest,2016.0,
Algeria,2016,renewables_electricity,0.34,measured,source_ingest,2016.0,
Algeria,2016,renewables_share_elec,0.479,measured,source_ingest,2016.0,
Algeria,2016,solar_electricity,0.09,measured,source_ingest,2016.0,
Algeria,2016,wind_electricity,0.03,measured,source_ingest,2016.0,
Algeria,2017,Access to Clean Fuels and Technologies for cooking (% of total population),99.6,measured,source_ingest,2017.0,
Algeria,2017,Access to electricity (% of total population),99.5,measured,source_ingest,2017.0,
Algeria,2017,Population growth (annual %),2.03200060784518,measured,source_ingest,2017.0,
Algeria,2017,carbon_intensity_elec,634.15,measured,source_ingest,2017.0,
Algeria,2017,electricity_demand (TWh),75.73,measured,source_ingest,2017.0,
Algeria,2017,electricity_generation (TWh),76.07,measured,source_ingest,2017.0,
Algeria,2017,energy_poverty_electricity (% of total population),0.5,derived,one_minus_access,2017.0,
Algeria,2017,energy_poverty_electricity_rural (% of rural population),1.4000000000000057,measured,source_ingest,2017.0,
Algeria,2017,energy_poverty_electricity_urban (% of urban population),0.09999999999999432,measured,source_ingest,2017.0,
Algeria,2017,energy_poverty_multidimensional (% of total population),0.4500000000000028,measured,source_ingest,2017.0,
Algeria,2017,fossil_share_elec,99.159,measured,source_ingest,2017.0,
Algeria,2017,gdp,577138830559.0,measured,source_ingest,2017.0,
Algeria,2017,greenhouse_gas_emissions,48.24,measured,source_ingest,2017.0,
Algeria,2017,hydro_electricity,0.06,measured,source_ingest,2017.0,
Algeria,2017,low_carbon_share_elec,0.841,measured,source_ingest,2017.0,
Algeria,2017,population,41689302.0,measured,source_ingest,2017.0,
Algeria,2017,renewables_electricity,0.64,measured,source_ingest,2017.0,
Algeria,2017,renewables_share_elec,0.841,measured,source_ingest,2017.0,
Algeria,2017,solar_electricity,0.57,measured,source_ingest,2017.0,
Algeria,2017,wind_electricity,0.01,measured,source_ingest,2017.0,
Algeria,2018,Access to Clean Fuels and Technologies for cooking (% of total population),99.7,measured,source_ingest,2018.0,
Algeria,2018,Access to electricity (% of total population),99.6,measured,source_ingest,2018.0,
Algeria,2018,Population growth (annual %),1.93780623340147,measured,source_ingest,2018.0,
Algeria,2018,carbon_intensity_elec,632.7,measured,source_ingest,2018.0,
Algeria,2018,electricity_demand (TWh),76.66,measured,source_ingest,2018.0,
Algeria,2018,electricity_generation (TWh),76.75,measured,source_ingest,2018.0,
Algeria,2018,energy_poverty_electricity (% of total population),0.4000000000000057,derived,one_minus_access,2018.0,
Algeria,2018,energy_poverty_electricity_rural (% of rural population),1.0999999999999943,measured,source_ingest,2018.0,
Algeria,2018,energy_poverty_electricity_urban (% of urban population),0.09999999999999432,measured,source_ingest,2018.0,
Algeria,2018,energy_poverty_multidimensional (% of total population),0.3499999999999943,measured,source_ingest,2018.0,
Algeria,2018,fossil_share_elec,98.932,measured,source_ingest,2018.0,
Algeria,2018,gdp,584064441740.0,measured,source_ingest,2018.0,
Algeria,2018,greenhouse_gas_emissions,48.56,measured,source_ingest,2018.0,
Algeria,2018,hydro_electricity,0.12,measured,source_ingest,2018.0,
Algeria,2018,low_carbon_share_elec,1.068,measured,source_ingest,2018.0,
Algeria,2018,population,42505033.0,measured,source_ingest,2018.0,
Algeria,2018,renewables_electricity,0.82,measured,source_ingest,2018.0,
Algeria,2018,renewables_share_elec,1.068,measured,source_ingest,2018.0,
Algeria,2018,solar_electricity,0.69,measured,source_ingest,2018.0,
Algeria,2018,wind_electricity,0.01,measured,source_ingest,2018.0,
Algeria,2019,Access to Clean Fuels and Technologies for cooking (% of total population),99.7,measured,source_ingest,2019.0,
Algeria,2019,Access to electricity (% of total population),99.5,measured,source_ingest,2019.0,
Algeria,2019,Population growth (annual %),1.84041291439333,measured,source_ingest,2019.0,
Algeria,2019,carbon_intensity_elec,632.77,measured,source_ingest,2019.0,
Algeria,2019,electricity_demand (TWh),81.47,measured,source_ingest,2019.0,
Algeria,2019,electricity_generation (TWh),81.61,measured,source_ingest,2019.0,
Algeria,2019,energy_poverty_electricity (% of total population),0.5,derived,one_minus_access,2019.0,
Algeria,2019,energy_poverty_electricity_rural (% of rural population),1.2999999999999972,measured,source_ingest,2019.0,
Algeria,2019,energy_poverty_electricity_urban (% of urban population),0.20000000000000284,measured,source_ingest,2019.0,
Algeria,2019,energy_poverty_multidimensional (% of total population),0.4000000000000057,measured,source_ingest,2019.0,
Algeria,2019,fossil_share_elec,98.934,measured,source_ingest,2019.0,
Algeria,2019,gdp,589905104177.0,measured,source_ingest,2019.0,
Algeria,2019,greenhouse_gas_emissions,51.64,measured,source_ingest,2019.0,
Algeria,2019,hydro_electricity,0.15,measured,source_ingest,2019.0,
Algeria,2019,low_carbon_share_elec,1.066,measured,source_ingest,2019.0,
Algeria,2019,population,43294551.0,measured,source_ingest,2019.0,
Algeria,2019,renewables_electricity,0.87,measured,source_ingest,2019.0,
Algeria,2019,renewables_share_elec,1.066,measured,source_ingest,2019.0,
Algeria,2019,solar_electricity,0.71,measured,source_ingest,2019.0,
Algeria,2019,wind_electricity,0.01,measured,source_ingest,2019.0,
Algeria,2020,Access to Clean Fuels and Technologies for cooking (% of total population),99.7,measured,source_ingest,2020.0,
Algeria,2020,Access to electricity (% of total population),99.7,measured,source_ingest,2020.0,
Algeria,2020,Population growth (annual %),1.71191216459393,measured,source_ingest,2020.0,
Algeria,2020,carbon_intensity_elec,632.61,measured,source_ingest,2020.0,
Algeria,2020,electricity_demand (TWh),79.31,measured,source_ingest,2020.0,
Algeria,2020,electricity_generation (TWh),79.37,measured,source_ingest,2020.0,
Algeria,2020,energy_poverty_electricity (% of total population),0.29999999999999716,derived,one_minus_access,2020.0,
Algeria,2020,energy_poverty_electricity_rural (% of rural population),0.9000000000000057,measured,source_ingest,2020.0,
Algeria,2020,energy_poverty_electricity_urban (% of urban population),0.09999999999999432,measured,source_ingest,2020.0,
Algeria,2020,energy_poverty_multidimensional (% of total population),0.2999999999999971,measured,source_ingest,2020.0,
Algeria,2020,fossil_share_elec,98.891,measured,source_ingest,2020.0,
Algeria,2020,gdp,559819958223.0,measured,source_ingest,2020.0,
Algeria,2020,greenhouse_gas_emissions,50.21,measured,source_ingest,2020.0,
Algeria,2020,hydro_electricity,0.05,measured,source_ingest,2020.0,
Algeria,2020,low_carbon_share_elec,1.109,measured,source_ingest,2020.0,
Algeria,2020,population,44042094.0,measured,source_ingest,2020.0,
Algeria,2020,renewables_electricity,0.88,measured,source_ingest,2020.0,
Algeria,2020,renewables_share_elec,1.109,measured,source_ingest,2020.0,
Algeria,2020,solar_electricity,0.82,measured,source_ingest,2020.0,
Algeria,2020,wind_electricity,0.01,measured,source_ingest,2020.0,
Algeria,2021,Access to Clean Fuels and Technologies for cooking (% of total population),99.7,measured,source_ingest,2021.0,
Algeria,2021,Access to electricity (% of total population),99.8,measured,source_ingest,2021.0,
Algeria,2021,Population growth (annual %),1.61936460233826,measured,source_ingest,2021.0,
Algeria,2021,carbon_intensity_elec,633.53,measured,source_ingest,2021.0,
Algeria,2021,electricity_demand (TWh),84.45,measured,source_ingest,2021.0,
Algeria,2021,electricity_generation (TWh),85.6,measured,source_ingest,2021.0,
Algeria,2021,energy_poverty_electricity (% of total population),0.20000000000000284,derived,one_minus_access,2021.0,
Algeria,2021,energy_poverty_electricity_rural (% of rural population),0.7000000000000028,measured,source_ingest,2021.0,
Algeria,2021,energy_poverty_electricity_urban (% of urban population),0.0,measured,source_ingest,2021.0,
Algeria,2021,energy_poverty_multidimensional (% of total population),0.25,measured,source_ingest,2021.0,
Algeria,2021,fossil_share_elec,99.054,measured,source_ingest,2021.0,
Algeria,2021,gdp,578853830170.0,measured,source_ingest,2021.0,
Algeria,2021,greenhouse_gas_emissions,54.23,measured,source_ingest,2021.0,
Algeria,2021,hydro_electricity,0.01,measured,source_ingest,2021.0,
Algeria,2021,low_carbon_share_elec,0.946,measured,source_ingest,2021.0,
Algeria,2021,population,44761099.0,measured,source_ingest,2021.0,
Algeria,2021,renewables_electricity,0.81,measured,source_ingest,2021.0,
Algeria,2021,renewables_share_elec,0.946,measured,source_ingest,2021.0,
Algeria,2021,solar_electricity,0.79,measured,source_ingest,2021.0,
Algeria,2021,wind_electricity,0.01,measured,source_ingest,2021.0,
Algeria,2022,Access to Clean Fuels and Technologies for cooking (% of total population),99.7,measured,source_ingest,2022.0,
Algeria,2022,Access to electricity (% of total population),100.0,measured,source_ingest,2022.0,
Algeria,2022,Population growth (annual %),1.58758210690673,measured,source_ingest,2022.0,
Algeria,2022,carbon_intensity_elec,633.65,measured,source_ingest,2022.0,
Algeria,2022,electricity_demand (TWh),88.9,measured,source_ingest,2022.0,
Algeria,2022,electricity_generation (TWh),91.47,measured,source_ingest,2022.0,
Algeria,2022,energy_poverty_electricity (% of total population),0.0,derived,one_minus_access,2022.0,
Algeria,2022,energy_poverty_electricity_rural (% of rural population),0.7000000000000028,measured,source_ingest,2022.0,
Algeria,2022,energy_poverty_electricity_urban (% of urban population),0.0,measured,source_ingest,2022.0,
Algeria,2022,energy_poverty_multidimensional (% of total population),0.1500000000000056,measured,source_ingest,2022.0,
Algeria,2022,fossil_share_elec,99.06,measured,source_ingest,2022.0,
Algeria,2022,gdp,595820067103.0,measured,source_ingest,2022.0,
Algeria,2022,greenhouse_gas_emissions,57.96,measured,source_ingest,2022.0,
Algeria,2022,hydro_electricity,0.02,measured,source_ingest,2022.0,
Algeria,2022,low_carbon_share_elec,0.94,measured,source_ingest,2022.0,
Algeria,2022,population,45477391.0,measured,source_ingest,2022.0,
Algeria,2022,renewables_electricity,0.86,measured,source_ingest,2022.0,
Algeria,2022,renewables_share_elec,0.94,measured,source_ingest,2022.0,
Algeria,2022,solar_electricity,0.83,measured,source_ingest,2022.0,
Algeria,2022,wind_electricity,0.01,measured,source_ingest,2022.0,
Algeria,2023,Access to Clean Fuels and Technologies for cooking (% of total population),99.7,measured,source_ingest,2023.0,
Algeria,2023,Access to electricity (% of total population),100.0,measured,source_ingest,2023.0,
Algeria,2023,Population growth (annual %),1.49897601193923,measured,source_ingest,2023.0,
Algeria,2023,carbon_intensity_elec,633.61,measured,source_ingest,2023.0,
Algeria,2023,electricity_demand (TWh),93.44,measured,source_ingest,2023.0,
Algeria,2023,electricity_generation (TWh),95.88,measured,source_ingest,2023.0,
Algeria,2023,energy_poverty_electricity (% of total population),0.0,derived,one_minus_access,2023.0,
Algeria,2023,energy_poverty_electricity_rural (% of rural population),0.0,measured,source_ingest,2023.0,
Algeria,2023,energy_poverty_electricity_urban (% of urban population),0.0,measured,source_ingest,2023.0,
Algeria,2023,energy_poverty_multidimensional (% of total population),0.1500000000000056,measured,source_ingest,2023.0,
Algeria,2023,fossil_share_elec,99.051,measured,source_ingest,2023.0,
Algeria,2023,gdp,597969198414.5779,estimated,dampened_exponential_log_linear,2022.0,0.13533820158740828
Algeria,2023,greenhouse_gas_emissions,60.75,measured,source_ingest,2023.0,
Algeria,2023,hydro_electricity,0.02,measured,source_ingest,2023.0,
Algeria,2023,low_carbon_share_elec,0.949,measured,source_ingest,2023.0,
Algeria,2023,population,46164222.0,measured,source_ingest,2023.0,
Algeria,2023,renewables_electricity,0.91,measured,source_ingest,2023.0,
Algeria,2023,renewables_share_elec,0.949,measured,source_ingest,2023.0,
Algeria,2023,solar_electricity,0.87,measured,source_ingest,2023.0,
Algeria,2023,wind_electricity,0.02,measured,source_ingest,2023.0,
Algeria,2024,Access to Clean Fuels and Technologies for cooking (% of total population),99.73928571428573,estimated,linear_projection,2023.0,0.5714285714285917
Algeria,2024,Access to electricity (% of total population),100.0,measured,source_ingest,2024.0,
Algeria,2024,Population growth (annual %),1.39838651912702,measured,source_ingest,2024.0,
Algeria,2024,carbon_intensity_elec,632.94,measured,source_ingest,2024.0,
Algeria,2024,electricity_demand (TWh),93.84,measured,source_ingest,2024.0,
Algeria,2024,electricity_generation (TWh),96.36,measured,source_ingest,2024.0,
Algeria,2024,energy_poverty_electricity (% of total population),0.0,derived,one_minus_access,2024.0,
Algeria,2024,energy_poverty_electricity_rural (% of rural population),0.0,measured,source_ingest,2024.0,
Algeria,2024,energy_poverty_electricity_urban (% of urban population),0.0,measured,source_ingest,2024.0,
Algeria,2024,energy_poverty_multidimensional (% of total population),0.0857142857142889,measured,source_ingest,2024.0,
Algeria,2024,fossil_share_elec,98.931,measured,source_ingest,2024.0,
Algeria,2024,gdp,600126081672.8414,estimated,dampened_exponential_log_linear,2022.0,0.13533820158740828
Algeria,2024,greenhouse_gas_emissions,60.99,measured,source_ingest,2024.0,
Algeria,2024,hydro_electricity,0.02,measured,source_ingest,2024.0,
Algeria,2024,low_carbon_share_elec,1.069,measured,source_ingest,2024.0,
Algeria,2024,population,46814302.0,measured,source_ingest,2024.0,
Algeria,2024,renewables_electricity,1.03,measured,source_ingest,2024.0,
Algeria,2024,renewables_share_elec,1.069,measured,source_ingest,2024.0,
Algeria,2024,solar_electricity,0.99,measured,source_ingest,2024.0,
Algeria,2024,wind_electricity,0.02,measured,source_ingest,2024.0,
Algeria,2025,Access to Clean Fuels and Technologies for cooking (% of total population),99.75357142857143,estimated,linear_projection,2023.0,0.5714285714285917
Algeria,2025,Access to electricity (% of total population),99.99999974281748,estimated,logistic_logit_linear,2024.0,0.7135505134567186
Algeria,2025,Population growth (annual %),1.31780475504384,measured,source_ingest,2025.0,
Algeria,2025,carbon_intensity_elec,632.7273546735626,estimated,dampened_exponential_log_linear,2024.0,0.24648837776927401
Algeria,2025,electricity_demand (TWh),97.16654912994123,estimated,dampened_exponential_log_linear,2024.0,0.9571272809543842
Algeria,2025,electricity_generation (TWh),100.14615828977529,estimated,dampened_exponential_log_linear,2024.0,0.9527460856206258
Algeria,2025,energy_poverty_electricity (% of total population),2.5718252061324165e-07,estimated,one_minus_access,2024.0,
Algeria,2025,energy_poverty_electricity_rural (% of rural population),0.0,estimated,linear_projection,2024.0,0.9218225419664247
Algeria,2025,energy_poverty_electricity_urban (% of urban population),0.0,estimated,linear_projection,2024.0,0.5041666666666615
Algeria,2025,energy_poverty_multidimensional (% of total population),0.033928571428575,measured,source_ingest,2025.0,
Algeria,2025,fossil_share_elec,98.86688888888888,estimated,linear_projection,2024.0,0.29603995465085997
Algeria,2025,gdp,600342197431.3761,estimated,dampened_exponential_log_linear,2022.0,0.13533820158740828
Algeria,2025,greenhouse_gas_emissions,63.36504346011448,estimated,dampened_exponential_log_linear,2024.0,0.9502891689640457
Algeria,2025,hydro_electricity,0.014528067798689386,estimated,dampened_exponential_log_linear,2024.0,0.6625342559423704
Algeria,2025,low_carbon_share_elec,1.1331111111111198,estimated,linear_projection,2024.0,0.29603995465090505
Algeria,2025,population,47435305.920408435,estimated,limit_year_population_growth_rate_exponential,2024.0,
Algeria,2025,renewables_electricity,1.129127796528846,estimated,dampened_exponential_log_linear,2024.0,0.5849942472632961
Algeria,2025,renewables_share_elec,1.1331111111111198,estimated,linear_projection,2024.0,0.29603995465090505
Algeria,2025,solar_electricity,1.195888544821966,estimated,dampened_exponential_log_linear,2024.0,0.4964232707055678
Algeria,2025,wind_electricity,0.020153110130186898,estimated,dampened_exponential_log_linear,2024.0,0.002355070976547191
Angola,2016,Access to Clean Fuels and Technologies for cooking (% of total population),48.0,measured,source_ingest,2016.0,
Angola,2016,Access to electricity (% of total population),41.8,measured,source_ingest,2016.0,
Angola,2016,Population growth (annual %),3.57644143982026,measured,source_ingest,2016.0,
Angola,2016,carbon_intensity_elec,286.89,measured,source_ingest,2016.0,
Angola,2016,electricity_demand (TWh),10.98,measured,source_ingest,2016.0,
Angola,2016,electricity_generation (TWh),10.98,measured,source_ingest,2016.0,
Angola,2016,energy_poverty_electricity (% of total population),58.2,derived,one_minus_access,2016.0,
Angola,2016,energy_poverty_electricity_rural (% of rural population),98.7,estimated,observed_or_carry,2024.0,
Angola,2016,energy_poverty_electricity_urban (% of urban population),32.099999999999994,measured,source_ingest,2016.0,
Angola,2016,energy_poverty_multidimensional (% of total population),55.1,measured,source_ingest,2016.0,
Angola,2016,fossil_share_elec,41.439,measured,source_ingest,2016.0,
Angola,2016,gdp,164965166058.0,measured,source_ingest,2016.0,
Angola,2016,greenhouse_gas_emissions,3.15,measured,source_ingest,2016.0,
Angola,2016,hydro_electricity,6.36,measured,source_ingest,2016.0,
Angola,2016,low_carbon_share_elec,58.561,measured,source_ingest,2016.0,
Angola,2016,population,29183072.0,measured,source_ingest,2016.0,
Angola,2016,renewables_electricity,6.43,measured,source_ingest,2016.0,
Angola,2016,renewables_share_elec,58.561,measured,source_ingest,2016.0,
Angola,2016,solar_electricity,0.02,measured,source_ingest,2016.0,
Angola,2016,wind_electricity,0.0,measured,source_ingest,2016.0,
Angola,2017,Access to Clean Fuels and Technologies for cooking (% of total population),48.2,measured,source_ingest,2017.0,
Angola,2017,Access to electricity (% of total population),42.9,measured,source_ingest,2017.0,
Angola,2017,Population growth (annual %),3.54061221486272,measured,source_ingest,2017.0,
Angola,2017,carbon_intensity_elec,205.37,measured,source_ingest,2017.0,
Angola,2017,electricity_demand (TWh),10.81,measured,source_ingest,2017.0,
Angola,2017,electricity_generation (TWh),10.81,measured,source_ingest,2017.0,
Angola,2017,energy_poverty_electricity (% of total population),57.1,derived,one_minus_access,2017.0,
Angola,2017,energy_poverty_electricity_rural (% of rural population),98.7,estimated,observed_or_carry,2024.0,
Angola,2017,energy_poverty_electricity_urban (% of urban population),30.599999999999994,measured,source_ingest,2017.0,
Angola,2017,energy_poverty_multidimensional (% of total population),54.45,measured,source_ingest,2017.0,
Angola,2017,fossil_share_elec,28.585,measured,source_ingest,2017.0,
Angola,2017,gdp,164717711409.0,measured,source_ingest,2017.0,
Angola,2017,greenhouse_gas_emissions,2.22,measured,source_ingest,2017.0,
Angola,2017,hydro_electricity,7.65,measured,source_ingest,2017.0,
Angola,2017,low_carbon_share_elec,71.415,measured,source_ingest,2017.0,
Angola,2017,population,30234836.0,measured,source_ingest,2017.0,
Angola,2017,renewables_electricity,7.72,measured,source_ingest,2017.0,
Angola,2017,renewables_share_elec,71.415,measured,source_ingest,2017.0,
Angola,2017,solar_electricity,0.02,measured,source_ingest,2017.0,
Angola,2017,wind_electricity,0.0,measured,source_ingest,2017.0,
Angola,2018,Access to Clean Fuels and Technologies for cooking (% of total population),48.8,measured,source_ingest,2018.0,
Angola,2018,Access to electricity (% of total population),45.3,measured,source_ingest,2018.0,
Angola,2018,Population growth (annual %),3.45323300897802,measured,source_ingest,2018.0,
Angola,2018,carbon_intensity_elec,154.49,measured,source_ingest,2018.0,
Angola,2018,electricity_demand (TWh),13.14,measured,source_ingest,2018.0,
Angola,2018,electricity_generation (TWh),13.14,measured,source_ingest,2018.0,
Angola,2018,energy_poverty_electricity (% of total population),54.7,derived,one_minus_access,2018.0,
Angola,2018,energy_poverty_electricity_rural (% of rural population),92.7,measured,source_ingest,2018.0,
Angola,2018,energy_poverty_electricity_urban (% of urban population),34.7,measured,source_ingest,2018.0,
Angola,2018,energy_poverty_multidimensional (% of total population),52.95,measured,source_ingest,2018.0,
Angola,2018,fossil_share_elec,20.548,measured,source_ingest,2018.0,
Angola,2018,gdp,162550037080.0,measured,source_ingest,2018.0,
Angola,2018,greenhouse_gas_emissions,2.03,measured,source_ingest,2018.0,
Angola,2018,hydro_electricity,10.37,measured,source_ingest,2018.0,
Angola,2018,low_carbon_share_elec,79.452,measured,source_ingest,2018.0,
Angola,2018,population,31297160.0,measured,source_ingest,2018.0,
Angola,2018,renewables_electricity,10.44,measured,source_ingest,2018.0,
Angola,2018,renewables_share_elec,79.452,measured,source_ingest,2018.0,
Angola,2018,solar_electricity,0.02,measured,source_ingest,2018.0,
Angola,2018,wind_electricity,0.0,measured,source_ingest,2018.0,
Angola,2019,Access to Clean Fuels and Technologies for cooking (% of total population),49.2,measured,source_ingest,2019.0,
Angola,2019,Access to electricity (% of total population),45.6,measured,source_ingest,2019.0,
Angola,2019,Population growth (annual %),3.38788422184303,measured,source_ingest,2019.0,
Angola,2019,carbon_intensity_elec,186.47,measured,source_ingest,2019.0,
Angola,2019,electricity_demand (TWh),15.82,measured,source_ingest,2019.0,
Angola,2019,electricity_generation (TWh),15.82,measured,source_ingest,2019.0,
Angola,2019,energy_poverty_electricity (% of total population),54.4,derived,one_minus_access,2019.0,
Angola,2019,energy_poverty_electricity_rural (% of rural population),98.7,estimated,observed_or_carry,2024.0,
Angola,2019,energy_poverty_electricity_urban (% of urban population),27.799999999999997,measured,source_ingest,2019.0,
Angola,2019,energy_poverty_multidimensional (% of total population),52.6,measured,source_ingest,2019.0,
Angola,2019,fossil_share_elec,26.802,measured,source_ingest,2019.0,
Angola,2019,gdp,161408924528.0,measured,source_ingest,2019.0,
Angola,2019,greenhouse_gas_emissions,2.95,measured,source_ingest,2019.0,
Angola,2019,hydro_electricity,11.51,measured,source_ingest,2019.0,
Angola,2019,low_carbon_share_elec,73.198,measured,source_ingest,2019.0,
Angola,2019,population,32375633.0,measured,source_ingest,2019.0,
Angola,2019,renewables_electricity,11.58,measured,source_ingest,2019.0,
Angola,2019,renewables_share_elec,73.198,measured,source_ingest,2019.0,
Angola,2019,solar_electricity,0.02,measured,source_ingest,2019.0,
Angola,2019,wind_electricity,0.0,measured,source_ingest,2019.0,
Angola,2020,Access to Clean Fuels and Technologies for cooking (% of total population),49.4,measured,source_ingest,2020.0,
Angola,2020,Access to electricity (% of total population),47.0,measured,source_ingest,2020.0,
Angola,2020,Population growth (annual %),3.26795864914978,measured,source_ingest,2020.0,
Angola,2020,carbon_intensity_elec,171.33,measured,source_ingest,2020.0,
Angola,2020,electricity_demand (TWh),16.81,measured,source_ingest,2020.0,
Angola,2020,electricity_generation (TWh),16.81,measured,source_ingest,2020.0,
Angola,2020,energy_poverty_electricity (% of total population),53.0,derived,one_minus_access,2020.0,
Angola,2020,energy_poverty_electricity_rural (% of rural population),98.7,estimated,observed_or_carry,2024.0,
Angola,2020,energy_poverty_electricity_urban (% of urban population),26.400000000000006,measured,source_ingest,2020.0,
Angola,2020,energy_poverty_multidimensional (% of total population),51.8,measured,source_ingest,2020.0,
Angola,2020,fossil_share_elec,24.39,measured,source_ingest,2020.0,
Angola,2020,gdp,152308692850.0,measured,source_ingest,2020.0,
Angola,2020,greenhouse_gas_emissions,2.88,measured,source_ingest,2020.0,
Angola,2020,hydro_electricity,12.64,measured,source_ingest,2020.0,
Angola,2020,low_carbon_share_elec,75.61,measured,source_ingest,2020.0,
Angola,2020,population,33451139.0,measured,source_ingest,2020.0,
Angola,2020,renewables_electricity,12.71,measured,source_ingest,2020.0,
Angola,2020,renewables_share_elec,75.61,measured,source_ingest,2020.0,
Angola,2020,solar_electricity,0.02,measured,source_ingest,2020.0,
Angola,2020,wind_electricity,0.0,measured,source_ingest,2020.0,
Angola,2021,Access to Clean Fuels and Technologies for cooking (% of total population),49.8,measured,source_ingest,2021.0,
Angola,2021,Access to electricity (% of total population),48.2,measured,source_ingest,2021.0,
Angola,2021,Population growth (annual %),3.18132259995095,measured,source_ingest,2021.0,
Angola,2021,carbon_intensity_elec,172.7,measured,source_ingest,2021.0,
Angola,2021,electricity_demand (TWh),16.85,measured,source_ingest,2021.0,
Angola,2021,electricity_generation (TWh),16.85,measured,source_ingest,2021.0,
Angola,2021,energy_poverty_electricity (% of total population),51.8,derived,one_minus_access,2021.0,
Angola,2021,energy_poverty_electricity_rural (% of rural population),98.7,estimated,observed_or_carry,2024.0,
Angola,2021,energy_poverty_electricity_urban (% of urban population),25.0,measured,source_ingest,2021.0,
Angola,2021,energy_poverty_multidimensional (% of total population),51.0,measured,source_ingest,2021.0,
Angola,2021,fossil_share_elec,24.57,measured,source_ingest,2021.0,
Angola,2021,gdp,153971902307.0,measured,source_ingest,2021.0,
Angola,2021,greenhouse_gas_emissions,2.91,measured,source_ingest,2021.0,
Angola,2021,hydro_electricity,12.64,measured,source_ingest,2021.0,
Angola,2021,low_carbon_share_elec,75.43,measured,source_ingest,2021.0,
Angola,2021,population,34532427.0,measured,source_ingest,2021.0,
Angola,2021,renewables_electricity,12.71,measured,source_ingest,2021.0,
Angola,2021,renewables_share_elec,75.43,measured,source_ingest,2021.0,
Angola,2021,solar_electricity,0.02,measured,source_ingest,2021.0,
Angola,2021,wind_electricity,0.0,measured,source_ingest,2021.0,
Angola,2022,Access to Clean Fuels and Technologies for cooking (% of total population),50.0,measured,source_ingest,2022.0,
Angola,2022,Access to electricity (% of total population),48.5,measured,source_ingest,2022.0,
Angola,2022,Population growth (annual %),3.14302612044601,measured,source_ingest,2022.0,
Angola,2022,carbon_intensity_elec,172.16,measured,source_ingest,2022.0,
Angola,2022,electricity_demand (TWh),17.31,measured,source_ingest,2022.0,
Angola,2022,electricity_generation (TWh),17.31,measured,source_ingest,2022.0,
Angola,2022,energy_poverty_electricity (% of total population),51.5,derived,one_minus_access,2022.0,
Angola,2022,energy_poverty_electricity_rural (% of rural population),98.7,estimated,observed_or_carry,2024.0,
Angola,2022,energy_poverty_electricity_urban (% of urban population),23.799999999999997,measured,source_ingest,2022.0,
Angola,2022,energy_poverty_multidimensional (% of total population),50.75,measured,source_ingest,2022.0,
Angola,2022,fossil_share_elec,24.437,measured,source_ingest,2022.0,
Angola,2022,gdp,158346237030.0,measured,source_ingest,2022.0,
Angola,2022,greenhouse_gas_emissions,2.98,measured,source_ingest,2022.0,
Angola,2022,hydro_electricity,12.64,measured,source_ingest,2022.0,
Angola,2022,low_carbon_share_elec,75.563,measured,source_ingest,2022.0,
Angola,2022,population,35635028.0,measured,source_ingest,2022.0,
Angola,2022,renewables_electricity,13.08,measured,source_ingest,2022.0,
Angola,2022,renewables_share_elec,75.563,measured,source_ingest,2022.0,
Angola,2022,solar_electricity,0.39,measured,source_ingest,2022.0,
Angola,2022,wind_electricity,0.0,measured,source_ingest,2022.0,
Angola,2023,Access to Clean Fuels and Technologies for cooking (% of total population),50.2,measured,source_ingest,2023.0,
Angola,2023,Access to electricity (% of total population),51.1,measured,source_ingest,2023.0,
Angola,2023,Population growth (annual %),3.08065530722915,measured,source_ingest,2023.0,
Angola,2023,carbon_intensity_elec,183.49,measured,source_ingest,2023.0,
Angola,2023,electricity_demand (TWh),15.75,measured,source_ingest,2023.0,
Angola,2023,electricity_generation (TWh),15.75,measured,source_ingest,2023.0,
Angola,2023,energy_poverty_electricity (% of total population),48.9,derived,one_minus_access,2023.0,
Angola,2023,energy_poverty_electricity_rural (% of rural population),98.7,estimated,observed_or_carry,2024.0,
Angola,2023,energy_poverty_electricity_urban (% of urban population),22.099999999999994,measured,source_ingest,2023.0,
Angola,2023,energy_poverty_multidimensional (% of total population),49.35,measured,source_ingest,2023.0,
Angola,2023,fossil_share_elec,25.968,measured,source_ingest,2023.0,
Angola,2023,gdp,156530913931.87598,estimated,dampened_exponential_log_linear,2022.0,0.6115130947198701
Angola,2023,greenhouse_gas_emissions,2.89,measured,source_ingest,2023.0,
Angola,2023,hydro_electricity,11.22,measured,source_ingest,2023.0,
Angola,2023,low_carbon_share_elec,74.032,measured,source_ingest,2023.0,
Angola,2023,population,36749909.0,measured,source_ingest,2023.0,
Angola,2023,renewables_electricity,11.66,measured,source_ingest,2023.0,
Angola,2023,renewables_share_elec,74.032,measured,source_ingest,2023.0,
Angola,2023,solar_electricity,0.39,measured,source_ingest,2023.0,
Angola,2023,wind_electricity,0.0,measured,source_ingest,2023.0,
Angola,2024,Access to Clean Fuels and Technologies for cooking (% of total population),50.67857142857156,estimated,linear_projection,2023.0,0.977216748768465
Angola,2024,Access to electricity (% of total population),55.5,measured,source_ingest,2024.0,
Angola,2024,Population growth (annual %),3.04419972245653,measured,source_ingest,2024.0,
Angola,2024,carbon_intensity_elec,185.38,measured,source_ingest,2024.0,
Angola,2024,electricity_demand (TWh),15.59,measured,source_ingest,2024.0,
Angola,2024,electricity_generation (TWh),15.59,measured,source_ingest,2024.0,
Angola,2024,energy_poverty_electricity (% of total population),44.5,derived,one_minus_access,2024.0,
Angola,2024,energy_poverty_electricity_rural (% of rural population),98.7,measured,source_ingest,2024.0,
Angola,2024,energy_poverty_electricity_urban (% of urban population),22.0,measured,source_ingest,2024.0,
Angola,2024,energy_poverty_multidimensional (% of total population),48.74642857142862,measured,source_ingest,2024.0,
Angola,2024,fossil_share_elec,26.299,measured,source_ingest,2024.0,
Angola,2024,gdp,154736402177.37714,estimated,dampened_exponential_log_linear,2022.0,0.6115130947198701
Angola,2024,greenhouse_gas_emissions,2.89,measured,source_ingest,2024.0,
Angola,2024,hydro_electricity,11.0,measured,source_ingest,2024.0,
Angola,2024,low_carbon_share_elec,73.701,measured,source_ingest,2024.0,
Angola,2024,population,37885854.0,measured,source_ingest,2024.0,
Angola,2024,renewables_electricity,11.49,measured,source_ingest,2024.0,
Angola,2024,renewables_share_elec,73.701,measured,source_ingest,2024.0,
Angola,2024,solar_electricity,0.44,measured,source_ingest,2024.0,
Angola,2024,wind_electricity,0.0,measured,source_ingest,2024.0,
Angola,2025,Access to Clean Fuels and Technologies for cooking (% of total population),51.00714285714298,estimated,linear_projection,2023.0,0.977216748768465
Angola,2025,Access to electricity (% of total population),54.70799010247115,estimated,logistic_logit_linear,2024.0,0.9275455754404238
Angola,2025,Population growth (annual %),3.00100954627922,measured,source_ingest,2025.0,
Angola,2025,carbon_intensity_elec,179.46741097701485,estimated,dampened_exponential_log_linear,2024.0,0.25275516561038835
Angola,2025,electricity_demand (TWh),16.429148580239648,estimated,dampened_exponential_log_linear,2024.0,0.6142307284726322
Angola,2025,electricity_generation (TWh),16.429148580239648,estimated,dampened_exponential_log_linear,2024.0,0.6142307284726322
Angola,2025,energy_poverty_electricity (% of total population),45.29200989752885,estimated,one_minus_access,2024.0,
Angola,2025,energy_poverty_electricity_rural (% of rural population),99.70000000000005,estimated,linear_projection,2024.0,1.0
Angola,2025,energy_poverty_electricity_urban (% of urban population),19.625,estimated,linear_projection,2024.0,0.8412681293397396
Angola,2025,energy_poverty_multidimensional (% of total population),47.96785714285716,measured,source_ingest,2025.0,
Angola,2025,fossil_share_elec,21.765472222222343,estimated,linear_projection,2024.0,0.24082337561350953
Angola,2025,gdp,154558086416.43942,estimated,dampened_exponential_log_linear,2022.0,0.6115130947198701
Angola,2025,greenhouse_gas_emissions,2.948420547918729,estimated,dampened_exponential_log_linear,2024.0,0.1350250694756142
Angola,2025,hydro_electricity,11.725060724998208,estimated,dampened_exponential_log_linear,2024.0,0.5207612600287642
Angola,2025,low_carbon_share_elec,78.23452777777766,estimated,linear_projection,2024.0,0.24082337561350942
Angola,2025,population,39040044.152324684,estimated,limit_year_population_growth_rate_exponential,2024.0,
Angola,2025,renewables_electricity,12.303222729841055,estimated,dampened_exponential_log_linear,2024.0,0.5795605126668513
Angola,2025,renewables_share_elec,78.23452777777766,estimated,linear_projection,2024.0,0.24082337561350942
Angola,2025,solar_electricity,0.6925488399653363,estimated,dampened_exponential_log_linear,2024.0,0.6806592509137364
Angola,2025,wind_electricity,,missing,no_history,,
Benin,2016,Access to Clean Fuels and Technologies for cooking (% of total population),5.2,measured,source_ingest,2016.0,
Benin,2016,Access to electricity (% of total population),37.0,measured,source_ingest,2016.0,
Benin,2016,Population growth (annual %),2.92460216679542,measured,source_ingest,2016.0,
Benin,2016,carbon_intensity_elec,666.67,measured,source_ingest,2016.0,
Benin,2016,electricity_demand (TWh),1.36,measured,source_ingest,2016.0,
Benin,2016,electricity_generation (TWh),0.27,measured,source_ingest,2016.0,
Benin,2016,energy_poverty_electricity (% of total population),63.0,derived,one_minus_access,2016.0,
Benin,2016,energy_poverty_electricity_rural (% of rural population),84.8,measured,source_ingest,2016.0,
Benin,2016,energy_poverty_electricity_urban (% of urban population),37.5,measured,source_ingest,2016.0,
Benin,2016,energy_poverty_multidimensional (% of total population),78.9,measured,source_ingest,2016.0,
Benin,2016,fossil_share_elec,100.0,measured,source_ingest,2016.0,
Benin,2016,gdp,23134706997.0,measured,source_ingest,2016.0,
Benin,2016,greenhouse_gas_emissions,0.18,measured,source_ingest,2016.0,
Benin,2016,hydro_electricity,0.0,measured,source_ingest,2016.0,
Benin,2016,low_carbon_share_elec,0.0,measured,source_ingest,2016.0,
Benin,2016,population,11697845.0,measured,source_ingest,2016.0,
Benin,2016,renewables_electricity,0.0,measured,source_ingest,2016.0,
Benin,2016,renewables_share_elec,0.0,measured,source_ingest,2016.0,
Benin,2016,solar_electricity,0.0,measured,source_ingest,2016.0,
Benin,2016,wind_electricity,0.0,measured,source_ingest,2016.0,
Benin,2017,Access to Clean Fuels and Technologies for cooking (% of total population),5.4,measured,source_ingest,2017.0,
Benin,2017,Access to electricity (% of total population),34.5,measured,source_ingest,2017.0,
Benin,2017,Population growth (annual %),2.88117869411855,measured,source_ingest,2017.0,
Benin,2017,carbon_intensity_elec,625.0,measured,source_ingest,2017.0,
Benin,2017,electricity_demand (TWh),1.43,measured,source_ingest,2017.0,
Benin,2017,electricity_generation (TWh),0.32,measured,source_ingest,2017.0,
Benin,2017,energy_poverty_electricity (% of total population),65.5,derived,one_minus_access,2017.0,
Benin,2017,energy_poverty_electricity_rural (% of rural population),82.8,measured,source_ingest,2017.0,
Benin,2017,energy_poverty_electricity_urban (% of urban population),45.8,measured,source_ingest,2017.0,
Benin,2017,energy_poverty_multidimensional (% of total population),80.05,measured,source_ingest,2017.0,
Benin,2017,fossil_share_elec,100.0,measured,source_ingest,2017.0,
Benin,2017,gdp,24568275710.0,measured,source_ingest,2017.0,
Benin,2017,greenhouse_gas_emissions,0.2,measured,source_ingest,2017.0,
Benin,2017,hydro_electricity,0.0,measured,source_ingest,2017.0,
Benin,2017,low_carbon_share_elec,0.0,measured,source_ingest,2017.0,
Benin,2017,population,12039777.0,measured,source_ingest,2017.0,
Benin,2017,renewables_electricity,0.0,measured,source_ingest,2017.0,
Benin,2017,renewables_share_elec,0.0,measured,source_ingest,2017.0,
Benin,2017,solar_electricity,0.0,measured,source_ingest,2017.0,
Benin,2017,wind_electricity,0.0,measured,source_ingest,2017.0,
Benin,2018,Access to Clean Fuels and Technologies for cooking (% of total population),5.4,measured,source_ingest,2018.0,
Benin,2018,Access to electricity (% of total population),39.0,measured,source_ingest,2018.0,
Benin,2018,Population growth (annual %),2.8136418840483,measured,source_ingest,2018.0,
Benin,2018,carbon_intensity_elec,631.58,measured,source_ingest,2018.0,
Benin,2018,electricity_demand (TWh),1.48,measured,source_ingest,2018.0,
Benin,2018,electricity_generation (TWh),0.19,measured,source_ingest,2018.0,
Benin,2018,energy_poverty_electricity (% of total population),61.0,derived,one_minus_access,2018.0,
Benin,2018,energy_poverty_electricity_rural (% of rural population),83.7,measured,source_ingest,2018.0,
Benin,2018,energy_poverty_electricity_urban (% of urban population),35.7,measured,source_ingest,2018.0,
Benin,2018,energy_poverty_multidimensional (% of total population),77.8,measured,source_ingest,2018.0,
Benin,2018,fossil_share_elec,100.0,measured,source_ingest,2018.0,
Benin,2018,gdp,26346543293.0,measured,source_ingest,2018.0,
Benin,2018,greenhouse_gas_emissions,0.12,measured,source_ingest,2018.0,
Benin,2018,hydro_electricity,0.0,measured,source_ingest,2018.0,
Benin,2018,low_carbon_share_elec,0.0,measured,source_ingest,2018.0,
Benin,2018,population,12383349.0,measured,source_ingest,2018.0,
Benin,2018,renewables_electricity,0.0,measured,source_ingest,2018.0,
Benin,2018,renewables_share_elec,0.0,measured,source_ingest,2018.0,
Benin,2018,solar_electricity,0.0,measured,source_ingest,2018.0,
Benin,2018,wind_electricity,0.0,measured,source_ingest,2018.0,
Benin,2019,Access to Clean Fuels and Technologies for cooking (% of total population),5.5,measured,source_ingest,2019.0,
Benin,2019,Access to electricity (% of total population),40.0,measured,source_ingest,2019.0,
Benin,2019,Population growth (annual %),2.73538842831436,measured,source_ingest,2019.0,
Benin,2019,carbon_intensity_elec,611.11,measured,source_ingest,2019.0,
Benin,2019,electricity_demand (TWh),1.63,measured,source_ingest,2019.0,
Benin,2019,electricity_generation (TWh),0.54,measured,source_ingest,2019.0,
Benin,2019,energy_poverty_electricity (% of total population),60.0,derived,one_minus_access,2019.0,
Benin,2019,energy_poverty_electricity_rural (% of rural population),83.1,measured,source_ingest,2019.0,
Benin,2019,energy_poverty_electricity_urban (% of urban population),34.8,measured,source_ingest,2019.0,
Benin,2019,energy_poverty_multidimensional (% of total population),77.25,measured,source_ingest,2019.0,
Benin,2019,fossil_share_elec,98.148,measured,source_ingest,2019.0,
Benin,2019,gdp,28155410176.0,measured,source_ingest,2019.0,
Benin,2019,greenhouse_gas_emissions,0.33,measured,source_ingest,2019.0,
Benin,2019,hydro_electricity,0.0,measured,source_ingest,2019.0,
Benin,2019,low_carbon_share_elec,1.852,measured,source_ingest,2019.0,
Benin,2019,population,12726760.0,measured,source_ingest,2019.0,
Benin,2019,renewables_electricity,0.01,measured,source_ingest,2019.0,
Benin,2019,renewables_share_elec,1.852,measured,source_ingest,2019.0,
Benin,2019,solar_electricity,0.01,measured,source_ingest,2019.0,
Benin,2019,wind_electricity,0.0,measured,source_ingest,2019.0,
Benin,2020,Access to Clean Fuels and Technologies for cooking (% of total population),5.7,measured,source_ingest,2020.0,
Benin,2020,Access to electricity (% of total population),41.0,measured,source_ingest,2020.0,
Benin,2020,Population growth (annual %),2.66259875153288,measured,source_ingest,2020.0,
Benin,2020,carbon_intensity_elec,595.96,measured,source_ingest,2020.0,
Benin,2020,electricity_demand (TWh),1.63,measured,source_ingest,2020.0,
Benin,2020,electricity_generation (TWh),0.99,measured,source_ingest,2020.0,
Benin,2020,energy_poverty_electricity (% of total population),59.0,derived,one_minus_access,2020.0,
Benin,2020,energy_poverty_electricity_rural (% of rural population),82.6,measured,source_ingest,2020.0,
Benin,2020,energy_poverty_electricity_urban (% of urban population),33.900000000000006,measured,source_ingest,2020.0,
Benin,2020,energy_poverty_multidimensional (% of total population),76.65,measured,source_ingest,2020.0,
Benin,2020,fossil_share_elec,98.99,measured,source_ingest,2020.0,
Benin,2020,gdp,29239039610.0,measured,source_ingest,2020.0,
Benin,2020,greenhouse_gas_emissions,0.59,measured,source_ingest,2020.0,
Benin,2020,hydro_electricity,0.0,measured,source_ingest,2020.0,
Benin,2020,low_carbon_share_elec,1.01,measured,source_ingest,2020.0,
Benin,2020,population,13070169.0,measured,source_ingest,2020.0,
Benin,2020,renewables_electricity,0.01,measured,source_ingest,2020.0,
Benin,2020,renewables_share_elec,1.01,measured,source_ingest,2020.0,
Benin,2020,solar_electricity,0.01,measured,source_ingest,2020.0,
Benin,2020,wind_electricity,0.0,measured,source_ingest,2020.0,
Benin,2021,Access to Clean Fuels and Technologies for cooking (% of total population),5.8,measured,source_ingest,2021.0,
Benin,2021,Access to electricity (% of total population),42.0,measured,source_ingest,2021.0,
Benin,2021,Population growth (annual %),2.59230167510348,measured,source_ingest,2021.0,
Benin,2021,carbon_intensity_elec,584.07,measured,source_ingest,2021.0,
Benin,2021,electricity_demand (TWh),1.82,measured,source_ingest,2021.0,
Benin,2021,electricity_generation (TWh),1.13,measured,source_ingest,2021.0,
Benin,2021,energy_poverty_electricity (% of total population),58.0,derived,one_minus_access,2021.0,
Benin,2021,energy_poverty_electricity_rural (% of rural population),82.0,measured,source_ingest,2021.0,
Benin,2021,energy_poverty_electricity_urban (% of urban population),33.0,measured,source_ingest,2021.0,
Benin,2021,energy_poverty_multidimensional (% of total population),76.1,measured,source_ingest,2021.0,
Benin,2021,fossil_share_elec,98.23,measured,source_ingest,2021.0,
Benin,2021,gdp,31331235336.0,measured,source_ingest,2021.0,
Benin,2021,greenhouse_gas_emissions,0.66,measured,source_ingest,2021.0,
Benin,2021,hydro_electricity,0.0,measured,source_ingest,2021.0,
Benin,2021,low_carbon_share_elec,1.77,measured,source_ingest,2021.0,
Benin,2021,population,13413423.0,measured,source_ingest,2021.0,
Benin,2021,renewables_electricity,0.02,measured,source_ingest,2021.0,
Benin,2021,renewables_share_elec,1.77,measured,source_ingest,2021.0,
Benin,2021,solar_electricity,0.02,measured,source_ingest,2021.0,
Benin,2021,wind_electricity,0.0,measured,source_ingest,2021.0,
Benin,2022,Access to Clean Fuels and Technologies for cooking (% of total population),5.9,measured,source_ingest,2022.0,
Benin,2022,Access to electricity (% of total population),56.5,measured,source_ingest,2022.0,
Benin,2022,Population growth (annual %),2.54740926342667,measured,source_ingest,2022.0,
Benin,2022,carbon_intensity_elec,595.96,measured,source_ingest,2022.0,
Benin,2022,electricity_demand (TWh),1.82,measured,source_ingest,2022.0,
Benin,2022,electricity_generation (TWh),0.99,measured,source_ingest,2022.0,
Benin,2022,energy_poverty_electricity (% of total population),43.5,derived,one_minus_access,2022.0,
Benin,2022,energy_poverty_electricity_rural (% of rural population),54.5,measured,source_ingest,2022.0,
Benin,2022,energy_poverty_electricity_urban (% of urban population),28.900000000000006,measured,source_ingest,2022.0,
Benin,2022,energy_poverty_multidimensional (% of total population),68.8,measured,source_ingest,2022.0,
Benin,2022,fossil_share_elec,97.98,measured,source_ingest,2022.0,
Benin,2022,gdp,33290362034.0,measured,source_ingest,2022.0,
Benin,2022,greenhouse_gas_emissions,0.59,measured,source_ingest,2022.0,
Benin,2022,hydro_electricity,0.0,measured,source_ingest,2022.0,
Benin,2022,low_carbon_share_elec,2.02,measured,source_ingest,2022.0,
Benin,2022,population,13759507.0,measured,source_ingest,2022.0,
Benin,2022,renewables_electricity,0.02,measured,source_ingest,2022.0,
Benin,2022,renewables_share_elec,2.02,measured,source_ingest,2022.0,
Benin,2022,solar_electricity,0.02,measured,source_ingest,2022.0,
Benin,2022,wind_electricity,0.0,measured,source_ingest,2022.0,
Benin,2023,Access to Clean Fuels and Technologies for cooking (% of total population),6.0,measured,source_ingest,2023.0,
Benin,2023,Access to electricity (% of total population),57.0,measured,source_ingest,2023.0,
Benin,2023,Population growth (annual %),2.52274772277722,measured,source_ingest,2023.0,
Benin,2023,carbon_intensity_elec,590.0,measured,source_ingest,2023.0,
Benin,2023,electricity_demand (TWh),2.29,measured,source_ingest,2023.0,
Benin,2023,electricity_generation (TWh),1.0,measured,source_ingest,2023.0,
Benin,2023,energy_poverty_electricity (% of total population),43.0,derived,one_minus_access,2023.0,
Benin,2023,energy_poverty_electricity_rural (% of rural population),56.3,measured,source_ingest,2023.0,
Benin,2023,energy_poverty_electricity_urban (% of urban population),29.700000000000003,measured,source_ingest,2023.0,
Benin,2023,energy_poverty_multidimensional (% of total population),68.5,measured,source_ingest,2023.0,
Benin,2023,fossil_share_elec,97.0,measured,source_ingest,2023.0,
Benin,2023,gdp,35351812534.39838,estimated,dampened_exponential_log_linear,2022.0,0.9968644782610412
Benin,2023,greenhouse_gas_emissions,0.59,measured,source_ingest,2023.0,
Benin,2023,hydro_electricity,0.0,measured,source_ingest,2023.0,
Benin,2023,low_carbon_share_elec,3.0,measured,source_ingest,2023.0,
Benin,2023,population,14111035.0,measured,source_ingest,2023.0,
Benin,2023,renewables_electricity,0.03,measured,source_ingest,2023.0,
Benin,2023,renewables_share_elec,3.0,measured,source_ingest,2023.0,
Benin,2023,solar_electricity,0.03,measured,source_ingest,2023.0,
Benin,2023,wind_electricity,0.0,measured,source_ingest,2023.0,
Benin,2024,Access to Clean Fuels and Technologies for cooking (% of total population),6.121428571428567,estimated,linear_projection,2023.0,0.9789565028744991
Benin,2024,Access to electricity (% of total population),59.0,measured,source_ingest,2024.0,
Benin,2024,Population growth (annual %),2.46175361912328,measured,source_ingest,2024.0,
Benin,2024,carbon_intensity_elec,584.16,measured,source_ingest,2024.0,
Benin,2024,electricity_demand (TWh),2.31,measured,source_ingest,2024.0,
Benin,2024,electricity_generation (TWh),1.01,measured,source_ingest,2024.0,
Benin,2024,energy_poverty_electricity (% of total population),41.0,derived,one_minus_access,2024.0,
Benin,2024,energy_poverty_electricity_rural (% of rural population),55.0,measured,source_ingest,2024.0,
Benin,2024,energy_poverty_electricity_urban (% of urban population),28.400000000000006,measured,source_ingest,2024.0,
Benin,2024,energy_poverty_multidimensional (% of total population),68.28749999999991,measured,source_ingest,2024.0,
Benin,2024,fossil_share_elec,96.04,measured,source_ingest,2024.0,
Benin,2024,gdp,37540914940.81246,estimated,dampened_exponential_log_linear,2022.0,0.9968644782610412
Benin,2024,greenhouse_gas_emissions,0.59,measured,source_ingest,2024.0,
Benin,2024,hydro_electricity,0.0,measured,source_ingest,2024.0,
Benin,2024,low_carbon_share_elec,3.96,measured,source_ingest,2024.0,
Benin,2024,population,14462721.0,measured,source_ingest,2024.0,
Benin,2024,renewables_electricity,0.04,measured,source_ingest,2024.0,
Benin,2024,renewables_share_elec,3.96,measured,source_ingest,2024.0,
Benin,2024,solar_electricity,0.04,measured,source_ingest,2024.0,
Benin,2024,wind_electricity,0.0,measured,source_ingest,2024.0,
Benin,2025,Access to Clean Fuels and Technologies for cooking (% of total population),6.234523809523807,estimated,linear_projection,2023.0,0.9789565028744991
Benin,2025,Access to electricity (% of total population),61.15593666480541,estimated,logistic_logit_linear,2024.0,0.8471979610881808
Benin,2025,Population growth (annual %),2.40291500851022,measured,source_ingest,2025.0,
Benin,2025,carbon_intensity_elec,575.8205925624251,estimated,dampened_exponential_log_linear,2024.0,0.794258533851466
Benin,2025,electricity_demand (TWh),2.4715356301443725,estimated,dampened_exponential_log_linear,2024.0,0.9359905750585672
Benin,2025,electricity_generation (TWh),1.2488257547891854,estimated,dampened_exponential_log_linear,2024.0,0.7112339033457307
Benin,2025,energy_poverty_electricity (% of total population),38.84406333519459,estimated,one_minus_access,2024.0,
Benin,2025,energy_poverty_electricity_rural (% of rural population),52.350000000000364,estimated,linear_projection,2024.0,0.710744228095762
Benin,2025,energy_poverty_electricity_urban (% of urban population),25.84722222222217,estimated,linear_projection,2024.0,0.7211684068095812
Benin,2025,energy_poverty_multidimensional (% of total population),66.6833333333334,measured,source_ingest,2025.0,
Benin,2025,fossil_share_elec,96.08772222222217,estimated,linear_projection,2024.0,0.8771741139138803
Benin,2025,gdp,37767146221.40051,estimated,dampened_exponential_log_linear,2022.0,0.9968644782610412
Benin,2025,greenhouse_gas_emissions,0.7190977639784194,estimated,dampened_exponential_log_linear,2024.0,0.6945152833247936
Benin,2025,hydro_electricity,,missing,no_history,,
Benin,2025,low_carbon_share_elec,3.912277777777831,estimated,linear_projection,2024.0,0.8771741139138872
Benin,2025,population,14814456.92703947,estimated,limit_year_population_growth_rate_exponential,2024.0,
Benin,2025,renewables_electricity,0.053575307089725,estimated,dampened_exponential_log_linear,2024.0,0.9386214827552801
Benin,2025,renewables_share_elec,3.912277777777831,estimated,linear_projection,2024.0,0.8771741139138872
Benin,2025,solar_electricity,0.053575307089725,estimated,dampened_exponential_log_linear,2024.0,0.9386214827552801
Benin,2025,wind_electricity,,missing,no_history,,
Botswana,2016,Access to Clean Fuels and Technologies for cooking (% of total population),63.1,measured,source_ingest,2016.0,
Botswana,2016,Access to electricity (% of total population),64.2,measured,source_ingest,2016.0,
Botswana,2016,Population growth (annual %),1.41970172619868,measured,source_ingest,2016.0,
Botswana,2016,carbon_intensity_elec,858.74,measured,source_ingest,2016.0,
Botswana,2016,electricity_demand (TWh),4.36,measured,source_ingest,2016.0,
Botswana,2016,electricity_generation (TWh),2.69,measured,source_ingest,2016.0,
Botswana,2016,energy_poverty_electricity (% of total population),35.8,derived,one_minus_access,2016.0,
Botswana,2016,energy_poverty_electricity_rural (% of rural population),71.2,measured,source_ingest,2016.0,
Botswana,2016,energy_poverty_electricity_urban (% of urban population),19.099999999999994,measured,source_ingest,2016.0,
Botswana,2016,energy_poverty_multidimensional (% of total population),36.35,measured,source_ingest,2016.0,
Botswana,2016,fossil_share_elec,100.0,measured,source_ingest,2016.0,
Botswana,2016,gdp,32359220755.0,measured,source_ingest,2016.0,
Botswana,2016,greenhouse_gas_emissions,2.31,measured,source_ingest,2016.0,
Botswana,2016,hydro_electricity,0.0,measured,source_ingest,2016.0,
Botswana,2016,low_carbon_share_elec,0.0,measured,source_ingest,2016.0,
Botswana,2016,population,2234784.0,measured,source_ingest,2016.0,
Botswana,2016,renewables_electricity,0.0,measured,source_ingest,2016.0,
Botswana,2016,renewables_share_elec,0.0,measured,source_ingest,2016.0,
Botswana,2016,solar_electricity,0.0,measured,source_ingest,2016.0,
Botswana,2016,wind_electricity,0.0,measured,source_ingest,2016.0,
Botswana,2017,Access to Clean Fuels and Technologies for cooking (% of total population),63.5,measured,source_ingest,2017.0,
Botswana,2017,Access to electricity (% of total population),67.4,measured,source_ingest,2017.0,
Botswana,2017,Population growth (annual %),1.42047647332447,measured,source_ingest,2017.0,
Botswana,2017,carbon_intensity_elec,857.62,measured,source_ingest,2017.0,
Botswana,2017,electricity_demand (TWh),4.24,measured,source_ingest,2017.0,
Botswana,2017,electricity_generation (TWh),3.02,measured,source_ingest,2017.0,
Botswana,2017,energy_poverty_electricity (% of total population),32.599999999999994,derived,one_minus_access,2017.0,
Botswana,2017,energy_poverty_electricity_rural (% of rural population),69.0,measured,source_ingest,2017.0,
Botswana,2017,energy_poverty_electricity_urban (% of urban population),16.0,measured,source_ingest,2017.0,
Botswana,2017,energy_poverty_multidimensional (% of total population),34.55,measured,source_ingest,2017.0,
Botswana,2017,fossil_share_elec,100.0,measured,source_ingest,2017.0,
Botswana,2017,gdp,33690154993.0,measured,source_ingest,2017.0,
Botswana,2017,greenhouse_gas_emissions,2.59,measured,source_ingest,2017.0,
Botswana,2017,hydro_electricity,0.0,measured,source_ingest,2017.0,
Botswana,2017,low_carbon_share_elec,0.0,measured,source_ingest,2017.0,
Botswana,2017,population,2266749.0,measured,source_ingest,2017.0,
Botswana,2017,renewables_electricity,0.0,measured,source_ingest,2017.0,
Botswana,2017,renewables_share_elec,0.0,measured,source_ingest,2017.0,
Botswana,2017,solar_electricity,0.0,measured,source_ingest,2017.0,
Botswana,2017,wind_electricity,0.0,measured,source_ingest,2017.0,
Botswana,2018,Access to Clean Fuels and Technologies for cooking (% of total population),64.1,measured,source_ingest,2018.0,
Botswana,2018,Access to electricity (% of total population),68.3,measured,source_ingest,2018.0,
Botswana,2018,Population growth (annual %),1.41898108514606,measured,source_ingest,2018.0,
Botswana,2018,carbon_intensity_elec,855.31,measured,source_ingest,2018.0,
Botswana,2018,electricity_demand (TWh),3.82,measured,source_ingest,2018.0,
Botswana,2018,electricity_generation (TWh),3.11,measured,source_ingest,2018.0,
Botswana,2018,energy_poverty_electricity (% of total population),31.700000000000003,derived,one_minus_access,2018.0,
Botswana,2018,energy_poverty_electricity_rural (% of rural population),70.9,measured,source_ingest,2018.0,
Botswana,2018,energy_poverty_electricity_urban (% of urban population),14.5,measured,source_ingest,2018.0,
Botswana,2018,energy_poverty_multidimensional (% of total population),33.80000000000001,measured,source_ingest,2018.0,
Botswana,2018,fossil_share_elec,99.678,measured,source_ingest,2018.0,
Botswana,2018,gdp,35101769105.0,measured,source_ingest,2018.0,
Botswana,2018,greenhouse_gas_emissions,2.66,measured,source_ingest,2018.0,
Botswana,2018,hydro_electricity,0.0,measured,source_ingest,2018.0,
Botswana,2018,low_carbon_share_elec,0.322,measured,source_ingest,2018.0,
Botswana,2018,population,2299149.0,measured,source_ingest,2018.0,
Botswana,2018,renewables_electricity,0.01,measured,source_ingest,2018.0,
Botswana,2018,renewables_share_elec,0.322,measured,source_ingest,2018.0,
Botswana,2018,solar_electricity,0.01,measured,source_ingest,2018.0,
Botswana,2018,wind_electricity,0.0,measured,source_ingest,2018.0,
Botswana,2019,Access to Clean Fuels and Technologies for cooking (% of total population),64.7,measured,source_ingest,2019.0,
Botswana,2019,Access to electricity (% of total population),70.1,measured,source_ingest,2019.0,
Botswana,2019,Population growth (annual %),1.42262847077389,measured,source_ingest,2019.0,
Botswana,2019,carbon_intensity_elec,852.59,measured,source_ingest,2019.0,
Botswana,2019,electricity_demand (TWh),3.52,measured,source_ingest,2019.0,
Botswana,2019,electricity_generation (TWh),2.51,measured,source_ingest,2019.0,
Botswana,2019,energy_poverty_electricity (% of total population),29.900000000000006,derived,one_minus_access,2019.0,
Botswana,2019,energy_poverty_electricity_rural (% of rural population),72.1,measured,source_ingest,2019.0,
Botswana,2019,energy_poverty_electricity_urban (% of urban population),12.0,measured,source_ingest,2019.0,
Botswana,2019,energy_poverty_multidimensional (% of total population),32.599999999999994,measured,source_ingest,2019.0,
Botswana,2019,fossil_share_elec,99.602,measured,source_ingest,2019.0,
Botswana,2019,gdp,36166405883.0,measured,source_ingest,2019.0,
Botswana,2019,greenhouse_gas_emissions,2.14,measured,source_ingest,2019.0,
Botswana,2019,hydro_electricity,0.0,measured,source_ingest,2019.0,
Botswana,2019,low_carbon_share_elec,0.398,measured,source_ingest,2019.0,
Botswana,2019,population,2332082.0,measured,source_ingest,2019.0,
Botswana,2019,renewables_electricity,0.01,measured,source_ingest,2019.0,
Botswana,2019,renewables_share_elec,0.398,measured,source_ingest,2019.0,
Botswana,2019,solar_electricity,0.01,measured,source_ingest,2019.0,
Botswana,2019,wind_electricity,0.0,measured,source_ingest,2019.0,
Botswana,2020,Access to Clean Fuels and Technologies for cooking (% of total population),65.1,measured,source_ingest,2020.0,
Botswana,2020,Access to electricity (% of total population),71.8,measured,source_ingest,2020.0,
Botswana,2020,Population growth (annual %),1.4394103578493,measured,source_ingest,2020.0,
Botswana,2020,carbon_intensity_elec,848.62,measured,source_ingest,2020.0,
Botswana,2020,electricity_demand (TWh),4.23,measured,source_ingest,2020.0,
Botswana,2020,electricity_generation (TWh),2.18,measured,source_ingest,2020.0,
Botswana,2020,energy_poverty_electricity (% of total population),28.200000000000003,derived,one_minus_access,2020.0,
Botswana,2020,energy_poverty_electricity_rural (% of rural population),73.8,measured,source_ingest,2020.0,
Botswana,2020,energy_poverty_electricity_urban (% of urban population),9.400000000000006,measured,source_ingest,2020.0,
Botswana,2020,energy_poverty_multidimensional (% of total population),31.55000000000001,measured,source_ingest,2020.0,
Botswana,2020,fossil_share_elec,99.541,measured,source_ingest,2020.0,
Botswana,2020,gdp,33010529929.0,measured,source_ingest,2020.0,
Botswana,2020,greenhouse_gas_emissions,1.85,measured,source_ingest,2020.0,
Botswana,2020,hydro_electricity,0.0,measured,source_ingest,2020.0,
Botswana,2020,low_carbon_share_elec,0.459,measured,source_ingest,2020.0,
Botswana,2020,population,2365895.0,measured,source_ingest,2020.0,
Botswana,2020,renewables_electricity,0.01,measured,source_ingest,2020.0,
Botswana,2020,renewables_share_elec,0.459,measured,source_ingest,2020.0,
Botswana,2020,solar_electricity,0.01,measured,source_ingest,2020.0,
Botswana,2020,wind_electricity,0.0,measured,source_ingest,2020.0,
Botswana,2021,Access to Clean Fuels and Technologies for cooking (% of total population),65.6,measured,source_ingest,2021.0,
Botswana,2021,Access to electricity (% of total population),73.7,measured,source_ingest,2021.0,
Botswana,2021,Population growth (annual %),1.49130106425067,measured,source_ingest,2021.0,
Botswana,2021,carbon_intensity_elec,847.39,measured,source_ingest,2021.0,
Botswana,2021,electricity_demand (TWh),4.15,measured,source_ingest,2021.0,
Botswana,2021,electricity_generation (TWh),2.49,measured,source_ingest,2021.0,
Botswana,2021,energy_poverty_electricity (% of total population),26.299999999999997,derived,one_minus_access,2021.0,
Botswana,2021,energy_poverty_electricity_rural (% of rural population),75.0,measured,source_ingest,2021.0,
Botswana,2021,energy_poverty_electricity_urban (% of urban population),6.900000000000006,measured,source_ingest,2021.0,
Botswana,2021,energy_poverty_multidimensional (% of total population),30.349999999999994,measured,source_ingest,2021.0,
Botswana,2021,fossil_share_elec,99.598,measured,source_ingest,2021.0,
Botswana,2021,gdp,36918974292.0,measured,source_ingest,2021.0,
Botswana,2021,greenhouse_gas_emissions,2.11,measured,source_ingest,2021.0,
Botswana,2021,hydro_electricity,0.0,measured,source_ingest,2021.0,
Botswana,2021,low_carbon_share_elec,0.402,measured,source_ingest,2021.0,
Botswana,2021,population,2401448.0,measured,source_ingest,2021.0,
Botswana,2021,renewables_electricity,0.01,measured,source_ingest,2021.0,
Botswana,2021,renewables_share_elec,0.402,measured,source_ingest,2021.0,
Botswana,2021,solar_electricity,0.01,measured,source_ingest,2021.0,
Botswana,2021,wind_electricity,0.0,measured,source_ingest,2021.0,
Botswana,2022,Access to Clean Fuels and Technologies for cooking (% of total population),66.0,measured,source_ingest,2022.0,
Botswana,2022,Access to electricity (% of total population),75.9,measured,source_ingest,2022.0,
Botswana,2022,Population growth (annual %),1.58848021878269,measured,source_ingest,2022.0,
Botswana,2022,carbon_intensity_elec,847.66,measured,source_ingest,2022.0,
Botswana,2022,electricity_demand (TWh),4.36,measured,source_ingest,2022.0,
Botswana,2022,electricity_generation (TWh),2.56,measured,source_ingest,2022.0,
Botswana,2022,energy_poverty_electricity (% of total population),24.099999999999994,derived,one_minus_access,2022.0,
Botswana,2022,energy_poverty_electricity_rural (% of rural population),75.0,measured,source_ingest,2022.0,
Botswana,2022,energy_poverty_electricity_urban (% of urban population),4.5,measured,source_ingest,2022.0,
Botswana,2022,energy_poverty_multidimensional (% of total population),29.05,measured,source_ingest,2022.0,
Botswana,2022,fossil_share_elec,99.609,measured,source_ingest,2022.0,
Botswana,2022,gdp,39293967463.0,measured,source_ingest,2022.0,
Botswana,2022,greenhouse_gas_emissions,2.17,measured,source_ingest,2022.0,
Botswana,2022,hydro_electricity,0.0,measured,source_ingest,2022.0,
Botswana,2022,low_carbon_share_elec,0.391,measured,source_ingest,2022.0,
Botswana,2022,population,2439895.0,measured,source_ingest,2022.0,
Botswana,2022,renewables_electricity,0.01,measured,source_ingest,2022.0,
Botswana,2022,renewables_share_elec,0.391,measured,source_ingest,2022.0,
Botswana,2022,solar_electricity,0.01,measured,source_ingest,2022.0,
Botswana,2022,wind_electricity,0.0,measured,source_ingest,2022.0,
Botswana,2023,Access to Clean Fuels and Technologies for cooking (% of total population),66.4,measured,source_ingest,2023.0,
Botswana,2023,Access to electricity (% of total population),76.0,measured,source_ingest,2023.0,
Botswana,2023,Population growth (annual %),1.64031664035479,measured,source_ingest,2023.0,
Botswana,2023,carbon_intensity_elec,854.49,measured,source_ingest,2023.0,
Botswana,2023,electricity_demand (TWh),4.74,measured,source_ingest,2023.0,
Botswana,2023,electricity_generation (TWh),3.23,measured,source_ingest,2023.0,
Botswana,2023,energy_poverty_electricity (% of total population),24.0,derived,one_minus_access,2023.0,
Botswana,2023,energy_poverty_electricity_rural (% of rural population),75.0,measured,source_ingest,2023.0,
Botswana,2023,energy_poverty_electricity_urban (% of urban population),2.299999999999997,measured,source_ingest,2023.0,
Botswana,2023,energy_poverty_multidimensional (% of total population),28.8,measured,source_ingest,2023.0,
Botswana,2023,fossil_share_elec,99.69,measured,source_ingest,2023.0,
Botswana,2023,gdp,40294643438.61686,estimated,dampened_exponential_log_linear,2022.0,0.6271981104666693
Botswana,2023,greenhouse_gas_emissions,2.76,measured,source_ingest,2023.0,
Botswana,2023,hydro_electricity,0.0,measured,source_ingest,2023.0,
Botswana,2023,low_carbon_share_elec,0.31,measured,source_ingest,2023.0,
Botswana,2023,population,2480242.0,measured,source_ingest,2023.0,
Botswana,2023,renewables_electricity,0.01,measured,source_ingest,2023.0,
Botswana,2023,renewables_share_elec,0.31,measured,source_ingest,2023.0,
Botswana,2023,solar_electricity,0.01,measured,source_ingest,2023.0,
Botswana,2023,wind_electricity,0.0,measured,source_ingest,2023.0,
Botswana,2024,Access to Clean Fuels and Technologies for cooking (% of total population),66.98214285714289,estimated,linear_projection,2023.0,0.9953758488230262
Botswana,2024,Access to electricity (% of total population),80.2,measured,source_ingest,2024.0,
Botswana,2024,Population growth (annual %),1.63538411022867,measured,source_ingest,2024.0,
Botswana,2024,carbon_intensity_elec,851.31,measured,source_ingest,2024.0,
Botswana,2024,electricity_demand (TWh),4.67,measured,source_ingest,2024.0,
Botswana,2024,electricity_generation (TWh),3.43,measured,source_ingest,2024.0,
Botswana,2024,energy_poverty_electricity (% of total population),19.799999999999997,derived,one_minus_access,2024.0,
Botswana,2024,energy_poverty_electricity_rural (% of rural population),54.1,measured,source_ingest,2024.0,
Botswana,2024,energy_poverty_electricity_urban (% of urban population),3.299999999999997,measured,source_ingest,2024.0,
Botswana,2024,energy_poverty_multidimensional (% of total population),27.216071428571468,measured,source_ingest,2024.0,
Botswana,2024,fossil_share_elec,99.708,measured,source_ingest,2024.0,
Botswana,2024,gdp,41320803031.00313,estimated,dampened_exponential_log_linear,2022.0,0.6271981104666693
Botswana,2024,greenhouse_gas_emissions,2.92,measured,source_ingest,2024.0,
Botswana,2024,hydro_electricity,0.0,measured,source_ingest,2024.0,
Botswana,2024,low_carbon_share_elec,0.292,measured,source_ingest,2024.0,
Botswana,2024,population,2521145.0,measured,source_ingest,2024.0,
Botswana,2024,renewables_electricity,0.01,measured,source_ingest,2024.0,
Botswana,2024,renewables_share_elec,0.292,measured,source_ingest,2024.0,
Botswana,2024,solar_electricity,0.01,measured,source_ingest,2024.0,
Botswana,2024,wind_electricity,0.0,measured,source_ingest,2024.0,
Botswana,2025,Access to Clean Fuels and Technologies for cooking (% of total population),67.46428571428578,estimated,linear_projection,2023.0,0.9953758488230262
Botswana,2025,Access to electricity (% of total population),80.39516711076617,estimated,logistic_logit_linear,2024.0,0.9708720685814085
Botswana,2025,Population growth (annual %),1.61250378521521,measured,source_ingest,2025.0,
Botswana,2025,carbon_intensity_elec,850.3200082691494,estimated,dampened_exponential_log_linear,2024.0,0.413532457970782
Botswana,2025,electricity_demand (TWh),4.751514500925471,estimated,dampened_exponential_log_linear,2024.0,0.2603280830341518
Botswana,2025,electricity_generation (TWh),3.4746796278425323,estimated,dampened_exponential_log_linear,2024.0,0.05722021846054104
Botswana,2025,energy_poverty_electricity (% of total population),19.604832889233833,estimated,one_minus_access,2024.0,
Botswana,2025,energy_poverty_electricity_rural (% of rural population),67.40277777777783,estimated,linear_projection,2024.0,0.07444569052499439
Botswana,2025,energy_poverty_electricity_urban (% of urban population),0.0,estimated,linear_projection,2024.0,0.9723259289082292
Botswana,2025,energy_poverty_multidimensional (% of total population),26.12380952380954,measured,source_ingest,2025.0,
Botswana,2025,fossil_share_elec,99.52733333333333,estimated,linear_projection,2024.0,0.3597557652983514
Botswana,2025,gdp,41424845432.94406,estimated,dampened_exponential_log_linear,2022.0,0.6271981104666693
Botswana,2025,greenhouse_gas_emissions,2.954598389226369,estimated,dampened_exponential_log_linear,2024.0,0.045828044659292244
Botswana,2025,hydro_electricity,,missing,no_history,,
Botswana,2025,low_carbon_share_elec,0.4726666666666688,estimated,linear_projection,2024.0,0.35975576529835385
Botswana,2025,population,2562128.0975344875,estimated,limit_year_population_growth_rate_exponential,2024.0,
Botswana,2025,renewables_electricity,0.01,estimated,dampened_exponential_log_linear,2024.0,0.0
Botswana,2025,renewables_share_elec,0.4726666666666688,estimated,linear_projection,2024.0,0.35975576529835385
Botswana,2025,solar_electricity,0.01,estimated,dampened_exponential_log_linear,2024.0,0.0
Botswana,2025,wind_electricity,,missing,no_history,,
Burkina Faso,2016,Access to Clean Fuels and Technologies for cooking (% of total population),9.8,measured,source_ingest,2016.0,
Burkina Faso,2016,Access to electricity (% of total population),16.6,measured,source_ingest,2016.0,
Burkina Faso,2016,Population growth (annual %),2.92508251378454,measured,source_ingest,2016.0,
Burkina Faso,2016,carbon_intensity_elec,555.56,measured,source_ingest,2016.0,
Burkina Faso,2016,electricity_demand (TWh),1.62,measured,source_ingest,2016.0,
Burkina Faso,2016,electricity_generation (TWh),0.99,measured,source_ingest,2016.0,
Burkina Faso,2016,energy_poverty_electricity (% of total population),83.4,derived,one_minus_access,2016.0,
Burkina Faso,2016,energy_poverty_electricity_rural (% of rural population),87.3,estimated,observed_or_carry,2024.0,
Burkina Faso,2016,energy_poverty_electricity_urban (% of urban population),40.3,measured,source_ingest,2016.0,
Burkina Faso,2016,energy_poverty_multidimensional (% of total population),86.8,measured,source_ingest,2016.0,
Burkina Faso,2016,fossil_share_elec,83.838,measured,source_ingest,2016.0,
Burkina Faso,2016,gdp,27931683815.0,measured,source_ingest,2016.0,
Burkina Faso,2016,greenhouse_gas_emissions,0.55,measured,source_ingest,2016.0,
Burkina Faso,2016,hydro_electricity,0.14,measured,source_ingest,2016.0,
Burkina Faso,2016,low_carbon_share_elec,16.162,measured,source_ingest,2016.0,
Burkina Faso,2016,population,19334854.0,measured,source_ingest,2016.0,
Burkina Faso,2016,renewables_electricity,0.16,measured,source_ingest,2016.0,
Burkina Faso,2016,renewables_share_elec,16.162,measured,source_ingest,2016.0,
Burkina Faso,2016,solar_electricity,0.02,measured,source_ingest,2016.0,
Burkina Faso,2016,wind_electricity,0.0,measured,source_ingest,2016.0,
Burkina Faso,2017,Access to Clean Fuels and Technologies for cooking (% of total population),10.6,measured,source_ingest,2017.0,
Burkina Faso,2017,Access to electricity (% of total population),17.0,measured,source_ingest,2017.0,
Burkina Faso,2017,Population growth (annual %),2.85291595529266,measured,source_ingest,2017.0,
Burkina Faso,2017,carbon_intensity_elec,562.5,measured,source_ingest,2017.0,
Burkina Faso,2017,electricity_demand (TWh),1.77,measured,source_ingest,2017.0,
Burkina Faso,2017,electricity_generation (TWh),1.12,measured,source_ingest,2017.0,
Burkina Faso,2017,energy_poverty_electricity (% of total population),83.0,derived,one_minus_access,2017.0,
Burkina Faso,2017,energy_poverty_electricity_rural (% of rural population),87.3,estimated,observed_or_carry,2024.0,
Burkina Faso,2017,energy_poverty_electricity_urban (% of urban population),38.6,measured,source_ingest,2017.0,
Burkina Faso,2017,energy_poverty_multidimensional (% of total population),86.2,measured,source_ingest,2017.0,
Burkina Faso,2017,fossil_share_elec,85.714,measured,source_ingest,2017.0,
Burkina Faso,2017,gdp,29664279937.0,measured,source_ingest,2017.0,
Burkina Faso,2017,greenhouse_gas_emissions,0.63,measured,source_ingest,2017.0,
Burkina Faso,2017,hydro_electricity,0.13,measured,source_ingest,2017.0,
Burkina Faso,2017,low_carbon_share_elec,14.286,measured,source_ingest,2017.0,
Burkina Faso,2017,population,19894413.0,measured,source_ingest,2017.0,
Burkina Faso,2017,renewables_electricity,0.16,measured,source_ingest,2017.0,
Burkina Faso,2017,renewables_share_elec,14.286,measured,source_ingest,2017.0,
Burkina Faso,2017,solar_electricity,0.03,measured,source_ingest,2017.0,
Burkina Faso,2017,wind_electricity,0.0,measured,source_ingest,2017.0,
Burkina Faso,2018,Access to Clean Fuels and Technologies for cooking (% of total population),11.7,measured,source_ingest,2018.0,
Burkina Faso,2018,Access to electricity (% of total population),14.4,measured,source_ingest,2018.0,
Burkina Faso,2018,Population growth (annual %),2.69713675384815,measured,source_ingest,2018.0,
Burkina Faso,2018,carbon_intensity_elec,566.85,measured,source_ingest,2018.0,
Burkina Faso,2018,electricity_demand (TWh),2.71,measured,source_ingest,2018.0,
Burkina Faso,2018,electricity_generation (TWh),1.87,measured,source_ingest,2018.0,
Burkina Faso,2018,energy_poverty_electricity (% of total population),85.6,derived,one_minus_access,2018.0,
Burkina Faso,2018,energy_poverty_electricity_rural (% of rural population),87.3,estimated,observed_or_carry,2024.0,
Burkina Faso,2018,energy_poverty_electricity_urban (% of urban population),37.7,measured,source_ingest,2018.0,
Burkina Faso,2018,energy_poverty_multidimensional (% of total population),86.95,measured,source_ingest,2018.0,
Burkina Faso,2018,fossil_share_elec,85.562,measured,source_ingest,2018.0,
Burkina Faso,2018,gdp,31623015393.0,measured,source_ingest,2018.0,
Burkina Faso,2018,greenhouse_gas_emissions,1.06,measured,source_ingest,2018.0,
Burkina Faso,2018,hydro_electricity,0.13,measured,source_ingest,2018.0,
Burkina Faso,2018,low_carbon_share_elec,14.439,measured,source_ingest,2018.0,
Burkina Faso,2018,population,20438289.0,measured,source_ingest,2018.0,
Burkina Faso,2018,renewables_electricity,0.27,measured,source_ingest,2018.0,
Burkina Faso,2018,renewables_share_elec,14.439,measured,source_ingest,2018.0,
Burkina Faso,2018,solar_electricity,0.09,measured,source_ingest,2018.0,
Burkina Faso,2018,wind_electricity,0.0,measured,source_ingest,2018.0,
Burkina Faso,2019,Access to Clean Fuels and Technologies for cooking (% of total population),12.5,measured,source_ingest,2019.0,
Burkina Faso,2019,Access to electricity (% of total population),17.6,measured,source_ingest,2019.0,
Burkina Faso,2019,Population growth (annual %),2.52989803984158,measured,source_ingest,2019.0,
Burkina Faso,2019,carbon_intensity_elec,556.25,measured,source_ingest,2019.0,
Burkina Faso,2019,electricity_demand (TWh),2.68,measured,source_ingest,2019.0,
Burkina Faso,2019,electricity_generation (TWh),1.6,measured,source_ingest,2019.0,
Burkina Faso,2019,energy_poverty_electricity (% of total population),82.4,derived,one_minus_access,2019.0,
Burkina Faso,2019,energy_poverty_electricity_rural (% of rural population),87.3,estimated,observed_or_carry,2024.0,
Burkina Faso,2019,energy_poverty_electricity_urban (% of urban population),35.400000000000006,measured,source_ingest,2019.0,
Burkina Faso,2019,energy_poverty_multidimensional (% of total population),84.95,measured,source_ingest,2019.0,
Burkina Faso,2019,fossil_share_elec,83.75,measured,source_ingest,2019.0,
Burkina Faso,2019,gdp,33422048798.0,measured,source_ingest,2019.0,
Burkina Faso,2019,greenhouse_gas_emissions,0.89,measured,source_ingest,2019.0,
Burkina Faso,2019,hydro_electricity,0.11,measured,source_ingest,2019.0,
Burkina Faso,2019,low_carbon_share_elec,16.25,measured,source_ingest,2019.0,
Burkina Faso,2019,population,20961956.0,measured,source_ingest,2019.0,
Burkina Faso,2019,renewables_electricity,0.26,measured,source_ingest,2019.0,
Burkina Faso,2019,renewables_share_elec,16.25,measured,source_ingest,2019.0,
Burkina Faso,2019,solar_electricity,0.09,measured,source_ingest,2019.0,
Burkina Faso,2019,wind_electricity,0.0,measured,source_ingest,2019.0,
Burkina Faso,2020,Access to Clean Fuels and Technologies for cooking (% of total population),13.5,measured,source_ingest,2020.0,
Burkina Faso,2020,Access to electricity (% of total population),18.5,measured,source_ingest,2020.0,
Burkina Faso,2020,Population growth (annual %),2.43522959287393,measured,source_ingest,2020.0,
Burkina Faso,2020,carbon_intensity_elec,547.17,measured,source_ingest,2020.0,
Burkina Faso,2020,electricity_demand (TWh),3.02,measured,source_ingest,2020.0,
Burkina Faso,2020,electricity_generation (TWh),1.59,measured,source_ingest,2020.0,
Burkina Faso,2020,energy_poverty_electricity (% of total population),81.5,derived,one_minus_access,2020.0,
Burkina Faso,2020,energy_poverty_electricity_rural (% of rural population),87.3,estimated,observed_or_carry,2024.0,
Burkina Faso,2020,energy_poverty_electricity_urban (% of urban population),33.900000000000006,measured,source_ingest,2020.0,
Burkina Faso,2020,energy_poverty_multidimensional (% of total population),84.0,measured,source_ingest,2020.0,
Burkina Faso,2020,fossil_share_elec,81.132,measured,source_ingest,2020.0,
Burkina Faso,2020,gdp,34067429050.0,measured,source_ingest,2020.0,
Burkina Faso,2020,greenhouse_gas_emissions,0.87,measured,source_ingest,2020.0,
Burkina Faso,2020,hydro_electricity,0.11,measured,source_ingest,2020.0,
Burkina Faso,2020,low_carbon_share_elec,18.868,measured,source_ingest,2020.0,
Burkina Faso,2020,population,21478691.0,measured,source_ingest,2020.0,
Burkina Faso,2020,renewables_electricity,0.3,measured,source_ingest,2020.0,
Burkina Faso,2020,renewables_share_elec,18.868,measured,source_ingest,2020.0,
Burkina Faso,2020,solar_electricity,0.09,measured,source_ingest,2020.0,
Burkina Faso,2020,wind_electricity,0.0,measured,source_ingest,2020.0,
Burkina Faso,2021,Access to Clean Fuels and Technologies for cooking (% of total population),14.6,measured,source_ingest,2021.0,
Burkina Faso,2021,Access to electricity (% of total population),19.0,measured,source_ingest,2021.0,
Burkina Faso,2021,Population growth (annual %),2.37649218888363,measured,source_ingest,2021.0,
Burkina Faso,2021,carbon_intensity_elec,549.71,measured,source_ingest,2021.0,
Burkina Faso,2021,electricity_demand (TWh),3.23,measured,source_ingest,2021.0,
Burkina Faso,2021,electricity_generation (TWh),1.71,measured,source_ingest,2021.0,
Burkina Faso,2021,energy_poverty_electricity (% of total population),81.0,derived,one_minus_access,2021.0,
Burkina Faso,2021,energy_poverty_electricity_rural (% of rural population),87.3,estimated,observed_or_carry,2024.0,
Burkina Faso,2021,energy_poverty_electricity_urban (% of urban population),32.400000000000006,measured,source_ingest,2021.0,
Burkina Faso,2021,energy_poverty_multidimensional (% of total population),83.2,measured,source_ingest,2021.0,
Burkina Faso,2021,fossil_share_elec,81.871,measured,source_ingest,2021.0,
Burkina Faso,2021,gdp,36419784717.0,measured,source_ingest,2021.0,
Burkina Faso,2021,greenhouse_gas_emissions,0.94,measured,source_ingest,2021.0,
Burkina Faso,2021,hydro_electricity,0.13,measured,source_ingest,2021.0,
Burkina Faso,2021,low_carbon_share_elec,18.129,measured,source_ingest,2021.0,
Burkina Faso,2021,population,21995249.0,measured,source_ingest,2021.0,
Burkina Faso,2021,renewables_electricity,0.31,measured,source_ingest,2021.0,
Burkina Faso,2021,renewables_share_elec,18.129,measured,source_ingest,2021.0,
Burkina Faso,2021,solar_electricity,0.09,measured,source_ingest,2021.0,
Burkina Faso,2021,wind_electricity,0.0,measured,source_ingest,2021.0,
Burkina Faso,2022,Access to Clean Fuels and Technologies for cooking (% of total population),15.9,measured,source_ingest,2022.0,
Burkina Faso,2022,Access to electricity (% of total population),19.5,measured,source_ingest,2022.0,
Burkina Faso,2022,Population growth (annual %),2.30907147387783,measured,source_ingest,2022.0,
Burkina Faso,2022,carbon_intensity_elec,568.05,measured,source_ingest,2022.0,
Burkina Faso,2022,electricity_demand (TWh),3.18,measured,source_ingest,2022.0,
Burkina Faso,2022,electricity_generation (TWh),1.69,measured,source_ingest,2022.0,
Burkina Faso,2022,energy_poverty_electricity (% of total population),80.5,derived,one_minus_access,2022.0,
Burkina Faso,2022,energy_poverty_electricity_rural (% of rural population),96.6,measured,source_ingest,2022.0,
Burkina Faso,2022,energy_poverty_electricity_urban (% of urban population),39.5,measured,source_ingest,2022.0,
Burkina Faso,2022,energy_poverty_multidimensional (% of total population),82.3,measured,source_ingest,2022.0,
Burkina Faso,2022,fossil_share_elec,84.615,measured,source_ingest,2022.0,
Burkina Faso,2022,gdp,37320442404.0,measured,source_ingest,2022.0,
Burkina Faso,2022,greenhouse_gas_emissions,0.96,measured,source_ingest,2022.0,
Burkina Faso,2022,hydro_electricity,0.08,measured,source_ingest,2022.0,
Burkina Faso,2022,low_carbon_share_elec,15.385,measured,source_ingest,2022.0,
Burkina Faso,2022,population,22509038.0,measured,source_ingest,2022.0,
Burkina Faso,2022,renewables_electricity,0.26,measured,source_ingest,2022.0,
Burkina Faso,2022,renewables_share_elec,15.385,measured,source_ingest,2022.0,
Burkina Faso,2022,solar_electricity,0.09,measured,source_ingest,2022.0,
Burkina Faso,2022,wind_electricity,0.0,measured,source_ingest,2022.0,
Burkina Faso,2023,Access to Clean Fuels and Technologies for cooking (% of total population),17.0,measured,source_ingest,2023.0,
Burkina Faso,2023,Access to electricity (% of total population),21.7,measured,source_ingest,2023.0,
Burkina Faso,2023,Population growth (annual %),2.26973666268599,measured,source_ingest,2023.0,
Burkina Faso,2023,carbon_intensity_elec,562.13,measured,source_ingest,2023.0,
Burkina Faso,2023,electricity_demand (TWh),3.27,measured,source_ingest,2023.0,
Burkina Faso,2023,electricity_generation (TWh),1.69,measured,source_ingest,2023.0,
Burkina Faso,2023,energy_poverty_electricity (% of total population),78.3,derived,one_minus_access,2023.0,
Burkina Faso,2023,energy_poverty_electricity_rural (% of rural population),98.0,measured,source_ingest,2023.0,
Burkina Faso,2023,energy_poverty_electricity_urban (% of urban population),37.4,measured,source_ingest,2023.0,
Burkina Faso,2023,energy_poverty_multidimensional (% of total population),80.65,measured,source_ingest,2023.0,
Burkina Faso,2023,fossil_share_elec,84.024,measured,source_ingest,2023.0,
Burkina Faso,2023,gdp,39169684764.65748,estimated,dampened_exponential_log_linear,2022.0,0.9824503574999539
Burkina Faso,2023,greenhouse_gas_emissions,0.95,measured,source_ingest,2023.0,
Burkina Faso,2023,hydro_electricity,0.09,measured,source_ingest,2023.0,
Burkina Faso,2023,low_carbon_share_elec,15.976,measured,source_ingest,2023.0,
Burkina Faso,2023,population,23025777.0,measured,source_ingest,2023.0,
Burkina Faso,2023,renewables_electricity,0.27,measured,source_ingest,2023.0,
Burkina Faso,2023,renewables_share_elec,15.976,measured,source_ingest,2023.0,
Burkina Faso,2023,solar_electricity,0.09,measured,source_ingest,2023.0,
Burkina Faso,2023,wind_electricity,0.0,measured,source_ingest,2023.0,
Burkina Faso,2024,Access to Clean Fuels and Technologies for cooking (% of total population),17.839285714285325,estimated,linear_projection,2023.0,0.9955450065842573
Burkina Faso,2024,Access to electricity (% of total population),34.0,measured,source_ingest,2024.0,
Burkina Faso,2024,Population growth (annual %),2.24597728439097,measured,source_ingest,2024.0,
Burkina Faso,2024,carbon_intensity_elec,562.13,measured,source_ingest,2024.0,
Burkina Faso,2024,electricity_demand (TWh),3.19,measured,source_ingest,2024.0,
Burkina Faso,2024,electricity_generation (TWh),1.69,measured,source_ingest,2024.0,
Burkina Faso,2024,energy_poverty_electricity (% of total population),66.0,derived,one_minus_access,2024.0,
Burkina Faso,2024,energy_poverty_electricity_rural (% of rural population),87.3,measured,source_ingest,2024.0,
Burkina Faso,2024,energy_poverty_electricity_urban (% of urban population),12.200000000000003,measured,source_ingest,2024.0,
Burkina Faso,2024,energy_poverty_multidimensional (% of total population),80.37678571428569,measured,source_ingest,2024.0,
Burkina Faso,2024,fossil_share_elec,82.84,measured,source_ingest,2024.0,
Burkina Faso,2024,gdp,41110557799.77029,estimated,dampened_exponential_log_linear,2022.0,0.9824503574999539
Burkina Faso,2024,greenhouse_gas_emissions,0.95,measured,source_ingest,2024.0,
Burkina Faso,2024,hydro_electricity,0.09,measured,source_ingest,2024.0,
Burkina Faso,2024,low_carbon_share_elec,17.16,measured,source_ingest,2024.0,
Burkina Faso,2024,population,23548782.0,measured,source_ingest,2024.0,
Burkina Faso,2024,renewables_electricity,0.29,measured,source_ingest,2024.0,
Burkina Faso,2024,renewables_share_elec,17.16,measured,source_ingest,2024.0,
Burkina Faso,2024,solar_electricity,0.11,measured,source_ingest,2024.0,
Burkina Faso,2024,wind_electricity,0.0,measured,source_ingest,2024.0,
Burkina Faso,2025,Access to Clean Fuels and Technologies for cooking (% of total population),18.87023809523771,estimated,linear_projection,2023.0,0.9955450065842573
Burkina Faso,2025,Access to electricity (% of total population),27.614874551762057,estimated,logistic_logit_linear,2024.0,0.6318445550599193
Burkina Faso,2025,Population growth (annual %),2.20824551344995,measured,source_ingest,2025.0,
Burkina Faso,2025,carbon_intensity_elec,562.4810154786801,estimated,dampened_exponential_log_linear,2024.0,0.01726621387949534
Burkina Faso,2025,electricity_demand (TWh),3.470596904170771,estimated,dampened_exponential_log_linear,2024.0,0.7434977367138917
Burkina Faso,2025,electricity_generation (TWh),1.7836912345812912,estimated,dampened_exponential_log_linear,2024.0,0.4692046463841899
Burkina Faso,2025,energy_poverty_electricity (% of total population),72.38512544823794,estimated,one_minus_access,2024.0,
Burkina Faso,2025,energy_poverty_electricity_rural (% of rural population),84.66666666666788,estimated,linear_projection,2024.0,0.6392776190006894
Burkina Faso,2025,energy_poverty_electricity_urban (% of urban population),24.538888888888778,estimated,linear_projection,2024.0,0.37246490848611613
Burkina Faso,2025,energy_poverty_multidimensional (% of total population),79.48690476190473,measured,source_ingest,2025.0,
Burkina Faso,2025,fossil_share_elec,82.63552777777772,estimated,linear_projection,2024.0,0.1432531374913446
Burkina Faso,2025,gdp,41309857680.279144,estimated,dampened_exponential_log_linear,2022.0,0.9824503574999539
Burkina Faso,2025,greenhouse_gas_emissions,1.0032934158340827,estimated,dampened_exponential_log_linear,2024.0,0.4700205841995523
Burkina Faso,2025,hydro_electricity,0.08465367785246707,estimated,dampened_exponential_log_linear,2024.0,0.6950166651785158
Burkina Faso,2025,low_carbon_share_elec,17.364416666666727,estimated,linear_projection,2024.0,0.143236244237128
Burkina Faso,2025,population,24074581.022328075,estimated,limit_year_population_growth_rate_exponential,2024.0,
Burkina Faso,2025,renewables_electricity,0.31024551591948596,estimated,dampened_exponential_log_linear,2024.0,0.5322573633121628
Burkina Faso,2025,renewables_share_elec,17.364416666666727,estimated,linear_projection,2024.0,0.143236244237128
Burkina Faso,2025,solar_electricity,0.13019858385709718,estimated,dampened_exponential_log_linear,2024.0,0.5944670294888077
Burkina Faso,2025,wind_electricity,,missing,no_history,,
Burundi,2016,Access to Clean Fuels and Technologies for cooking (% of total population),0.2,measured,source_ingest,2016.0,
Burundi,2016,Access to electricity (% of total population),8.5,measured,source_ingest,2016.0,
Burundi,2016,Population growth (annual %),1.72186004024144,measured,source_ingest,2016.0,
Burundi,2016,carbon_intensity_elec,55.56,measured,source_ingest,2016.0,
Burundi,2016,electricity_demand (TWh),0.31,measured,source_ingest,2016.0,
Burundi,2016,electricity_generation (TWh),0.18,measured,source_ingest,2016.0,
Burundi,2016,energy_poverty_electricity (% of total population),91.5,derived,one_minus_access,2016.0,
Burundi,2016,energy_poverty_electricity_rural (% of rural population),98.5,measured,source_ingest,2016.0,
Burundi,2016,energy_poverty_electricity_urban (% of urban population),42.4,measured,source_ingest,2016.0,
Burundi,2016,energy_poverty_multidimensional (% of total population),95.65,measured,source_ingest,2016.0,
Burundi,2016,fossil_share_elec,11.111,measured,source_ingest,2016.0,
Burundi,2016,gdp,7554391939.0,measured,source_ingest,2016.0,
Burundi,2016,greenhouse_gas_emissions,0.01,measured,source_ingest,2016.0,
Burundi,2016,hydro_electricity,0.14,measured,source_ingest,2016.0,
Burundi,2016,low_carbon_share_elec,88.889,measured,source_ingest,2016.0,
Burundi,2016,population,11239459.0,measured,source_ingest,2016.0,
Burundi,2016,renewables_electricity,0.16,measured,source_ingest,2016.0,
Burundi,2016,renewables_share_elec,88.889,measured,source_ingest,2016.0,
Burundi,2016,solar_electricity,0.01,measured,source_ingest,2016.0,
Burundi,2016,wind_electricity,0.0,measured,source_ingest,2016.0,
Burundi,2017,Access to Clean Fuels and Technologies for cooking (% of total population),0.2,measured,source_ingest,2017.0,
Burundi,2017,Access to electricity (% of total population),9.3,measured,source_ingest,2017.0,
Burundi,2017,Population growth (annual %),2.35048627086438,measured,source_ingest,2017.0,
Burundi,2017,carbon_intensity_elec,178.57,measured,source_ingest,2017.0,
Burundi,2017,electricity_demand (TWh),0.37,measured,source_ingest,2017.0,
Burundi,2017,electricity_generation (TWh),0.28,measured,source_ingest,2017.0,
Burundi,2017,energy_poverty_electricity (% of total population),90.7,derived,one_minus_access,2017.0,
Burundi,2017,energy_poverty_electricity_rural (% of rural population),98.3,measured,source_ingest,2017.0,
Burundi,2017,energy_poverty_electricity_urban (% of urban population),38.2,measured,source_ingest,2017.0,
Burundi,2017,energy_poverty_multidimensional (% of total population),95.25,measured,source_ingest,2017.0,
Burundi,2017,fossil_share_elec,25.0,measured,source_ingest,2017.0,
Burundi,2017,gdp,7833860723.0,measured,source_ingest,2017.0,
Burundi,2017,greenhouse_gas_emissions,0.05,measured,source_ingest,2017.0,
Burundi,2017,hydro_electricity,0.19,measured,source_ingest,2017.0,
Burundi,2017,low_carbon_share_elec,75.0,measured,source_ingest,2017.0,
Burundi,2017,population,11506764.0,measured,source_ingest,2017.0,
Burundi,2017,renewables_electricity,0.21,measured,source_ingest,2017.0,
Burundi,2017,renewables_share_elec,75.0,measured,source_ingest,2017.0,
Burundi,2017,solar_electricity,0.01,measured,source_ingest,2017.0,
Burundi,2017,wind_electricity,0.0,measured,source_ingest,2017.0,
Burundi,2018,Access to Clean Fuels and Technologies for cooking (% of total population),0.2,measured,source_ingest,2018.0,
Burundi,2018,Access to electricity (% of total population),9.5,measured,source_ingest,2018.0,
Burundi,2018,Population growth (annual %),3.01898182778662,measured,source_ingest,2018.0,
Burundi,2018,carbon_intensity_elec,228.57,measured,source_ingest,2018.0,
Burundi,2018,electricity_demand (TWh),0.45,measured,source_ingest,2018.0,
Burundi,2018,electricity_generation (TWh),0.35,measured,source_ingest,2018.0,
Burundi,2018,energy_poverty_electricity (% of total population),90.5,derived,one_minus_access,2018.0,
Burundi,2018,energy_poverty_electricity_rural (% of rural population),98.0,measured,source_ingest,2018.0,
Burundi,2018,energy_poverty_electricity_urban (% of urban population),40.2,measured,source_ingest,2018.0,
Burundi,2018,energy_poverty_multidimensional (% of total population),95.15,measured,source_ingest,2018.0,
Burundi,2018,fossil_share_elec,28.571,measured,source_ingest,2018.0,
Burundi,2018,gdp,8207327776.0,measured,source_ingest,2018.0,
Burundi,2018,greenhouse_gas_emissions,0.08,measured,source_ingest,2018.0,
Burundi,2018,hydro_electricity,0.24,measured,source_ingest,2018.0,
Burundi,2018,low_carbon_share_elec,71.429,measured,source_ingest,2018.0,
Burundi,2018,population,11859444.0,measured,source_ingest,2018.0,
Burundi,2018,renewables_electricity,0.25,measured,source_ingest,2018.0,
Burundi,2018,renewables_share_elec,71.429,measured,source_ingest,2018.0,
Burundi,2018,solar_electricity,0.0,measured,source_ingest,2018.0,
Burundi,2018,wind_electricity,0.0,measured,source_ingest,2018.0,
Burundi,2019,Access to Clean Fuels and Technologies for cooking (% of total population),0.15,measured,source_ingest,2019.0,
Burundi,2019,Access to electricity (% of total population),9.8,measured,source_ingest,2019.0,
Burundi,2019,Population growth (annual %),3.28367531420808,measured,source_ingest,2019.0,
Burundi,2019,carbon_intensity_elec,230.77,measured,source_ingest,2019.0,
Burundi,2019,electricity_demand (TWh),0.49,measured,source_ingest,2019.0,
Burundi,2019,electricity_generation (TWh),0.39,measured,source_ingest,2019.0,
Burundi,2019,energy_poverty_electricity (% of total population),90.2,derived,one_minus_access,2019.0,
Burundi,2019,energy_poverty_electricity_rural (% of rural population),98.0,measured,source_ingest,2019.0,
Burundi,2019,energy_poverty_electricity_urban (% of urban population),39.2,measured,source_ingest,2019.0,
Burundi,2019,energy_poverty_multidimensional (% of total population),95.025,measured,source_ingest,2019.0,
Burundi,2019,fossil_share_elec,30.769,measured,source_ingest,2019.0,
Burundi,2019,gdp,8573379471.0,measured,source_ingest,2019.0,
Burundi,2019,greenhouse_gas_emissions,0.09,measured,source_ingest,2019.0,
Burundi,2019,hydro_electricity,0.26,measured,source_ingest,2019.0,
Burundi,2019,low_carbon_share_elec,69.231,measured,source_ingest,2019.0,
Burundi,2019,population,12255339.0,measured,source_ingest,2019.0,
Burundi,2019,renewables_electricity,0.27,measured,source_ingest,2019.0,
Burundi,2019,renewables_share_elec,69.231,measured,source_ingest,2019.0,
Burundi,2019,solar_electricity,0.0,measured,source_ingest,2019.0,
Burundi,2019,wind_electricity,0.0,measured,source_ingest,2019.0,
Burundi,2020,Access to Clean Fuels and Technologies for cooking (% of total population),0.1,measured,source_ingest,2020.0,
Burundi,2020,Access to electricity (% of total population),9.1,measured,source_ingest,2020.0,
Burundi,2020,Population growth (annual %),2.9086530249822,measured,source_ingest,2020.0,
Burundi,2020,carbon_intensity_elec,189.19,measured,source_ingest,2020.0,
Burundi,2020,electricity_demand (TWh),0.46,measured,source_ingest,2020.0,
Burundi,2020,electricity_generation (TWh),0.37,measured,source_ingest,2020.0,
Burundi,2020,energy_poverty_electricity (% of total population),90.9,derived,one_minus_access,2020.0,
Burundi,2020,energy_poverty_electricity_rural (% of rural population),99.1,measured,source_ingest,2020.0,
Burundi,2020,energy_poverty_electricity_urban (% of urban population),39.5,measured,source_ingest,2020.0,
Burundi,2020,energy_poverty_multidimensional (% of total population),95.4,measured,source_ingest,2020.0,
Burundi,2020,fossil_share_elec,24.324,measured,source_ingest,2020.0,
Burundi,2020,gdp,8635657446.0,measured,source_ingest,2020.0,
Burundi,2020,greenhouse_gas_emissions,0.07,measured,source_ingest,2020.0,
Burundi,2020,hydro_electricity,0.27,measured,source_ingest,2020.0,
Burundi,2020,low_carbon_share_elec,75.676,measured,source_ingest,2020.0,
Burundi,2020,population,12617041.0,measured,source_ingest,2020.0,
Burundi,2020,renewables_electricity,0.28,measured,source_ingest,2020.0,
Burundi,2020,renewables_share_elec,75.676,measured,source_ingest,2020.0,
Burundi,2020,solar_electricity,0.0,measured,source_ingest,2020.0,
Burundi,2020,wind_electricity,0.0,measured,source_ingest,2020.0,
Burundi,2021,Access to Clean Fuels and Technologies for cooking (% of total population),0.1,measured,source_ingest,2021.0,
Burundi,2021,Access to electricity (% of total population),10.2,measured,source_ingest,2021.0,
Burundi,2021,Population growth (annual %),2.72425539520386,measured,source_ingest,2021.0,
Burundi,2021,carbon_intensity_elec,230.77,measured,source_ingest,2021.0,
Burundi,2021,electricity_demand (TWh),0.49,measured,source_ingest,2021.0,
Burundi,2021,electricity_generation (TWh),0.39,measured,source_ingest,2021.0,
Burundi,2021,energy_poverty_electricity (% of total population),89.8,derived,one_minus_access,2021.0,
Burundi,2021,energy_poverty_electricity_rural (% of rural population),98.4,measured,source_ingest,2021.0,
Burundi,2021,energy_poverty_electricity_urban (% of urban population),37.2,measured,source_ingest,2021.0,
Burundi,2021,energy_poverty_multidimensional (% of total population),94.85,measured,source_ingest,2021.0,
Burundi,2021,fossil_share_elec,30.769,measured,source_ingest,2021.0,
Burundi,2021,gdp,8956206318.0,measured,source_ingest,2021.0,
Burundi,2021,greenhouse_gas_emissions,0.09,measured,source_ingest,2021.0,
Burundi,2021,hydro_electricity,0.26,measured,source_ingest,2021.0,
Burundi,2021,low_carbon_share_elec,69.231,measured,source_ingest,2021.0,
Burundi,2021,population,12965487.0,measured,source_ingest,2021.0,
Burundi,2021,renewables_electricity,0.27,measured,source_ingest,2021.0,
Burundi,2021,renewables_share_elec,69.231,measured,source_ingest,2021.0,
Burundi,2021,solar_electricity,0.0,measured,source_ingest,2021.0,
Burundi,2021,wind_electricity,0.0,measured,source_ingest,2021.0,
Burundi,2022,Access to Clean Fuels and Technologies for cooking (% of total population),0.2,measured,source_ingest,2022.0,
Burundi,2022,Access to electricity (% of total population),10.3,measured,source_ingest,2022.0,
Burundi,2022,Population growth (annual %),2.70585008916716,measured,source_ingest,2022.0,
Burundi,2022,carbon_intensity_elec,230.77,measured,source_ingest,2022.0,
Burundi,2022,electricity_demand (TWh),0.49,measured,source_ingest,2022.0,
Burundi,2022,electricity_generation (TWh),0.39,measured,source_ingest,2022.0,
Burundi,2022,energy_poverty_electricity (% of total population),89.7,derived,one_minus_access,2022.0,
Burundi,2022,energy_poverty_electricity_rural (% of rural population),98.3,measured,source_ingest,2022.0,
Burundi,2022,energy_poverty_electricity_urban (% of urban population),36.0,measured,source_ingest,2022.0,
Burundi,2022,energy_poverty_multidimensional (% of total population),94.75,measured,source_ingest,2022.0,
Burundi,2022,fossil_share_elec,30.769,measured,source_ingest,2022.0,
Burundi,2022,gdp,9177077459.0,measured,source_ingest,2022.0,
Burundi,2022,greenhouse_gas_emissions,0.09,measured,source_ingest,2022.0,
Burundi,2022,hydro_electricity,0.26,measured,source_ingest,2022.0,
Burundi,2022,low_carbon_share_elec,69.231,measured,source_ingest,2022.0,
Burundi,2022,population,13321102.0,measured,source_ingest,2022.0,
Burundi,2022,renewables_electricity,0.27,measured,source_ingest,2022.0,
Burundi,2022,renewables_share_elec,69.231,measured,source_ingest,2022.0,
Burundi,2022,solar_electricity,0.0,measured,source_ingest,2022.0,
Burundi,2022,wind_electricity,0.0,measured,source_ingest,2022.0,
Burundi,2023,Access to Clean Fuels and Technologies for cooking (% of total population),0.1,measured,source_ingest,2023.0,
Burundi,2023,Access to electricity (% of total population),11.6,measured,source_ingest,2023.0,
Burundi,2023,Population growth (annual %),2.72764441044431,measured,source_ingest,2023.0,
Burundi,2023,carbon_intensity_elec,180.0,measured,source_ingest,2023.0,
Burundi,2023,electricity_demand (TWh),0.6,measured,source_ingest,2023.0,
Burundi,2023,electricity_generation (TWh),0.5,measured,source_ingest,2023.0,
Burundi,2023,energy_poverty_electricity (% of total population),88.4,derived,one_minus_access,2023.0,
Burundi,2023,energy_poverty_electricity_rural (% of rural population),97.7,measured,source_ingest,2023.0,
Burundi,2023,energy_poverty_electricity_urban (% of urban population),35.0,measured,source_ingest,2023.0,
Burundi,2023,energy_poverty_multidimensional (% of total population),94.15,measured,source_ingest,2023.0,
Burundi,2023,fossil_share_elec,24.0,measured,source_ingest,2023.0,
Burundi,2023,gdp,9477657193.465353,estimated,dampened_exponential_log_linear,2022.0,0.9763740821346667
Burundi,2023,greenhouse_gas_emissions,0.09,measured,source_ingest,2023.0,
Burundi,2023,hydro_electricity,0.37,measured,source_ingest,2023.0,
Burundi,2023,low_carbon_share_elec,76.0,measured,source_ingest,2023.0,
Burundi,2023,population,13689455.0,measured,source_ingest,2023.0,
Burundi,2023,renewables_electricity,0.38,measured,source_ingest,2023.0,
Burundi,2023,renewables_share_elec,76.0,measured,source_ingest,2023.0,
Burundi,2023,solar_electricity,0.0,measured,source_ingest,2023.0,
Burundi,2023,wind_electricity,0.0,measured,source_ingest,2023.0,
Burundi,2024,Access to Clean Fuels and Technologies for cooking (% of total population),0.10000000000000142,estimated,linear_projection,2023.0,0.3818181818181714
Burundi,2024,Access to electricity (% of total population),20.1,measured,source_ingest,2024.0,
Burundi,2024,Population growth (annual %),2.5839340108674,measured,source_ingest,2024.0,
Burundi,2024,carbon_intensity_elec,183.67,measured,source_ingest,2024.0,
Burundi,2024,electricity_demand (TWh),0.57,measured,source_ingest,2024.0,
Burundi,2024,electricity_generation (TWh),0.49,measured,source_ingest,2024.0,
Burundi,2024,energy_poverty_electricity (% of total population),79.9,derived,one_minus_access,2024.0,
Burundi,2024,energy_poverty_electricity_rural (% of rural population),96.4,measured,source_ingest,2024.0,
Burundi,2024,energy_poverty_electricity_urban (% of urban population),30.0,measured,source_ingest,2024.0,
Burundi,2024,energy_poverty_multidimensional (% of total population),94.3035714285714,measured,source_ingest,2024.0,
Burundi,2024,fossil_share_elec,24.49,measured,source_ingest,2024.0,
Burundi,2024,gdp,9788081911.497087,estimated,dampened_exponential_log_linear,2022.0,0.9763740821346667
Burundi,2024,greenhouse_gas_emissions,0.09,measured,source_ingest,2024.0,
Burundi,2024,hydro_electricity,0.36,measured,source_ingest,2024.0,
Burundi,2024,low_carbon_share_elec,75.51,measured,source_ingest,2024.0,
Burundi,2024,population,14047788.0,measured,source_ingest,2024.0,
Burundi,2024,renewables_electricity,0.37,measured,source_ingest,2024.0,
Burundi,2024,renewables_share_elec,75.51,measured,source_ingest,2024.0,
Burundi,2024,solar_electricity,0.0,measured,source_ingest,2024.0,
Burundi,2024,wind_electricity,0.0,measured,source_ingest,2024.0,
Burundi,2025,Access to Clean Fuels and Technologies for cooking (% of total population),0.08750000000000213,estimated,linear_projection,2023.0,0.3818181818181714
Burundi,2025,Access to electricity (% of total population),15.204516439390439,estimated,logistic_logit_linear,2024.0,0.5743262151486086
Burundi,2025,Population growth (annual %),2.40689260858279,measured,source_ingest,2025.0,
Burundi,2025,carbon_intensity_elec,199.0528940900512,estimated,dampened_exponential_log_linear,2024.0,0.23883222576788676
Burundi,2025,electricity_demand (TWh),0.6098728896365954,estimated,dampened_exponential_log_linear,2024.0,0.8260961764278403
Burundi,2025,electricity_generation (TWh),0.5411879720031643,estimated,dampened_exponential_log_linear,2024.0,0.7724856573232504
Burundi,2025,energy_poverty_electricity (% of total population),84.79548356060957,estimated,one_minus_access,2024.0,
Burundi,2025,energy_poverty_electricity_rural (% of rural population),97.31111111111113,estimated,linear_projection,2024.0,0.3209302325581127
Burundi,2025,energy_poverty_electricity_urban (% of urban population),31.72222222222217,estimated,linear_projection,2024.0,0.7799407496457765
Burundi,2025,energy_poverty_multidimensional (% of total population),94.1425595238095,measured,source_ingest,2025.0,
Burundi,2025,fossil_share_elec,30.109666666666726,estimated,linear_projection,2024.0,0.16495896857789893
Burundi,2025,gdp,9819678181.579618,estimated,dampened_exponential_log_linear,2022.0,0.9763740821346667
Burundi,2025,greenhouse_gas_emissions,0.10772769959551234,estimated,dampened_exponential_log_linear,2024.0,0.46794837207448436
Burundi,2025,hydro_electricity,0.3974464371218526,estimated,dampened_exponential_log_linear,2024.0,0.8274970586763172
Burundi,2025,low_carbon_share_elec,69.89033333333327,estimated,linear_projection,2024.0,0.16495896857789227
Burundi,2025,population,14390005.04872184,estimated,limit_year_population_growth_rate_exponential,2024.0,
Burundi,2025,renewables_electricity,0.40407890668631297,estimated,dampened_exponential_log_linear,2024.0,0.8355012163034145
Burundi,2025,renewables_share_elec,69.89033333333327,estimated,linear_projection,2024.0,0.16495896857789227
Burundi,2025,solar_electricity,0.01,estimated,dampened_exponential_log_linear,2017.0,0.0
Burundi,2025,wind_electricity,,missing,no_history,,
Cameroon,2016,Access to Clean Fuels and Technologies for cooking (% of total population),23.6,measured,source_ingest,2016.0,
Cameroon,2016,Access to electricity (% of total population),59.8,measured,source_ingest,2016.0,
Cameroon,2016,Population growth (annual %),2.98933225067819,measured,source_ingest,2016.0,
Cameroon,2016,carbon_intensity_elec,299.58,measured,source_ingest,2016.0,
Cameroon,2016,electricity_demand (TWh),7.16,measured,source_ingest,2016.0,
Cameroon,2016,electricity_generation (TWh),7.11,measured,source_ingest,2016.0,
Cameroon,2016,energy_poverty_electricity (% of total population),40.2,derived,one_minus_access,2016.0,
Cameroon,2016,energy_poverty_electricity_rural (% of rural population),78.2,measured,source_ingest,2016.0,
Cameroon,2016,energy_poverty_electricity_urban (% of urban population),9.400000000000006,measured,source_ingest,2016.0,
Cameroon,2016,energy_poverty_multidimensional (% of total population),58.3,measured,source_ingest,2016.0,
Cameroon,2016,fossil_share_elec,38.397,measured,source_ingest,2016.0,
Cameroon,2016,gdp,68936963106.0,measured,source_ingest,2016.0,
Cameroon,2016,greenhouse_gas_emissions,2.13,measured,source_ingest,2016.0,
Cameroon,2016,hydro_electricity,4.33,measured,source_ingest,2016.0,
Cameroon,2016,low_carbon_share_elec,61.603,measured,source_ingest,2016.0,
Cameroon,2016,population,23454165.0,measured,source_ingest,2016.0,
Cameroon,2016,renewables_electricity,4.38,measured,source_ingest,2016.0,
Cameroon,2016,renewables_share_elec,61.603,measured,source_ingest,2016.0,
Cameroon,2016,solar_electricity,0.01,measured,source_ingest,2016.0,
Cameroon,2016,wind_electricity,0.0,measured,source_ingest,2016.0,
Cameroon,2017,Access to Clean Fuels and Technologies for cooking (% of total population),24.35,measured,source_ingest,2017.0,
Cameroon,2017,Access to electricity (% of total population),60.9,measured,source_ingest,2017.0,
Cameroon,2017,Population growth (annual %),2.83499798189177,measured,source_ingest,2017.0,
Cameroon,2017,carbon_intensity_elec,288.2,measured,source_ingest,2017.0,
Cameroon,2017,electricity_demand (TWh),8.11,measured,source_ingest,2017.0,
Cameroon,2017,electricity_generation (TWh),8.05,measured,source_ingest,2017.0,
Cameroon,2017,energy_poverty_electricity (% of total population),39.1,derived,one_minus_access,2017.0,
Cameroon,2017,energy_poverty_electricity_rural (% of rural population),77.6,measured,source_ingest,2017.0,
Cameroon,2017,energy_poverty_electricity_urban (% of urban population),8.599999999999994,measured,source_ingest,2017.0,
Cameroon,2017,energy_poverty_multidimensional (% of total population),57.375,measured,source_ingest,2017.0,
Cameroon,2017,fossil_share_elec,36.646,measured,source_ingest,2017.0,
Cameroon,2017,gdp,71378025048.0,measured,source_ingest,2017.0,
Cameroon,2017,greenhouse_gas_emissions,2.32,measured,source_ingest,2017.0,
Cameroon,2017,hydro_electricity,5.04,measured,source_ingest,2017.0,
Cameroon,2017,low_carbon_share_elec,63.354,measured,source_ingest,2017.0,
Cameroon,2017,population,24128609.0,measured,source_ingest,2017.0,
Cameroon,2017,renewables_electricity,5.1,measured,source_ingest,2017.0,
Cameroon,2017,renewables_share_elec,63.354,measured,source_ingest,2017.0,
Cameroon,2017,solar_electricity,0.02,measured,source_ingest,2017.0,
Cameroon,2017,wind_electricity,0.0,measured,source_ingest,2017.0,
Cameroon,2018,Access to Clean Fuels and Technologies for cooking (% of total population),25.3,measured,source_ingest,2018.0,
Cameroon,2018,Access to electricity (% of total population),62.2,measured,source_ingest,2018.0,
Cameroon,2018,Population growth (annual %),2.77030987519388,measured,source_ingest,2018.0,
Cameroon,2018,carbon_intensity_elec,324.36,measured,source_ingest,2018.0,
Cameroon,2018,electricity_demand (TWh),8.59,measured,source_ingest,2018.0,
Cameroon,2018,electricity_generation (TWh),8.54,measured,source_ingest,2018.0,
Cameroon,2018,energy_poverty_electricity (% of total population),37.8,derived,one_minus_access,2018.0,
Cameroon,2018,energy_poverty_electricity_rural (% of rural population),73.7,measured,source_ingest,2018.0,
Cameroon,2018,energy_poverty_electricity_urban (% of urban population),10.0,measured,source_ingest,2018.0,
Cameroon,2018,energy_poverty_multidimensional (% of total population),56.25,measured,source_ingest,2018.0,
Cameroon,2018,fossil_share_elec,41.101,measured,source_ingest,2018.0,
Cameroon,2018,gdp,74248839020.0,measured,source_ingest,2018.0,
Cameroon,2018,greenhouse_gas_emissions,2.77,measured,source_ingest,2018.0,
Cameroon,2018,hydro_electricity,4.97,measured,source_ingest,2018.0,
Cameroon,2018,low_carbon_share_elec,58.899,measured,source_ingest,2018.0,
Cameroon,2018,population,24806377.0,measured,source_ingest,2018.0,
Cameroon,2018,renewables_electricity,5.03,measured,source_ingest,2018.0,
Cameroon,2018,renewables_share_elec,58.899,measured,source_ingest,2018.0,
Cameroon,2018,solar_electricity,0.02,measured,source_ingest,2018.0,
Cameroon,2018,wind_electricity,0.0,measured,source_ingest,2018.0,
Cameroon,2019,Access to Clean Fuels and Technologies for cooking (% of total population),26.3,measured,source_ingest,2019.0,
Cameroon,2019,Access to electricity (% of total population),63.2,measured,source_ingest,2019.0,
Cameroon,2019,Population growth (annual %),2.78164441246944,measured,source_ingest,2019.0,
Cameroon,2019,carbon_intensity_elec,305.56,measured,source_ingest,2019.0,
Cameroon,2019,electricity_demand (TWh),8.33,measured,source_ingest,2019.0,
Cameroon,2019,electricity_generation (TWh),8.28,measured,source_ingest,2019.0,
Cameroon,2019,energy_poverty_electricity (% of total population),36.8,derived,one_minus_access,2019.0,
Cameroon,2019,energy_poverty_electricity_rural (% of rural population),76.4,measured,source_ingest,2019.0,
Cameroon,2019,energy_poverty_electricity_urban (% of urban population),6.900000000000006,measured,source_ingest,2019.0,
Cameroon,2019,energy_poverty_multidimensional (% of total population),55.25,measured,source_ingest,2019.0,
Cameroon,2019,fossil_share_elec,38.527,measured,source_ingest,2019.0,
Cameroon,2019,gdp,76789634582.0,measured,source_ingest,2019.0,
Cameroon,2019,greenhouse_gas_emissions,2.53,measured,source_ingest,2019.0,
Cameroon,2019,hydro_electricity,5.03,measured,source_ingest,2019.0,
Cameroon,2019,low_carbon_share_elec,61.473,measured,source_ingest,2019.0,
Cameroon,2019,population,25506095.0,measured,source_ingest,2019.0,
Cameroon,2019,renewables_electricity,5.09,measured,source_ingest,2019.0,
Cameroon,2019,renewables_share_elec,61.473,measured,source_ingest,2019.0,
Cameroon,2019,solar_electricity,0.02,measured,source_ingest,2019.0,
Cameroon,2019,wind_electricity,0.0,measured,source_ingest,2019.0,
Cameroon,2020,Access to Clean Fuels and Technologies for cooking (% of total population),27.4,measured,source_ingest,2020.0,
Cameroon,2020,Access to electricity (% of total population),64.3,measured,source_ingest,2020.0,
Cameroon,2020,Population growth (annual %),2.7244863481235,measured,source_ingest,2020.0,
Cameroon,2020,carbon_intensity_elec,320.46,measured,source_ingest,2020.0,
Cameroon,2020,electricity_demand (TWh),8.86,measured,source_ingest,2020.0,
Cameroon,2020,electricity_generation (TWh),8.8,measured,source_ingest,2020.0,
Cameroon,2020,energy_poverty_electricity (% of total population),35.7,derived,one_minus_access,2020.0,
Cameroon,2020,energy_poverty_electricity_rural (% of rural population),75.8,measured,source_ingest,2020.0,
Cameroon,2020,energy_poverty_electricity_urban (% of urban population),6.099999999999994,measured,source_ingest,2020.0,
Cameroon,2020,energy_poverty_multidimensional (% of total population),54.150000000000006,measured,source_ingest,2020.0,
Cameroon,2020,fossil_share_elec,39.886,measured,source_ingest,2020.0,
Cameroon,2020,gdp,77203536828.0,measured,source_ingest,2020.0,
Cameroon,2020,greenhouse_gas_emissions,2.82,measured,source_ingest,2020.0,
Cameroon,2020,hydro_electricity,5.23,measured,source_ingest,2020.0,
Cameroon,2020,low_carbon_share_elec,60.114,measured,source_ingest,2020.0,
Cameroon,2020,population,26210566.0,measured,source_ingest,2020.0,
Cameroon,2020,renewables_electricity,5.29,measured,source_ingest,2020.0,
Cameroon,2020,renewables_share_elec,60.114,measured,source_ingest,2020.0,
Cameroon,2020,solar_electricity,0.02,measured,source_ingest,2020.0,
Cameroon,2020,wind_electricity,0.0,measured,source_ingest,2020.0,
Cameroon,2021,Access to Clean Fuels and Technologies for cooking (% of total population),28.4,measured,source_ingest,2021.0,
Cameroon,2021,Access to electricity (% of total population),65.4,measured,source_ingest,2021.0,
Cameroon,2021,Population growth (annual %),2.65496076580698,measured,source_ingest,2021.0,
Cameroon,2021,carbon_intensity_elec,298.45,measured,source_ingest,2021.0,
Cameroon,2021,electricity_demand (TWh),8.41,measured,source_ingest,2021.0,
Cameroon,2021,electricity_generation (TWh),8.41,measured,source_ingest,2021.0,
Cameroon,2021,energy_poverty_electricity (% of total population),34.599999999999994,derived,one_minus_access,2021.0,
Cameroon,2021,energy_poverty_electricity_rural (% of rural population),75.2,measured,source_ingest,2021.0,
Cameroon,2021,energy_poverty_electricity_urban (% of urban population),5.299999999999997,measured,source_ingest,2021.0,
Cameroon,2021,energy_poverty_multidimensional (% of total population),53.1,measured,source_ingest,2021.0,
Cameroon,2021,fossil_share_elec,37.099,measured,source_ingest,2021.0,
Cameroon,2021,gdp,80020685294.0,measured,source_ingest,2021.0,
Cameroon,2021,greenhouse_gas_emissions,2.51,measured,source_ingest,2021.0,
Cameroon,2021,hydro_electricity,5.23,measured,source_ingest,2021.0,
Cameroon,2021,low_carbon_share_elec,62.901,measured,source_ingest,2021.0,
Cameroon,2021,population,26915765.0,measured,source_ingest,2021.0,
Cameroon,2021,renewables_electricity,5.29,measured,source_ingest,2021.0,
Cameroon,2021,renewables_share_elec,62.901,measured,source_ingest,2021.0,
Cameroon,2021,solar_electricity,0.02,measured,source_ingest,2021.0,
Cameroon,2021,wind_electricity,0.0,measured,source_ingest,2021.0,
Cameroon,2022,Access to Clean Fuels and Technologies for cooking (% of total population),29.4,measured,source_ingest,2022.0,
Cameroon,2022,Access to electricity (% of total population),71.0,measured,source_ingest,2022.0,
Cameroon,2022,Population growth (annual %),2.62905090961273,measured,source_ingest,2022.0,
Cameroon,2022,carbon_intensity_elec,280.98,measured,source_ingest,2022.0,
Cameroon,2022,electricity_demand (TWh),8.15,measured,source_ingest,2022.0,
Cameroon,2022,electricity_generation (TWh),8.15,measured,source_ingest,2022.0,
Cameroon,2022,energy_poverty_electricity (% of total population),29.0,derived,one_minus_access,2022.0,
Cameroon,2022,energy_poverty_electricity_rural (% of rural population),75.0,measured,source_ingest,2022.0,
Cameroon,2022,energy_poverty_electricity_urban (% of urban population),6.0,measured,source_ingest,2022.0,
Cameroon,2022,energy_poverty_multidimensional (% of total population),49.8,measured,source_ingest,2022.0,
Cameroon,2022,fossil_share_elec,35.092,measured,source_ingest,2022.0,
Cameroon,2022,gdp,82727797383.0,measured,source_ingest,2022.0,
Cameroon,2022,greenhouse_gas_emissions,2.29,measured,source_ingest,2022.0,
Cameroon,2022,hydro_electricity,5.23,measured,source_ingest,2022.0,
Cameroon,2022,low_carbon_share_elec,64.908,measured,source_ingest,2022.0,
Cameroon,2022,population,27632770.0,measured,source_ingest,2022.0,
Cameroon,2022,renewables_electricity,5.29,measured,source_ingest,2022.0,
Cameroon,2022,renewables_share_elec,64.908,measured,source_ingest,2022.0,
Cameroon,2022,solar_electricity,0.02,measured,source_ingest,2022.0,
Cameroon,2022,wind_electricity,0.0,measured,source_ingest,2022.0,
Cameroon,2023,Access to Clean Fuels and Technologies for cooking (% of total population),30.7,measured,source_ingest,2023.0,
Cameroon,2023,Access to electricity (% of total population),72.0,measured,source_ingest,2023.0,
Cameroon,2023,Population growth (annual %),2.64245336134821,measured,source_ingest,2023.0,
Cameroon,2023,carbon_intensity_elec,224.38,measured,source_ingest,2023.0,
Cameroon,2023,electricity_demand (TWh),7.28,measured,source_ingest,2023.0,
Cameroon,2023,electricity_generation (TWh),7.22,measured,source_ingest,2023.0,
Cameroon,2023,energy_poverty_electricity (% of total population),28.0,derived,one_minus_access,2023.0,
Cameroon,2023,energy_poverty_electricity_rural (% of rural population),74.0,measured,source_ingest,2023.0,
Cameroon,2023,energy_poverty_electricity_urban (% of urban population),4.200000000000003,measured,source_ingest,2023.0,
Cameroon,2023,energy_poverty_multidimensional (% of total population),48.65,measured,source_ingest,2023.0,
Cameroon,2023,fossil_share_elec,26.731,measured,source_ingest,2023.0,
Cameroon,2023,gdp,85170250371.27563,estimated,dampened_exponential_log_linear,2022.0,0.9821265447101251
Cameroon,2023,greenhouse_gas_emissions,1.62,measured,source_ingest,2023.0,
Cameroon,2023,hydro_electricity,5.23,measured,source_ingest,2023.0,
Cameroon,2023,low_carbon_share_elec,73.269,measured,source_ingest,2023.0,
Cameroon,2023,population,28372690.0,measured,source_ingest,2023.0,
Cameroon,2023,renewables_electricity,5.29,measured,source_ingest,2023.0,
Cameroon,2023,renewables_share_elec,73.269,measured,source_ingest,2023.0,
Cameroon,2023,solar_electricity,0.02,measured,source_ingest,2023.0,
Cameroon,2023,wind_electricity,0.0,measured,source_ingest,2023.0,
Cameroon,2024,Access to Clean Fuels and Technologies for cooking (% of total population),31.50357142857183,estimated,linear_projection,2023.0,0.9969228590109014
Cameroon,2024,Access to electricity (% of total population),72.0,measured,source_ingest,2024.0,
Cameroon,2024,Population growth (annual %),2.61268294319567,measured,source_ingest,2024.0,
Cameroon,2024,carbon_intensity_elec,225.9,measured,source_ingest,2024.0,
Cameroon,2024,electricity_demand (TWh),7.32,measured,source_ingest,2024.0,
Cameroon,2024,electricity_generation (TWh),7.26,measured,source_ingest,2024.0,
Cameroon,2024,energy_poverty_electricity (% of total population),28.0,derived,one_minus_access,2024.0,
Cameroon,2024,energy_poverty_electricity_rural (% of rural population),57.3,measured,source_ingest,2024.0,
Cameroon,2024,energy_poverty_electricity_urban (% of urban population),4.400000000000006,measured,source_ingest,2024.0,
Cameroon,2024,energy_poverty_multidimensional (% of total population),47.89642857142826,measured,source_ingest,2024.0,
Cameroon,2024,fossil_share_elec,26.86,measured,source_ingest,2024.0,
Cameroon,2024,gdp,87684814267.71819,estimated,dampened_exponential_log_linear,2022.0,0.9821265447101251
Cameroon,2024,greenhouse_gas_emissions,1.64,measured,source_ingest,2024.0,
Cameroon,2024,hydro_electricity,5.23,measured,source_ingest,2024.0,
Cameroon,2024,low_carbon_share_elec,73.14,measured,source_ingest,2024.0,
Cameroon,2024,population,29123748.0,measured,source_ingest,2024.0,
Cameroon,2024,renewables_electricity,5.31,measured,source_ingest,2024.0,
Cameroon,2024,renewables_share_elec,73.14,measured,source_ingest,2024.0,
Cameroon,2024,solar_electricity,0.04,measured,source_ingest,2024.0,
Cameroon,2024,wind_electricity,0.0,measured,source_ingest,2024.0,
Cameroon,2025,Access to Clean Fuels and Technologies for cooking (% of total population),32.519642857143026,estimated,linear_projection,2023.0,0.9969228590109014
Cameroon,2025,Access to electricity (% of total population),73.81289865384838,estimated,logistic_logit_linear,2024.0,0.923545502832657
Cameroon,2025,Population growth (annual %),2.56133847709635,measured,source_ingest,2025.0,
Cameroon,2025,carbon_intensity_elec,217.80047479264516,estimated,dampened_exponential_log_linear,2024.0,0.5295724836778851
Cameroon,2025,electricity_demand (TWh),7.2797166577758645,estimated,dampened_exponential_log_linear,2024.0,0.03710469161143004
Cameroon,2025,electricity_generation (TWh),7.221280920544401,estimated,dampened_exponential_log_linear,2024.0,0.033630504151445306
Cameroon,2025,energy_poverty_electricity (% of total population),26.18710134615162,estimated,one_minus_access,2024.0,
Cameroon,2025,energy_poverty_electricity_rural (% of rural population),65.93888888888887,estimated,linear_projection,2024.0,0.4502592543747156
Cameroon,2025,energy_poverty_electricity_urban (% of urban population),3.2000000000000455,estimated,linear_projection,2024.0,0.844788784357136
Cameroon,2025,energy_poverty_multidimensional (% of total population),46.51577380952358,measured,source_ingest,2025.0,
Cameroon,2025,fossil_share_elec,28.148305555555908,estimated,linear_projection,2024.0,0.5947429131970041
Cameroon,2025,gdp,87940318185.35031,estimated,dampened_exponential_log_linear,2022.0,0.9821265447101251
Cameroon,2025,greenhouse_gas_emissions,1.5727652066362945,estimated,dampened_exponential_log_linear,2024.0,0.31659571958787014
Cameroon,2025,hydro_electricity,5.318549893451907,estimated,dampened_exponential_log_linear,2024.0,0.562484433638699
Cameroon,2025,low_carbon_share_elec,71.85169444444409,estimated,linear_projection,2024.0,0.5947429131970041
Cameroon,2025,population,29879341.103776902,estimated,limit_year_population_growth_rate_exponential,2024.0,
Cameroon,2025,renewables_electricity,5.400973473890097,estimated,dampened_exponential_log_linear,2024.0,0.5714586739024725
Cameroon,2025,renewables_share_elec,71.85169444444409,estimated,linear_projection,2024.0,0.5947429131970041
Cameroon,2025,solar_electricity,0.04387299918778503,estimated,dampened_exponential_log_linear,2024.0,0.533333333333333
Cameroon,2025,wind_electricity,,missing,no_history,,
Cape Verde,2016,Access to Clean Fuels and Technologies for cooking (% of total population),76.6,measured,source_ingest,2016.0,
Cape Verde,2016,Access to electricity (% of total population),87.5,measured,source_ingest,2016.0,
Cape Verde,2016,Population growth (annual %),0.0312210963482392,measured,source_ingest,2016.0,
Cape Verde,2016,carbon_intensity_elec,533.33,measured,source_ingest,2016.0,
Cape Verde,2016,electricity_demand (TWh),0.45,measured,source_ingest,2016.0,
Cape Verde,2016,electricity_generation (TWh),0.45,measured,source_ingest,2016.0,
Cape Verde,2016,energy_poverty_electricity (% of total population),12.5,derived,one_minus_access,2016.0,
Cape Verde,2016,energy_poverty_electricity_rural (% of rural population),21.200000000000003,measured,source_ingest,2016.0,
Cape Verde,2016,energy_poverty_electricity_urban (% of urban population),7.700000000000003,measured,source_ingest,2016.0,
Cape Verde,2016,energy_poverty_multidimensional (% of total population),17.950000000000003,measured,source_ingest,2016.0,
Cape Verde,2016,fossil_share_elec,80.0,measured,source_ingest,2016.0,
Cape Verde,2016,gdp,3573126874.0,measured,source_ingest,2016.0,
Cape Verde,2016,greenhouse_gas_emissions,0.24,measured,source_ingest,2016.0,
Cape Verde,2016,hydro_electricity,0.0,measured,source_ingest,2016.0,
Cape Verde,2016,low_carbon_share_elec,20.0,measured,source_ingest,2016.0,
Cape Verde,2016,population,512556.0,measured,source_ingest,2016.0,
Cape Verde,2016,renewables_electricity,0.09,measured,source_ingest,2016.0,
Cape Verde,2016,renewables_share_elec,20.0,measured,source_ingest,2016.0,
Cape Verde,2016,solar_electricity,0.01,measured,source_ingest,2016.0,
Cape Verde,2016,wind_electricity,0.08,measured,source_ingest,2016.0,
Cape Verde,2017,Access to Clean Fuels and Technologies for cooking (% of total population),77.7,measured,source_ingest,2017.0,
Cape Verde,2017,Access to electricity (% of total population),88.6,measured,source_ingest,2017.0,
Cape Verde,2017,Population growth (annual %),0.0661175101881539,measured,source_ingest,2017.0,
Cape Verde,2017,carbon_intensity_elec,534.88,measured,source_ingest,2017.0,
Cape Verde,2017,electricity_demand (TWh),0.43,measured,source_ingest,2017.0,
Cape Verde,2017,electricity_generation (TWh),0.43,measured,source_ingest,2017.0,
Cape Verde,2017,energy_poverty_electricity (% of total population),11.400000000000006,derived,one_minus_access,2017.0,
Cape Verde,2017,energy_poverty_electricity_rural (% of rural population),18.799999999999997,measured,source_ingest,2017.0,
Cape Verde,2017,energy_poverty_electricity_urban (% of urban population),7.5,measured,source_ingest,2017.0,
Cape Verde,2017,energy_poverty_multidimensional (% of total population),16.849999999999994,measured,source_ingest,2017.0,
Cape Verde,2017,fossil_share_elec,81.395,measured,source_ingest,2017.0,
Cape Verde,2017,gdp,3751791578.0,measured,source_ingest,2017.0,
Cape Verde,2017,greenhouse_gas_emissions,0.23,measured,source_ingest,2017.0,
Cape Verde,2017,hydro_electricity,0.0,measured,source_ingest,2017.0,
Cape Verde,2017,low_carbon_share_elec,18.605,measured,source_ingest,2017.0,
Cape Verde,2017,population,512899.0,measured,source_ingest,2017.0,
Cape Verde,2017,renewables_electricity,0.08,measured,source_ingest,2017.0,
Cape Verde,2017,renewables_share_elec,18.605,measured,source_ingest,2017.0,
Cape Verde,2017,solar_electricity,0.01,measured,source_ingest,2017.0,
Cape Verde,2017,wind_electricity,0.07,measured,source_ingest,2017.0,
Cape Verde,2018,Access to Clean Fuels and Technologies for cooking (% of total population),78.9,measured,source_ingest,2018.0,
Cape Verde,2018,Access to electricity (% of total population),90.2,measured,source_ingest,2018.0,
Cape Verde,2018,Population growth (annual %),0.101723857752759,measured,source_ingest,2018.0,
Cape Verde,2018,carbon_intensity_elec,511.63,measured,source_ingest,2018.0,
Cape Verde,2018,electricity_demand (TWh),0.43,measured,source_ingest,2018.0,
Cape Verde,2018,electricity_generation (TWh),0.43,measured,source_ingest,2018.0,
Cape Verde,2018,energy_poverty_electricity (% of total population),9.799999999999997,derived,one_minus_access,2018.0,
Cape Verde,2018,energy_poverty_electricity_rural (% of rural population),15.400000000000006,measured,source_ingest,2018.0,
Cape Verde,2018,energy_poverty_electricity_urban (% of urban population),6.900000000000006,measured,source_ingest,2018.0,
Cape Verde,2018,energy_poverty_multidimensional (% of total population),15.449999999999989,measured,source_ingest,2018.0,
Cape Verde,2018,fossil_share_elec,79.07,measured,source_ingest,2018.0,
Cape Verde,2018,gdp,3892648372.0,measured,source_ingest,2018.0,
Cape Verde,2018,greenhouse_gas_emissions,0.22,measured,source_ingest,2018.0,
Cape Verde,2018,hydro_electricity,0.0,measured,source_ingest,2018.0,
Cape Verde,2018,low_carbon_share_elec,20.93,measured,source_ingest,2018.0,
Cape Verde,2018,population,513418.0,measured,source_ingest,2018.0,
Cape Verde,2018,renewables_electricity,0.09,measured,source_ingest,2018.0,
Cape Verde,2018,renewables_share_elec,20.93,measured,source_ingest,2018.0,
Cape Verde,2018,solar_electricity,0.01,measured,source_ingest,2018.0,
Cape Verde,2018,wind_electricity,0.08,measured,source_ingest,2018.0,
Cape Verde,2019,Access to Clean Fuels and Technologies for cooking (% of total population),79.7,measured,source_ingest,2019.0,
Cape Verde,2019,Access to electricity (% of total population),91.4,measured,source_ingest,2019.0,
Cape Verde,2019,Population growth (annual %),0.134109462358547,measured,source_ingest,2019.0,
Cape Verde,2019,carbon_intensity_elec,545.46,measured,source_ingest,2019.0,
Cape Verde,2019,electricity_demand (TWh),0.44,measured,source_ingest,2019.0,
Cape Verde,2019,electricity_generation (TWh),0.44,measured,source_ingest,2019.0,
Cape Verde,2019,energy_poverty_electricity (% of total population),8.599999999999994,derived,one_minus_access,2019.0,
Cape Verde,2019,energy_poverty_electricity_rural (% of rural population),12.700000000000003,measured,source_ingest,2019.0,
Cape Verde,2019,energy_poverty_electricity_urban (% of urban population),6.5,measured,source_ingest,2019.0,
Cape Verde,2019,energy_poverty_multidimensional (% of total population),14.449999999999989,measured,source_ingest,2019.0,
Cape Verde,2019,fossil_share_elec,81.818,measured,source_ingest,2019.0,
Cape Verde,2019,gdp,4189894317.0,measured,source_ingest,2019.0,
Cape Verde,2019,greenhouse_gas_emissions,0.24,measured,source_ingest,2019.0,
Cape Verde,2019,hydro_electricity,0.0,measured,source_ingest,2019.0,
Cape Verde,2019,low_carbon_share_elec,18.182,measured,source_ingest,2019.0,
Cape Verde,2019,population,514116.0,measured,source_ingest,2019.0,
Cape Verde,2019,renewables_electricity,0.08,measured,source_ingest,2019.0,
Cape Verde,2019,renewables_share_elec,18.182,measured,source_ingest,2019.0,
Cape Verde,2019,solar_electricity,0.01,measured,source_ingest,2019.0,
Cape Verde,2019,wind_electricity,0.07,measured,source_ingest,2019.0,
Cape Verde,2020,Access to Clean Fuels and Technologies for cooking (% of total population),81.0,measured,source_ingest,2020.0,
Cape Verde,2020,Access to electricity (% of total population),93.7,measured,source_ingest,2020.0,
Cape Verde,2020,Population growth (annual %),0.11178257414313,measured,source_ingest,2020.0,
Cape Verde,2020,carbon_intensity_elec,547.62,measured,source_ingest,2020.0,
Cape Verde,2020,electricity_demand (TWh),0.42,measured,source_ingest,2020.0,
Cape Verde,2020,electricity_generation (TWh),0.42,measured,source_ingest,2020.0,
Cape Verde,2020,energy_poverty_electricity (% of total population),6.299999999999997,derived,one_minus_access,2020.0,
Cape Verde,2020,energy_poverty_electricity_rural (% of rural population),7.299999999999997,measured,source_ingest,2020.0,
Cape Verde,2020,energy_poverty_electricity_urban (% of urban population),5.700000000000003,measured,source_ingest,2020.0,
Cape Verde,2020,energy_poverty_multidimensional (% of total population),12.650000000000006,measured,source_ingest,2020.0,
Cape Verde,2020,fossil_share_elec,83.333,measured,source_ingest,2020.0,
Cape Verde,2020,gdp,3381126423.0,measured,source_ingest,2020.0,
Cape Verde,2020,greenhouse_gas_emissions,0.23,measured,source_ingest,2020.0,
Cape Verde,2020,hydro_electricity,0.0,measured,source_ingest,2020.0,
Cape Verde,2020,low_carbon_share_elec,16.667,measured,source_ingest,2020.0,
Cape Verde,2020,population,514683.0,measured,source_ingest,2020.0,
Cape Verde,2020,renewables_electricity,0.07,measured,source_ingest,2020.0,
Cape Verde,2020,renewables_share_elec,16.667,measured,source_ingest,2020.0,
Cape Verde,2020,solar_electricity,0.01,measured,source_ingest,2020.0,
Cape Verde,2020,wind_electricity,0.06,measured,source_ingest,2020.0,
Cape Verde,2021,Access to Clean Fuels and Technologies for cooking (% of total population),82.1,measured,source_ingest,2021.0,
Cape Verde,2021,Access to electricity (% of total population),95.5,measured,source_ingest,2021.0,
Cape Verde,2021,Population growth (annual %),0.38203217521266,measured,source_ingest,2021.0,
Cape Verde,2021,carbon_intensity_elec,534.88,measured,source_ingest,2021.0,
Cape Verde,2021,electricity_demand (TWh),0.43,measured,source_ingest,2021.0,
Cape Verde,2021,electricity_generation (TWh),0.43,measured,source_ingest,2021.0,
Cape Verde,2021,energy_poverty_electricity (% of total population),4.5,derived,one_minus_access,2021.0,
Cape Verde,2021,energy_poverty_electricity_rural (% of rural population),3.0999999999999943,measured,source_ingest,2021.0,
Cape Verde,2021,energy_poverty_electricity_urban (% of urban population),5.099999999999994,measured,source_ingest,2021.0,
Cape Verde,2021,energy_poverty_multidimensional (% of total population),11.200000000000005,measured,source_ingest,2021.0,
Cape Verde,2021,fossil_share_elec,81.395,measured,source_ingest,2021.0,
Cape Verde,2021,gdp,3611420923.0,measured,source_ingest,2021.0,
Cape Verde,2021,greenhouse_gas_emissions,0.23,measured,source_ingest,2021.0,
Cape Verde,2021,hydro_electricity,0.0,measured,source_ingest,2021.0,
Cape Verde,2021,low_carbon_share_elec,18.605,measured,source_ingest,2021.0,
Cape Verde,2021,population,516655.0,measured,source_ingest,2021.0,
Cape Verde,2021,renewables_electricity,0.08,measured,source_ingest,2021.0,
Cape Verde,2021,renewables_share_elec,18.605,measured,source_ingest,2021.0,
Cape Verde,2021,solar_electricity,0.01,measured,source_ingest,2021.0,
Cape Verde,2021,wind_electricity,0.07,measured,source_ingest,2021.0,
Cape Verde,2022,Access to Clean Fuels and Technologies for cooking (% of total population),83.0,measured,source_ingest,2022.0,
Cape Verde,2022,Access to electricity (% of total population),97.1,measured,source_ingest,2022.0,
Cape Verde,2022,Population growth (annual %),0.596688345869947,measured,source_ingest,2022.0,
Cape Verde,2022,carbon_intensity_elec,480.0,measured,source_ingest,2022.0,
Cape Verde,2022,electricity_demand (TWh),0.5,measured,source_ingest,2022.0,
Cape Verde,2022,electricity_generation (TWh),0.5,measured,source_ingest,2022.0,
Cape Verde,2022,energy_poverty_electricity (% of total population),2.9000000000000057,derived,one_minus_access,2022.0,
Cape Verde,2022,energy_poverty_electricity_rural (% of rural population),2.5999999999999943,measured,source_ingest,2022.0,
Cape Verde,2022,energy_poverty_electricity_urban (% of urban population),4.700000000000003,measured,source_ingest,2022.0,
Cape Verde,2022,energy_poverty_multidimensional (% of total population),9.950000000000005,measured,source_ingest,2022.0,
Cape Verde,2022,fossil_share_elec,72.0,measured,source_ingest,2022.0,
Cape Verde,2022,gdp,4251154554.0,measured,source_ingest,2022.0,
Cape Verde,2022,greenhouse_gas_emissions,0.24,measured,source_ingest,2022.0,
Cape Verde,2022,hydro_electricity,0.0,measured,source_ingest,2022.0,
Cape Verde,2022,low_carbon_share_elec,28.0,measured,source_ingest,2022.0,
Cape Verde,2022,population,519750.0,measured,source_ingest,2022.0,
Cape Verde,2022,renewables_electricity,0.14,measured,source_ingest,2022.0,
Cape Verde,2022,renewables_share_elec,28.0,measured,source_ingest,2022.0,
Cape Verde,2022,solar_electricity,0.07,measured,source_ingest,2022.0,
Cape Verde,2022,wind_electricity,0.07,measured,source_ingest,2022.0,
Cape Verde,2023,Access to Clean Fuels and Technologies for cooking (% of total population),83.9,measured,source_ingest,2023.0,
Cape Verde,2023,Access to electricity (% of total population),98.6,measured,source_ingest,2023.0,
Cape Verde,2023,Population growth (annual %),0.497087597239901,measured,source_ingest,2023.0,
Cape Verde,2023,carbon_intensity_elec,480.0,measured,source_ingest,2023.0,
Cape Verde,2023,electricity_demand (TWh),0.5,measured,source_ingest,2023.0,
Cape Verde,2023,electricity_generation (TWh),0.5,measured,source_ingest,2023.0,
Cape Verde,2023,energy_poverty_electricity (% of total population),1.4000000000000057,derived,one_minus_access,2023.0,
Cape Verde,2023,energy_poverty_electricity_rural (% of rural population),3.0999999999999943,measured,source_ingest,2023.0,
Cape Verde,2023,energy_poverty_electricity_urban (% of urban population),3.5,measured,source_ingest,2023.0,
Cape Verde,2023,energy_poverty_multidimensional (% of total population),8.75,measured,source_ingest,2023.0,
Cape Verde,2023,fossil_share_elec,72.0,measured,source_ingest,2023.0,
Cape Verde,2023,gdp,4297577279.622592,estimated,dampened_exponential_log_linear,2022.0,0.077021777427566
Cape Verde,2023,greenhouse_gas_emissions,0.24,measured,source_ingest,2023.0,
Cape Verde,2023,hydro_electricity,0.0,measured,source_ingest,2023.0,
Cape Verde,2023,low_carbon_share_elec,28.0,measured,source_ingest,2023.0,
Cape Verde,2023,population,522335.0,measured,source_ingest,2023.0,
Cape Verde,2023,renewables_electricity,0.14,measured,source_ingest,2023.0,
Cape Verde,2023,renewables_share_elec,28.0,measured,source_ingest,2023.0,
Cape Verde,2023,solar_electricity,0.07,measured,source_ingest,2023.0,
Cape Verde,2023,wind_electricity,0.07,measured,source_ingest,2023.0,
Cape Verde,2024,Access to Clean Fuels and Technologies for cooking (% of total population),85.10357142857151,estimated,linear_projection,2023.0,0.9978977544194967
Cape Verde,2024,Access to electricity (% of total population),98.4,measured,source_ingest,2024.0,
Cape Verde,2024,Population growth (annual %),0.486246288487151,measured,source_ingest,2024.0,
Cape Verde,2024,carbon_intensity_elec,461.54,measured,source_ingest,2024.0,
Cape Verde,2024,electricity_demand (TWh),0.52,measured,source_ingest,2024.0,
Cape Verde,2024,electricity_generation (TWh),0.52,measured,source_ingest,2024.0,
Cape Verde,2024,energy_poverty_electricity (% of total population),1.5999999999999943,derived,one_minus_access,2024.0,
Cape Verde,2024,energy_poverty_electricity_rural (% of rural population),2.299999999999997,measured,source_ingest,2024.0,
Cape Verde,2024,energy_poverty_electricity_urban (% of urban population),1.4000000000000057,measured,source_ingest,2024.0,
Cape Verde,2024,energy_poverty_multidimensional (% of total population),7.328571428571195,measured,source_ingest,2024.0,
Cape Verde,2024,fossil_share_elec,69.231,measured,source_ingest,2024.0,
Cape Verde,2024,gdp,4344506942.696376,estimated,dampened_exponential_log_linear,2022.0,0.077021777427566
Cape Verde,2024,greenhouse_gas_emissions,0.24,measured,source_ingest,2024.0,
Cape Verde,2024,hydro_electricity,0.0,measured,source_ingest,2024.0,
Cape Verde,2024,low_carbon_share_elec,30.769,measured,source_ingest,2024.0,
Cape Verde,2024,population,524878.0,measured,source_ingest,2024.0,
Cape Verde,2024,renewables_electricity,0.16,measured,source_ingest,2024.0,
Cape Verde,2024,renewables_share_elec,30.769,measured,source_ingest,2024.0,
Cape Verde,2024,solar_electricity,0.08,measured,source_ingest,2024.0,
Cape Verde,2024,wind_electricity,0.08,measured,source_ingest,2024.0,
Cape Verde,2025,Access to Clean Fuels and Technologies for cooking (% of total population),86.15714285714307,estimated,linear_projection,2023.0,0.9978977544194967
Cape Verde,2025,Access to electricity (% of total population),98.8586276244847,estimated,logistic_logit_linear,2024.0,0.9370322833361963
Cape Verde,2025,Population growth (annual %),0.465500368710652,measured,source_ingest,2025.0,
Cape Verde,2025,carbon_intensity_elec,453.5312432439089,estimated,dampened_exponential_log_linear,2024.0,0.5563534345016917
Cape Verde,2025,electricity_demand (TWh),0.5314733076179364,estimated,dampened_exponential_log_linear,2024.0,0.5415908674996353
Cape Verde,2025,electricity_generation (TWh),0.5314733076179364,estimated,dampened_exponential_log_linear,2024.0,0.5415908674996353
Cape Verde,2025,energy_poverty_electricity (% of total population),1.141372375515303,estimated,one_minus_access,2024.0,
Cape Verde,2025,energy_poverty_electricity_rural (% of rural population),0.0,estimated,linear_projection,2024.0,0.9142216849680729
Cape Verde,2025,energy_poverty_electricity_urban (% of urban population),1.8611111111110858,estimated,linear_projection,2024.0,0.9220412234042519
Cape Verde,2025,energy_poverty_multidimensional (% of total population),5.977976190476056,measured,source_ingest,2025.0,
Cape Verde,2025,fossil_share_elec,70.65266666666639,estimated,linear_projection,2024.0,0.5586038386995118
Cape Verde,2025,gdp,4349228003.16926,estimated,dampened_exponential_log_linear,2022.0,0.077021777427566
Cape Verde,2025,greenhouse_gas_emissions,0.24103880964302316,estimated,dampened_exponential_log_linear,2024.0,0.1419706509070887
Cape Verde,2025,hydro_electricity,,missing,no_history,,
Cape Verde,2025,low_carbon_share_elec,29.347333333333154,estimated,linear_projection,2024.0,0.5586038386995119
Cape Verde,2025,population,527327.0046658551,estimated,limit_year_population_growth_rate_exponential,2024.0,
Cape Verde,2025,renewables_electricity,0.17351082210734603,estimated,dampened_exponential_log_linear,2024.0,0.5291602697910763
Cape Verde,2025,renewables_share_elec,29.347333333333154,estimated,linear_projection,2024.0,0.5586038386995119
Cape Verde,2025,solar_electricity,0.1080738997286225,estimated,dampened_exponential_log_linear,2024.0,0.6840742950589453
Cape Verde,2025,wind_electricity,0.07964470758443402,estimated,dampened_exponential_log_linear,2024.0,0.016859668301710595
Central African Republic,2016,Access to Clean Fuels and Technologies for cooking (% of total population),0.7,measured,source_ingest,2016.0,
Central African Republic,2016,Access to electricity (% of total population),13.4,measured,source_ingest,2016.0,
Central African Republic,2016,Population growth (annual %),1.80553237158984,measured,source_ingest,2016.0,
Central African Republic,2016,carbon_intensity_elec,0.0,measured,source_ingest,2016.0,
Central African Republic,2016,electricity_demand (TWh),0.17,measured,source_ingest,2016.0,
Central African Republic,2016,electricity_generation (TWh),0.17,measured,source_ingest,2016.0,
Central African Republic,2016,energy_poverty_electricity (% of total population),86.6,derived,one_minus_access,2016.0,
Central African Republic,2016,energy_poverty_electricity_rural (% of rural population),98.3,measured,source_ingest,2016.0,
Central African Republic,2016,energy_poverty_electricity_urban (% of urban population),69.5,measured,source_ingest,2016.0,
Central African Republic,2016,energy_poverty_multidimensional (% of total population),92.95,measured,source_ingest,2016.0,
Central African Republic,2016,fossil_share_elec,0.0,measured,source_ingest,2016.0,
Central African Republic,2016,gdp,3265229504.0,measured,source_ingest,2016.0,
Central African Republic,2016,greenhouse_gas_emissions,0.0,measured,source_ingest,2016.0,
Central African Republic,2016,hydro_electricity,0.17,measured,source_ingest,2016.0,
Central African Republic,2016,low_carbon_share_elec,100.0,measured,source_ingest,2016.0,
Central African Republic,2016,population,4713663.0,measured,source_ingest,2016.0,
Central African Republic,2016,renewables_electricity,0.17,measured,source_ingest,2016.0,
Central African Republic,2016,renewables_share_elec,100.0,measured,source_ingest,2016.0,
Central African Republic,2016,solar_electricity,0.0,measured,source_ingest,2016.0,
Central African Republic,2016,wind_electricity,0.0,measured,source_ingest,2016.0,
Central African Republic,2017,Access to Clean Fuels and Technologies for cooking (% of total population),0.7,measured,source_ingest,2017.0,
Central African Republic,2017,Access to electricity (% of total population),14.1,measured,source_ingest,2017.0,
Central African Republic,2017,Population growth (annual %),1.67978155291511,measured,source_ingest,2017.0,
Central African Republic,2017,carbon_intensity_elec,0.0,measured,source_ingest,2017.0,
Central African Republic,2017,electricity_demand (TWh),0.15,measured,source_ingest,2017.0,
Central African Republic,2017,electricity_generation (TWh),0.15,measured,source_ingest,2017.0,
Central African Republic,2017,energy_poverty_electricity (% of total population),85.9,derived,one_minus_access,2017.0,
Central African Republic,2017,energy_poverty_electricity_rural (% of rural population),97.9,measured,source_ingest,2017.0,
Central African Republic,2017,energy_poverty_electricity_urban (% of urban population),68.6,measured,source_ingest,2017.0,
Central African Republic,2017,energy_poverty_multidimensional (% of total population),92.6,measured,source_ingest,2017.0,
Central African Republic,2017,fossil_share_elec,0.0,measured,source_ingest,2017.0,
Central African Republic,2017,gdp,3421678627.0,measured,source_ingest,2017.0,
Central African Republic,2017,greenhouse_gas_emissions,0.0,measured,source_ingest,2017.0,
Central African Republic,2017,hydro_electricity,0.15,measured,source_ingest,2017.0,
Central African Republic,2017,low_carbon_share_elec,100.0,measured,source_ingest,2017.0,
Central African Republic,2017,population,4793512.0,measured,source_ingest,2017.0,
Central African Republic,2017,renewables_electricity,0.15,measured,source_ingest,2017.0,
Central African Republic,2017,renewables_share_elec,100.0,measured,source_ingest,2017.0,
Central African Republic,2017,solar_electricity,0.0,measured,source_ingest,2017.0,
Central African Republic,2017,wind_electricity,0.0,measured,source_ingest,2017.0,
Central African Republic,2018,Access to Clean Fuels and Technologies for cooking (% of total population),0.7,measured,source_ingest,2018.0,
Central African Republic,2018,Access to electricity (% of total population),14.6,measured,source_ingest,2018.0,
Central African Republic,2018,Population growth (annual %),1.76068487647458,measured,source_ingest,2018.0,
Central African Republic,2018,carbon_intensity_elec,0.0,measured,source_ingest,2018.0,
Central African Republic,2018,electricity_demand (TWh),0.15,measured,source_ingest,2018.0,
Central African Republic,2018,electricity_generation (TWh),0.15,measured,source_ingest,2018.0,
Central African Republic,2018,energy_poverty_electricity (% of total population),85.4,derived,one_minus_access,2018.0,
Central African Republic,2018,energy_poverty_electricity_rural (% of rural population),97.8,measured,source_ingest,2018.0,
Central African Republic,2018,energy_poverty_electricity_urban (% of urban population),67.8,measured,source_ingest,2018.0,
Central African Republic,2018,energy_poverty_multidimensional (% of total population),92.35,measured,source_ingest,2018.0,
Central African Republic,2018,fossil_share_elec,0.0,measured,source_ingest,2018.0,
Central African Republic,2018,gdp,3557270233.0,measured,source_ingest,2018.0,
Central African Republic,2018,greenhouse_gas_emissions,0.0,measured,source_ingest,2018.0,
Central African Republic,2018,hydro_electricity,0.15,measured,source_ingest,2018.0,
Central African Republic,2018,low_carbon_share_elec,100.0,measured,source_ingest,2018.0,
Central African Republic,2018,population,4878663.0,measured,source_ingest,2018.0,
Central African Republic,2018,renewables_electricity,0.15,measured,source_ingest,2018.0,
Central African Republic,2018,renewables_share_elec,100.0,measured,source_ingest,2018.0,
Central African Republic,2018,solar_electricity,0.0,measured,source_ingest,2018.0,
Central African Republic,2018,wind_electricity,0.0,measured,source_ingest,2018.0,
Central African Republic,2019,Access to Clean Fuels and Technologies for cooking (% of total population),0.8,measured,source_ingest,2019.0,
Central African Republic,2019,Access to electricity (% of total population),14.3,measured,source_ingest,2019.0,
Central African Republic,2019,Population growth (annual %),1.34469255324203,measured,source_ingest,2019.0,
Central African Republic,2019,carbon_intensity_elec,0.0,measured,source_ingest,2019.0,
Central African Republic,2019,electricity_demand (TWh),0.15,measured,source_ingest,2019.0,
Central African Republic,2019,electricity_generation (TWh),0.15,measured,source_ingest,2019.0,
Central African Republic,2019,energy_poverty_electricity (% of total population),85.7,derived,one_minus_access,2019.0,
Central African Republic,2019,energy_poverty_electricity_rural (% of rural population),98.5,measured,source_ingest,2019.0,
Central African Republic,2019,energy_poverty_electricity_urban (% of urban population),67.9,measured,source_ingest,2019.0,
Central African Republic,2019,energy_poverty_multidimensional (% of total population),92.45,measured,source_ingest,2019.0,
Central African Republic,2019,fossil_share_elec,0.0,measured,source_ingest,2019.0,
Central African Republic,2019,gdp,3662931320.0,measured,source_ingest,2019.0,
Central African Republic,2019,greenhouse_gas_emissions,0.0,measured,source_ingest,2019.0,
Central African Republic,2019,hydro_electricity,0.15,measured,source_ingest,2019.0,
Central African Republic,2019,low_carbon_share_elec,100.0,measured,source_ingest,2019.0,
Central African Republic,2019,population,4944708.0,measured,source_ingest,2019.0,
Central African Republic,2019,renewables_electricity,0.15,measured,source_ingest,2019.0,
Central African Republic,2019,renewables_share_elec,100.0,measured,source_ingest,2019.0,
Central African Republic,2019,solar_electricity,0.0,measured,source_ingest,2019.0,
Central African Republic,2019,wind_electricity,0.0,measured,source_ingest,2019.0,
Central African Republic,2020,Access to Clean Fuels and Technologies for cooking (% of total population),0.8,measured,source_ingest,2020.0,
Central African Republic,2020,Access to electricity (% of total population),15.4,measured,source_ingest,2020.0,
Central African Republic,2020,Population growth (annual %),1.64324789708014,measured,source_ingest,2020.0,
Central African Republic,2020,carbon_intensity_elec,0.0,measured,source_ingest,2020.0,
Central African Republic,2020,electricity_demand (TWh),0.15,measured,source_ingest,2020.0,
Central African Republic,2020,electricity_generation (TWh),0.15,measured,source_ingest,2020.0,
Central African Republic,2020,energy_poverty_electricity (% of total population),84.6,derived,one_minus_access,2020.0,
Central African Republic,2020,energy_poverty_electricity_rural (% of rural population),98.1,measured,source_ingest,2020.0,
Central African Republic,2020,energy_poverty_electricity_urban (% of urban population),66.1,measured,source_ingest,2020.0,
Central African Republic,2020,energy_poverty_multidimensional (% of total population),91.9,measured,source_ingest,2020.0,
Central African Republic,2020,fossil_share_elec,0.0,measured,source_ingest,2020.0,
Central African Republic,2020,gdp,3698072848.0,measured,source_ingest,2020.0,
Central African Republic,2020,greenhouse_gas_emissions,0.0,measured,source_ingest,2020.0,
Central African Republic,2020,hydro_electricity,0.15,measured,source_ingest,2020.0,
Central African Republic,2020,low_carbon_share_elec,100.0,measured,source_ingest,2020.0,
Central African Republic,2020,population,5026629.0,measured,source_ingest,2020.0,
Central African Republic,2020,renewables_electricity,0.15,measured,source_ingest,2020.0,
Central African Republic,2020,renewables_share_elec,100.0,measured,source_ingest,2020.0,
Central African Republic,2020,solar_electricity,0.0,measured,source_ingest,2020.0,
Central African Republic,2020,wind_electricity,0.0,measured,source_ingest,2020.0,
Central African Republic,2021,Access to Clean Fuels and Technologies for cooking (% of total population),0.9,measured,source_ingest,2021.0,
Central African Republic,2021,Access to electricity (% of total population),15.7,measured,source_ingest,2021.0,
Central African Republic,2021,Population growth (annual %),1.68608971248183,measured,source_ingest,2021.0,
Central African Republic,2021,carbon_intensity_elec,0.0,measured,source_ingest,2021.0,
Central African Republic,2021,electricity_demand (TWh),0.15,measured,source_ingest,2021.0,
Central African Republic,2021,electricity_generation (TWh),0.15,measured,source_ingest,2021.0,
Central African Republic,2021,energy_poverty_electricity (% of total population),84.3,derived,one_minus_access,2021.0,
Central African Republic,2021,energy_poverty_electricity_rural (% of rural population),98.4,measured,source_ingest,2021.0,
Central African Republic,2021,energy_poverty_electricity_urban (% of urban population),65.3,measured,source_ingest,2021.0,
Central African Republic,2021,energy_poverty_multidimensional (% of total population),91.7,measured,source_ingest,2021.0,
Central African Republic,2021,fossil_share_elec,0.0,measured,source_ingest,2021.0,
Central African Republic,2021,gdp,3734422040.0,measured,source_ingest,2021.0,
Central African Republic,2021,greenhouse_gas_emissions,0.0,measured,source_ingest,2021.0,
Central African Republic,2021,hydro_electricity,0.15,measured,source_ingest,2021.0,
Central African Republic,2021,low_carbon_share_elec,100.0,measured,source_ingest,2021.0,
Central African Republic,2021,population,5112103.0,measured,source_ingest,2021.0,
Central African Republic,2021,renewables_electricity,0.15,measured,source_ingest,2021.0,
Central African Republic,2021,renewables_share_elec,100.0,measured,source_ingest,2021.0,
Central African Republic,2021,solar_electricity,0.0,measured,source_ingest,2021.0,
Central African Republic,2021,wind_electricity,0.0,measured,source_ingest,2021.0,
Central African Republic,2022,Access to Clean Fuels and Technologies for cooking (% of total population),1.0,measured,source_ingest,2022.0,
Central African Republic,2022,Access to electricity (% of total population),15.7,measured,source_ingest,2022.0,
Central African Republic,2022,Population growth (annual %),-0.275432271573156,measured,source_ingest,2022.0,
Central African Republic,2022,carbon_intensity_elec,0.0,measured,source_ingest,2022.0,
Central African Republic,2022,electricity_demand (TWh),0.14,measured,source_ingest,2022.0,
Central African Republic,2022,electricity_generation (TWh),0.14,measured,source_ingest,2022.0,
Central African Republic,2022,energy_poverty_electricity (% of total population),84.3,derived,one_minus_access,2022.0,
Central African Republic,2022,energy_poverty_electricity_rural (% of rural population),98.4,measured,source_ingest,2022.0,
Central African Republic,2022,energy_poverty_electricity_urban (% of urban population),65.3,measured,source_ingest,2022.0,
Central African Republic,2022,energy_poverty_multidimensional (% of total population),91.65,measured,source_ingest,2022.0,
Central African Republic,2022,fossil_share_elec,0.0,measured,source_ingest,2022.0,
Central African Republic,2022,gdp,3752056621.0,measured,source_ingest,2022.0,
Central African Republic,2022,greenhouse_gas_emissions,0.0,measured,source_ingest,2022.0,
Central African Republic,2022,hydro_electricity,0.14,measured,source_ingest,2022.0,
Central African Republic,2022,low_carbon_share_elec,100.0,measured,source_ingest,2022.0,
Central African Republic,2022,population,5098038.0,measured,source_ingest,2022.0,
Central African Republic,2022,renewables_electricity,0.14,measured,source_ingest,2022.0,
Central African Republic,2022,renewables_share_elec,100.0,measured,source_ingest,2022.0,
Central African Republic,2022,solar_electricity,0.0,measured,source_ingest,2022.0,
Central African Republic,2022,wind_electricity,0.0,measured,source_ingest,2022.0,
Central African Republic,2023,Access to Clean Fuels and Technologies for cooking (% of total population),1.0,measured,source_ingest,2023.0,
Central African Republic,2023,Access to electricity (% of total population),17.6,measured,source_ingest,2023.0,
Central African Republic,2023,Population growth (annual %),1.06107453184959,measured,source_ingest,2023.0,
Central African Republic,2023,carbon_intensity_elec,0.0,measured,source_ingest,2023.0,
Central African Republic,2023,electricity_demand (TWh),0.14,measured,source_ingest,2023.0,
Central African Republic,2023,electricity_generation (TWh),0.14,measured,source_ingest,2023.0,
Central African Republic,2023,energy_poverty_electricity (% of total population),82.4,derived,one_minus_access,2023.0,
Central African Republic,2023,energy_poverty_electricity_rural (% of rural population),97.7,measured,source_ingest,2023.0,
Central African Republic,2023,energy_poverty_electricity_urban (% of urban population),62.6,measured,source_ingest,2023.0,
Central African Republic,2023,energy_poverty_multidimensional (% of total population),90.7,measured,source_ingest,2023.0,
Central African Republic,2023,fossil_share_elec,0.0,measured,source_ingest,2023.0,
Central African Republic,2023,gdp,3837525827.241689,estimated,dampened_exponential_log_linear,2022.0,0.8811619975975763
Central African Republic,2023,greenhouse_gas_emissions,0.0,measured,source_ingest,2023.0,
Central African Republic,2023,hydro_electricity,0.14,measured,source_ingest,2023.0,
Central African Republic,2023,low_carbon_share_elec,100.0,measured,source_ingest,2023.0,
Central African Republic,2023,population,5152415.0,measured,source_ingest,2023.0,
Central African Republic,2023,renewables_electricity,0.14,measured,source_ingest,2023.0,
Central African Republic,2023,renewables_share_elec,100.0,measured,source_ingest,2023.0,
Central African Republic,2023,solar_electricity,0.0,measured,source_ingest,2023.0,
Central African Republic,2023,wind_electricity,0.0,measured,source_ingest,2023.0,
Central African Republic,2024,Access to Clean Fuels and Technologies for cooking (% of total population),1.0499999999999972,estimated,linear_projection,2023.0,0.913043478260882
Central African Republic,2024,Access to electricity (% of total population),18.2,measured,source_ingest,2024.0,
Central African Republic,2024,Population growth (annual %),3.40139844069992,measured,source_ingest,2024.0,
Central African Republic,2024,carbon_intensity_elec,,missing,no_history,,
Central African Republic,2024,electricity_demand (TWh),0.1371885197087155,estimated,dampened_exponential_log_linear,2023.0,0.6868417611919497
Central African Republic,2024,electricity_generation (TWh),0.1371885197087155,estimated,dampened_exponential_log_linear,2023.0,0.6868417611919497
Central African Republic,2024,energy_poverty_electricity (% of total population),81.8,derived,one_minus_access,2024.0,
Central African Republic,2024,energy_poverty_electricity_rural (% of rural population),98.0,measured,source_ingest,2024.0,
Central African Republic,2024,energy_poverty_electricity_urban (% of urban population),61.2,measured,source_ingest,2024.0,
Central African Republic,2024,energy_poverty_multidimensional (% of total population),90.80535714285712,measured,source_ingest,2024.0,
Central African Republic,2024,fossil_share_elec,0.0,estimated,linear_projection,2023.0,0.0
Central African Republic,2024,gdp,3924941961.782567,estimated,dampened_exponential_log_linear,2022.0,0.8811619975975763
Central African Republic,2024,greenhouse_gas_emissions,,missing,no_history,,
Central African Republic,2024,hydro_electricity,0.1371885197087155,estimated,dampened_exponential_log_linear,2023.0,0.6868417611919497
Central African Republic,2024,low_carbon_share_elec,100.0,estimated,linear_projection,2023.0,0.0
Central African Republic,2024,population,5328900.5505910115,estimated,limit_year_population_growth_rate_exponential,2023.0,
Central African Republic,2024,renewables_electricity,0.1371885197087155,estimated,dampened_exponential_log_linear,2023.0,0.6868417611919497
Central African Republic,2024,renewables_share_elec,100.0,estimated,linear_projection,2023.0,0.0
Central African Republic,2024,solar_electricity,,missing,no_history,,
Central African Republic,2024,wind_electricity,,missing,no_history,,
Central African Republic,2025,Access to Clean Fuels and Technologies for cooking (% of total population),1.0999999999999943,estimated,linear_projection,2023.0,0.913043478260882
Central African Republic,2025,Access to electricity (% of total population),18.327769655093935,estimated,logistic_logit_linear,2024.0,0.9191938316721496
Central African Republic,2025,Population growth (annual %),3.36794044132968,measured,source_ingest,2025.0,
Central African Republic,2025,carbon_intensity_elec,,missing,no_history,,
Central African Republic,2025,electricity_demand (TWh),0.13443349957049017,estimated,dampened_exponential_log_linear,2023.0,0.6868417611919497
Central African Republic,2025,electricity_generation (TWh),0.13443349957049017,estimated,dampened_exponential_log_linear,2023.0,0.6868417611919497
Central African Republic,2025,energy_poverty_electricity (% of total population),81.67223034490607,estimated,one_minus_access,2024.0,
Central African Republic,2025,energy_poverty_electricity_rural (% of rural population),98.0638888888889,estimated,linear_projection,2024.0,0.012088815789460527
Central African Republic,2025,energy_poverty_electricity_urban (% of urban population),61.13333333333321,estimated,linear_projection,2024.0,0.9378906250000061
Central African Republic,2025,energy_poverty_multidimensional (% of total population),90.5315476190476,measured,source_ingest,2025.0,
Central African Republic,2025,fossil_share_elec,0.0,estimated,linear_projection,2023.0,0.0
Central African Republic,2025,gdp,3933792355.0784283,estimated,dampened_exponential_log_linear,2022.0,0.8811619975975763
Central African Republic,2025,greenhouse_gas_emissions,,missing,no_history,,
Central African Republic,2025,hydro_electricity,0.13443349957049017,estimated,dampened_exponential_log_linear,2023.0,0.6868417611919497
Central African Republic,2025,low_carbon_share_elec,100.0,estimated,linear_projection,2023.0,0.0
Central African Republic,2025,population,5511431.256622221,estimated,limit_year_population_growth_rate_exponential,2023.0,
Central African Republic,2025,renewables_electricity,0.13443349957049017,estimated,dampened_exponential_log_linear,2023.0,0.6868417611919497
Central African Republic,2025,renewables_share_elec,100.0,estimated,linear_projection,2023.0,0.0
Central African Republic,2025,solar_electricity,,missing,no_history,,
Central African Republic,2025,wind_electricity,,missing,no_history,,
Chad,2016,Access to Clean Fuels and Technologies for cooking (% of total population),4.7,measured,source_ingest,2016.0,
Chad,2016,Access to electricity (% of total population),9.2,measured,source_ingest,2016.0,
Chad,2016,Population growth (annual %),3.13868697646131,measured,source_ingest,2016.0,
Chad,2016,carbon_intensity_elec,612.9,measured,source_ingest,2016.0,
Chad,2016,electricity_demand (TWh),0.31,measured,source_ingest,2016.0,
Chad,2016,electricity_generation (TWh),0.31,measured,source_ingest,2016.0,
Chad,2016,energy_poverty_electricity (% of total population),90.8,derived,one_minus_access,2016.0,
Chad,2016,energy_poverty_electricity_rural (% of rural population),97.2,measured,source_ingest,2016.0,
Chad,2016,energy_poverty_electricity_urban (% of urban population),68.9,measured,source_ingest,2016.0,
Chad,2016,energy_poverty_multidimensional (% of total population),93.05,measured,source_ingest,2016.0,
Chad,2016,fossil_share_elec,93.548,measured,source_ingest,2016.0,
Chad,2016,gdp,23529405356.0,measured,source_ingest,2016.0,
Chad,2016,greenhouse_gas_emissions,0.19,measured,source_ingest,2016.0,
Chad,2016,hydro_electricity,0.0,measured,source_ingest,2016.0,
Chad,2016,low_carbon_share_elec,6.452,measured,source_ingest,2016.0,
Chad,2016,population,15114652.0,measured,source_ingest,2016.0,
Chad,2016,renewables_electricity,0.02,measured,source_ingest,2016.0,
Chad,2016,renewables_share_elec,6.452,measured,source_ingest,2016.0,
Chad,2016,solar_electricity,0.0,measured,source_ingest,2016.0,
Chad,2016,wind_electricity,0.01,measured,source_ingest,2016.0,
Chad,2017,Access to Clean Fuels and Technologies for cooking (% of total population),5.2,measured,source_ingest,2017.0,
Chad,2017,Access to electricity (% of total population),10.9,measured,source_ingest,2017.0,
Chad,2017,Population growth (annual %),3.30639583736028,measured,source_ingest,2017.0,
Chad,2017,carbon_intensity_elec,625.0,measured,source_ingest,2017.0,
Chad,2017,electricity_demand (TWh),0.32,measured,source_ingest,2017.0,
Chad,2017,electricity_generation (TWh),0.32,measured,source_ingest,2017.0,
Chad,2017,energy_poverty_electricity (% of total population),89.1,derived,one_minus_access,2017.0,
Chad,2017,energy_poverty_electricity_rural (% of rural population),95.8,measured,source_ingest,2017.0,
Chad,2017,energy_poverty_electricity_urban (% of urban population),66.4,measured,source_ingest,2017.0,
Chad,2017,energy_poverty_multidimensional (% of total population),91.95,measured,source_ingest,2017.0,
Chad,2017,fossil_share_elec,93.75,measured,source_ingest,2017.0,
Chad,2017,gdp,22969403286.0,measured,source_ingest,2017.0,
Chad,2017,greenhouse_gas_emissions,0.2,measured,source_ingest,2017.0,
Chad,2017,hydro_electricity,0.0,measured,source_ingest,2017.0,
Chad,2017,low_carbon_share_elec,6.25,measured,source_ingest,2017.0,
Chad,2017,population,15622756.0,measured,source_ingest,2017.0,
Chad,2017,renewables_electricity,0.02,measured,source_ingest,2017.0,
Chad,2017,renewables_share_elec,6.25,measured,source_ingest,2017.0,
Chad,2017,solar_electricity,0.0,measured,source_ingest,2017.0,
Chad,2017,wind_electricity,0.01,measured,source_ingest,2017.0,
Chad,2018,Access to Clean Fuels and Technologies for cooking (% of total population),5.9,measured,source_ingest,2018.0,
Chad,2018,Access to electricity (% of total population),10.1,measured,source_ingest,2018.0,
Chad,2018,Population growth (annual %),3.35956028710956,measured,source_ingest,2018.0,
Chad,2018,carbon_intensity_elec,617.65,measured,source_ingest,2018.0,
Chad,2018,electricity_demand (TWh),0.34,measured,source_ingest,2018.0,
Chad,2018,electricity_generation (TWh),0.34,measured,source_ingest,2018.0,
Chad,2018,energy_poverty_electricity (% of total population),89.9,derived,one_minus_access,2018.0,
Chad,2018,energy_poverty_electricity_rural (% of rural population),97.7,measured,source_ingest,2018.0,
Chad,2018,energy_poverty_electricity_urban (% of urban population),64.0,measured,source_ingest,2018.0,
Chad,2018,energy_poverty_multidimensional (% of total population),92.0,measured,source_ingest,2018.0,
Chad,2018,fossil_share_elec,94.118,measured,source_ingest,2018.0,
Chad,2018,gdp,23510339039.0,measured,source_ingest,2018.0,
Chad,2018,greenhouse_gas_emissions,0.21,measured,source_ingest,2018.0,
Chad,2018,hydro_electricity,0.0,measured,source_ingest,2018.0,
Chad,2018,low_carbon_share_elec,5.882,measured,source_ingest,2018.0,
Chad,2018,population,16156535.0,measured,source_ingest,2018.0,
Chad,2018,renewables_electricity,0.02,measured,source_ingest,2018.0,
Chad,2018,renewables_share_elec,5.882,measured,source_ingest,2018.0,
Chad,2018,solar_electricity,0.0,measured,source_ingest,2018.0,
Chad,2018,wind_electricity,0.01,measured,source_ingest,2018.0,
Chad,2019,Access to Clean Fuels and Technologies for cooking (% of total population),6.6,measured,source_ingest,2019.0,
Chad,2019,Access to electricity (% of total population),8.4,measured,source_ingest,2019.0,
Chad,2019,Population growth (annual %),3.21991132048391,measured,source_ingest,2019.0,
Chad,2019,carbon_intensity_elec,628.57,measured,source_ingest,2019.0,
Chad,2019,electricity_demand (TWh),0.35,measured,source_ingest,2019.0,
Chad,2019,electricity_generation (TWh),0.35,measured,source_ingest,2019.0,
Chad,2019,energy_poverty_electricity (% of total population),91.6,derived,one_minus_access,2019.0,
Chad,2019,energy_poverty_electricity_rural (% of rural population),0.0,estimated,observed_or_carry,2024.0,
Chad,2019,energy_poverty_electricity_urban (% of urban population),63.3,measured,source_ingest,2019.0,
Chad,2019,energy_poverty_multidimensional (% of total population),92.5,measured,source_ingest,2019.0,
Chad,2019,fossil_share_elec,94.286,measured,source_ingest,2019.0,
Chad,2019,gdp,24314153239.0,measured,source_ingest,2019.0,
Chad,2019,greenhouse_gas_emissions,0.22,measured,source_ingest,2019.0,
Chad,2019,hydro_electricity,0.0,measured,source_ingest,2019.0,
Chad,2019,low_carbon_share_elec,5.714,measured,source_ingest,2019.0,
Chad,2019,population,16685223.0,measured,source_ingest,2019.0,
Chad,2019,renewables_electricity,0.02,measured,source_ingest,2019.0,
Chad,2019,renewables_share_elec,5.714,measured,source_ingest,2019.0,
Chad,2019,solar_electricity,0.0,measured,source_ingest,2019.0,
Chad,2019,wind_electricity,0.01,measured,source_ingest,2019.0,
Chad,2020,Access to Clean Fuels and Technologies for cooking (% of total population),7.4,measured,source_ingest,2020.0,
Chad,2020,Access to electricity (% of total population),10.9,measured,source_ingest,2020.0,
Chad,2020,Population growth (annual %),3.18197036099619,measured,source_ingest,2020.0,
Chad,2020,carbon_intensity_elec,628.57,measured,source_ingest,2020.0,
Chad,2020,electricity_demand (TWh),0.35,measured,source_ingest,2020.0,
Chad,2020,electricity_generation (TWh),0.35,measured,source_ingest,2020.0,
Chad,2020,energy_poverty_electricity (% of total population),89.1,derived,one_minus_access,2020.0,
Chad,2020,energy_poverty_electricity_rural (% of rural population),98.4,measured,source_ingest,2020.0,
Chad,2020,energy_poverty_electricity_urban (% of urban population),59.2,measured,source_ingest,2020.0,
Chad,2020,energy_poverty_multidimensional (% of total population),90.85,measured,source_ingest,2020.0,
Chad,2020,fossil_share_elec,94.286,measured,source_ingest,2020.0,
Chad,2020,gdp,23793345004.0,measured,source_ingest,2020.0,
Chad,2020,greenhouse_gas_emissions,0.22,measured,source_ingest,2020.0,
Chad,2020,hydro_electricity,0.0,measured,source_ingest,2020.0,
Chad,2020,low_carbon_share_elec,5.714,measured,source_ingest,2020.0,
Chad,2020,population,17224686.0,measured,source_ingest,2020.0,
Chad,2020,renewables_electricity,0.02,measured,source_ingest,2020.0,
Chad,2020,renewables_share_elec,5.714,measured,source_ingest,2020.0,
Chad,2020,solar_electricity,0.0,measured,source_ingest,2020.0,
Chad,2020,wind_electricity,0.01,measured,source_ingest,2020.0,
Chad,2021,Access to Clean Fuels and Technologies for cooking (% of total population),8.0,measured,source_ingest,2021.0,
Chad,2021,Access to electricity (% of total population),11.3,measured,source_ingest,2021.0,
Chad,2021,Population growth (annual %),3.44423869357111,measured,source_ingest,2021.0,
Chad,2021,carbon_intensity_elec,627.91,measured,source_ingest,2021.0,
Chad,2021,electricity_demand (TWh),0.43,measured,source_ingest,2021.0,
Chad,2021,electricity_generation (TWh),0.43,measured,source_ingest,2021.0,
Chad,2021,energy_poverty_electricity (% of total population),88.7,derived,one_minus_access,2021.0,
Chad,2021,energy_poverty_electricity_rural (% of rural population),98.7,measured,source_ingest,2021.0,
Chad,2021,energy_poverty_electricity_urban (% of urban population),56.8,measured,source_ingest,2021.0,
Chad,2021,energy_poverty_multidimensional (% of total population),90.35,measured,source_ingest,2021.0,
Chad,2021,fossil_share_elec,95.349,measured,source_ingest,2021.0,
Chad,2021,gdp,23531147275.0,measured,source_ingest,2021.0,
Chad,2021,greenhouse_gas_emissions,0.27,measured,source_ingest,2021.0,
Chad,2021,hydro_electricity,0.0,measured,source_ingest,2021.0,
Chad,2021,low_carbon_share_elec,4.651,measured,source_ingest,2021.0,
Chad,2021,population,17828274.0,measured,source_ingest,2021.0,
Chad,2021,renewables_electricity,0.02,measured,source_ingest,2021.0,
Chad,2021,renewables_share_elec,4.651,measured,source_ingest,2021.0,
Chad,2021,solar_electricity,0.0,measured,source_ingest,2021.0,
Chad,2021,wind_electricity,0.01,measured,source_ingest,2021.0,
Chad,2022,Access to Clean Fuels and Technologies for cooking (% of total population),8.8,measured,source_ingest,2022.0,
Chad,2022,Access to electricity (% of total population),11.7,measured,source_ingest,2022.0,
Chad,2022,Population growth (annual %),3.45668911084691,measured,source_ingest,2022.0,
Chad,2022,carbon_intensity_elec,615.39,measured,source_ingest,2022.0,
Chad,2022,electricity_demand (TWh),0.39,measured,source_ingest,2022.0,
Chad,2022,electricity_generation (TWh),0.39,measured,source_ingest,2022.0,
Chad,2022,energy_poverty_electricity (% of total population),88.3,derived,one_minus_access,2022.0,
Chad,2022,energy_poverty_electricity_rural (% of rural population),98.7,measured,source_ingest,2022.0,
Chad,2022,energy_poverty_electricity_urban (% of urban population),53.7,measured,source_ingest,2022.0,
Chad,2022,energy_poverty_multidimensional (% of total population),89.75,measured,source_ingest,2022.0,
Chad,2022,fossil_share_elec,94.872,measured,source_ingest,2022.0,
Chad,2022,gdp,24118013870.0,measured,source_ingest,2022.0,
Chad,2022,greenhouse_gas_emissions,0.24,measured,source_ingest,2022.0,
Chad,2022,hydro_electricity,0.0,measured,source_ingest,2022.0,
Chad,2022,low_carbon_share_elec,5.128,measured,source_ingest,2022.0,
Chad,2022,population,18455319.0,measured,source_ingest,2022.0,
Chad,2022,renewables_electricity,0.02,measured,source_ingest,2022.0,
Chad,2022,renewables_share_elec,5.128,measured,source_ingest,2022.0,
Chad,2022,solar_electricity,0.0,measured,source_ingest,2022.0,
Chad,2022,wind_electricity,0.01,measured,source_ingest,2022.0,
Chad,2023,Access to Clean Fuels and Technologies for cooking (% of total population),9.7,measured,source_ingest,2023.0,
Chad,2023,Access to electricity (% of total population),12.0,measured,source_ingest,2023.0,
Chad,2023,Population growth (annual %),4.57399213394625,measured,source_ingest,2023.0,
Chad,2023,carbon_intensity_elec,611.11,measured,source_ingest,2023.0,
Chad,2023,electricity_demand (TWh),0.36,measured,source_ingest,2023.0,
Chad,2023,electricity_generation (TWh),0.36,measured,source_ingest,2023.0,
Chad,2023,energy_poverty_electricity (% of total population),88.0,derived,one_minus_access,2023.0,
Chad,2023,energy_poverty_electricity_rural (% of rural population),99.6,measured,source_ingest,2023.0,
Chad,2023,energy_poverty_electricity_urban (% of urban population),51.9,measured,source_ingest,2023.0,
Chad,2023,energy_poverty_multidimensional (% of total population),89.15,measured,source_ingest,2023.0,
Chad,2023,fossil_share_elec,94.444,measured,source_ingest,2023.0,
Chad,2023,gdp,24234070531.27421,estimated,dampened_exponential_log_linear,2022.0,0.3047213616887018
Chad,2023,greenhouse_gas_emissions,0.22,measured,source_ingest,2023.0,
Chad,2023,hydro_electricity,0.0,measured,source_ingest,2023.0,
Chad,2023,low_carbon_share_elec,5.556,measured,source_ingest,2023.0,
Chad,2023,population,19319075.0,measured,source_ingest,2023.0,
Chad,2023,renewables_electricity,0.02,measured,source_ingest,2023.0,
Chad,2023,renewables_share_elec,5.556,measured,source_ingest,2023.0,
Chad,2023,solar_electricity,0.0,measured,source_ingest,2023.0,
Chad,2023,wind_electricity,0.01,measured,source_ingest,2023.0,
Chad,2024,Access to Clean Fuels and Technologies for cooking (% of total population),10.257142857142753,estimated,linear_projection,2023.0,0.9963533348228937
Chad,2024,Access to electricity (% of total population),13.4,measured,source_ingest,2024.0,
Chad,2024,Population growth (annual %),4.94853027382671,measured,source_ingest,2024.0,
Chad,2024,carbon_intensity_elec,621.62,measured,source_ingest,2024.0,
Chad,2024,electricity_demand (TWh),0.37,measured,source_ingest,2024.0,
Chad,2024,electricity_generation (TWh),0.37,measured,source_ingest,2024.0,
Chad,2024,energy_poverty_electricity (% of total population),86.6,derived,one_minus_access,2024.0,
Chad,2024,energy_poverty_electricity_rural (% of rural population),0.0,measured,source_ingest,2024.0,
Chad,2024,energy_poverty_electricity_urban (% of urban population),49.0,measured,source_ingest,2024.0,
Chad,2024,energy_poverty_multidimensional (% of total population),88.79464285714289,measured,source_ingest,2024.0,
Chad,2024,fossil_share_elec,94.595,measured,source_ingest,2024.0,
Chad,2024,gdp,24350685660.94879,estimated,dampened_exponential_log_linear,2022.0,0.3047213616887018
Chad,2024,greenhouse_gas_emissions,0.23,measured,source_ingest,2024.0,
Chad,2024,hydro_electricity,0.0,measured,source_ingest,2024.0,
Chad,2024,low_carbon_share_elec,5.405,measured,source_ingest,2024.0,
Chad,2024,population,20299131.0,measured,source_ingest,2024.0,
Chad,2024,renewables_electricity,0.02,measured,source_ingest,2024.0,
Chad,2024,renewables_share_elec,5.405,measured,source_ingest,2024.0,
Chad,2024,solar_electricity,0.0,measured,source_ingest,2024.0,
Chad,2024,wind_electricity,0.01,measured,source_ingest,2024.0,
Chad,2025,Access to Clean Fuels and Technologies for cooking (% of total population),10.972619047618991,estimated,linear_projection,2023.0,0.9963533348228937
Chad,2025,Access to electricity (% of total population),13.139258099245316,estimated,logistic_logit_linear,2024.0,0.5983666586860303
Chad,2025,Population growth (annual %),3.41211675890953,measured,source_ingest,2025.0,
Chad,2025,carbon_intensity_elec,621.420105422692,estimated,dampened_exponential_log_linear,2024.0,0.00620703618623164
Chad,2025,electricity_demand (TWh),0.37962798116366714,estimated,dampened_exponential_log_linear,2024.0,0.5024873256339257
Chad,2025,electricity_generation (TWh),0.37962798116366714,estimated,dampened_exponential_log_linear,2024.0,0.5024873256339257
Chad,2025,energy_poverty_electricity (% of total population),86.86074190075469,estimated,one_minus_access,2024.0,
Chad,2025,energy_poverty_electricity_rural (% of rural population),55.74968152866313,estimated,linear_projection,2024.0,0.265173324379263
Chad,2025,energy_poverty_electricity_urban (% of urban population),46.7277777777781,estimated,linear_projection,2024.0,0.9918186827358161
Chad,2025,energy_poverty_multidimensional (% of total population),88.26011904761913,measured,source_ingest,2025.0,
Chad,2025,fossil_share_elec,95.09763888888892,estimated,linear_projection,2024.0,0.5420103816242071
Chad,2025,gdp,24362377993.030117,estimated,dampened_exponential_log_linear,2022.0,0.3047213616887018
Chad,2025,greenhouse_gas_emissions,0.23590899596220216,estimated,dampened_exponential_log_linear,2024.0,0.459765827326692
Chad,2025,hydro_electricity,,missing,no_history,,
Chad,2025,low_carbon_share_elec,4.902361111111077,estimated,linear_projection,2024.0,0.5420103816241904
Chad,2025,population,21003713.277679782,estimated,limit_year_population_growth_rate_exponential,2024.0,
Chad,2025,renewables_electricity,0.02,estimated,dampened_exponential_log_linear,2024.0,0.0
Chad,2025,renewables_share_elec,4.902361111111077,estimated,linear_projection,2024.0,0.5420103816241904
Chad,2025,solar_electricity,,missing,no_history,,
Chad,2025,wind_electricity,0.01,estimated,dampened_exponential_log_linear,2024.0,0.0
Comoros,2016,Access to Clean Fuels and Technologies for cooking (% of total population),6.0,measured,source_ingest,2016.0,
Comoros,2016,Access to electricity (% of total population),76.4,measured,source_ingest,2016.0,
Comoros,2016,Population growth (annual %),2.05111578193354,measured,source_ingest,2016.0,
Comoros,2016,carbon_intensity_elec,666.67,measured,source_ingest,2016.0,
Comoros,2016,electricity_demand (TWh),0.06,measured,source_ingest,2016.0,
Comoros,2016,electricity_generation (TWh),0.06,measured,source_ingest,2016.0,
Comoros,2016,energy_poverty_electricity (% of total population),23.599999999999994,derived,one_minus_access,2016.0,
Comoros,2016,energy_poverty_electricity_rural (% of rural population),29.900000000000006,measured,source_ingest,2016.0,
Comoros,2016,energy_poverty_electricity_urban (% of urban population),7.799999999999997,measured,source_ingest,2016.0,
Comoros,2016,energy_poverty_multidimensional (% of total population),58.8,measured,source_ingest,2016.0,
Comoros,2016,fossil_share_elec,100.0,measured,source_ingest,2016.0,
Comoros,2016,gdp,1356063486.0,measured,source_ingest,2016.0,
Comoros,2016,greenhouse_gas_emissions,0.04,measured,source_ingest,2016.0,
Comoros,2016,hydro_electricity,0.0,measured,source_ingest,2016.0,
Comoros,2016,low_carbon_share_elec,0.0,measured,source_ingest,2016.0,
Comoros,2016,population,741745.0,measured,source_ingest,2016.0,
Comoros,2016,renewables_electricity,0.0,measured,source_ingest,2016.0,
Comoros,2016,renewables_share_elec,0.0,measured,source_ingest,2016.0,
Comoros,2016,solar_electricity,0.0,measured,source_ingest,2016.0,
Comoros,2016,wind_electricity,0.0,measured,source_ingest,2016.0,
Comoros,2017,Access to Clean Fuels and Technologies for cooking (% of total population),6.6,measured,source_ingest,2017.0,
Comoros,2017,Access to electricity (% of total population),78.7,measured,source_ingest,2017.0,
Comoros,2017,Population growth (annual %),1.99257798738542,measured,source_ingest,2017.0,
Comoros,2017,carbon_intensity_elec,666.67,measured,source_ingest,2017.0,
Comoros,2017,electricity_demand (TWh),0.09,measured,source_ingest,2017.0,
Comoros,2017,electricity_generation (TWh),0.09,measured,source_ingest,2017.0,
Comoros,2017,energy_poverty_electricity (% of total population),21.299999999999997,derived,one_minus_access,2017.0,
Comoros,2017,energy_poverty_electricity_rural (% of rural population),27.400000000000006,measured,source_ingest,2017.0,
Comoros,2017,energy_poverty_electricity_urban (% of urban population),6.099999999999994,measured,source_ingest,2017.0,
Comoros,2017,energy_poverty_multidimensional (% of total population),57.35,measured,source_ingest,2017.0,
Comoros,2017,fossil_share_elec,100.0,measured,source_ingest,2017.0,
Comoros,2017,gdp,1426021134.0,measured,source_ingest,2017.0,
Comoros,2017,greenhouse_gas_emissions,0.06,measured,source_ingest,2017.0,
Comoros,2017,hydro_electricity,0.0,measured,source_ingest,2017.0,
Comoros,2017,low_carbon_share_elec,0.0,measured,source_ingest,2017.0,
Comoros,2017,population,756672.0,measured,source_ingest,2017.0,
Comoros,2017,renewables_electricity,0.0,measured,source_ingest,2017.0,
Comoros,2017,renewables_share_elec,0.0,measured,source_ingest,2017.0,
Comoros,2017,solar_electricity,0.0,measured,source_ingest,2017.0,
Comoros,2017,wind_electricity,0.0,measured,source_ingest,2017.0,
Comoros,2018,Access to Clean Fuels and Technologies for cooking (% of total population),7.1,measured,source_ingest,2018.0,
Comoros,2018,Access to electricity (% of total population),81.0,measured,source_ingest,2018.0,
Comoros,2018,Population growth (annual %),1.95274153616222,measured,source_ingest,2018.0,
Comoros,2018,carbon_intensity_elec,700.0,measured,source_ingest,2018.0,
Comoros,2018,electricity_demand (TWh),0.1,measured,source_ingest,2018.0,
Comoros,2018,electricity_generation (TWh),0.1,measured,source_ingest,2018.0,
Comoros,2018,energy_poverty_electricity (% of total population),19.0,derived,one_minus_access,2018.0,
Comoros,2018,energy_poverty_electricity_rural (% of rural population),24.900000000000006,measured,source_ingest,2018.0,
Comoros,2018,energy_poverty_electricity_urban (% of urban population),4.400000000000006,measured,source_ingest,2018.0,
Comoros,2018,energy_poverty_multidimensional (% of total population),55.95,measured,source_ingest,2018.0,
Comoros,2018,fossil_share_elec,100.0,measured,source_ingest,2018.0,
Comoros,2018,gdp,1479483924.0,measured,source_ingest,2018.0,
Comoros,2018,greenhouse_gas_emissions,0.07,measured,source_ingest,2018.0,
Comoros,2018,hydro_electricity,0.0,measured,source_ingest,2018.0,
Comoros,2018,low_carbon_share_elec,0.0,measured,source_ingest,2018.0,
Comoros,2018,population,771597.0,measured,source_ingest,2018.0,
Comoros,2018,renewables_electricity,0.0,measured,source_ingest,2018.0,
Comoros,2018,renewables_share_elec,0.0,measured,source_ingest,2018.0,
Comoros,2018,solar_electricity,0.0,measured,source_ingest,2018.0,
Comoros,2018,wind_electricity,0.0,measured,source_ingest,2018.0,
Comoros,2019,Access to Clean Fuels and Technologies for cooking (% of total population),7.7,measured,source_ingest,2019.0,
Comoros,2019,Access to electricity (% of total population),83.3,measured,source_ingest,2019.0,
Comoros,2019,Population growth (annual %),1.92385702700328,measured,source_ingest,2019.0,
Comoros,2019,carbon_intensity_elec,636.36,measured,source_ingest,2019.0,
Comoros,2019,electricity_demand (TWh),0.11,measured,source_ingest,2019.0,
Comoros,2019,electricity_generation (TWh),0.11,measured,source_ingest,2019.0,
Comoros,2019,energy_poverty_electricity (% of total population),16.700000000000003,derived,one_minus_access,2019.0,
Comoros,2019,energy_poverty_electricity_rural (% of rural population),22.400000000000006,measured,source_ingest,2019.0,
Comoros,2019,energy_poverty_electricity_urban (% of urban population),2.700000000000003,measured,source_ingest,2019.0,
Comoros,2019,energy_poverty_multidimensional (% of total population),54.5,measured,source_ingest,2019.0,
Comoros,2019,fossil_share_elec,100.0,measured,source_ingest,2019.0,
Comoros,2019,gdp,1533170985.0,measured,source_ingest,2019.0,
Comoros,2019,greenhouse_gas_emissions,0.07,measured,source_ingest,2019.0,
Comoros,2019,hydro_electricity,0.0,measured,source_ingest,2019.0,
Comoros,2019,low_carbon_share_elec,0.0,measured,source_ingest,2019.0,
Comoros,2019,population,786582.0,measured,source_ingest,2019.0,
Comoros,2019,renewables_electricity,0.0,measured,source_ingest,2019.0,
Comoros,2019,renewables_share_elec,0.0,measured,source_ingest,2019.0,
Comoros,2019,solar_electricity,0.0,measured,source_ingest,2019.0,
Comoros,2019,wind_electricity,0.0,measured,source_ingest,2019.0,
Comoros,2020,Access to Clean Fuels and Technologies for cooking (% of total population),8.3,measured,source_ingest,2020.0,
Comoros,2020,Access to electricity (% of total population),85.6,measured,source_ingest,2020.0,
Comoros,2020,Population growth (annual %),1.96199379762606,measured,source_ingest,2020.0,
Comoros,2020,carbon_intensity_elec,692.31,measured,source_ingest,2020.0,
Comoros,2020,electricity_demand (TWh),0.13,measured,source_ingest,2020.0,
Comoros,2020,electricity_generation (TWh),0.13,measured,source_ingest,2020.0,
Comoros,2020,energy_poverty_electricity (% of total population),14.400000000000006,derived,one_minus_access,2020.0,
Comoros,2020,energy_poverty_electricity_rural (% of rural population),19.900000000000006,measured,source_ingest,2020.0,
Comoros,2020,energy_poverty_electricity_urban (% of urban population),1.0,measured,source_ingest,2020.0,
Comoros,2020,energy_poverty_multidimensional (% of total population),53.05,measured,source_ingest,2020.0,
Comoros,2020,fossil_share_elec,100.0,measured,source_ingest,2020.0,
Comoros,2020,gdp,1594579416.0,measured,source_ingest,2020.0,
Comoros,2020,greenhouse_gas_emissions,0.09,measured,source_ingest,2020.0,
Comoros,2020,hydro_electricity,0.0,measured,source_ingest,2020.0,
Comoros,2020,low_carbon_share_elec,0.0,measured,source_ingest,2020.0,
Comoros,2020,population,802172.0,measured,source_ingest,2020.0,
Comoros,2020,renewables_electricity,0.0,measured,source_ingest,2020.0,
Comoros,2020,renewables_share_elec,0.0,measured,source_ingest,2020.0,
Comoros,2020,solar_electricity,0.0,measured,source_ingest,2020.0,
Comoros,2020,wind_electricity,0.0,measured,source_ingest,2020.0,
Comoros,2021,Access to Clean Fuels and Technologies for cooking (% of total population),9.0,measured,source_ingest,2021.0,
Comoros,2021,Access to electricity (% of total population),87.9,measured,source_ingest,2021.0,
Comoros,2021,Population growth (annual %),1.97631988078353,measured,source_ingest,2021.0,
Comoros,2021,carbon_intensity_elec,692.31,measured,source_ingest,2021.0,
Comoros,2021,electricity_demand (TWh),0.13,measured,source_ingest,2021.0,
Comoros,2021,electricity_generation (TWh),0.13,measured,source_ingest,2021.0,
Comoros,2021,energy_poverty_electricity (% of total population),12.099999999999994,derived,one_minus_access,2021.0,
Comoros,2021,energy_poverty_electricity_rural (% of rural population),17.099999999999994,measured,source_ingest,2021.0,
Comoros,2021,energy_poverty_electricity_urban (% of urban population),0.0,measured,source_ingest,2021.0,
Comoros,2021,energy_poverty_multidimensional (% of total population),51.55,measured,source_ingest,2021.0,
Comoros,2021,fossil_share_elec,100.0,measured,source_ingest,2021.0,
Comoros,2021,gdp,1639163875.0,measured,source_ingest,2021.0,
Comoros,2021,greenhouse_gas_emissions,0.09,measured,source_ingest,2021.0,
Comoros,2021,hydro_electricity,0.0,measured,source_ingest,2021.0,
Comoros,2021,low_carbon_share_elec,0.0,measured,source_ingest,2021.0,
Comoros,2021,population,818178.0,measured,source_ingest,2021.0,
Comoros,2021,renewables_electricity,0.0,measured,source_ingest,2021.0,
Comoros,2021,renewables_share_elec,0.0,measured,source_ingest,2021.0,
Comoros,2021,solar_electricity,0.0,measured,source_ingest,2021.0,
Comoros,2021,wind_electricity,0.0,measured,source_ingest,2021.0,
Comoros,2022,Access to Clean Fuels and Technologies for cooking (% of total population),9.7,measured,source_ingest,2022.0,
Comoros,2022,Access to electricity (% of total population),89.9,measured,source_ingest,2022.0,
Comoros,2022,Population growth (annual %),1.93837687010445,measured,source_ingest,2022.0,
Comoros,2022,carbon_intensity_elec,642.86,measured,source_ingest,2022.0,
Comoros,2022,electricity_demand (TWh),0.14,measured,source_ingest,2022.0,
Comoros,2022,electricity_generation (TWh),0.14,measured,source_ingest,2022.0,
Comoros,2022,energy_poverty_electricity (% of total population),10.099999999999994,derived,one_minus_access,2022.0,
Comoros,2022,energy_poverty_electricity_rural (% of rural population),14.299999999999997,measured,source_ingest,2022.0,
Comoros,2022,energy_poverty_electricity_urban (% of urban population),0.0,measured,source_ingest,2022.0,
Comoros,2022,energy_poverty_multidimensional (% of total population),50.2,measured,source_ingest,2022.0,
Comoros,2022,fossil_share_elec,100.0,measured,source_ingest,2022.0,
Comoros,2022,gdp,1682076951.0,measured,source_ingest,2022.0,
Comoros,2022,greenhouse_gas_emissions,0.09,measured,source_ingest,2022.0,
Comoros,2022,hydro_electricity,0.0,measured,source_ingest,2022.0,
Comoros,2022,low_carbon_share_elec,0.0,measured,source_ingest,2022.0,
Comoros,2022,population,834191.0,measured,source_ingest,2022.0,
Comoros,2022,renewables_electricity,0.0,measured,source_ingest,2022.0,
Comoros,2022,renewables_share_elec,0.0,measured,source_ingest,2022.0,
Comoros,2022,solar_electricity,0.0,measured,source_ingest,2022.0,
Comoros,2022,wind_electricity,0.0,measured,source_ingest,2022.0,
Comoros,2023,Access to Clean Fuels and Technologies for cooking (% of total population),10.4,measured,source_ingest,2023.0,
Comoros,2023,Access to electricity (% of total population),89.8,measured,source_ingest,2023.0,
Comoros,2023,Population growth (annual %),1.92327433672711,measured,source_ingest,2023.0,
Comoros,2023,carbon_intensity_elec,642.86,measured,source_ingest,2023.0,
Comoros,2023,electricity_demand (TWh),0.14,measured,source_ingest,2023.0,
Comoros,2023,electricity_generation (TWh),0.14,measured,source_ingest,2023.0,
Comoros,2023,energy_poverty_electricity (% of total population),10.200000000000003,derived,one_minus_access,2023.0,
Comoros,2023,energy_poverty_electricity_rural (% of rural population),13.900000000000006,measured,source_ingest,2023.0,
Comoros,2023,energy_poverty_electricity_urban (% of urban population),1.7000000000000028,measured,source_ingest,2023.0,
Comoros,2023,energy_poverty_multidimensional (% of total population),49.9,measured,source_ingest,2023.0,
Comoros,2023,fossil_share_elec,100.0,measured,source_ingest,2023.0,
Comoros,2023,gdp,1743226984.0122035,estimated,dampened_exponential_log_linear,2022.0,0.9905511241143444
Comoros,2023,greenhouse_gas_emissions,0.09,measured,source_ingest,2023.0,
Comoros,2023,hydro_electricity,0.0,measured,source_ingest,2023.0,
Comoros,2023,low_carbon_share_elec,0.0,measured,source_ingest,2023.0,
Comoros,2023,population,850390.0,measured,source_ingest,2023.0,
Comoros,2023,renewables_electricity,0.0,measured,source_ingest,2023.0,
Comoros,2023,renewables_share_elec,0.0,measured,source_ingest,2023.0,
Comoros,2023,solar_electricity,0.0,measured,source_ingest,2023.0,
Comoros,2023,wind_electricity,0.0,measured,source_ingest,2023.0,
Comoros,2024,Access to Clean Fuels and Technologies for cooking (% of total population),10.917857142856974,estimated,linear_projection,2023.0,0.996901302894039
Comoros,2024,Access to electricity (% of total population),91.7,measured,source_ingest,2024.0,
Comoros,2024,Population growth (annual %),1.89182789744612,measured,source_ingest,2024.0,
Comoros,2024,carbon_intensity_elec,639.9181023668425,estimated,dampened_exponential_log_linear,2023.0,0.08804723858151653
Comoros,2024,electricity_demand (TWh),0.15600827295951325,estimated,dampened_exponential_log_linear,2023.0,0.8373069150494887
Comoros,2024,electricity_generation (TWh),0.15600827295951325,estimated,dampened_exponential_log_linear,2023.0,0.8373069150494887
Comoros,2024,energy_poverty_electricity (% of total population),8.299999999999997,derived,one_minus_access,2024.0,
Comoros,2024,energy_poverty_electricity_rural (% of rural population),11.799999999999997,measured,source_ingest,2024.0,
Comoros,2024,energy_poverty_electricity_urban (% of urban population),1.5,measured,source_ingest,2024.0,
Comoros,2024,energy_poverty_multidimensional (% of total population),47.874999999999545,measured,source_ingest,2024.0,
Comoros,2024,fossil_share_elec,100.0,estimated,linear_projection,2023.0,0.0
Comoros,2024,gdp,1806600058.3277016,estimated,dampened_exponential_log_linear,2022.0,0.9905511241143444
Comoros,2024,greenhouse_gas_emissions,0.09983205957316472,estimated,dampened_exponential_log_linear,2023.0,0.7798262333361634
Comoros,2024,hydro_electricity,,missing,no_history,,
Comoros,2024,low_carbon_share_elec,0.0,estimated,linear_projection,2023.0,0.0
Comoros,2024,population,866305.1047623664,estimated,limit_year_population_growth_rate_exponential,2023.0,
Comoros,2024,renewables_electricity,,missing,no_history,,
Comoros,2024,renewables_share_elec,0.0,estimated,linear_projection,2023.0,0.0
Comoros,2024,solar_electricity,,missing,no_history,,
Comoros,2024,wind_electricity,,missing,no_history,,
Comoros,2025,Access to Clean Fuels and Technologies for cooking (% of total population),11.544047619047433,estimated,linear_projection,2023.0,0.996901302894039
Comoros,2025,Access to electricity (% of total population),92.86129128303706,estimated,logistic_logit_linear,2024.0,0.9884200488587546
Comoros,2025,Population growth (annual %),1.85420936957363,measured,source_ingest,2025.0,
Comoros,2025,carbon_intensity_elec,636.9896676364692,estimated,dampened_exponential_log_linear,2023.0,0.08804723858151653
Comoros,2025,electricity_demand (TWh),0.17384700879864276,estimated,dampened_exponential_log_linear,2023.0,0.8373069150494887
Comoros,2025,electricity_generation (TWh),0.17384700879864276,estimated,dampened_exponential_log_linear,2023.0,0.8373069150494887
Comoros,2025,energy_poverty_electricity (% of total population),7.138708716962938,estimated,one_minus_access,2024.0,
Comoros,2025,energy_poverty_electricity_rural (% of rural population),8.561111111111131,estimated,linear_projection,2024.0,0.9885753627218901
Comoros,2025,energy_poverty_electricity_urban (% of urban population),0.0,estimated,linear_projection,2024.0,0.6884566467595796
Comoros,2025,energy_poverty_multidimensional (% of total population),46.53333333333285,measured,source_ingest,2025.0,
Comoros,2025,fossil_share_elec,100.0,estimated,linear_projection,2023.0,0.0
Comoros,2025,gdp,1813062719.3494697,estimated,dampened_exponential_log_linear,2022.0,0.9905511241143444
Comoros,2025,greenhouse_gas_emissions,0.11073822354022121,estimated,dampened_exponential_log_linear,2023.0,0.7798262333361634
Comoros,2025,hydro_electricity,,missing,no_history,,
Comoros,2025,low_carbon_share_elec,0.0,estimated,linear_projection,2023.0,0.0
Comoros,2025,population,882518.0617567641,estimated,limit_year_population_growth_rate_exponential,2023.0,
Comoros,2025,renewables_electricity,,missing,no_history,,
Comoros,2025,renewables_share_elec,0.0,estimated,linear_projection,2023.0,0.0
Comoros,2025,solar_electricity,,missing,no_history,,
Comoros,2025,wind_electricity,,missing,no_history,,
Congo,2016,Access to Clean Fuels and Technologies for cooking (% of total population),27.9,measured,source_ingest,2016.0,
Congo,2016,Access to electricity (% of total population),45.3,measured,source_ingest,2016.0,
Congo,2016,Population growth (annual %),2.42169941927317,measured,source_ingest,2016.0,
Congo,2016,carbon_intensity_elec,558.92,measured,source_ingest,2016.0,
Congo,2016,electricity_demand (TWh),2.97,measured,source_ingest,2016.0,
Congo,2016,electricity_generation (TWh),2.97,measured,source_ingest,2016.0,
Congo,2016,energy_poverty_electricity (% of total population),54.7,derived,one_minus_access,2016.0,
Congo,2016,energy_poverty_electricity_rural (% of rural population),88.4,measured,source_ingest,2016.0,
Congo,2016,energy_poverty_electricity_urban (% of urban population),37.3,measured,source_ingest,2016.0,
Congo,2016,energy_poverty_multidimensional (% of total population),63.400000000000006,measured,source_ingest,2016.0,
Congo,2016,fossil_share_elec,61.279,measured,source_ingest,2016.0,
Congo,2016,gdp,26313174327.0,measured,source_ingest,2016.0,
Congo,2016,greenhouse_gas_emissions,1.66,measured,source_ingest,2016.0,
Congo,2016,hydro_electricity,1.12,measured,source_ingest,2016.0,
Congo,2016,low_carbon_share_elec,38.721,measured,source_ingest,2016.0,
Congo,2016,population,5222545.0,measured,source_ingest,2016.0,
Congo,2016,renewables_electricity,1.15,measured,source_ingest,2016.0,
Congo,2016,renewables_share_elec,38.721,measured,source_ingest,2016.0,
Congo,2016,solar_electricity,0.0,measured,source_ingest,2016.0,
Congo,2016,wind_electricity,0.0,measured,source_ingest,2016.0,
Congo,2017,Access to Clean Fuels and Technologies for cooking (% of total population),29.8,measured,source_ingest,2017.0,
Congo,2017,Access to electricity (% of total population),46.2,measured,source_ingest,2017.0,
Congo,2017,Population growth (annual %),2.43024073423953,measured,source_ingest,2017.0,
Congo,2017,carbon_intensity_elec,543.62,measured,source_ingest,2017.0,
Congo,2017,electricity_demand (TWh),2.98,measured,source_ingest,2017.0,
Congo,2017,electricity_generation (TWh),2.98,measured,source_ingest,2017.0,
Congo,2017,energy_poverty_electricity (% of total population),53.8,derived,one_minus_access,2017.0,
Congo,2017,energy_poverty_electricity_rural (% of rural population),88.2,measured,source_ingest,2017.0,
Congo,2017,energy_poverty_electricity_urban (% of urban population),36.4,measured,source_ingest,2017.0,
Congo,2017,energy_poverty_multidimensional (% of total population),62.0,measured,source_ingest,2017.0,
Congo,2017,fossil_share_elec,59.06,measured,source_ingest,2017.0,
Congo,2017,gdp,25159867387.0,measured,source_ingest,2017.0,
Congo,2017,greenhouse_gas_emissions,1.62,measured,source_ingest,2017.0,
Congo,2017,hydro_electricity,1.19,measured,source_ingest,2017.0,
Congo,2017,low_carbon_share_elec,40.94,measured,source_ingest,2017.0,
Congo,2017,population,5351013.0,measured,source_ingest,2017.0,
Congo,2017,renewables_electricity,1.22,measured,source_ingest,2017.0,
Congo,2017,renewables_share_elec,40.94,measured,source_ingest,2017.0,
Congo,2017,solar_electricity,0.0,measured,source_ingest,2017.0,
Congo,2017,wind_electricity,0.0,measured,source_ingest,2017.0,
Congo,2018,Access to Clean Fuels and Technologies for cooking (% of total population),31.85,measured,source_ingest,2018.0,
Congo,2018,Access to electricity (% of total population),47.0,measured,source_ingest,2018.0,
Congo,2018,Population growth (annual %),2.43884022378671,measured,source_ingest,2018.0,
Congo,2018,carbon_intensity_elec,594.16,measured,source_ingest,2018.0,
Congo,2018,electricity_demand (TWh),3.08,measured,source_ingest,2018.0,
Congo,2018,electricity_generation (TWh),3.08,measured,source_ingest,2018.0,
Congo,2018,energy_poverty_electricity (% of total population),53.0,derived,one_minus_access,2018.0,
Congo,2018,energy_poverty_electricity_rural (% of rural population),88.2,measured,source_ingest,2018.0,
Congo,2018,energy_poverty_electricity_urban (% of urban population),35.5,measured,source_ingest,2018.0,
Congo,2018,energy_poverty_multidimensional (% of total population),60.575,measured,source_ingest,2018.0,
Congo,2018,fossil_share_elec,64.935,measured,source_ingest,2018.0,
Congo,2018,gdp,23950933949.0,measured,source_ingest,2018.0,
Congo,2018,greenhouse_gas_emissions,1.83,measured,source_ingest,2018.0,
Congo,2018,hydro_electricity,1.05,measured,source_ingest,2018.0,
Congo,2018,low_carbon_share_elec,35.065,measured,source_ingest,2018.0,
Congo,2018,population,5483128.0,measured,source_ingest,2018.0,
Congo,2018,renewables_electricity,1.08,measured,source_ingest,2018.0,
Congo,2018,renewables_share_elec,35.065,measured,source_ingest,2018.0,
Congo,2018,solar_electricity,0.0,measured,source_ingest,2018.0,
Congo,2018,wind_electricity,0.0,measured,source_ingest,2018.0,
Congo,2019,Access to Clean Fuels and Technologies for cooking (% of total population),33.7,measured,source_ingest,2019.0,
Congo,2019,Access to electricity (% of total population),47.7,measured,source_ingest,2019.0,
Congo,2019,Population growth (annual %),2.40634419722279,measured,source_ingest,2019.0,
Congo,2019,carbon_intensity_elec,655.53,measured,source_ingest,2019.0,
Congo,2019,electricity_demand (TWh),3.87,measured,source_ingest,2019.0,
Congo,2019,electricity_generation (TWh),3.89,measured,source_ingest,2019.0,
Congo,2019,energy_poverty_electricity (% of total population),52.3,derived,one_minus_access,2019.0,
Congo,2019,energy_poverty_electricity_rural (% of rural population),88.6,measured,source_ingest,2019.0,
Congo,2019,energy_poverty_electricity_urban (% of urban population),34.7,measured,source_ingest,2019.0,
Congo,2019,energy_poverty_multidimensional (% of total population),59.3,measured,source_ingest,2019.0,
Congo,2019,fossil_share_elec,72.237,measured,source_ingest,2019.0,
Congo,2019,gdp,24196673159.0,measured,source_ingest,2019.0,
Congo,2019,greenhouse_gas_emissions,2.55,measured,source_ingest,2019.0,
Congo,2019,hydro_electricity,1.05,measured,source_ingest,2019.0,
Congo,2019,low_carbon_share_elec,27.763,measured,source_ingest,2019.0,
Congo,2019,population,5616656.0,measured,source_ingest,2019.0,
Congo,2019,renewables_electricity,1.08,measured,source_ingest,2019.0,
Congo,2019,renewables_share_elec,27.763,measured,source_ingest,2019.0,
Congo,2019,solar_electricity,0.0,measured,source_ingest,2019.0,
Congo,2019,wind_electricity,0.0,measured,source_ingest,2019.0,
Congo,2020,Access to Clean Fuels and Technologies for cooking (% of total population),35.4,measured,source_ingest,2020.0,
Congo,2020,Access to electricity (% of total population),48.7,measured,source_ingest,2020.0,
Congo,2020,Population growth (annual %),2.39477691216791,measured,source_ingest,2020.0,
Congo,2020,carbon_intensity_elec,663.34,measured,source_ingest,2020.0,
Congo,2020,electricity_demand (TWh),4.01,measured,source_ingest,2020.0,
Congo,2020,electricity_generation (TWh),4.01,measured,source_ingest,2020.0,
Congo,2020,energy_poverty_electricity (% of total population),51.3,derived,one_minus_access,2020.0,
Congo,2020,energy_poverty_electricity_rural (% of rural population),88.2,measured,source_ingest,2020.0,
Congo,2020,energy_poverty_electricity_urban (% of urban population),33.8,measured,source_ingest,2020.0,
Congo,2020,energy_poverty_multidimensional (% of total population),57.95,measured,source_ingest,2020.0,
Congo,2020,fossil_share_elec,73.067,measured,source_ingest,2020.0,
Congo,2020,gdp,22696964187.0,measured,source_ingest,2020.0,
Congo,2020,greenhouse_gas_emissions,2.66,measured,source_ingest,2020.0,
Congo,2020,hydro_electricity,1.05,measured,source_ingest,2020.0,
Congo,2020,low_carbon_share_elec,26.933,measured,source_ingest,2020.0,
Congo,2020,population,5752792.0,measured,source_ingest,2020.0,
Congo,2020,renewables_electricity,1.08,measured,source_ingest,2020.0,
Congo,2020,renewables_share_elec,26.933,measured,source_ingest,2020.0,
Congo,2020,solar_electricity,0.0,measured,source_ingest,2020.0,
Congo,2020,wind_electricity,0.0,measured,source_ingest,2020.0,
Congo,2021,Access to Clean Fuels and Technologies for cooking (% of total population),37.5,measured,source_ingest,2021.0,
Congo,2021,Access to electricity (% of total population),49.7,measured,source_ingest,2021.0,
Congo,2021,Population growth (annual %),2.39414288318435,measured,source_ingest,2021.0,
Congo,2021,carbon_intensity_elec,669.1,measured,source_ingest,2021.0,
Congo,2021,electricity_demand (TWh),4.11,measured,source_ingest,2021.0,
Congo,2021,electricity_generation (TWh),4.11,measured,source_ingest,2021.0,
Congo,2021,energy_poverty_electricity (% of total population),50.3,derived,one_minus_access,2021.0,
Congo,2021,energy_poverty_electricity_rural (% of rural population),87.6,measured,source_ingest,2021.0,
Congo,2021,energy_poverty_electricity_urban (% of urban population),33.0,measured,source_ingest,2021.0,
Congo,2021,energy_poverty_multidimensional (% of total population),56.4,measured,source_ingest,2021.0,
Congo,2021,fossil_share_elec,73.723,measured,source_ingest,2021.0,
Congo,2021,gdp,23037421913.0,measured,source_ingest,2021.0,
Congo,2021,greenhouse_gas_emissions,2.75,measured,source_ingest,2021.0,
Congo,2021,hydro_electricity,1.05,measured,source_ingest,2021.0,
Congo,2021,low_carbon_share_elec,26.277,measured,source_ingest,2021.0,
Congo,2021,population,5892187.0,measured,source_ingest,2021.0,
Congo,2021,renewables_electricity,1.08,measured,source_ingest,2021.0,
Congo,2021,renewables_share_elec,26.277,measured,source_ingest,2021.0,
Congo,2021,solar_electricity,0.0,measured,source_ingest,2021.0,
Congo,2021,wind_electricity,0.0,measured,source_ingest,2021.0,
Congo,2022,Access to Clean Fuels and Technologies for cooking (% of total population),38.8,measured,source_ingest,2022.0,
Congo,2022,Access to electricity (% of total population),50.6,measured,source_ingest,2022.0,
Congo,2022,Population growth (annual %),2.39665300284304,measured,source_ingest,2022.0,
Congo,2022,carbon_intensity_elec,707.07,measured,source_ingest,2022.0,
Congo,2022,electricity_demand (TWh),4.95,measured,source_ingest,2022.0,
Congo,2022,electricity_generation (TWh),4.95,measured,source_ingest,2022.0,
Congo,2022,energy_poverty_electricity (% of total population),49.4,derived,one_minus_access,2022.0,
Congo,2022,energy_poverty_electricity_rural (% of rural population),87.0,measured,source_ingest,2022.0,
Congo,2022,energy_poverty_electricity_urban (% of urban population),32.5,measured,source_ingest,2022.0,
Congo,2022,energy_poverty_multidimensional (% of total population),55.3,measured,source_ingest,2022.0,
Congo,2022,fossil_share_elec,78.182,measured,source_ingest,2022.0,
Congo,2022,gdp,23679011891.0,measured,source_ingest,2022.0,
Congo,2022,greenhouse_gas_emissions,3.5,measured,source_ingest,2022.0,
Congo,2022,hydro_electricity,1.05,measured,source_ingest,2022.0,
Congo,2022,low_carbon_share_elec,21.818,measured,source_ingest,2022.0,
Congo,2022,population,6035104.0,measured,source_ingest,2022.0,
Congo,2022,renewables_electricity,1.08,measured,source_ingest,2022.0,
Congo,2022,renewables_share_elec,21.818,measured,source_ingest,2022.0,
Congo,2022,solar_electricity,0.0,measured,source_ingest,2022.0,
Congo,2022,wind_electricity,0.0,measured,source_ingest,2022.0,
Congo,2023,Access to Clean Fuels and Technologies for cooking (% of total population),40.1,measured,source_ingest,2023.0,
Congo,2023,Access to electricity (% of total population),51.3,measured,source_ingest,2023.0,
Congo,2023,Population growth (annual %),2.41919038084212,measured,source_ingest,2023.0,
Congo,2023,carbon_intensity_elec,692.16,measured,source_ingest,2023.0,
Congo,2023,electricity_demand (TWh),5.31,measured,source_ingest,2023.0,
Congo,2023,electricity_generation (TWh),5.36,measured,source_ingest,2023.0,
Congo,2023,energy_poverty_electricity (% of total population),48.7,derived,one_minus_access,2023.0,
Congo,2023,energy_poverty_electricity_rural (% of rural population),89.2,measured,source_ingest,2023.0,
Congo,2023,energy_poverty_electricity_urban (% of urban population),30.599999999999994,measured,source_ingest,2023.0,
Congo,2023,energy_poverty_multidimensional (% of total population),54.3,measured,source_ingest,2023.0,
Congo,2023,fossil_share_elec,76.493,measured,source_ingest,2023.0,
Congo,2023,gdp,23221347115.916996,estimated,dampened_exponential_log_linear,2022.0,0.6853572168053048
Congo,2023,greenhouse_gas_emissions,3.71,measured,source_ingest,2023.0,
Congo,2023,hydro_electricity,1.22,measured,source_ingest,2023.0,
Congo,2023,low_carbon_share_elec,23.507,measured,source_ingest,2023.0,
Congo,2023,population,6182890.0,measured,source_ingest,2023.0,
Congo,2023,renewables_electricity,1.26,measured,source_ingest,2023.0,
Congo,2023,renewables_share_elec,23.507,measured,source_ingest,2023.0,
Congo,2023,solar_electricity,0.01,measured,source_ingest,2023.0,
Congo,2023,wind_electricity,0.0,measured,source_ingest,2023.0,
Congo,2024,Access to Clean Fuels and Technologies for cooking (% of total population),42.366071428571104,estimated,linear_projection,2023.0,0.9953170699799558
Congo,2024,Access to electricity (% of total population),53.0,measured,source_ingest,2024.0,
Congo,2024,Population growth (annual %),2.39829082784283,measured,source_ingest,2024.0,
Congo,2024,carbon_intensity_elec,716.12,measured,source_ingest,2024.0,
Congo,2024,electricity_demand (TWh),5.38,measured,source_ingest,2024.0,
Congo,2024,electricity_generation (TWh),5.46,measured,source_ingest,2024.0,
Congo,2024,energy_poverty_electricity (% of total population),47.0,derived,one_minus_access,2024.0,
Congo,2024,energy_poverty_electricity_rural (% of rural population),80.6,measured,source_ingest,2024.0,
Congo,2024,energy_poverty_electricity_urban (% of urban population),28.0,measured,source_ingest,2024.0,
Congo,2024,energy_poverty_multidimensional (% of total population),52.70267857142835,measured,source_ingest,2024.0,
Congo,2024,fossil_share_elec,79.121,measured,source_ingest,2024.0,
Congo,2024,gdp,22772528024.400345,estimated,dampened_exponential_log_linear,2022.0,0.6853572168053048
Congo,2024,greenhouse_gas_emissions,3.91,measured,source_ingest,2024.0,
Congo,2024,hydro_electricity,1.1,measured,source_ingest,2024.0,
Congo,2024,low_carbon_share_elec,20.879,measured,source_ingest,2024.0,
Congo,2024,population,6332969.0,measured,source_ingest,2024.0,
Congo,2024,renewables_electricity,1.14,measured,source_ingest,2024.0,
Congo,2024,renewables_share_elec,20.879,measured,source_ingest,2024.0,
Congo,2024,solar_electricity,0.01,measured,source_ingest,2024.0,
Congo,2024,wind_electricity,0.0,measured,source_ingest,2024.0,
Congo,2025,Access to Clean Fuels and Technologies for cooking (% of total population),44.140476190475965,estimated,linear_projection,2023.0,0.9953170699799558
Congo,2025,Access to electricity (% of total population),53.44216489434906,estimated,logistic_logit_linear,2024.0,0.9916710510391789
Congo,2025,Population growth (annual %),2.36370989746216,measured,source_ingest,2025.0,
Congo,2025,carbon_intensity_elec,741.4366349643662,estimated,dampened_exponential_log_linear,2024.0,0.8725700965724996
Congo,2025,electricity_demand (TWh),5.859113449595509,estimated,dampened_exponential_log_linear,2024.0,0.9523747888682161
Congo,2025,electricity_generation (TWh),5.9543702343392235,estimated,dampened_exponential_log_linear,2024.0,0.9532513521434395
Congo,2025,energy_poverty_electricity (% of total population),46.55783510565094,estimated,one_minus_access,2024.0,
Congo,2025,energy_poverty_electricity_rural (% of rural population),84.70000000000005,estimated,linear_projection,2024.0,0.3081975308641892
Congo,2025,energy_poverty_electricity_urban (% of urban population),28.341666666666697,estimated,linear_projection,2024.0,0.9473955282171342
Congo,2025,energy_poverty_multidimensional (% of total population),51.38035714285661,measured,source_ingest,2025.0,
Congo,2025,fossil_share_elec,83.53691666666691,estimated,linear_projection,2024.0,0.8817581229334386
Congo,2025,gdp,22728126016.732533,estimated,dampened_exponential_log_linear,2022.0,0.6853572168053048
Congo,2025,greenhouse_gas_emissions,4.414769706428688,estimated,dampened_exponential_log_linear,2024.0,0.949932147133854
Congo,2025,hydro_electricity,1.1000480093166476,estimated,dampened_exponential_log_linear,2024.0,4.0913308786416636e-06
Congo,2025,low_carbon_share_elec,16.46308333333309,estimated,linear_projection,2024.0,0.8817581229334386
Congo,2025,population,6484445.191349355,estimated,limit_year_population_growth_rate_exponential,2024.0,
Congo,2025,renewables_electricity,1.1411757153270834,estimated,dampened_exponential_log_linear,2024.0,0.0022500596689117858
Congo,2025,renewables_share_elec,16.46308333333309,estimated,linear_projection,2024.0,0.8817581229334386
Congo,2025,solar_electricity,0.01,estimated,dampened_exponential_log_linear,2024.0,0.0
Congo,2025,wind_electricity,,missing,no_history,,
Cote d'Ivoire,2016,Access to Clean Fuels and Technologies for cooking (% of total population),28.0,measured,source_ingest,2016.0,
Cote d'Ivoire,2016,Access to electricity (% of total population),64.3,measured,source_ingest,2016.0,
Cote d'Ivoire,2016,Population growth (annual %),2.90076810314127,measured,source_ingest,2016.0,
Cote d'Ivoire,2016,carbon_intensity_elec,475.07,measured,source_ingest,2016.0,
Cote d'Ivoire,2016,electricity_demand (TWh),9.02,measured,source_ingest,2016.0,
Cote d'Ivoire,2016,electricity_generation (TWh),10.23,measured,source_ingest,2016.0,
Cote d'Ivoire,2016,energy_poverty_electricity (% of total population),35.7,derived,one_minus_access,2016.0,
Cote d'Ivoire,2016,energy_poverty_electricity_rural (% of rural population),63.3,measured,source_ingest,2016.0,
Cote d'Ivoire,2016,energy_poverty_electricity_urban (% of urban population),8.0,measured,source_ingest,2016.0,
Cote d'Ivoire,2016,energy_poverty_multidimensional (% of total population),53.85,measured,source_ingest,2016.0,
Cote d'Ivoire,2016,fossil_share_elec,83.578,measured,source_ingest,2016.0,
Cote d'Ivoire,2016,gdp,87711151924.0,measured,source_ingest,2016.0,
Cote d'Ivoire,2016,greenhouse_gas_emissions,4.86,measured,source_ingest,2016.0,
Cote d'Ivoire,2016,hydro_electricity,1.51,measured,source_ingest,2016.0,
Cote d'Ivoire,2016,low_carbon_share_elec,16.422,measured,source_ingest,2016.0,
Cote d'Ivoire,2016,population,25989404.0,measured,source_ingest,2016.0,
Cote d'Ivoire,2016,renewables_electricity,1.68,measured,source_ingest,2016.0,
Cote d'Ivoire,2016,renewables_share_elec,16.422,measured,source_ingest,2016.0,
Cote d'Ivoire,2016,solar_electricity,0.0,measured,source_ingest,2016.0,
Cote d'Ivoire,2016,wind_electricity,0.0,measured,source_ingest,2016.0,
Cote d'Ivoire,2017,Access to Clean Fuels and Technologies for cooking (% of total population),30.2,measured,source_ingest,2017.0,
Cote d'Ivoire,2017,Access to electricity (% of total population),65.6,measured,source_ingest,2017.0,
Cote d'Ivoire,2017,Population growth (annual %),2.82237176165589,measured,source_ingest,2017.0,
Cote d'Ivoire,2017,carbon_intensity_elec,446.64,measured,source_ingest,2017.0,
Cote d'Ivoire,2017,electricity_demand (TWh),8.26,measured,source_ingest,2017.0,
Cote d'Ivoire,2017,electricity_generation (TWh),10.12,measured,source_ingest,2017.0,
Cote d'Ivoire,2017,energy_poverty_electricity (% of total population),34.400000000000006,derived,one_minus_access,2017.0,
Cote d'Ivoire,2017,energy_poverty_electricity_rural (% of rural population),61.6,measured,source_ingest,2017.0,
Cote d'Ivoire,2017,energy_poverty_electricity_urban (% of urban population),7.5,measured,source_ingest,2017.0,
Cote d'Ivoire,2017,energy_poverty_multidimensional (% of total population),52.1,measured,source_ingest,2017.0,
Cote d'Ivoire,2017,fossil_share_elec,78.755,measured,source_ingest,2017.0,
Cote d'Ivoire,2017,gdp,93099253173.0,measured,source_ingest,2017.0,
Cote d'Ivoire,2017,greenhouse_gas_emissions,4.52,measured,source_ingest,2017.0,
Cote d'Ivoire,2017,hydro_electricity,2.03,measured,source_ingest,2017.0,
Cote d'Ivoire,2017,low_carbon_share_elec,21.245,measured,source_ingest,2017.0,
Cote d'Ivoire,2017,population,26733376.0,measured,source_ingest,2017.0,
Cote d'Ivoire,2017,renewables_electricity,2.15,measured,source_ingest,2017.0,
Cote d'Ivoire,2017,renewables_share_elec,21.245,measured,source_ingest,2017.0,
Cote d'Ivoire,2017,solar_electricity,0.01,measured,source_ingest,2017.0,
Cote d'Ivoire,2017,wind_electricity,0.0,measured,source_ingest,2017.0,
Cote d'Ivoire,2018,Access to Clean Fuels and Technologies for cooking (% of total population),32.3,measured,source_ingest,2018.0,
Cote d'Ivoire,2018,Access to electricity (% of total population),67.1,measured,source_ingest,2018.0,
Cote d'Ivoire,2018,Population growth (annual %),2.69696827034562,measured,source_ingest,2018.0,
Cote d'Ivoire,2018,carbon_intensity_elec,399.4,measured,source_ingest,2018.0,
Cote d'Ivoire,2018,electricity_demand (TWh),8.99,measured,source_ingest,2018.0,
Cote d'Ivoire,2018,electricity_generation (TWh),10.04,measured,source_ingest,2018.0,
Cote d'Ivoire,2018,energy_poverty_electricity (% of total population),32.900000000000006,derived,one_minus_access,2018.0,
Cote d'Ivoire,2018,energy_poverty_electricity_rural (% of rural population),59.6,measured,source_ingest,2018.0,
Cote d'Ivoire,2018,energy_poverty_electricity_urban (% of urban population),6.900000000000006,measured,source_ingest,2018.0,
Cote d'Ivoire,2018,energy_poverty_multidimensional (% of total population),50.3,measured,source_ingest,2018.0,
Cote d'Ivoire,2018,fossil_share_elec,70.12,measured,source_ingest,2018.0,
Cote d'Ivoire,2018,gdp,96591406762.0,measured,source_ingest,2018.0,
Cote d'Ivoire,2018,greenhouse_gas_emissions,4.01,measured,source_ingest,2018.0,
Cote d'Ivoire,2018,hydro_electricity,2.93,measured,source_ingest,2018.0,
Cote d'Ivoire,2018,low_carbon_share_elec,29.88,measured,source_ingest,2018.0,
Cote d'Ivoire,2018,population,27464175.0,measured,source_ingest,2018.0,
Cote d'Ivoire,2018,renewables_electricity,3.0,measured,source_ingest,2018.0,
Cote d'Ivoire,2018,renewables_share_elec,29.88,measured,source_ingest,2018.0,
Cote d'Ivoire,2018,solar_electricity,0.01,measured,source_ingest,2018.0,
Cote d'Ivoire,2018,wind_electricity,0.0,measured,source_ingest,2018.0,
Cote d'Ivoire,2019,Access to Clean Fuels and Technologies for cooking (% of total population),34.7,measured,source_ingest,2019.0,
Cote d'Ivoire,2019,Access to electricity (% of total population),68.6,measured,source_ingest,2019.0,
Cote d'Ivoire,2019,Population growth (annual %),2.61916841176218,measured,source_ingest,2019.0,
Cote d'Ivoire,2019,carbon_intensity_elec,382.74,measured,source_ingest,2019.0,
Cote d'Ivoire,2019,electricity_demand (TWh),9.57,measured,source_ingest,2019.0,
Cote d'Ivoire,2019,electricity_generation (TWh),10.66,measured,source_ingest,2019.0,
Cote d'Ivoire,2019,energy_poverty_electricity (% of total population),31.400000000000006,derived,one_minus_access,2019.0,
Cote d'Ivoire,2019,energy_poverty_electricity_rural (% of rural population),57.9,measured,source_ingest,2019.0,
Cote d'Ivoire,2019,energy_poverty_electricity_urban (% of urban population),6.299999999999997,measured,source_ingest,2019.0,
Cote d'Ivoire,2019,energy_poverty_multidimensional (% of total population),48.35,measured,source_ingest,2019.0,
Cote d'Ivoire,2019,fossil_share_elec,66.886,measured,source_ingest,2019.0,
Cote d'Ivoire,2019,gdp,104618149506.0,measured,source_ingest,2019.0,
Cote d'Ivoire,2019,greenhouse_gas_emissions,4.08,measured,source_ingest,2019.0,
Cote d'Ivoire,2019,hydro_electricity,3.45,measured,source_ingest,2019.0,
Cote d'Ivoire,2019,low_carbon_share_elec,33.114,measured,source_ingest,2019.0,
Cote d'Ivoire,2019,population,28193014.0,measured,source_ingest,2019.0,
Cote d'Ivoire,2019,renewables_electricity,3.53,measured,source_ingest,2019.0,
Cote d'Ivoire,2019,renewables_share_elec,33.114,measured,source_ingest,2019.0,
Cote d'Ivoire,2019,solar_electricity,0.01,measured,source_ingest,2019.0,
Cote d'Ivoire,2019,wind_electricity,0.0,measured,source_ingest,2019.0,
Cote d'Ivoire,2020,Access to Clean Fuels and Technologies for cooking (% of total population),36.9,measured,source_ingest,2020.0,
Cote d'Ivoire,2020,Access to electricity (% of total population),69.9,measured,source_ingest,2020.0,
Cote d'Ivoire,2020,Population growth (annual %),2.53019803537112,measured,source_ingest,2020.0,
Cote d'Ivoire,2020,carbon_intensity_elec,396.09,measured,source_ingest,2020.0,
Cote d'Ivoire,2020,electricity_demand (TWh),10.14,measured,source_ingest,2020.0,
Cote d'Ivoire,2020,electricity_generation (TWh),11.26,measured,source_ingest,2020.0,
Cote d'Ivoire,2020,energy_poverty_electricity (% of total population),30.099999999999994,derived,one_minus_access,2020.0,
Cote d'Ivoire,2020,energy_poverty_electricity_rural (% of rural population),56.3,measured,source_ingest,2020.0,
Cote d'Ivoire,2020,energy_poverty_electricity_urban (% of urban population),5.700000000000003,measured,source_ingest,2020.0,
Cote d'Ivoire,2020,energy_poverty_multidimensional (% of total population),46.6,measured,source_ingest,2020.0,
Cote d'Ivoire,2020,fossil_share_elec,69.449,measured,source_ingest,2020.0,
Cote d'Ivoire,2020,gdp,106396657387.0,measured,source_ingest,2020.0,
Cote d'Ivoire,2020,greenhouse_gas_emissions,4.46,measured,source_ingest,2020.0,
Cote d'Ivoire,2020,hydro_electricity,3.35,measured,source_ingest,2020.0,
Cote d'Ivoire,2020,low_carbon_share_elec,30.551,measured,source_ingest,2020.0,
Cote d'Ivoire,2020,population,28915452.0,measured,source_ingest,2020.0,
Cote d'Ivoire,2020,renewables_electricity,3.44,measured,source_ingest,2020.0,
Cote d'Ivoire,2020,renewables_share_elec,30.551,measured,source_ingest,2020.0,
Cote d'Ivoire,2020,solar_electricity,0.02,measured,source_ingest,2020.0,
Cote d'Ivoire,2020,wind_electricity,0.0,measured,source_ingest,2020.0,
Cote d'Ivoire,2021,Access to Clean Fuels and Technologies for cooking (% of total population),39.35,measured,source_ingest,2021.0,
Cote d'Ivoire,2021,Access to electricity (% of total population),71.1,measured,source_ingest,2021.0,
Cote d'Ivoire,2021,Population growth (annual %),2.47398737434864,measured,source_ingest,2021.0,
Cote d'Ivoire,2021,carbon_intensity_elec,431.72,measured,source_ingest,2021.0,
Cote d'Ivoire,2021,electricity_demand (TWh),10.8,measured,source_ingest,2021.0,
Cote d'Ivoire,2021,electricity_generation (TWh),11.35,measured,source_ingest,2021.0,
Cote d'Ivoire,2021,energy_poverty_electricity (% of total population),28.900000000000006,derived,one_minus_access,2021.0,
Cote d'Ivoire,2021,energy_poverty_electricity_rural (% of rural population),54.8,measured,source_ingest,2021.0,
Cote d'Ivoire,2021,energy_poverty_electricity_urban (% of urban population),5.099999999999994,measured,source_ingest,2021.0,
Cote d'Ivoire,2021,energy_poverty_multidimensional (% of total population),44.775000000000006,measured,source_ingest,2021.0,
Cote d'Ivoire,2021,fossil_share_elec,76.123,measured,source_ingest,2021.0,
Cote d'Ivoire,2021,gdp,113844428305.0,measured,source_ingest,2021.0,
Cote d'Ivoire,2021,greenhouse_gas_emissions,4.9,measured,source_ingest,2021.0,
Cote d'Ivoire,2021,hydro_electricity,2.61,measured,source_ingest,2021.0,
Cote d'Ivoire,2021,low_carbon_share_elec,23.877,measured,source_ingest,2021.0,
Cote d'Ivoire,2021,population,29639737.0,measured,source_ingest,2021.0,
Cote d'Ivoire,2021,renewables_electricity,2.71,measured,source_ingest,2021.0,
Cote d'Ivoire,2021,renewables_share_elec,23.877,measured,source_ingest,2021.0,
Cote d'Ivoire,2021,solar_electricity,0.02,measured,source_ingest,2021.0,
Cote d'Ivoire,2021,wind_electricity,0.0,measured,source_ingest,2021.0,
Cote d'Ivoire,2022,Access to Clean Fuels and Technologies for cooking (% of total population),41.7,measured,source_ingest,2022.0,
Cote d'Ivoire,2022,Access to electricity (% of total population),70.4,measured,source_ingest,2022.0,
Cote d'Ivoire,2022,Population growth (annual %),2.51622934953513,measured,source_ingest,2022.0,
Cote d'Ivoire,2022,carbon_intensity_elec,413.16,measured,source_ingest,2022.0,
Cote d'Ivoire,2022,electricity_demand (TWh),11.85,measured,source_ingest,2022.0,
Cote d'Ivoire,2022,electricity_generation (TWh),12.61,measured,source_ingest,2022.0,
Cote d'Ivoire,2022,energy_poverty_electricity (% of total population),29.599999999999994,derived,one_minus_access,2022.0,
Cote d'Ivoire,2022,energy_poverty_electricity_rural (% of rural population),54.7,measured,source_ingest,2022.0,
Cote d'Ivoire,2022,energy_poverty_electricity_urban (% of urban population),5.0,measured,source_ingest,2022.0,
Cote d'Ivoire,2022,energy_poverty_multidimensional (% of total population),43.15,measured,source_ingest,2022.0,
Cote d'Ivoire,2022,fossil_share_elec,72.641,measured,source_ingest,2022.0,
Cote d'Ivoire,2022,gdp,121471995793.0,measured,source_ingest,2022.0,
Cote d'Ivoire,2022,greenhouse_gas_emissions,5.21,measured,source_ingest,2022.0,
Cote d'Ivoire,2022,hydro_electricity,3.35,measured,source_ingest,2022.0,
Cote d'Ivoire,2022,low_carbon_share_elec,27.359,measured,source_ingest,2022.0,
Cote d'Ivoire,2022,population,30395004.0,measured,source_ingest,2022.0,
Cote d'Ivoire,2022,renewables_electricity,3.45,measured,source_ingest,2022.0,
Cote d'Ivoire,2022,renewables_share_elec,27.359,measured,source_ingest,2022.0,
Cote d'Ivoire,2022,solar_electricity,0.02,measured,source_ingest,2022.0,
Cote d'Ivoire,2022,wind_electricity,0.0,measured,source_ingest,2022.0,
Cote d'Ivoire,2023,Access to Clean Fuels and Technologies for cooking (% of total population),44.1,measured,source_ingest,2023.0,
Cote d'Ivoire,2023,Access to electricity (% of total population),72.4,measured,source_ingest,2023.0,
Cote d'Ivoire,2023,Population growth (annual %),2.50384681190665,measured,source_ingest,2023.0,
Cote d'Ivoire,2023,carbon_intensity_elec,398.91,measured,source_ingest,2023.0,
Cote d'Ivoire,2023,electricity_demand (TWh),10.27,measured,source_ingest,2023.0,
Cote d'Ivoire,2023,electricity_generation (TWh),10.98,measured,source_ingest,2023.0,
Cote d'Ivoire,2023,energy_poverty_electricity (% of total population),27.599999999999994,derived,one_minus_access,2023.0,
Cote d'Ivoire,2023,energy_poverty_electricity_rural (% of rural population),52.0,measured,source_ingest,2023.0,
Cote d'Ivoire,2023,energy_poverty_electricity_urban (% of urban population),6.099999999999994,measured,source_ingest,2023.0,
Cote d'Ivoire,2023,energy_poverty_multidimensional (% of total population),41.75,measured,source_ingest,2023.0,
Cote d'Ivoire,2023,fossil_share_elec,69.854,measured,source_ingest,2023.0,
Cote d'Ivoire,2023,gdp,128046725936.09695,estimated,dampened_exponential_log_linear,2022.0,0.9890268297269762
Cote d'Ivoire,2023,greenhouse_gas_emissions,4.38,measured,source_ingest,2023.0,
Cote d'Ivoire,2023,hydro_electricity,3.2,measured,source_ingest,2023.0,
Cote d'Ivoire,2023,low_carbon_share_elec,30.146,measured,source_ingest,2023.0,
Cote d'Ivoire,2023,population,31165653.0,measured,source_ingest,2023.0,
Cote d'Ivoire,2023,renewables_electricity,3.31,measured,source_ingest,2023.0,
Cote d'Ivoire,2023,renewables_share_elec,30.146,measured,source_ingest,2023.0,
Cote d'Ivoire,2023,solar_electricity,0.02,measured,source_ingest,2023.0,
Cote d'Ivoire,2023,wind_electricity,0.0,measured,source_ingest,2023.0,
Cote d'Ivoire,2024,Access to Clean Fuels and Technologies for cooking (% of total population),46.274999999999636,estimated,linear_projection,2023.0,0.9995676107787241
Cote d'Ivoire,2024,Access to electricity (% of total population),72.9,measured,source_ingest,2024.0,
Cote d'Ivoire,2024,Population growth (annual %),2.43618201263834,measured,source_ingest,2024.0,
Cote d'Ivoire,2024,carbon_intensity_elec,405.01,measured,source_ingest,2024.0,
Cote d'Ivoire,2024,electricity_demand (TWh),10.06,measured,source_ingest,2024.0,
Cote d'Ivoire,2024,electricity_generation (TWh),10.79,measured,source_ingest,2024.0,
Cote d'Ivoire,2024,energy_poverty_electricity (% of total population),27.099999999999994,derived,one_minus_access,2024.0,
Cote d'Ivoire,2024,energy_poverty_electricity_rural (% of rural population),52.3,measured,source_ingest,2024.0,
Cote d'Ivoire,2024,energy_poverty_electricity_urban (% of urban population),5.700000000000003,measured,source_ingest,2024.0,
Cote d'Ivoire,2024,energy_poverty_multidimensional (% of total population),39.692857142857065,measured,source_ingest,2024.0,
Cote d'Ivoire,2024,fossil_share_elec,71.084,measured,source_ingest,2024.0,
Cote d'Ivoire,2024,gdp,134977316507.53662,estimated,dampened_exponential_log_linear,2022.0,0.9890268297269762
Cote d'Ivoire,2024,greenhouse_gas_emissions,4.37,measured,source_ingest,2024.0,
Cote d'Ivoire,2024,hydro_electricity,3.0,measured,source_ingest,2024.0,
Cote d'Ivoire,2024,low_carbon_share_elec,28.916,measured,source_ingest,2024.0,
Cote d'Ivoire,2024,population,31934229.0,measured,source_ingest,2024.0,
Cote d'Ivoire,2024,renewables_electricity,3.12,measured,source_ingest,2024.0,
Cote d'Ivoire,2024,renewables_share_elec,28.916,measured,source_ingest,2024.0,
Cote d'Ivoire,2024,solar_electricity,0.02,measured,source_ingest,2024.0,
Cote d'Ivoire,2024,wind_electricity,0.0,measured,source_ingest,2024.0,
Cote d'Ivoire,2025,Access to Clean Fuels and Technologies for cooking (% of total population),48.579166666666424,estimated,linear_projection,2023.0,0.9995676107787241
Cote d'Ivoire,2025,Access to electricity (% of total population),74.25165049654619,estimated,logistic_logit_linear,2024.0,0.9602499941491507
Cote d'Ivoire,2025,Population growth (annual %),2.40496595908985,measured,source_ingest,2025.0,
Cote d'Ivoire,2025,carbon_intensity_elec,399.71839359922006,estimated,dampened_exponential_log_linear,2024.0,0.276146504651565
Cote d'Ivoire,2025,electricity_demand (TWh),10.36002370178825,estimated,dampened_exponential_log_linear,2024.0,0.5537610932227092
Cote d'Ivoire,2025,electricity_generation (TWh),10.967027863531612,estimated,dampened_exponential_log_linear,2024.0,0.3894906393119607
Cote d'Ivoire,2025,energy_poverty_electricity (% of total population),25.74834950345381,estimated,one_minus_access,2024.0,
Cote d'Ivoire,2025,energy_poverty_electricity_rural (% of rural population),49.802777777777465,estimated,linear_projection,2024.0,0.9707058647305536
Cote d'Ivoire,2025,energy_poverty_electricity_urban (% of urban population),4.722222222222285,estimated,linear_projection,2024.0,0.65901894627563
Cote d'Ivoire,2025,energy_poverty_multidimensional (% of total population),37.93363095238101,measured,source_ingest,2025.0,
Cote d'Ivoire,2025,fossil_share_elec,67.96555555555551,estimated,linear_projection,2024.0,0.2865130014781544
Cote d'Ivoire,2025,gdp,135690680591.45204,estimated,dampened_exponential_log_linear,2022.0,0.9890268297269762
Cote d'Ivoire,2025,greenhouse_gas_emissions,4.383657439566109,estimated,dampened_exponential_log_linear,2024.0,0.009887546920097523
Cote d'Ivoire,2025,hydro_electricity,3.2121797160283565,estimated,dampened_exponential_log_linear,2024.0,0.4533660546812339
Cote d'Ivoire,2025,low_carbon_share_elec,32.03444444444449,estimated,linear_projection,2024.0,0.2865130014781545
Cote d'Ivoire,2025,population,32711545.97565882,estimated,limit_year_population_growth_rate_exponential,2024.0,
Cote d'Ivoire,2025,renewables_electricity,3.3232034442200247,estimated,dampened_exponential_log_linear,2024.0,0.46639684731062925
Cote d'Ivoire,2025,renewables_share_elec,32.03444444444449,estimated,linear_projection,2024.0,0.2865130014781545
Cote d'Ivoire,2025,solar_electricity,0.02263525294547664,estimated,dampened_exponential_log_linear,2024.0,0.7142857142857141
Cote d'Ivoire,2025,wind_electricity,,missing,no_history,,
Democratic Republic of the Congo,2016,Access to Clean Fuels and Technologies for cooking (% of total population),4.0,measured,source_ingest,2016.0,
Democratic Republic of the Congo,2016,Access to electricity (% of total population),17.3,measured,source_ingest,2016.0,
Democratic Republic of the Congo,2016,Population growth (annual %),3.54100823238224,measured,source_ingest,2016.0,
Democratic Republic of the Congo,2016,carbon_intensity_elec,24.39,measured,source_ingest,2016.0,
Democratic Republic of the Congo,2016,electricity_demand (TWh),9.73,measured,source_ingest,2016.0,
Democratic Republic of the Congo,2016,electricity_generation (TWh),9.02,measured,source_ingest,2016.0,
Democratic Republic of the Congo,2016,energy_poverty_electricity (% of total population),82.7,derived,one_minus_access,2016.0,
Democratic Republic of the Congo,2016,energy_poverty_electricity_rural (% of rural population),99.0,measured,source_ingest,2016.0,
Democratic Republic of the Congo,2016,energy_poverty_electricity_urban (% of urban population),61.4,measured,source_ingest,2016.0,
Democratic Republic of the Congo,2016,energy_poverty_multidimensional (% of total population),89.35,measured,source_ingest,2016.0,
Democratic Republic of the Congo,2016,fossil_share_elec,0.111,measured,source_ingest,2016.0,
Democratic Republic of the Congo,2016,gdp,69841412960.0,measured,source_ingest,2016.0,
Democratic Republic of the Congo,2016,greenhouse_gas_emissions,0.22,measured,source_ingest,2016.0,
Democratic Republic of the Congo,2016,hydro_electricity,9.01,measured,source_ingest,2016.0,
Democratic Republic of the Congo,2016,low_carbon_share_elec,99.889,measured,source_ingest,2016.0,
Democratic Republic of the Congo,2016,population,83956416.0,measured,source_ingest,2016.0,
Democratic Republic of the Congo,2016,renewables_electricity,9.01,measured,source_ingest,2016.0,
Democratic Republic of the Congo,2016,renewables_share_elec,99.889,measured,source_ingest,2016.0,
Democratic Republic of the Congo,2016,solar_electricity,0.0,measured,source_ingest,2016.0,
Democratic Republic of the Congo,2016,wind_electricity,0.0,measured,source_ingest,2016.0,
Democratic Republic of the Congo,2017,Access to Clean Fuels and Technologies for cooking (% of total population),4.1,measured,source_ingest,2017.0,
Democratic Republic of the Congo,2017,Access to electricity (% of total population),18.0,measured,source_ingest,2017.0,
Democratic Republic of the Congo,2017,Population growth (annual %),3.65684620577994,measured,source_ingest,2017.0,
Democratic Republic of the Congo,2017,carbon_intensity_elec,24.42,measured,source_ingest,2017.0,
Democratic Republic of the Congo,2017,electricity_demand (TWh),10.15,measured,source_ingest,2017.0,
Democratic Republic of the Congo,2017,electricity_generation (TWh),9.42,measured,source_ingest,2017.0,
Democratic Republic of the Congo,2017,energy_poverty_electricity (% of total population),82.0,derived,one_minus_access,2017.0,
Democratic Republic of the Congo,2017,energy_poverty_electricity_rural (% of rural population),99.0,measured,source_ingest,2017.0,
Democratic Republic of the Congo,2017,energy_poverty_electricity_urban (% of urban population),60.3,measured,source_ingest,2017.0,
Democratic Republic of the Congo,2017,energy_poverty_multidimensional (% of total population),88.95,measured,source_ingest,2017.0,
Democratic Republic of the Congo,2017,fossil_share_elec,0.106,measured,source_ingest,2017.0,
Democratic Republic of the Congo,2017,gdp,72396212035.0,measured,source_ingest,2017.0,
Democratic Republic of the Congo,2017,greenhouse_gas_emissions,0.23,measured,source_ingest,2017.0,
Democratic Republic of the Congo,2017,hydro_electricity,9.39,measured,source_ingest,2017.0,
Democratic Republic of the Congo,2017,low_carbon_share_elec,99.894,measured,source_ingest,2017.0,
Democratic Republic of the Congo,2017,population,87083400.0,measured,source_ingest,2017.0,
Democratic Republic of the Congo,2017,renewables_electricity,9.41,measured,source_ingest,2017.0,
Democratic Republic of the Congo,2017,renewables_share_elec,99.894,measured,source_ingest,2017.0,
Democratic Republic of the Congo,2017,solar_electricity,0.01,measured,source_ingest,2017.0,
Democratic Republic of the Congo,2017,wind_electricity,0.0,measured,source_ingest,2017.0,
Democratic Republic of the Congo,2018,Access to Clean Fuels and Technologies for cooking (% of total population),4.2,measured,source_ingest,2018.0,
Democratic Republic of the Congo,2018,Access to electricity (% of total population),18.7,measured,source_ingest,2018.0,
Democratic Republic of the Congo,2018,Population growth (annual %),3.34726508426912,measured,source_ingest,2018.0,
Democratic Republic of the Congo,2018,carbon_intensity_elec,24.86,measured,source_ingest,2018.0,
Democratic Republic of the Congo,2018,electricity_demand (TWh),11.19,measured,source_ingest,2018.0,
Democratic Republic of the Congo,2018,electricity_generation (TWh),10.46,measured,source_ingest,2018.0,
Democratic Republic of the Congo,2018,energy_poverty_electricity (% of total population),81.3,derived,one_minus_access,2018.0,
Democratic Republic of the Congo,2018,energy_poverty_electricity_rural (% of rural population),99.0,measured,source_ingest,2018.0,
Democratic Republic of the Congo,2018,energy_poverty_electricity_urban (% of urban population),59.2,measured,source_ingest,2018.0,
Democratic Republic of the Congo,2018,energy_poverty_multidimensional (% of total population),88.55,measured,source_ingest,2018.0,
Democratic Republic of the Congo,2018,fossil_share_elec,0.096,measured,source_ingest,2018.0,
Democratic Republic of the Congo,2018,gdp,75889338637.0,measured,source_ingest,2018.0,
Democratic Republic of the Congo,2018,greenhouse_gas_emissions,0.26,measured,source_ingest,2018.0,
Democratic Republic of the Congo,2018,hydro_electricity,10.43,measured,source_ingest,2018.0,
Democratic Republic of the Congo,2018,low_carbon_share_elec,99.904,measured,source_ingest,2018.0,
Democratic Republic of the Congo,2018,population,90047647.0,measured,source_ingest,2018.0,
Democratic Republic of the Congo,2018,renewables_electricity,10.45,measured,source_ingest,2018.0,
Democratic Republic of the Congo,2018,renewables_share_elec,99.904,measured,source_ingest,2018.0,
Democratic Republic of the Congo,2018,solar_electricity,0.01,measured,source_ingest,2018.0,
Democratic Republic of the Congo,2018,wind_electricity,0.0,measured,source_ingest,2018.0,
Democratic Republic of the Congo,2019,Access to Clean Fuels and Technologies for cooking (% of total population),4.4,measured,source_ingest,2019.0,
Democratic Republic of the Congo,2019,Access to electricity (% of total population),19.1,measured,source_ingest,2019.0,
Democratic Republic of the Congo,2019,Population growth (annual %),3.1695285579572,measured,source_ingest,2019.0,
Democratic Republic of the Congo,2019,carbon_intensity_elec,24.6,measured,source_ingest,2019.0,
Democratic Republic of the Congo,2019,electricity_demand (TWh),12.71,measured,source_ingest,2019.0,
Democratic Republic of the Congo,2019,electricity_generation (TWh),11.79,measured,source_ingest,2019.0,
Democratic Republic of the Congo,2019,energy_poverty_electricity (% of total population),80.9,derived,one_minus_access,2019.0,
Democratic Republic of the Congo,2019,energy_poverty_electricity_rural (% of rural population),99.0,measured,source_ingest,2019.0,
Democratic Republic of the Congo,2019,energy_poverty_electricity_urban (% of urban population),58.8,measured,source_ingest,2019.0,
Democratic Republic of the Congo,2019,energy_poverty_multidimensional (% of total population),88.25,measured,source_ingest,2019.0,
Democratic Republic of the Congo,2019,fossil_share_elec,0.085,measured,source_ingest,2019.0,
Democratic Republic of the Congo,2019,gdp,79292965259.0,measured,source_ingest,2019.0,
Democratic Republic of the Congo,2019,greenhouse_gas_emissions,0.29,measured,source_ingest,2019.0,
Democratic Republic of the Congo,2019,hydro_electricity,11.76,measured,source_ingest,2019.0,
Democratic Republic of the Congo,2019,low_carbon_share_elec,99.915,measured,source_ingest,2019.0,
Democratic Republic of the Congo,2019,population,92947450.0,measured,source_ingest,2019.0,
Democratic Republic of the Congo,2019,renewables_electricity,11.78,measured,source_ingest,2019.0,
Democratic Republic of the Congo,2019,renewables_share_elec,99.915,measured,source_ingest,2019.0,
Democratic Republic of the Congo,2019,solar_electricity,0.01,measured,source_ingest,2019.0,
Democratic Republic of the Congo,2019,wind_electricity,0.0,measured,source_ingest,2019.0,
Democratic Republic of the Congo,2020,Access to Clean Fuels and Technologies for cooking (% of total population),4.4,measured,source_ingest,2020.0,
Democratic Republic of the Congo,2020,Access to electricity (% of total population),20.1,measured,source_ingest,2020.0,
Democratic Republic of the Congo,2020,Population growth (annual %),3.22098049233111,measured,source_ingest,2020.0,
Democratic Republic of the Congo,2020,carbon_intensity_elec,24.82,measured,source_ingest,2020.0,
Democratic Republic of the Congo,2020,electricity_demand (TWh),13.63,measured,source_ingest,2020.0,
Democratic Republic of the Congo,2020,electricity_generation (TWh),12.49,measured,source_ingest,2020.0,
Democratic Republic of the Congo,2020,energy_poverty_electricity (% of total population),79.9,derived,one_minus_access,2020.0,
Democratic Republic of the Congo,2020,energy_poverty_electricity_rural (% of rural population),99.0,measured,source_ingest,2020.0,
Democratic Republic of the Congo,2020,energy_poverty_electricity_urban (% of urban population),57.2,measured,source_ingest,2020.0,
Democratic Republic of the Congo,2020,energy_poverty_multidimensional (% of total population),87.75,measured,source_ingest,2020.0,
Democratic Republic of the Congo,2020,fossil_share_elec,0.08,measured,source_ingest,2020.0,
Democratic Republic of the Congo,2020,gdp,80617953765.0,measured,source_ingest,2020.0,
Democratic Republic of the Congo,2020,greenhouse_gas_emissions,0.31,measured,source_ingest,2020.0,
Democratic Republic of the Congo,2020,hydro_electricity,12.45,measured,source_ingest,2020.0,
Democratic Republic of the Congo,2020,low_carbon_share_elec,99.92,measured,source_ingest,2020.0,
Democratic Republic of the Congo,2020,population,95990000.0,measured,source_ingest,2020.0,
Democratic Republic of the Congo,2020,renewables_electricity,12.48,measured,source_ingest,2020.0,
Democratic Republic of the Congo,2020,renewables_share_elec,99.92,measured,source_ingest,2020.0,
Democratic Republic of the Congo,2020,solar_electricity,0.02,measured,source_ingest,2020.0,
Democratic Republic of the Congo,2020,wind_electricity,0.0,measured,source_ingest,2020.0,
Democratic Republic of the Congo,2021,Access to Clean Fuels and Technologies for cooking (% of total population),4.6,measured,source_ingest,2021.0,
Democratic Republic of the Congo,2021,Access to electricity (% of total population),20.8,measured,source_ingest,2021.0,
Democratic Republic of the Congo,2021,Population growth (annual %),3.23790848096045,measured,source_ingest,2021.0,
Democratic Republic of the Congo,2021,carbon_intensity_elec,25.37,measured,source_ingest,2021.0,
Democratic Republic of the Congo,2021,electricity_demand (TWh),15.6,measured,source_ingest,2021.0,
Democratic Republic of the Congo,2021,electricity_generation (TWh),14.19,measured,source_ingest,2021.0,
Democratic Republic of the Congo,2021,energy_poverty_electricity (% of total population),79.2,derived,one_minus_access,2021.0,
Democratic Republic of the Congo,2021,energy_poverty_electricity_rural (% of rural population),99.0,measured,source_ingest,2021.0,
Democratic Republic of the Congo,2021,energy_poverty_electricity_urban (% of urban population),56.2,measured,source_ingest,2021.0,
Democratic Republic of the Congo,2021,energy_poverty_multidimensional (% of total population),87.3,measured,source_ingest,2021.0,
Democratic Republic of the Congo,2021,fossil_share_elec,0.0,measured,source_ingest,2021.0,
Democratic Republic of the Congo,2021,gdp,85639643645.0,measured,source_ingest,2021.0,
Democratic Republic of the Congo,2021,greenhouse_gas_emissions,0.36,measured,source_ingest,2021.0,
Democratic Republic of the Congo,2021,hydro_electricity,13.13,measured,source_ingest,2021.0,
Democratic Republic of the Congo,2021,low_carbon_share_elec,100.0,measured,source_ingest,2021.0,
Democratic Republic of the Congo,2021,population,99148930.0,measured,source_ingest,2021.0,
Democratic Republic of the Congo,2021,renewables_electricity,14.19,measured,source_ingest,2021.0,
Democratic Republic of the Congo,2021,renewables_share_elec,100.0,measured,source_ingest,2021.0,
Democratic Republic of the Congo,2021,solar_electricity,1.05,measured,source_ingest,2021.0,
Democratic Republic of the Congo,2021,wind_electricity,0.0,measured,source_ingest,2021.0,
Democratic Republic of the Congo,2022,Access to Clean Fuels and Technologies for cooking (% of total population),4.8,measured,source_ingest,2022.0,
Democratic Republic of the Congo,2022,Access to electricity (% of total population),21.5,measured,source_ingest,2022.0,
Democratic Republic of the Congo,2022,Population growth (annual %),3.2234019442495,measured,source_ingest,2022.0,
Democratic Republic of the Congo,2022,carbon_intensity_elec,26.78,measured,source_ingest,2022.0,
Democratic Republic of the Congo,2022,electricity_demand (TWh),16.64,measured,source_ingest,2022.0,
Democratic Republic of the Congo,2022,electricity_generation (TWh),15.31,measured,source_ingest,2022.0,
Democratic Republic of the Congo,2022,energy_poverty_electricity (% of total population),78.5,derived,one_minus_access,2022.0,
Democratic Republic of the Congo,2022,energy_poverty_electricity_rural (% of rural population),99.0,measured,source_ingest,2022.0,
Democratic Republic of the Congo,2022,energy_poverty_electricity_urban (% of urban population),54.7,measured,source_ingest,2022.0,
Democratic Republic of the Congo,2022,energy_poverty_multidimensional (% of total population),86.85,measured,source_ingest,2022.0,
Democratic Republic of the Congo,2022,fossil_share_elec,0.0,measured,source_ingest,2022.0,
Democratic Republic of the Congo,2022,gdp,91314988450.0,measured,source_ingest,2022.0,
Democratic Republic of the Congo,2022,greenhouse_gas_emissions,0.41,measured,source_ingest,2022.0,
Democratic Republic of the Congo,2022,hydro_electricity,13.19,measured,source_ingest,2022.0,
Democratic Republic of the Congo,2022,low_carbon_share_elec,100.0,measured,source_ingest,2022.0,
Democratic Republic of the Congo,2022,population,102396974.0,measured,source_ingest,2022.0,
Democratic Republic of the Congo,2022,renewables_electricity,15.31,measured,source_ingest,2022.0,
Democratic Republic of the Congo,2022,renewables_share_elec,100.0,measured,source_ingest,2022.0,
Democratic Republic of the Congo,2022,solar_electricity,2.11,measured,source_ingest,2022.0,
Democratic Republic of the Congo,2022,wind_electricity,0.0,measured,source_ingest,2022.0,
Democratic Republic of the Congo,2023,Access to Clean Fuels and Technologies for cooking (% of total population),5.0,measured,source_ingest,2023.0,
Democratic Republic of the Congo,2023,Access to electricity (% of total population),22.1,measured,source_ingest,2023.0,
Democratic Republic of the Congo,2023,Population growth (annual %),3.25963514299902,measured,source_ingest,2023.0,
Democratic Republic of the Congo,2023,carbon_intensity_elec,26.87,measured,source_ingest,2023.0,
Democratic Republic of the Congo,2023,electricity_demand (TWh),17.07,measured,source_ingest,2023.0,
Democratic Republic of the Congo,2023,electricity_generation (TWh),15.63,measured,source_ingest,2023.0,
Democratic Republic of the Congo,2023,energy_poverty_electricity (% of total population),77.9,derived,one_minus_access,2023.0,
Democratic Republic of the Congo,2023,energy_poverty_electricity_rural (% of rural population),99.0,measured,source_ingest,2023.0,
Democratic Republic of the Congo,2023,energy_poverty_electricity_urban (% of urban population),44.4,measured,source_ingest,2023.0,
Democratic Republic of the Congo,2023,energy_poverty_multidimensional (% of total population),86.45,measured,source_ingest,2023.0,
Democratic Republic of the Congo,2023,fossil_share_elec,0.0,measured,source_ingest,2023.0,
Democratic Republic of the Congo,2023,gdp,95315932993.35222,estimated,dampened_exponential_log_linear,2022.0,0.9837117503561805
Democratic Republic of the Congo,2023,greenhouse_gas_emissions,0.42,measured,source_ingest,2023.0,
Democratic Republic of the Congo,2023,hydro_electricity,13.42,measured,source_ingest,2023.0,
Democratic Republic of the Congo,2023,low_carbon_share_elec,100.0,measured,source_ingest,2023.0,
Democratic Republic of the Congo,2023,population,105789733.0,measured,source_ingest,2023.0,
Democratic Republic of the Congo,2023,renewables_electricity,15.63,measured,source_ingest,2023.0,
Democratic Republic of the Congo,2023,renewables_share_elec,100.0,measured,source_ingest,2023.0,
Democratic Republic of the Congo,2023,solar_electricity,2.2,measured,source_ingest,2023.0,
Democratic Republic of the Congo,2023,wind_electricity,0.0,measured,source_ingest,2023.0,
Democratic Republic of the Congo,2024,Access to Clean Fuels and Technologies for cooking (% of total population),5.064285714285688,estimated,linear_projection,2023.0,0.9714711517990231
Democratic Republic of the Congo,2024,Access to electricity (% of total population),22.5,measured,source_ingest,2024.0,
Democratic Republic of the Congo,2024,Population growth (annual %),3.24257627586721,measured,source_ingest,2024.0,
Democratic Republic of the Congo,2024,carbon_intensity_elec,27.64,measured,source_ingest,2024.0,
Democratic Republic of the Congo,2024,electricity_demand (TWh),17.36,measured,source_ingest,2024.0,
Democratic Republic of the Congo,2024,electricity_generation (TWh),15.92,measured,source_ingest,2024.0,
Democratic Republic of the Congo,2024,energy_poverty_electricity (% of total population),77.5,derived,one_minus_access,2024.0,
Democratic Republic of the Congo,2024,energy_poverty_electricity_rural (% of rural population),99.0,measured,source_ingest,2024.0,
Democratic Republic of the Congo,2024,energy_poverty_electricity_urban (% of urban population),45.0,measured,source_ingest,2024.0,
Democratic Republic of the Congo,2024,energy_poverty_multidimensional (% of total population),86.05357142857144,measured,source_ingest,2024.0,
Democratic Republic of the Congo,2024,fossil_share_elec,0.0,measured,source_ingest,2024.0,
Democratic Republic of the Congo,2024,gdp,99492177972.16083,estimated,dampened_exponential_log_linear,2022.0,0.9837117503561805
Democratic Republic of the Congo,2024,greenhouse_gas_emissions,0.44,measured,source_ingest,2024.0,
Democratic Republic of the Congo,2024,hydro_electricity,13.4,measured,source_ingest,2024.0,
Democratic Republic of the Congo,2024,low_carbon_share_elec,100.0,measured,source_ingest,2024.0,
Democratic Republic of the Congo,2024,population,109276264.0,measured,source_ingest,2024.0,
Democratic Republic of the Congo,2024,renewables_electricity,15.92,measured,source_ingest,2024.0,
Democratic Republic of the Congo,2024,renewables_share_elec,100.0,measured,source_ingest,2024.0,
Democratic Republic of the Congo,2024,solar_electricity,2.51,measured,source_ingest,2024.0,
Democratic Republic of the Congo,2024,wind_electricity,0.0,measured,source_ingest,2024.0,
Democratic Republic of the Congo,2025,Access to Clean Fuels and Technologies for cooking (% of total population),5.203571428571422,estimated,linear_projection,2023.0,0.9714711517990231
Democratic Republic of the Congo,2025,Access to electricity (% of total population),23.543942718230717,estimated,logistic_logit_linear,2024.0,0.9929707442471903
Democratic Republic of the Congo,2025,Population growth (annual %),3.20249618590858,measured,source_ingest,2025.0,
Democratic Republic of the Congo,2025,carbon_intensity_elec,28.08897937520584,estimated,dampened_exponential_log_linear,2024.0,0.8569517783415752
Democratic Republic of the Congo,2025,electricity_demand (TWh),18.829016909817884,estimated,dampened_exponential_log_linear,2024.0,0.964555243521038
Democratic Republic of the Congo,2025,electricity_generation (TWh),17.228342445810238,estimated,dampened_exponential_log_linear,2024.0,0.9671410279032399
Democratic Republic of the Congo,2025,energy_poverty_electricity (% of total population),76.45605728176929,estimated,one_minus_access,2024.0,
Democratic Republic of the Congo,2025,energy_poverty_electricity_rural (% of rural population),99.0,estimated,linear_projection,2024.0,0.0
Democratic Republic of the Congo,2025,energy_poverty_electricity_urban (% of urban population),44.83611111111077,estimated,linear_projection,2024.0,0.8142250948188618
Democratic Republic of the Congo,2025,energy_poverty_multidimensional (% of total population),85.63630952380947,measured,source_ingest,2025.0,
Democratic Republic of the Congo,2025,fossil_share_elec,0.0,estimated,linear_projection,2024.0,0.8563186813186712
Democratic Republic of the Congo,2025,gdp,99919736835.0914,estimated,dampened_exponential_log_linear,2022.0,0.9837117503561805
Democratic Republic of the Congo,2025,greenhouse_gas_emissions,0.4839006152140739,estimated,dampened_exponential_log_linear,2024.0,0.981211411774071
Democratic Republic of the Congo,2025,hydro_electricity,14.14319246224809,estimated,dampened_exponential_log_linear,2024.0,0.8804834553564599
Democratic Republic of the Congo,2025,low_carbon_share_elec,100.0,estimated,linear_projection,2024.0,0.8563186813187056
Democratic Republic of the Congo,2025,population,112832471.96745673,estimated,limit_year_population_growth_rate_exponential,2024.0,
Democratic Republic of the Congo,2025,renewables_electricity,17.23132462891625,estimated,dampened_exponential_log_linear,2024.0,0.9671028161098105
Democratic Republic of the Congo,2025,renewables_share_elec,100.0,estimated,linear_projection,2024.0,0.8563186813187056
Democratic Republic of the Congo,2025,solar_electricity,6.959285086850872,estimated,dampened_exponential_log_linear,2024.0,0.8402011053971278
Democratic Republic of the Congo,2025,wind_electricity,,missing,no_history,,
Djibouti,2016,Access to Clean Fuels and Technologies for cooking (% of total population),8.7,measured,source_ingest,2016.0,
Djibouti,2016,Access to electricity (% of total population),59.8,measured,source_ingest,2016.0,
Djibouti,2016,Population growth (annual %),1.68519891610854,measured,source_ingest,2016.0,
Djibouti,2016,carbon_intensity_elec,666.67,measured,source_ingest,2016.0,
Djibouti,2016,electricity_demand (TWh),0.54,measured,source_ingest,2016.0,
Djibouti,2016,electricity_generation (TWh),0.09,measured,source_ingest,2016.0,
Djibouti,2016,energy_poverty_electricity (% of total population),40.2,derived,one_minus_access,2016.0,
Djibouti,2016,energy_poverty_electricity_rural (% of rural population),70.5,measured,source_ingest,2016.0,
Djibouti,2016,energy_poverty_electricity_urban (% of urban population),31.400000000000006,measured,source_ingest,2016.0,
Djibouti,2016,energy_poverty_multidimensional (% of total population),65.75,measured,source_ingest,2016.0,
Djibouti,2016,fossil_share_elec,100.0,measured,source_ingest,2016.0,
Djibouti,2016,gdp,2612607480.0,measured,source_ingest,2016.0,
Djibouti,2016,greenhouse_gas_emissions,0.06,measured,source_ingest,2016.0,
Djibouti,2016,hydro_electricity,0.0,measured,source_ingest,2016.0,
Djibouti,2016,low_carbon_share_elec,0.0,measured,source_ingest,2016.0,
Djibouti,2016,population,1037660.0,measured,source_ingest,2016.0,
Djibouti,2016,renewables_electricity,0.0,measured,source_ingest,2016.0,
Djibouti,2016,renewables_share_elec,0.0,measured,source_ingest,2016.0,
Djibouti,2016,solar_electricity,0.0,measured,source_ingest,2016.0,
Djibouti,2016,wind_electricity,0.0,measured,source_ingest,2016.0,
Djibouti,2017,Access to Clean Fuels and Technologies for cooking (% of total population),9.0,measured,source_ingest,2017.0,
Djibouti,2017,Access to electricity (% of total population),60.2,measured,source_ingest,2017.0,
Djibouti,2017,Population growth (annual %),1.64286125399062,measured,source_ingest,2017.0,
Djibouti,2017,carbon_intensity_elec,666.67,measured,source_ingest,2017.0,
Djibouti,2017,electricity_demand (TWh),0.57,measured,source_ingest,2017.0,
Djibouti,2017,electricity_generation (TWh),0.06,measured,source_ingest,2017.0,
Djibouti,2017,energy_poverty_electricity (% of total population),39.8,derived,one_minus_access,2017.0,
Djibouti,2017,energy_poverty_electricity_rural (% of rural population),46.1,estimated,observed_or_carry,2024.0,
Djibouti,2017,energy_poverty_electricity_urban (% of urban population),30.0,measured,source_ingest,2017.0,
Djibouti,2017,energy_poverty_multidimensional (% of total population),65.4,measured,source_ingest,2017.0,
Djibouti,2017,fossil_share_elec,100.0,measured,source_ingest,2017.0,
Djibouti,2017,gdp,2767106002.0,measured,source_ingest,2017.0,
Djibouti,2017,greenhouse_gas_emissions,0.04,measured,source_ingest,2017.0,
Djibouti,2017,hydro_electricity,0.0,measured,source_ingest,2017.0,
Djibouti,2017,low_carbon_share_elec,0.0,measured,source_ingest,2017.0,
Djibouti,2017,population,1054844.0,measured,source_ingest,2017.0,
Djibouti,2017,renewables_electricity,0.0,measured,source_ingest,2017.0,
Djibouti,2017,renewables_share_elec,0.0,measured,source_ingest,2017.0,
Djibouti,2017,solar_electricity,0.0,measured,source_ingest,2017.0,
Djibouti,2017,wind_electricity,0.0,measured,source_ingest,2017.0,
Djibouti,2018,Access to Clean Fuels and Technologies for cooking (% of total population),9.3,measured,source_ingest,2018.0,
Djibouti,2018,Access to electricity (% of total population),62.4,measured,source_ingest,2018.0,
Djibouti,2018,Population growth (annual %),1.60259372935612,measured,source_ingest,2018.0,
Djibouti,2018,carbon_intensity_elec,600.0,measured,source_ingest,2018.0,
Djibouti,2018,electricity_demand (TWh),0.58,measured,source_ingest,2018.0,
Djibouti,2018,electricity_generation (TWh),0.05,measured,source_ingest,2018.0,
Djibouti,2018,energy_poverty_electricity (% of total population),37.6,derived,one_minus_access,2018.0,
Djibouti,2018,energy_poverty_electricity_rural (% of rural population),66.4,measured,source_ingest,2018.0,
Djibouti,2018,energy_poverty_electricity_urban (% of urban population),29.400000000000006,measured,source_ingest,2018.0,
Djibouti,2018,energy_poverty_multidimensional (% of total population),64.15,measured,source_ingest,2018.0,
Djibouti,2018,fossil_share_elec,100.0,measured,source_ingest,2018.0,
Djibouti,2018,gdp,2924431711.0,measured,source_ingest,2018.0,
Djibouti,2018,greenhouse_gas_emissions,0.03,measured,source_ingest,2018.0,
Djibouti,2018,hydro_electricity,0.0,measured,source_ingest,2018.0,
Djibouti,2018,low_carbon_share_elec,0.0,measured,source_ingest,2018.0,
Djibouti,2018,population,1071886.0,measured,source_ingest,2018.0,
Djibouti,2018,renewables_electricity,0.0,measured,source_ingest,2018.0,
Djibouti,2018,renewables_share_elec,0.0,measured,source_ingest,2018.0,
Djibouti,2018,solar_electricity,0.0,measured,source_ingest,2018.0,
Djibouti,2018,wind_electricity,0.0,measured,source_ingest,2018.0,
Djibouti,2019,Access to Clean Fuels and Technologies for cooking (% of total population),9.45,measured,source_ingest,2019.0,
Djibouti,2019,Access to electricity (% of total population),64.7,measured,source_ingest,2019.0,
Djibouti,2019,Population growth (annual %),1.55766086478885,measured,source_ingest,2019.0,
Djibouti,2019,carbon_intensity_elec,666.67,measured,source_ingest,2019.0,
Djibouti,2019,electricity_demand (TWh),0.6,measured,source_ingest,2019.0,
Djibouti,2019,electricity_generation (TWh),0.09,measured,source_ingest,2019.0,
Djibouti,2019,energy_poverty_electricity (% of total population),35.3,derived,one_minus_access,2019.0,
Djibouti,2019,energy_poverty_electricity_rural (% of rural population),59.7,measured,source_ingest,2019.0,
Djibouti,2019,energy_poverty_electricity_urban (% of urban population),28.400000000000006,measured,source_ingest,2019.0,
Djibouti,2019,energy_poverty_multidimensional (% of total population),62.925,measured,source_ingest,2019.0,
Djibouti,2019,fossil_share_elec,100.0,measured,source_ingest,2019.0,
Djibouti,2019,gdp,3086593147.0,measured,source_ingest,2019.0,
Djibouti,2019,greenhouse_gas_emissions,0.06,measured,source_ingest,2019.0,
Djibouti,2019,hydro_electricity,0.0,measured,source_ingest,2019.0,
Djibouti,2019,low_carbon_share_elec,0.0,measured,source_ingest,2019.0,
Djibouti,2019,population,1088710.0,measured,source_ingest,2019.0,
Djibouti,2019,renewables_electricity,0.0,measured,source_ingest,2019.0,
Djibouti,2019,renewables_share_elec,0.0,measured,source_ingest,2019.0,
Djibouti,2019,solar_electricity,0.0,measured,source_ingest,2019.0,
Djibouti,2019,wind_electricity,0.0,measured,source_ingest,2019.0,
Djibouti,2020,Access to Clean Fuels and Technologies for cooking (% of total population),9.7,measured,source_ingest,2020.0,
Djibouti,2020,Access to electricity (% of total population),64.5,measured,source_ingest,2020.0,
Djibouti,2020,Population growth (annual %),1.50228656339009,measured,source_ingest,2020.0,
Djibouti,2020,carbon_intensity_elec,692.31,measured,source_ingest,2020.0,
Djibouti,2020,electricity_demand (TWh),0.63,measured,source_ingest,2020.0,
Djibouti,2020,electricity_generation (TWh),0.13,measured,source_ingest,2020.0,
Djibouti,2020,energy_poverty_electricity (% of total population),35.5,derived,one_minus_access,2020.0,
Djibouti,2020,energy_poverty_electricity_rural (% of rural population),64.2,measured,source_ingest,2020.0,
Djibouti,2020,energy_poverty_electricity_urban (% of urban population),27.400000000000006,measured,source_ingest,2020.0,
Djibouti,2020,energy_poverty_multidimensional (% of total population),62.9,measured,source_ingest,2020.0,
Djibouti,2020,fossil_share_elec,100.0,measured,source_ingest,2020.0,
Djibouti,2020,gdp,3123694253.0,measured,source_ingest,2020.0,
Djibouti,2020,greenhouse_gas_emissions,0.09,measured,source_ingest,2020.0,
Djibouti,2020,hydro_electricity,0.0,measured,source_ingest,2020.0,
Djibouti,2020,low_carbon_share_elec,0.0,measured,source_ingest,2020.0,
Djibouti,2020,population,1105193.0,measured,source_ingest,2020.0,
Djibouti,2020,renewables_electricity,0.0,measured,source_ingest,2020.0,
Djibouti,2020,renewables_share_elec,0.0,measured,source_ingest,2020.0,
Djibouti,2020,solar_electricity,0.0,measured,source_ingest,2020.0,
Djibouti,2020,wind_electricity,0.0,measured,source_ingest,2020.0,
Djibouti,2021,Access to Clean Fuels and Technologies for cooking (% of total population),9.8,measured,source_ingest,2021.0,
Djibouti,2021,Access to electricity (% of total population),65.4,measured,source_ingest,2021.0,
Djibouti,2021,Population growth (annual %),1.44268944208775,measured,source_ingest,2021.0,
Djibouti,2021,carbon_intensity_elec,450.0,measured,source_ingest,2021.0,
Djibouti,2021,electricity_demand (TWh),0.71,measured,source_ingest,2021.0,
Djibouti,2021,electricity_generation (TWh),0.2,measured,source_ingest,2021.0,
Djibouti,2021,energy_poverty_electricity (% of total population),34.599999999999994,derived,one_minus_access,2021.0,
Djibouti,2021,energy_poverty_electricity_rural (% of rural population),63.4,measured,source_ingest,2021.0,
Djibouti,2021,energy_poverty_electricity_urban (% of urban population),26.5,measured,source_ingest,2021.0,
Djibouti,2021,energy_poverty_multidimensional (% of total population),62.4,measured,source_ingest,2021.0,
Djibouti,2021,fossil_share_elec,65.0,measured,source_ingest,2021.0,
Djibouti,2021,gdp,3274020536.0,measured,source_ingest,2021.0,
Djibouti,2021,greenhouse_gas_emissions,0.09,measured,source_ingest,2021.0,
Djibouti,2021,hydro_electricity,0.0,measured,source_ingest,2021.0,
Djibouti,2021,low_carbon_share_elec,35.0,measured,source_ingest,2021.0,
Djibouti,2021,population,1121251.0,measured,source_ingest,2021.0,
Djibouti,2021,renewables_electricity,0.07,measured,source_ingest,2021.0,
Djibouti,2021,renewables_share_elec,35.0,measured,source_ingest,2021.0,
Djibouti,2021,solar_electricity,0.0,measured,source_ingest,2021.0,
Djibouti,2021,wind_electricity,0.07,measured,source_ingest,2021.0,
Djibouti,2022,Access to Clean Fuels and Technologies for cooking (% of total population),9.8,measured,source_ingest,2022.0,
Djibouti,2022,Access to electricity (% of total population),65.0,measured,source_ingest,2022.0,
Djibouti,2022,Population growth (annual %),1.40352932560807,measured,source_ingest,2022.0,
Djibouti,2022,carbon_intensity_elec,450.0,measured,source_ingest,2022.0,
Djibouti,2022,electricity_demand (TWh),0.71,measured,source_ingest,2022.0,
Djibouti,2022,electricity_generation (TWh),0.2,measured,source_ingest,2022.0,
Djibouti,2022,energy_poverty_electricity (% of total population),35.0,derived,one_minus_access,2022.0,
Djibouti,2022,energy_poverty_electricity_rural (% of rural population),62.7,measured,source_ingest,2022.0,
Djibouti,2022,energy_poverty_electricity_urban (% of urban population),27.200000000000003,measured,source_ingest,2022.0,
Djibouti,2022,energy_poverty_multidimensional (% of total population),62.6,measured,source_ingest,2022.0,
Djibouti,2022,fossil_share_elec,65.0,measured,source_ingest,2022.0,
Djibouti,2022,gdp,3395681646.0,measured,source_ingest,2022.0,
Djibouti,2022,greenhouse_gas_emissions,0.09,measured,source_ingest,2022.0,
Djibouti,2022,hydro_electricity,0.0,measured,source_ingest,2022.0,
Djibouti,2022,low_carbon_share_elec,35.0,measured,source_ingest,2022.0,
Djibouti,2022,population,1137101.0,measured,source_ingest,2022.0,
Djibouti,2022,renewables_electricity,0.07,measured,source_ingest,2022.0,
Djibouti,2022,renewables_share_elec,35.0,measured,source_ingest,2022.0,
Djibouti,2022,solar_electricity,0.0,measured,source_ingest,2022.0,
Djibouti,2022,wind_electricity,0.07,measured,source_ingest,2022.0,
Djibouti,2023,Access to Clean Fuels and Technologies for cooking (% of total population),10.0,measured,source_ingest,2023.0,
Djibouti,2023,Access to electricity (% of total population),65.2,measured,source_ingest,2023.0,
Djibouti,2023,Population growth (annual %),1.38410272350128,measured,source_ingest,2023.0,
Djibouti,2023,carbon_intensity_elec,450.0,measured,source_ingest,2023.0,
Djibouti,2023,electricity_demand (TWh),0.71,measured,source_ingest,2023.0,
Djibouti,2023,electricity_generation (TWh),0.2,measured,source_ingest,2023.0,
Djibouti,2023,energy_poverty_electricity (% of total population),34.8,derived,one_minus_access,2023.0,
Djibouti,2023,energy_poverty_electricity_rural (% of rural population),63.0,measured,source_ingest,2023.0,
Djibouti,2023,energy_poverty_electricity_urban (% of urban population),25.400000000000006,measured,source_ingest,2023.0,
Djibouti,2023,energy_poverty_multidimensional (% of total population),62.4,measured,source_ingest,2023.0,
Djibouti,2023,fossil_share_elec,65.0,measured,source_ingest,2023.0,
Djibouti,2023,gdp,3542959052.9093084,estimated,dampened_exponential_log_linear,2022.0,0.9791633853462873
Djibouti,2023,greenhouse_gas_emissions,0.09,measured,source_ingest,2023.0,
Djibouti,2023,hydro_electricity,0.0,measured,source_ingest,2023.0,
Djibouti,2023,low_carbon_share_elec,35.0,measured,source_ingest,2023.0,
Djibouti,2023,population,1152951.0,measured,source_ingest,2023.0,
Djibouti,2023,renewables_electricity,0.07,measured,source_ingest,2023.0,
Djibouti,2023,renewables_share_elec,35.0,measured,source_ingest,2023.0,
Djibouti,2023,solar_electricity,0.0,measured,source_ingest,2023.0,
Djibouti,2023,wind_electricity,0.07,measured,source_ingest,2023.0,
Djibouti,2024,Access to Clean Fuels and Technologies for cooking (% of total population),10.264285714285734,estimated,linear_projection,2023.0,0.9411670561121541
Djibouti,2024,Access to electricity (% of total population),69.2,measured,source_ingest,2024.0,
Djibouti,2024,Population growth (annual %),1.3592172957681,measured,source_ingest,2024.0,
Djibouti,2024,carbon_intensity_elec,450.0,measured,source_ingest,2024.0,
Djibouti,2024,electricity_demand (TWh),0.8,measured,source_ingest,2024.0,
Djibouti,2024,electricity_generation (TWh),0.2,measured,source_ingest,2024.0,
Djibouti,2024,energy_poverty_electricity (% of total population),30.799999999999997,derived,one_minus_access,2024.0,
Djibouti,2024,energy_poverty_electricity_rural (% of rural population),46.1,measured,source_ingest,2024.0,
Djibouti,2024,energy_poverty_electricity_urban (% of urban population),25.099999999999994,measured,source_ingest,2024.0,
Djibouti,2024,energy_poverty_multidimensional (% of total population),61.27678571428555,measured,source_ingest,2024.0,
Djibouti,2024,fossil_share_elec,65.0,measured,source_ingest,2024.0,
Djibouti,2024,gdp,3696624171.2848783,estimated,dampened_exponential_log_linear,2022.0,0.9791633853462873
Djibouti,2024,greenhouse_gas_emissions,0.09,measured,source_ingest,2024.0,
Djibouti,2024,hydro_electricity,0.0,measured,source_ingest,2024.0,
Djibouti,2024,low_carbon_share_elec,35.0,measured,source_ingest,2024.0,
Djibouti,2024,population,1168726.0,measured,source_ingest,2024.0,
Djibouti,2024,renewables_electricity,0.07,measured,source_ingest,2024.0,
Djibouti,2024,renewables_share_elec,35.0,measured,source_ingest,2024.0,
Djibouti,2024,solar_electricity,0.0,measured,source_ingest,2024.0,
Djibouti,2024,wind_electricity,0.07,measured,source_ingest,2024.0,
Djibouti,2025,Access to Clean Fuels and Technologies for cooking (% of total population),10.441071428571433,estimated,linear_projection,2023.0,0.9411670561121541
Djibouti,2025,Access to electricity (% of total population),68.81649268918584,estimated,logistic_logit_linear,2024.0,0.8508418405305231
Djibouti,2025,Population growth (annual %),1.30518794764358,measured,source_ingest,2025.0,
Djibouti,2025,carbon_intensity_elec,422.9490976454563,estimated,dampened_exponential_log_linear,2024.0,0.6952445203006259
Djibouti,2025,electricity_demand (TWh),0.8382721547815092,estimated,dampened_exponential_log_linear,2024.0,0.9497848275955175
Djibouti,2025,electricity_generation (TWh),0.23776151341626606,estimated,dampened_exponential_log_linear,2024.0,0.7288042896789926
Djibouti,2025,energy_poverty_electricity (% of total population),31.183507310814164,estimated,one_minus_access,2024.0,
Djibouti,2025,energy_poverty_electricity_rural (% of rural population),52.88446115288252,estimated,linear_projection,2024.0,0.5411792049957296
Djibouti,2025,energy_poverty_electricity_urban (% of urban population),24.09166666666647,estimated,linear_projection,2024.0,0.9516277128547654
Djibouti,2025,energy_poverty_multidimensional (% of total population),60.768154761904725,measured,source_ingest,2025.0,
Djibouti,2025,fossil_share_elec,55.277777777777374,estimated,linear_projection,2024.0,0.7500000000000078
Djibouti,2025,gdp,3712352571.178092,estimated,dampened_exponential_log_linear,2022.0,0.9791633853462873
Djibouti,2025,greenhouse_gas_emissions,0.10056108459476089,estimated,dampened_exponential_log_linear,2024.0,0.5387697634202759
Djibouti,2025,hydro_electricity,,missing,no_history,,
Djibouti,2025,low_carbon_share_elec,44.722222222222626,estimated,linear_projection,2024.0,0.7500000000000078
Djibouti,2025,population,1184080.0525497082,estimated,limit_year_population_growth_rate_exponential,2024.0,
Djibouti,2025,renewables_electricity,0.07,estimated,dampened_exponential_log_linear,2024.0,0.0
Djibouti,2025,renewables_share_elec,44.722222222222626,estimated,linear_projection,2024.0,0.7500000000000078
Djibouti,2025,solar_electricity,,missing,no_history,,
Djibouti,2025,wind_electricity,0.07,estimated,dampened_exponential_log_linear,2024.0,0.0
Egypt,2016,Access to Clean Fuels and Technologies for cooking (% of total population),99.8,measured,source_ingest,2016.0,
Egypt,2016,Access to electricity (% of total population),100.0,measured,source_ingest,2016.0,
Egypt,2016,Population growth (annual %),2.03468294927084,measured,source_ingest,2016.0,
Egypt,2016,carbon_intensity_elec,592.97,measured,source_ingest,2016.0,
Egypt,2016,electricity_demand (TWh),187.92,measured,source_ingest,2016.0,
Egypt,2016,electricity_generation (TWh),188.19,measured,source_ingest,2016.0,
Egypt,2016,energy_poverty_electricity (% of total population),0.0,derived,one_minus_access,2016.0,
Egypt,2016,energy_poverty_electricity_rural (% of rural population),0.0,measured,source_ingest,2016.0,
Egypt,2016,energy_poverty_electricity_urban (% of urban population),0.0,measured,source_ingest,2016.0,
Egypt,2016,energy_poverty_multidimensional (% of total population),0.0999999999999943,measured,source_ingest,2016.0,
Egypt,2016,fossil_share_elec,91.588,measured,source_ingest,2016.0,
Egypt,2016,gdp,1121578599865.0,measured,source_ingest,2016.0,
Egypt,2016,greenhouse_gas_emissions,111.59,measured,source_ingest,2016.0,
Egypt,2016,hydro_electricity,13.2,measured,source_ingest,2016.0,
Egypt,2016,low_carbon_share_elec,8.412,measured,source_ingest,2016.0,
Egypt,2016,population,101644583.0,measured,source_ingest,2016.0,
Egypt,2016,renewables_electricity,15.83,measured,source_ingest,2016.0,
Egypt,2016,renewables_share_elec,8.412,measured,source_ingest,2016.0,
Egypt,2016,solar_electricity,0.23,measured,source_ingest,2016.0,
Egypt,2016,wind_electricity,2.4,measured,source_ingest,2016.0,
Egypt,2017,Access to Clean Fuels and Technologies for cooking (% of total population),99.9,measured,source_ingest,2017.0,
Egypt,2017,Access to electricity (% of total population),100.0,measured,source_ingest,2017.0,
Egypt,2017,Population growth (annual %),1.99817843887244,measured,source_ingest,2017.0,
Egypt,2017,carbon_intensity_elec,594.69,measured,source_ingest,2017.0,
Egypt,2017,electricity_demand (TWh),192.87,measured,source_ingest,2017.0,
Egypt,2017,electricity_generation (TWh),193.21,measured,source_ingest,2017.0,
Egypt,2017,energy_poverty_electricity (% of total population),0.0,derived,one_minus_access,2017.0,
Egypt,2017,energy_poverty_electricity_rural (% of rural population),0.0,measured,source_ingest,2017.0,
Egypt,2017,energy_poverty_electricity_urban (% of urban population),0.0,measured,source_ingest,2017.0,
Egypt,2017,energy_poverty_multidimensional (% of total population),0.0499999999999971,measured,source_ingest,2017.0,
Egypt,2017,fossil_share_elec,91.978,measured,source_ingest,2017.0,
Egypt,2017,gdp,1158060486104.0,measured,source_ingest,2017.0,
Egypt,2017,greenhouse_gas_emissions,114.9,measured,source_ingest,2017.0,
Egypt,2017,hydro_electricity,12.79,measured,source_ingest,2017.0,
Egypt,2017,low_carbon_share_elec,8.022,measured,source_ingest,2017.0,
Egypt,2017,population,103696055.0,measured,source_ingest,2017.0,
Egypt,2017,renewables_electricity,15.5,measured,source_ingest,2017.0,
Egypt,2017,renewables_share_elec,8.022,measured,source_ingest,2017.0,
Egypt,2017,solar_electricity,0.6,measured,source_ingest,2017.0,
Egypt,2017,wind_electricity,2.11,measured,source_ingest,2017.0,
Egypt,2018,Access to Clean Fuels and Technologies for cooking (% of total population),99.9,measured,source_ingest,2018.0,
Egypt,2018,Access to electricity (% of total population),100.0,measured,source_ingest,2018.0,
Egypt,2018,Population growth (annual %),1.89713831833082,measured,source_ingest,2018.0,
Egypt,2018,carbon_intensity_elec,592.41,measured,source_ingest,2018.0,
Egypt,2018,electricity_demand (TWh),198.82,measured,source_ingest,2018.0,
Egypt,2018,electricity_generation (TWh),199.39,measured,source_ingest,2018.0,
Egypt,2018,energy_poverty_electricity (% of total population),0.0,derived,one_minus_access,2018.0,
Egypt,2018,energy_poverty_electricity_rural (% of rural population),0.0,measured,source_ingest,2018.0,
Egypt,2018,energy_poverty_electricity_urban (% of urban population),0.0,measured,source_ingest,2018.0,
Egypt,2018,energy_poverty_multidimensional (% of total population),0.0499999999999971,measured,source_ingest,2018.0,
Egypt,2018,fossil_share_elec,91.745,measured,source_ingest,2018.0,
Egypt,2018,gdp,1220661740193.0,measured,source_ingest,2018.0,
Egypt,2018,greenhouse_gas_emissions,118.12,measured,source_ingest,2018.0,
Egypt,2018,hydro_electricity,12.92,measured,source_ingest,2018.0,
Egypt,2018,low_carbon_share_elec,8.255,measured,source_ingest,2018.0,
Egypt,2018,population,105682092.0,measured,source_ingest,2018.0,
Egypt,2018,renewables_electricity,16.46,measured,source_ingest,2018.0,
Egypt,2018,renewables_share_elec,8.255,measured,source_ingest,2018.0,
Egypt,2018,solar_electricity,0.55,measured,source_ingest,2018.0,
Egypt,2018,wind_electricity,2.99,measured,source_ingest,2018.0,
Egypt,2019,Access to Clean Fuels and Technologies for cooking (% of total population),99.9,measured,source_ingest,2019.0,
Egypt,2019,Access to electricity (% of total population),100.0,measured,source_ingest,2019.0,
Egypt,2019,Population growth (annual %),1.75497438173801,measured,source_ingest,2019.0,
Egypt,2019,carbon_intensity_elec,582.49,measured,source_ingest,2019.0,
Egypt,2019,electricity_demand (TWh),199.78,measured,source_ingest,2019.0,
Egypt,2019,electricity_generation (TWh),200.57,measured,source_ingest,2019.0,
Egypt,2019,energy_poverty_electricity (% of total population),0.0,derived,one_minus_access,2019.0,
Egypt,2019,energy_poverty_electricity_rural (% of rural population),0.0,measured,source_ingest,2019.0,
Egypt,2019,energy_poverty_electricity_urban (% of urban population),0.0,measured,source_ingest,2019.0,
Egypt,2019,energy_poverty_multidimensional (% of total population),0.0499999999999971,measured,source_ingest,2019.0,
Egypt,2019,fossil_share_elec,90.233,measured,source_ingest,2019.0,
Egypt,2019,gdp,1289253465646.0,measured,source_ingest,2019.0,
Egypt,2019,greenhouse_gas_emissions,116.83,measured,source_ingest,2019.0,
Egypt,2019,hydro_electricity,13.12,measured,source_ingest,2019.0,
Egypt,2019,low_carbon_share_elec,9.767,measured,source_ingest,2019.0,
Egypt,2019,population,107553159.0,measured,source_ingest,2019.0,
Egypt,2019,renewables_electricity,19.59,measured,source_ingest,2019.0,
Egypt,2019,renewables_share_elec,9.767,measured,source_ingest,2019.0,
Egypt,2019,solar_electricity,1.49,measured,source_ingest,2019.0,
Egypt,2019,wind_electricity,4.98,measured,source_ingest,2019.0,
Egypt,2020,Access to Clean Fuels and Technologies for cooking (% of total population),99.9,measured,source_ingest,2020.0,
Egypt,2020,Access to electricity (% of total population),100.0,measured,source_ingest,2020.0,
Egypt,2020,Population growth (annual %),1.62495386951696,measured,source_ingest,2020.0,
Egypt,2020,carbon_intensity_elec,569.08,measured,source_ingest,2020.0,
Egypt,2020,electricity_demand (TWh),197.18,measured,source_ingest,2020.0,
Egypt,2020,electricity_generation (TWh),198.6,measured,source_ingest,2020.0,
Egypt,2020,energy_poverty_electricity (% of total population),0.0,derived,one_minus_access,2020.0,
Egypt,2020,energy_poverty_electricity_rural (% of rural population),0.0,measured,source_ingest,2020.0,
Egypt,2020,energy_poverty_electricity_urban (% of urban population),0.0,measured,source_ingest,2020.0,
Egypt,2020,energy_poverty_multidimensional (% of total population),0.0499999999999971,measured,source_ingest,2020.0,
Egypt,2020,fossil_share_elec,88.036,measured,source_ingest,2020.0,
Egypt,2020,gdp,1307778142529.0,measured,source_ingest,2020.0,
Egypt,2020,greenhouse_gas_emissions,113.02,measured,source_ingest,2020.0,
Egypt,2020,hydro_electricity,14.08,measured,source_ingest,2020.0,
Egypt,2020,low_carbon_share_elec,11.964,measured,source_ingest,2020.0,
Egypt,2020,population,109315118.0,measured,source_ingest,2020.0,
Egypt,2020,renewables_electricity,23.76,measured,source_ingest,2020.0,
Egypt,2020,renewables_share_elec,11.964,measured,source_ingest,2020.0,
Egypt,2020,solar_electricity,4.45,measured,source_ingest,2020.0,
Egypt,2020,wind_electricity,5.23,measured,source_ingest,2020.0,
Egypt,2021,Access to Clean Fuels and Technologies for cooking (% of total population),99.9,measured,source_ingest,2021.0,
Egypt,2021,Access to electricity (% of total population),100.0,measured,source_ingest,2021.0,
Egypt,2021,Population growth (annual %),1.4908053906311,measured,source_ingest,2021.0,
Egypt,2021,carbon_intensity_elec,568.06,measured,source_ingest,2021.0,
Egypt,2021,electricity_demand (TWh),208.19,measured,source_ingest,2021.0,
Egypt,2021,electricity_generation (TWh),209.66,measured,source_ingest,2021.0,
Egypt,2021,energy_poverty_electricity (% of total population),0.0,derived,one_minus_access,2021.0,
Egypt,2021,energy_poverty_electricity_rural (% of rural population),0.0,measured,source_ingest,2021.0,
Egypt,2021,energy_poverty_electricity_urban (% of urban population),0.0,measured,source_ingest,2021.0,
Egypt,2021,energy_poverty_multidimensional (% of total population),0.0499999999999971,measured,source_ingest,2021.0,
Egypt,2021,fossil_share_elec,87.904,measured,source_ingest,2021.0,
Egypt,2021,gdp,1400985648780.0,measured,source_ingest,2021.0,
Egypt,2021,greenhouse_gas_emissions,119.1,measured,source_ingest,2021.0,
Egypt,2021,hydro_electricity,14.9,measured,source_ingest,2021.0,
Egypt,2021,low_carbon_share_elec,12.096,measured,source_ingest,2021.0,
Egypt,2021,population,110957005.0,measured,source_ingest,2021.0,
Egypt,2021,renewables_electricity,25.36,measured,source_ingest,2021.0,
Egypt,2021,renewables_share_elec,12.096,measured,source_ingest,2021.0,
Egypt,2021,solar_electricity,4.97,measured,source_ingest,2021.0,
Egypt,2021,wind_electricity,5.49,measured,source_ingest,2021.0,
Egypt,2022,Access to Clean Fuels and Technologies for cooking (% of total population),99.9,measured,source_ingest,2022.0,
Egypt,2022,Access to electricity (% of total population),100.0,measured,source_ingest,2022.0,
Egypt,2022,Population growth (annual %),1.48609697540294,measured,source_ingest,2022.0,
Egypt,2022,carbon_intensity_elec,570.04,measured,source_ingest,2022.0,
Egypt,2022,electricity_demand (TWh),215.15,measured,source_ingest,2022.0,
Egypt,2022,electricity_generation (TWh),216.72,measured,source_ingest,2022.0,
Egypt,2022,energy_poverty_electricity (% of total population),0.0,derived,one_minus_access,2022.0,
Egypt,2022,energy_poverty_electricity_rural (% of rural population),0.0,measured,source_ingest,2022.0,
Egypt,2022,energy_poverty_electricity_urban (% of urban population),0.0,measured,source_ingest,2022.0,
Egypt,2022,energy_poverty_multidimensional (% of total population),0.0499999999999971,measured,source_ingest,2022.0,
Egypt,2022,fossil_share_elec,88.183,measured,source_ingest,2022.0,
Egypt,2022,gdp,1460427350416.0,measured,source_ingest,2022.0,
Egypt,2022,greenhouse_gas_emissions,123.54,measured,source_ingest,2022.0,
Egypt,2022,hydro_electricity,14.71,measured,source_ingest,2022.0,
Egypt,2022,low_carbon_share_elec,11.817,measured,source_ingest,2022.0,
Egypt,2022,population,112618252.0,measured,source_ingest,2022.0,
Egypt,2022,renewables_electricity,25.61,measured,source_ingest,2022.0,
Egypt,2022,renewables_share_elec,11.817,measured,source_ingest,2022.0,
Egypt,2022,solar_electricity,5.0,measured,source_ingest,2022.0,
Egypt,2022,wind_electricity,5.9,measured,source_ingest,2022.0,
Egypt,2023,Access to Clean Fuels and Technologies for cooking (% of total population),99.9,measured,source_ingest,2023.0,
Egypt,2023,Access to electricity (% of total population),100.0,measured,source_ingest,2023.0,
Egypt,2023,Population growth (annual %),1.68834126904494,measured,source_ingest,2023.0,
Egypt,2023,carbon_intensity_elec,571.29,measured,source_ingest,2023.0,
Egypt,2023,electricity_demand (TWh),220.53,measured,source_ingest,2023.0,
Egypt,2023,electricity_generation (TWh),221.92,measured,source_ingest,2023.0,
Egypt,2023,energy_poverty_electricity (% of total population),0.0,derived,one_minus_access,2023.0,
Egypt,2023,energy_poverty_electricity_rural (% of rural population),0.0,measured,source_ingest,2023.0,
Egypt,2023,energy_poverty_electricity_urban (% of urban population),0.0,measured,source_ingest,2023.0,
Egypt,2023,energy_poverty_multidimensional (% of total population),0.0499999999999971,measured,source_ingest,2023.0,
Egypt,2023,fossil_share_elec,88.298,measured,source_ingest,2023.0,
Egypt,2023,gdp,1526653474618.1108,estimated,dampened_exponential_log_linear,2022.0,0.9891978632002572
Egypt,2023,greenhouse_gas_emissions,126.78,measured,source_ingest,2023.0,
Egypt,2023,hydro_electricity,15.05,measured,source_ingest,2023.0,
Egypt,2023,low_carbon_share_elec,11.702,measured,source_ingest,2023.0,
Egypt,2023,population,114535772.0,measured,source_ingest,2023.0,
Egypt,2023,renewables_electricity,25.97,measured,source_ingest,2023.0,
Egypt,2023,renewables_share_elec,11.702,measured,source_ingest,2023.0,
Egypt,2023,solar_electricity,4.93,measured,source_ingest,2023.0,
Egypt,2023,wind_electricity,5.99,measured,source_ingest,2023.0,
Egypt,2024,Access to Clean Fuels and Technologies for cooking (% of total population),99.92500000000001,estimated,linear_projection,2023.0,0.33333333333341475
Egypt,2024,Access to electricity (% of total population),100.0,measured,source_ingest,2024.0,
Egypt,2024,Population growth (annual %),1.73324205302065,measured,source_ingest,2024.0,
Egypt,2024,carbon_intensity_elec,574.5,measured,source_ingest,2024.0,
Egypt,2024,electricity_demand (TWh),235.99,measured,source_ingest,2024.0,
Egypt,2024,electricity_generation (TWh),237.39,measured,source_ingest,2024.0,
Egypt,2024,energy_poverty_electricity (% of total population),0.0,derived,one_minus_access,2024.0,
Egypt,2024,energy_poverty_electricity_rural (% of rural population),0.0,measured,source_ingest,2024.0,
Egypt,2024,energy_poverty_electricity_urban (% of urban population),0.0,measured,source_ingest,2024.0,
Egypt,2024,energy_poverty_multidimensional (% of total population),0.0374999999999978,measured,source_ingest,2024.0,
Egypt,2024,fossil_share_elec,88.803,measured,source_ingest,2024.0,
Egypt,2024,gdp,1595882760549.2761,estimated,dampened_exponential_log_linear,2022.0,0.9891978632002572
Egypt,2024,greenhouse_gas_emissions,136.38,measured,source_ingest,2024.0,
Egypt,2024,hydro_electricity,14.37,measured,source_ingest,2024.0,
Egypt,2024,low_carbon_share_elec,11.197,measured,source_ingest,2024.0,
Egypt,2024,population,116538256.0,measured,source_ingest,2024.0,
Egypt,2024,renewables_electricity,26.58,measured,source_ingest,2024.0,
Egypt,2024,renewables_share_elec,11.197,measured,source_ingest,2024.0,
Egypt,2024,solar_electricity,6.07,measured,source_ingest,2024.0,
Egypt,2024,wind_electricity,6.14,measured,source_ingest,2024.0,
Egypt,2025,Access to Clean Fuels and Technologies for cooking (% of total population),99.93333333333334,estimated,linear_projection,2023.0,0.33333333333341475
Egypt,2025,Access to electricity (% of total population),99.99999899999999,estimated,logistic_logit_linear,2024.0,0.0
Egypt,2025,Population growth (annual %),1.55618628611795,measured,source_ingest,2025.0,
Egypt,2025,carbon_intensity_elec,563.23,measured,source_ingest,2025.0,
Egypt,2025,electricity_demand (TWh),244.31,measured,source_ingest,2025.0,
Egypt,2025,electricity_generation (TWh),245.71,measured,source_ingest,2025.0,
Egypt,2025,energy_poverty_electricity (% of total population),1.0000000116860974e-06,estimated,one_minus_access,2024.0,
Egypt,2025,energy_poverty_electricity_rural (% of rural population),0.0,estimated,linear_projection,2024.0,0.0
Egypt,2025,energy_poverty_electricity_urban (% of urban population),0.0,estimated,linear_projection,2024.0,0.0
Egypt,2025,energy_poverty_multidimensional (% of total population),0.0333333333333314,measured,source_ingest,2025.0,
Egypt,2025,fossil_share_elec,86.985,measured,source_ingest,2025.0,
Egypt,2025,gdp,1602976053552.0325,estimated,dampened_exponential_log_linear,2022.0,0.9891978632002572
Egypt,2025,greenhouse_gas_emissions,138.39,measured,source_ingest,2025.0,
Egypt,2025,hydro_electricity,15.07,measured,source_ingest,2025.0,
Egypt,2025,low_carbon_share_elec,13.015,measured,source_ingest,2025.0,
Egypt,2025,population,118365995.0,measured,source_ingest,2025.0,
Egypt,2025,renewables_electricity,31.98,measured,source_ingest,2025.0,
Egypt,2025,renewables_share_elec,13.015,measured,source_ingest,2025.0,
Egypt,2025,solar_electricity,7.61,measured,source_ingest,2025.0,
Egypt,2025,wind_electricity,9.3,measured,source_ingest,2025.0,
Equatorial Guinea,2016,Access to Clean Fuels and Technologies for cooking (% of total population),24.1,measured,source_ingest,2016.0,
Equatorial Guinea,2016,Access to electricity (% of total population),66.2,measured,source_ingest,2016.0,
Equatorial Guinea,2016,Population growth (annual %),3.66421838047825,measured,source_ingest,2016.0,
Equatorial Guinea,2016,carbon_intensity_elec,585.71,measured,source_ingest,2016.0,
Equatorial Guinea,2016,electricity_demand (TWh),1.4,measured,source_ingest,2016.0,
Equatorial Guinea,2016,electricity_generation (TWh),1.4,measured,source_ingest,2016.0,
Equatorial Guinea,2016,energy_poverty_electricity (% of total population),33.8,derived,one_minus_access,2016.0,
Equatorial Guinea,2016,energy_poverty_electricity_rural (% of rural population),95.9,measured,source_ingest,2016.0,
Equatorial Guinea,2016,energy_poverty_electricity_urban (% of urban population),8.599999999999994,measured,source_ingest,2016.0,
Equatorial Guinea,2016,energy_poverty_multidimensional (% of total population),54.85,measured,source_ingest,2016.0,
Equatorial Guinea,2016,fossil_share_elec,66.429,measured,source_ingest,2016.0,
Equatorial Guinea,2016,gdp,25203837269.0,measured,source_ingest,2016.0,
Equatorial Guinea,2016,greenhouse_gas_emissions,0.82,measured,source_ingest,2016.0,
Equatorial Guinea,2016,hydro_electricity,0.47,measured,source_ingest,2016.0,
Equatorial Guinea,2016,low_carbon_share_elec,33.571,measured,source_ingest,2016.0,
Equatorial Guinea,2016,population,1508192.0,measured,source_ingest,2016.0,
Equatorial Guinea,2016,renewables_electricity,0.47,measured,source_ingest,2016.0,
Equatorial Guinea,2016,renewables_share_elec,33.571,measured,source_ingest,2016.0,
Equatorial Guinea,2016,solar_electricity,0.0,measured,source_ingest,2016.0,
Equatorial Guinea,2016,wind_electricity,0.0,measured,source_ingest,2016.0,
Equatorial Guinea,2017,Access to Clean Fuels and Technologies for cooking (% of total population),23.8,measured,source_ingest,2017.0,
Equatorial Guinea,2017,Access to electricity (% of total population),66.4,measured,source_ingest,2017.0,
Equatorial Guinea,2017,Population growth (annual %),3.53129362583944,measured,source_ingest,2017.0,
Equatorial Guinea,2017,carbon_intensity_elec,597.02,measured,source_ingest,2017.0,
Equatorial Guinea,2017,electricity_demand (TWh),1.34,measured,source_ingest,2017.0,
Equatorial Guinea,2017,electricity_generation (TWh),1.34,measured,source_ingest,2017.0,
Equatorial Guinea,2017,energy_poverty_electricity (% of total population),33.599999999999994,derived,one_minus_access,2017.0,
Equatorial Guinea,2017,energy_poverty_electricity_rural (% of rural population),96.5,measured,source_ingest,2017.0,
Equatorial Guinea,2017,energy_poverty_electricity_urban (% of urban population),8.799999999999997,measured,source_ingest,2017.0,
Equatorial Guinea,2017,energy_poverty_multidimensional (% of total population),54.9,measured,source_ingest,2017.0,
Equatorial Guinea,2017,fossil_share_elec,67.164,measured,source_ingest,2017.0,
Equatorial Guinea,2017,gdp,23511758900.0,measured,source_ingest,2017.0,
Equatorial Guinea,2017,greenhouse_gas_emissions,0.8,measured,source_ingest,2017.0,
Equatorial Guinea,2017,hydro_electricity,0.44,measured,source_ingest,2017.0,
Equatorial Guinea,2017,low_carbon_share_elec,32.836,measured,source_ingest,2017.0,
Equatorial Guinea,2017,population,1562401.0,measured,source_ingest,2017.0,
Equatorial Guinea,2017,renewables_electricity,0.44,measured,source_ingest,2017.0,
Equatorial Guinea,2017,renewables_share_elec,32.836,measured,source_ingest,2017.0,
Equatorial Guinea,2017,solar_electricity,0.0,measured,source_ingest,2017.0,
Equatorial Guinea,2017,wind_electricity,0.0,measured,source_ingest,2017.0,
Equatorial Guinea,2018,Access to Clean Fuels and Technologies for cooking (% of total population),23.7,measured,source_ingest,2018.0,
Equatorial Guinea,2018,Access to electricity (% of total population),66.5,measured,source_ingest,2018.0,
Equatorial Guinea,2018,Population growth (annual %),3.39945242088076,measured,source_ingest,2018.0,
Equatorial Guinea,2018,carbon_intensity_elec,592.59,measured,source_ingest,2018.0,
Equatorial Guinea,2018,electricity_demand (TWh),1.35,measured,source_ingest,2018.0,
Equatorial Guinea,2018,electricity_generation (TWh),1.35,measured,source_ingest,2018.0,
Equatorial Guinea,2018,energy_poverty_electricity (% of total population),33.5,derived,one_minus_access,2018.0,
Equatorial Guinea,2018,energy_poverty_electricity_rural (% of rural population),97.1,measured,source_ingest,2018.0,
Equatorial Guinea,2018,energy_poverty_electricity_urban (% of urban population),9.0,measured,source_ingest,2018.0,
Equatorial Guinea,2018,energy_poverty_multidimensional (% of total population),54.9,measured,source_ingest,2018.0,
Equatorial Guinea,2018,fossil_share_elec,67.407,measured,source_ingest,2018.0,
Equatorial Guinea,2018,gdp,21813514918.0,measured,source_ingest,2018.0,
Equatorial Guinea,2018,greenhouse_gas_emissions,0.8,measured,source_ingest,2018.0,
Equatorial Guinea,2018,hydro_electricity,0.44,measured,source_ingest,2018.0,
Equatorial Guinea,2018,low_carbon_share_elec,32.593,measured,source_ingest,2018.0,
Equatorial Guinea,2018,population,1616425.0,measured,source_ingest,2018.0,
Equatorial Guinea,2018,renewables_electricity,0.44,measured,source_ingest,2018.0,
Equatorial Guinea,2018,renewables_share_elec,32.593,measured,source_ingest,2018.0,
Equatorial Guinea,2018,solar_electricity,0.0,measured,source_ingest,2018.0,
Equatorial Guinea,2018,wind_electricity,0.0,measured,source_ingest,2018.0,
Equatorial Guinea,2019,Access to Clean Fuels and Technologies for cooking (% of total population),23.3,measured,source_ingest,2019.0,
Equatorial Guinea,2019,Access to electricity (% of total population),66.6,measured,source_ingest,2019.0,
Equatorial Guinea,2019,Population growth (annual %),3.271454421427,measured,source_ingest,2019.0,
Equatorial Guinea,2019,carbon_intensity_elec,600.0,measured,source_ingest,2019.0,
Equatorial Guinea,2019,electricity_demand (TWh),1.4,measured,source_ingest,2019.0,
Equatorial Guinea,2019,electricity_generation (TWh),1.4,measured,source_ingest,2019.0,
Equatorial Guinea,2019,energy_poverty_electricity (% of total population),33.400000000000006,derived,one_minus_access,2019.0,
Equatorial Guinea,2019,energy_poverty_electricity_rural (% of rural population),97.6,measured,source_ingest,2019.0,
Equatorial Guinea,2019,energy_poverty_electricity_urban (% of urban population),9.200000000000003,measured,source_ingest,2019.0,
Equatorial Guinea,2019,energy_poverty_multidimensional (% of total population),55.05,measured,source_ingest,2019.0,
Equatorial Guinea,2019,fossil_share_elec,67.857,measured,source_ingest,2019.0,
Equatorial Guinea,2019,gdp,20617750095.0,measured,source_ingest,2019.0,
Equatorial Guinea,2019,greenhouse_gas_emissions,0.84,measured,source_ingest,2019.0,
Equatorial Guinea,2019,hydro_electricity,0.45,measured,source_ingest,2019.0,
Equatorial Guinea,2019,low_carbon_share_elec,32.143,measured,source_ingest,2019.0,
Equatorial Guinea,2019,population,1670184.0,measured,source_ingest,2019.0,
Equatorial Guinea,2019,renewables_electricity,0.45,measured,source_ingest,2019.0,
Equatorial Guinea,2019,renewables_share_elec,32.143,measured,source_ingest,2019.0,
Equatorial Guinea,2019,solar_electricity,0.0,measured,source_ingest,2019.0,
Equatorial Guinea,2019,wind_electricity,0.0,measured,source_ingest,2019.0,
Equatorial Guinea,2020,Access to Clean Fuels and Technologies for cooking (% of total population),23.0,measured,source_ingest,2020.0,
Equatorial Guinea,2020,Access to electricity (% of total population),66.7,measured,source_ingest,2020.0,
Equatorial Guinea,2020,Population growth (annual %),2.73390823188935,measured,source_ingest,2020.0,
Equatorial Guinea,2020,carbon_intensity_elec,574.47,measured,source_ingest,2020.0,
Equatorial Guinea,2020,electricity_demand (TWh),1.41,measured,source_ingest,2020.0,
Equatorial Guinea,2020,electricity_generation (TWh),1.41,measured,source_ingest,2020.0,
Equatorial Guinea,2020,energy_poverty_electricity (% of total population),33.3,derived,one_minus_access,2020.0,
Equatorial Guinea,2020,energy_poverty_electricity_rural (% of rural population),98.2,measured,source_ingest,2020.0,
Equatorial Guinea,2020,energy_poverty_electricity_urban (% of urban population),9.5,measured,source_ingest,2020.0,
Equatorial Guinea,2020,energy_poverty_multidimensional (% of total population),55.15,measured,source_ingest,2020.0,
Equatorial Guinea,2020,fossil_share_elec,65.248,measured,source_ingest,2020.0,
Equatorial Guinea,2020,gdp,19743252847.0,measured,source_ingest,2020.0,
Equatorial Guinea,2020,greenhouse_gas_emissions,0.81,measured,source_ingest,2020.0,
Equatorial Guinea,2020,hydro_electricity,0.49,measured,source_ingest,2020.0,
Equatorial Guinea,2020,low_carbon_share_elec,34.752,measured,source_ingest,2020.0,
Equatorial Guinea,2020,population,1716479.0,measured,source_ingest,2020.0,
Equatorial Guinea,2020,renewables_electricity,0.49,measured,source_ingest,2020.0,
Equatorial Guinea,2020,renewables_share_elec,34.752,measured,source_ingest,2020.0,
Equatorial Guinea,2020,solar_electricity,0.0,measured,source_ingest,2020.0,
Equatorial Guinea,2020,wind_electricity,0.0,measured,source_ingest,2020.0,
Equatorial Guinea,2021,Access to Clean Fuels and Technologies for cooking (% of total population),22.8,measured,source_ingest,2021.0,
Equatorial Guinea,2021,Access to electricity (% of total population),66.8,measured,source_ingest,2021.0,
Equatorial Guinea,2021,Population growth (annual %),2.43551071649529,measured,source_ingest,2021.0,
Equatorial Guinea,2021,carbon_intensity_elec,594.41,measured,source_ingest,2021.0,
Equatorial Guinea,2021,electricity_demand (TWh),1.43,measured,source_ingest,2021.0,
Equatorial Guinea,2021,electricity_generation (TWh),1.43,measured,source_ingest,2021.0,
Equatorial Guinea,2021,energy_poverty_electricity (% of total population),33.2,derived,one_minus_access,2021.0,
Equatorial Guinea,2021,energy_poverty_electricity_rural (% of rural population),98.6,measured,source_ingest,2021.0,
Equatorial Guinea,2021,energy_poverty_electricity_urban (% of urban population),9.700000000000003,measured,source_ingest,2021.0,
Equatorial Guinea,2021,energy_poverty_multidimensional (% of total population),55.2,measured,source_ingest,2021.0,
Equatorial Guinea,2021,fossil_share_elec,67.133,measured,source_ingest,2021.0,
Equatorial Guinea,2021,gdp,19556604569.0,measured,source_ingest,2021.0,
Equatorial Guinea,2021,greenhouse_gas_emissions,0.85,measured,source_ingest,2021.0,
Equatorial Guinea,2021,hydro_electricity,0.47,measured,source_ingest,2021.0,
Equatorial Guinea,2021,low_carbon_share_elec,32.867,measured,source_ingest,2021.0,
Equatorial Guinea,2021,population,1758796.0,measured,source_ingest,2021.0,
Equatorial Guinea,2021,renewables_electricity,0.47,measured,source_ingest,2021.0,
Equatorial Guinea,2021,renewables_share_elec,32.867,measured,source_ingest,2021.0,
Equatorial Guinea,2021,solar_electricity,0.0,measured,source_ingest,2021.0,
Equatorial Guinea,2021,wind_electricity,0.0,measured,source_ingest,2021.0,
Equatorial Guinea,2022,Access to Clean Fuels and Technologies for cooking (% of total population),22.7,measured,source_ingest,2022.0,
Equatorial Guinea,2022,Access to electricity (% of total population),67.0,measured,source_ingest,2022.0,
Equatorial Guinea,2022,Population growth (annual %),2.5130374213272,measured,source_ingest,2022.0,
Equatorial Guinea,2022,carbon_intensity_elec,602.65,measured,source_ingest,2022.0,
Equatorial Guinea,2022,electricity_demand (TWh),1.51,measured,source_ingest,2022.0,
Equatorial Guinea,2022,electricity_generation (TWh),1.51,measured,source_ingest,2022.0,
Equatorial Guinea,2022,energy_poverty_electricity (% of total population),33.0,derived,one_minus_access,2022.0,
Equatorial Guinea,2022,energy_poverty_electricity_rural (% of rural population),98.6,measured,source_ingest,2022.0,
Equatorial Guinea,2022,energy_poverty_electricity_urban (% of urban population),10.200000000000003,measured,source_ingest,2022.0,
Equatorial Guinea,2022,energy_poverty_multidimensional (% of total population),55.15,measured,source_ingest,2022.0,
Equatorial Guinea,2022,fossil_share_elec,68.212,measured,source_ingest,2022.0,
Equatorial Guinea,2022,gdp,20191378731.0,measured,source_ingest,2022.0,
Equatorial Guinea,2022,greenhouse_gas_emissions,0.91,measured,source_ingest,2022.0,
Equatorial Guinea,2022,hydro_electricity,0.48,measured,source_ingest,2022.0,
Equatorial Guinea,2022,low_carbon_share_elec,31.788,measured,source_ingest,2022.0,
Equatorial Guinea,2022,population,1803549.0,measured,source_ingest,2022.0,
Equatorial Guinea,2022,renewables_electricity,0.48,measured,source_ingest,2022.0,
Equatorial Guinea,2022,renewables_share_elec,31.788,measured,source_ingest,2022.0,
Equatorial Guinea,2022,solar_electricity,0.0,measured,source_ingest,2022.0,
Equatorial Guinea,2022,wind_electricity,0.0,measured,source_ingest,2022.0,
Equatorial Guinea,2023,Access to Clean Fuels and Technologies for cooking (% of total population),22.1,measured,source_ingest,2023.0,
Equatorial Guinea,2023,Access to electricity (% of total population),66.9,measured,source_ingest,2023.0,
Equatorial Guinea,2023,Population growth (annual %),2.41057232825781,measured,source_ingest,2023.0,
Equatorial Guinea,2023,carbon_intensity_elec,664.34,measured,source_ingest,2023.0,
Equatorial Guinea,2023,electricity_demand (TWh),1.43,measured,source_ingest,2023.0,
Equatorial Guinea,2023,electricity_generation (TWh),1.43,measured,source_ingest,2023.0,
Equatorial Guinea,2023,energy_poverty_electricity (% of total population),33.099999999999994,derived,one_minus_access,2023.0,
Equatorial Guinea,2023,energy_poverty_electricity_rural (% of rural population),97.6,measured,source_ingest,2023.0,
Equatorial Guinea,2023,energy_poverty_electricity_urban (% of urban population),11.0,measured,source_ingest,2023.0,
Equatorial Guinea,2023,energy_poverty_multidimensional (% of total population),55.5,measured,source_ingest,2023.0,
Equatorial Guinea,2023,fossil_share_elec,75.524,measured,source_ingest,2023.0,
Equatorial Guinea,2023,gdp,19390440567.88554,estimated,dampened_exponential_log_linear,2022.0,0.8288084526511179
Equatorial Guinea,2023,greenhouse_gas_emissions,0.95,measured,source_ingest,2023.0,
Equatorial Guinea,2023,hydro_electricity,0.35,measured,source_ingest,2023.0,
Equatorial Guinea,2023,low_carbon_share_elec,24.476,measured,source_ingest,2023.0,
Equatorial Guinea,2023,population,1847556.0,measured,source_ingest,2023.0,
Equatorial Guinea,2023,renewables_electricity,0.35,measured,source_ingest,2023.0,
Equatorial Guinea,2023,renewables_share_elec,24.476,measured,source_ingest,2023.0,
Equatorial Guinea,2023,solar_electricity,0.0,measured,source_ingest,2023.0,
Equatorial Guinea,2023,wind_electricity,0.0,measured,source_ingest,2023.0,
Equatorial Guinea,2024,Access to Clean Fuels and Technologies for cooking (% of total population),21.98214285714289,estimated,linear_projection,2023.0,0.9756027056715038
Equatorial Guinea,2024,Access to electricity (% of total population),65.1,measured,source_ingest,2024.0,
Equatorial Guinea,2024,Population growth (annual %),2.40472649031131,measured,source_ingest,2024.0,
Equatorial Guinea,2024,carbon_intensity_elec,644.3,measured,source_ingest,2024.0,
Equatorial Guinea,2024,electricity_demand (TWh),1.49,measured,source_ingest,2024.0,
Equatorial Guinea,2024,electricity_generation (TWh),1.49,measured,source_ingest,2024.0,
Equatorial Guinea,2024,energy_poverty_electricity (% of total population),34.900000000000006,derived,one_minus_access,2024.0,
Equatorial Guinea,2024,energy_poverty_electricity_rural (% of rural population),94.9,measured,source_ingest,2024.0,
Equatorial Guinea,2024,energy_poverty_electricity_urban (% of urban population),10.700000000000003,measured,source_ingest,2024.0,
Equatorial Guinea,2024,energy_poverty_multidimensional (% of total population),55.451785714285705,measured,source_ingest,2024.0,
Equatorial Guinea,2024,fossil_share_elec,73.154,measured,source_ingest,2024.0,
Equatorial Guinea,2024,gdp,18621273486.36385,estimated,dampened_exponential_log_linear,2022.0,0.8288084526511179
Equatorial Guinea,2024,greenhouse_gas_emissions,0.96,measured,source_ingest,2024.0,
Equatorial Guinea,2024,hydro_electricity,0.4,measured,source_ingest,2024.0,
Equatorial Guinea,2024,low_carbon_share_elec,26.846,measured,source_ingest,2024.0,
Equatorial Guinea,2024,population,1892523.0,measured,source_ingest,2024.0,
Equatorial Guinea,2024,renewables_electricity,0.4,measured,source_ingest,2024.0,
Equatorial Guinea,2024,renewables_share_elec,26.846,measured,source_ingest,2024.0,
Equatorial Guinea,2024,solar_electricity,0.0,measured,source_ingest,2024.0,
Equatorial Guinea,2024,wind_electricity,0.0,measured,source_ingest,2024.0,
Equatorial Guinea,2025,Access to Clean Fuels and Technologies for cooking (% of total population),21.71428571428578,estimated,linear_projection,2023.0,0.9756027056715038
Equatorial Guinea,2025,Access to electricity (% of total population),66.33194313966699,estimated,logistic_logit_linear,2024.0,0.017457031031323345
Equatorial Guinea,2025,Population growth (annual %),2.39717222444002,measured,source_ingest,2025.0,
Equatorial Guinea,2025,carbon_intensity_elec,652.1455211835143,estimated,dampened_exponential_log_linear,2024.0,0.5039637307375767
Equatorial Guinea,2025,electricity_demand (TWh),1.507219896571002,estimated,dampened_exponential_log_linear,2024.0,0.6330295043816994
Equatorial Guinea,2025,electricity_generation (TWh),1.507219896571002,estimated,dampened_exponential_log_linear,2024.0,0.6330295043816994
Equatorial Guinea,2025,energy_poverty_electricity (% of total population),33.66805686033301,estimated,one_minus_access,2024.0,
Equatorial Guinea,2025,energy_poverty_electricity_rural (% of rural population),97.49722222222223,estimated,linear_projection,2024.0,0.014273855295351523
Equatorial Guinea,2025,energy_poverty_electricity_urban (% of urban population),11.125,estimated,linear_projection,2024.0,0.9368713450292347
Equatorial Guinea,2025,energy_poverty_multidimensional (% of total population),55.5327380952381,measured,source_ingest,2025.0,
Equatorial Guinea,2025,fossil_share_elec,73.0863888888889,estimated,linear_projection,2024.0,0.5123719290458368
Equatorial Guinea,2025,gdp,18546055227.43742,estimated,dampened_exponential_log_linear,2022.0,0.8288084526511179
Equatorial Guinea,2025,greenhouse_gas_emissions,0.9829183588150873,estimated,dampened_exponential_log_linear,2024.0,0.7922170516066804
Equatorial Guinea,2025,hydro_electricity,0.392641267531486,estimated,dampened_exponential_log_linear,2024.0,0.23050408054060334
Equatorial Guinea,2025,low_carbon_share_elec,26.913611111111095,estimated,linear_projection,2024.0,0.5123719290458304
Equatorial Guinea,2025,population,1938438.1698294757,estimated,limit_year_population_growth_rate_exponential,2024.0,
Equatorial Guinea,2025,renewables_electricity,0.392641267531486,estimated,dampened_exponential_log_linear,2024.0,0.23050408054060334
Equatorial Guinea,2025,renewables_share_elec,26.913611111111095,estimated,linear_projection,2024.0,0.5123719290458304
Equatorial Guinea,2025,solar_electricity,,missing,no_history,,
Equatorial Guinea,2025,wind_electricity,,missing,no_history,,
Eritrea,2016,Access to Clean Fuels and Technologies for cooking (% of total population),10.6,measured,source_ingest,2016.0,
Eritrea,2016,Access to electricity (% of total population),46.9,measured,source_ingest,2016.0,
Eritrea,2016,Population growth (annual %),0.614809318134095,measured,source_ingest,2016.0,
Eritrea,2016,carbon_intensity_elec,666.67,measured,source_ingest,2016.0,
Eritrea,2016,electricity_demand (TWh),0.27,measured,source_ingest,2016.0,
Eritrea,2016,electricity_generation (TWh),0.27,measured,source_ingest,2016.0,
Eritrea,2016,energy_poverty_electricity (% of total population),53.1,derived,one_minus_access,2016.0,
Eritrea,2016,energy_poverty_electricity_rural (% of rural population),72.0,measured,source_ingest,2016.0,
Eritrea,2016,energy_poverty_electricity_urban (% of urban population),23.299999999999997,measured,source_ingest,2016.0,
Eritrea,2016,energy_poverty_multidimensional (% of total population),71.25,measured,source_ingest,2016.0,
Eritrea,2016,fossil_share_elec,100.0,measured,source_ingest,2016.0,
Eritrea,2016,gdp,,missing,no_history,,
Eritrea,2016,greenhouse_gas_emissions,0.18,measured,source_ingest,2016.0,
Eritrea,2016,hydro_electricity,0.0,measured,source_ingest,2016.0,
Eritrea,2016,low_carbon_share_elec,0.0,measured,source_ingest,2016.0,
Eritrea,2016,population,3124700.0,measured,source_ingest,2016.0,
Eritrea,2016,renewables_electricity,0.0,measured,source_ingest,2016.0,
Eritrea,2016,renewables_share_elec,0.0,measured,source_ingest,2016.0,
Eritrea,2016,solar_electricity,0.0,measured,source_ingest,2016.0,
Eritrea,2016,wind_electricity,0.0,measured,source_ingest,2016.0,
Eritrea,2017,Access to Clean Fuels and Technologies for cooking (% of total population),11.0,measured,source_ingest,2017.0,
Eritrea,2017,Access to electricity (% of total population),48.0,measured,source_ingest,2017.0,
Eritrea,2017,Population growth (annual %),0.817496698225399,measured,source_ingest,2017.0,
Eritrea,2017,carbon_intensity_elec,647.06,measured,source_ingest,2017.0,
Eritrea,2017,electricity_demand (TWh),0.34,measured,source_ingest,2017.0,
Eritrea,2017,electricity_generation (TWh),0.34,measured,source_ingest,2017.0,
Eritrea,2017,energy_poverty_electricity (% of total population),52.0,derived,one_minus_access,2017.0,
Eritrea,2017,energy_poverty_electricity_rural (% of rural population),70.5,measured,source_ingest,2017.0,
Eritrea,2017,energy_poverty_electricity_urban (% of urban population),23.5,measured,source_ingest,2017.0,
Eritrea,2017,energy_poverty_multidimensional (% of total population),70.5,measured,source_ingest,2017.0,
Eritrea,2017,fossil_share_elec,97.059,measured,source_ingest,2017.0,
Eritrea,2017,gdp,,missing,no_history,,
Eritrea,2017,greenhouse_gas_emissions,0.22,measured,source_ingest,2017.0,
Eritrea,2017,hydro_electricity,0.0,measured,source_ingest,2017.0,
Eritrea,2017,low_carbon_share_elec,2.941,measured,source_ingest,2017.0,
Eritrea,2017,population,3150350.0,measured,source_ingest,2017.0,
Eritrea,2017,renewables_electricity,0.01,measured,source_ingest,2017.0,
Eritrea,2017,renewables_share_elec,2.941,measured,source_ingest,2017.0,
Eritrea,2017,solar_electricity,0.01,measured,source_ingest,2017.0,
Eritrea,2017,wind_electricity,0.0,measured,source_ingest,2017.0,
Eritrea,2018,Access to Clean Fuels and Technologies for cooking (% of total population),11.2,measured,source_ingest,2018.0,
Eritrea,2018,Access to electricity (% of total population),49.1,measured,source_ingest,2018.0,
Eritrea,2018,Population growth (annual %),1.33731409848117,measured,source_ingest,2018.0,
Eritrea,2018,carbon_intensity_elec,564.1,measured,source_ingest,2018.0,
Eritrea,2018,electricity_demand (TWh),0.39,measured,source_ingest,2018.0,
Eritrea,2018,electricity_generation (TWh),0.39,measured,source_ingest,2018.0,
Eritrea,2018,energy_poverty_electricity (% of total population),50.9,derived,one_minus_access,2018.0,
Eritrea,2018,energy_poverty_electricity_rural (% of rural population),69.0,measured,source_ingest,2018.0,
Eritrea,2018,energy_poverty_electricity_urban (% of urban population),23.700000000000003,measured,source_ingest,2018.0,
Eritrea,2018,energy_poverty_multidimensional (% of total population),69.85,measured,source_ingest,2018.0,
Eritrea,2018,fossil_share_elec,87.179,measured,source_ingest,2018.0,
Eritrea,2018,gdp,,missing,no_history,,
Eritrea,2018,greenhouse_gas_emissions,0.22,measured,source_ingest,2018.0,
Eritrea,2018,hydro_electricity,0.0,measured,source_ingest,2018.0,
Eritrea,2018,low_carbon_share_elec,12.821,measured,source_ingest,2018.0,
Eritrea,2018,population,3192763.0,measured,source_ingest,2018.0,
Eritrea,2018,renewables_electricity,0.05,measured,source_ingest,2018.0,
Eritrea,2018,renewables_share_elec,12.821,measured,source_ingest,2018.0,
Eritrea,2018,solar_electricity,0.05,measured,source_ingest,2018.0,
Eritrea,2018,wind_electricity,0.0,measured,source_ingest,2018.0,
Eritrea,2019,Access to Clean Fuels and Technologies for cooking (% of total population),11.4,measured,source_ingest,2019.0,
Eritrea,2019,Access to electricity (% of total population),50.3,measured,source_ingest,2019.0,
Eritrea,2019,Population growth (annual %),1.47474580694345,measured,source_ingest,2019.0,
Eritrea,2019,carbon_intensity_elec,575.0,measured,source_ingest,2019.0,
Eritrea,2019,electricity_demand (TWh),0.4,measured,source_ingest,2019.0,
Eritrea,2019,electricity_generation (TWh),0.4,measured,source_ingest,2019.0,
Eritrea,2019,energy_poverty_electricity (% of total population),49.7,derived,one_minus_access,2019.0,
Eritrea,2019,energy_poverty_electricity_rural (% of rural population),67.5,measured,source_ingest,2019.0,
Eritrea,2019,energy_poverty_electricity_urban (% of urban population),23.900000000000006,measured,source_ingest,2019.0,
Eritrea,2019,energy_poverty_multidimensional (% of total population),69.15,measured,source_ingest,2019.0,
Eritrea,2019,fossil_share_elec,87.5,measured,source_ingest,2019.0,
Eritrea,2019,gdp,,missing,no_history,,
Eritrea,2019,greenhouse_gas_emissions,0.23,measured,source_ingest,2019.0,
Eritrea,2019,hydro_electricity,0.0,measured,source_ingest,2019.0,
Eritrea,2019,low_carbon_share_elec,12.5,measured,source_ingest,2019.0,
Eritrea,2019,population,3240194.0,measured,source_ingest,2019.0,
Eritrea,2019,renewables_electricity,0.05,measured,source_ingest,2019.0,
Eritrea,2019,renewables_share_elec,12.5,measured,source_ingest,2019.0,
Eritrea,2019,solar_electricity,0.05,measured,source_ingest,2019.0,
Eritrea,2019,wind_electricity,0.0,measured,source_ingest,2019.0,
Eritrea,2020,Access to Clean Fuels and Technologies for cooking (% of total population),11.7,measured,source_ingest,2020.0,
Eritrea,2020,Access to electricity (% of total population),51.4,measured,source_ingest,2020.0,
Eritrea,2020,Population growth (annual %),1.56406078076077,measured,source_ingest,2020.0,
Eritrea,2020,carbon_intensity_elec,585.37,measured,source_ingest,2020.0,
Eritrea,2020,electricity_demand (TWh),0.41,measured,source_ingest,2020.0,
Eritrea,2020,electricity_generation (TWh),0.41,measured,source_ingest,2020.0,
Eritrea,2020,energy_poverty_electricity (% of total population),48.6,derived,one_minus_access,2020.0,
Eritrea,2020,energy_poverty_electricity_rural (% of rural population),65.9,measured,source_ingest,2020.0,
Eritrea,2020,energy_poverty_electricity_urban (% of urban population),24.099999999999994,measured,source_ingest,2020.0,
Eritrea,2020,energy_poverty_multidimensional (% of total population),68.45,measured,source_ingest,2020.0,
Eritrea,2020,fossil_share_elec,87.805,measured,source_ingest,2020.0,
Eritrea,2020,gdp,,missing,no_history,,
Eritrea,2020,greenhouse_gas_emissions,0.24,measured,source_ingest,2020.0,
Eritrea,2020,hydro_electricity,0.0,measured,source_ingest,2020.0,
Eritrea,2020,low_carbon_share_elec,12.195,measured,source_ingest,2020.0,
Eritrea,2020,population,3291277.0,measured,source_ingest,2020.0,
Eritrea,2020,renewables_electricity,0.05,measured,source_ingest,2020.0,
Eritrea,2020,renewables_share_elec,12.195,measured,source_ingest,2020.0,
Eritrea,2020,solar_electricity,0.05,measured,source_ingest,2020.0,
Eritrea,2020,wind_electricity,0.0,measured,source_ingest,2020.0,
Eritrea,2021,Access to Clean Fuels and Technologies for cooking (% of total population),12.0,measured,source_ingest,2021.0,
Eritrea,2021,Access to electricity (% of total population),52.5,measured,source_ingest,2021.0,
Eritrea,2021,Population growth (annual %),1.77411588481268,measured,source_ingest,2021.0,
Eritrea,2021,carbon_intensity_elec,571.43,measured,source_ingest,2021.0,
Eritrea,2021,electricity_demand (TWh),0.42,measured,source_ingest,2021.0,
Eritrea,2021,electricity_generation (TWh),0.42,measured,source_ingest,2021.0,
Eritrea,2021,energy_poverty_electricity (% of total population),47.5,derived,one_minus_access,2021.0,
Eritrea,2021,energy_poverty_electricity_rural (% of rural population),64.3,measured,source_ingest,2021.0,
Eritrea,2021,energy_poverty_electricity_urban (% of urban population),24.299999999999997,measured,source_ingest,2021.0,
Eritrea,2021,energy_poverty_multidimensional (% of total population),67.75,measured,source_ingest,2021.0,
Eritrea,2021,fossil_share_elec,88.095,measured,source_ingest,2021.0,
Eritrea,2021,gdp,,missing,no_history,,
Eritrea,2021,greenhouse_gas_emissions,0.24,measured,source_ingest,2021.0,
Eritrea,2021,hydro_electricity,0.0,measured,source_ingest,2021.0,
Eritrea,2021,low_carbon_share_elec,11.905,measured,source_ingest,2021.0,
Eritrea,2021,population,3350185.0,measured,source_ingest,2021.0,
Eritrea,2021,renewables_electricity,0.05,measured,source_ingest,2021.0,
Eritrea,2021,renewables_share_elec,11.905,measured,source_ingest,2021.0,
Eritrea,2021,solar_electricity,0.05,measured,source_ingest,2021.0,
Eritrea,2021,wind_electricity,0.0,measured,source_ingest,2021.0,
Eritrea,2022,Access to Clean Fuels and Technologies for cooking (% of total population),11.9,measured,source_ingest,2022.0,
Eritrea,2022,Access to electricity (% of total population),55.4,measured,source_ingest,2022.0,
Eritrea,2022,Population growth (annual %),1.75351368458045,measured,source_ingest,2022.0,
Eritrea,2022,carbon_intensity_elec,590.91,measured,source_ingest,2022.0,
Eritrea,2022,electricity_demand (TWh),0.44,measured,source_ingest,2022.0,
Eritrea,2022,electricity_generation (TWh),0.44,measured,source_ingest,2022.0,
Eritrea,2022,energy_poverty_electricity (% of total population),44.6,derived,one_minus_access,2022.0,
Eritrea,2022,energy_poverty_electricity_rural (% of rural population),64.0,measured,source_ingest,2022.0,
Eritrea,2022,energy_poverty_electricity_urban (% of urban population),24.5,measured,source_ingest,2022.0,
Eritrea,2022,energy_poverty_multidimensional (% of total population),67.35,measured,source_ingest,2022.0,
Eritrea,2022,fossil_share_elec,88.636,measured,source_ingest,2022.0,
Eritrea,2022,gdp,,missing,no_history,,
Eritrea,2022,greenhouse_gas_emissions,0.26,measured,source_ingest,2022.0,
Eritrea,2022,hydro_electricity,0.0,measured,source_ingest,2022.0,
Eritrea,2022,low_carbon_share_elec,11.364,measured,source_ingest,2022.0,
Eritrea,2022,population,3409450.0,measured,source_ingest,2022.0,
Eritrea,2022,renewables_electricity,0.05,measured,source_ingest,2022.0,
Eritrea,2022,renewables_share_elec,11.364,measured,source_ingest,2022.0,
Eritrea,2022,solar_electricity,0.05,measured,source_ingest,2022.0,
Eritrea,2022,wind_electricity,0.0,measured,source_ingest,2022.0,
Eritrea,2023,Access to Clean Fuels and Technologies for cooking (% of total population),12.0,measured,source_ingest,2023.0,
Eritrea,2023,Access to electricity (% of total population),54.4,measured,source_ingest,2023.0,
Eritrea,2023,Population growth (annual %),1.77168715176453,measured,source_ingest,2023.0,
Eritrea,2023,carbon_intensity_elec,591.84,measured,source_ingest,2023.0,
Eritrea,2023,electricity_demand (TWh),0.49,measured,source_ingest,2023.0,
Eritrea,2023,electricity_generation (TWh),0.49,measured,source_ingest,2023.0,
Eritrea,2023,energy_poverty_electricity (% of total population),45.6,derived,one_minus_access,2023.0,
Eritrea,2023,energy_poverty_electricity_rural (% of rural population),62.9,measured,source_ingest,2023.0,
Eritrea,2023,energy_poverty_electricity_urban (% of urban population),22.900000000000006,measured,source_ingest,2023.0,
Eritrea,2023,energy_poverty_multidimensional (% of total population),66.8,measured,source_ingest,2023.0,
Eritrea,2023,fossil_share_elec,89.796,measured,source_ingest,2023.0,
Eritrea,2023,gdp,,missing,no_history,,
Eritrea,2023,greenhouse_gas_emissions,0.29,measured,source_ingest,2023.0,
Eritrea,2023,hydro_electricity,0.0,measured,source_ingest,2023.0,
Eritrea,2023,low_carbon_share_elec,10.204,measured,source_ingest,2023.0,
Eritrea,2023,population,3470391.0,measured,source_ingest,2023.0,
Eritrea,2023,renewables_electricity,0.05,measured,source_ingest,2023.0,
Eritrea,2023,renewables_share_elec,10.204,measured,source_ingest,2023.0,
Eritrea,2023,solar_electricity,0.05,measured,source_ingest,2023.0,
Eritrea,2023,wind_electricity,0.0,measured,source_ingest,2023.0,
Eritrea,2024,Access to Clean Fuels and Technologies for cooking (% of total population),12.385714285714357,estimated,linear_projection,2023.0,0.9273520729046271
Eritrea,2024,Access to electricity (% of total population),55.3,measured,source_ingest,2024.0,
Eritrea,2024,Population growth (annual %),1.86168851424672,measured,source_ingest,2024.0,
Eritrea,2024,carbon_intensity_elec,577.78,measured,source_ingest,2024.0,
Eritrea,2024,electricity_demand (TWh),0.45,measured,source_ingest,2024.0,
Eritrea,2024,electricity_generation (TWh),0.45,measured,source_ingest,2024.0,
Eritrea,2024,energy_poverty_electricity (% of total population),44.7,derived,one_minus_access,2024.0,
Eritrea,2024,energy_poverty_electricity_rural (% of rural population),56.8,measured,source_ingest,2024.0,
Eritrea,2024,energy_poverty_electricity_urban (% of urban population),21.900000000000006,measured,source_ingest,2024.0,
Eritrea,2024,energy_poverty_multidimensional (% of total population),66.00000000000023,measured,source_ingest,2024.0,
Eritrea,2024,fossil_share_elec,88.889,measured,source_ingest,2024.0,
Eritrea,2024,gdp,,missing,no_history,,
Eritrea,2024,greenhouse_gas_emissions,0.26,measured,source_ingest,2024.0,
Eritrea,2024,hydro_electricity,0.0,measured,source_ingest,2024.0,
Eritrea,2024,low_carbon_share_elec,11.111,measured,source_ingest,2024.0,
Eritrea,2024,population,3535610.0,measured,source_ingest,2024.0,
Eritrea,2024,renewables_electricity,0.05,measured,source_ingest,2024.0,
Eritrea,2024,renewables_share_elec,11.111,measured,source_ingest,2024.0,
Eritrea,2024,solar_electricity,0.05,measured,source_ingest,2024.0,
Eritrea,2024,wind_electricity,0.0,measured,source_ingest,2024.0,
Eritrea,2025,Access to Clean Fuels and Technologies for cooking (% of total population),12.588095238095264,estimated,linear_projection,2023.0,0.9273520729046271
Eritrea,2025,Access to electricity (% of total population),57.0835034927961,estimated,logistic_logit_linear,2024.0,0.9557339845919903
Eritrea,2025,Population growth (annual %),1.99933689205926,measured,source_ingest,2025.0,
Eritrea,2025,carbon_intensity_elec,570.5705606950606,estimated,dampened_exponential_log_linear,2024.0,0.3528813242626273
Eritrea,2025,electricity_demand (TWh),0.47647236011277155,estimated,dampened_exponential_log_linear,2024.0,0.7913545853130467
Eritrea,2025,electricity_generation (TWh),0.47647236011277155,estimated,dampened_exponential_log_linear,2024.0,0.7913545853130467
Eritrea,2025,energy_poverty_electricity (% of total population),42.9164965072039,estimated,one_minus_access,2024.0,
Eritrea,2025,energy_poverty_electricity_rural (% of rural population),57.81111111111113,estimated,linear_projection,2024.0,0.9267433273552169
Eritrea,2025,energy_poverty_electricity_urban (% of urban population),23.116666666666674,estimated,linear_projection,2024.0,0.09492187499999172
Eritrea,2025,energy_poverty_multidimensional (% of total population),65.35833333333358,measured,source_ingest,2025.0,
Eritrea,2025,fossil_share_elec,85.32399999999961,estimated,linear_projection,2024.0,0.37927122503787214
Eritrea,2025,gdp,,missing,no_history,,
Eritrea,2025,greenhouse_gas_emissions,0.2718599602207066,estimated,dampened_exponential_log_linear,2024.0,0.8194972479941787
Eritrea,2025,hydro_electricity,,missing,no_history,,
Eritrea,2025,low_carbon_share_elec,14.676000000000386,estimated,linear_projection,2024.0,0.37927122503787203
Eritrea,2025,population,3607010.141362025,estimated,limit_year_population_growth_rate_exponential,2024.0,
Eritrea,2025,renewables_electricity,0.05717649180414602,estimated,dampened_exponential_log_linear,2024.0,0.33333333333333315
Eritrea,2025,renewables_share_elec,14.676000000000386,estimated,linear_projection,2024.0,0.37927122503787203
Eritrea,2025,solar_electricity,0.05717649180414602,estimated,dampened_exponential_log_linear,2024.0,0.33333333333333315
Eritrea,2025,wind_electricity,,missing,no_history,,
Eswatini,2016,Access to Clean Fuels and Technologies for cooking (% of total population),47.0,measured,source_ingest,2016.0,
Eswatini,2016,Access to electricity (% of total population),63.4,measured,source_ingest,2016.0,
Eswatini,2016,Population growth (annual %),0.584038792817515,measured,source_ingest,2016.0,
Eswatini,2016,carbon_intensity_elec,222.22,measured,source_ingest,2016.0,
Eswatini,2016,electricity_demand (TWh),1.42,measured,source_ingest,2016.0,
Eswatini,2016,electricity_generation (TWh),0.36,measured,source_ingest,2016.0,
Eswatini,2016,energy_poverty_electricity (% of total population),36.6,derived,one_minus_access,2016.0,
Eswatini,2016,energy_poverty_electricity_rural (% of rural population),41.9,measured,source_ingest,2016.0,
Eswatini,2016,energy_poverty_electricity_urban (% of urban population),19.0,measured,source_ingest,2016.0,
Eswatini,2016,energy_poverty_multidimensional (% of total population),44.8,measured,source_ingest,2016.0,
Eswatini,2016,fossil_share_elec,8.333,measured,source_ingest,2016.0,
Eswatini,2016,gdp,8545156780.0,measured,source_ingest,2016.0,
Eswatini,2016,greenhouse_gas_emissions,0.08,measured,source_ingest,2016.0,
Eswatini,2016,hydro_electricity,0.12,measured,source_ingest,2016.0,
Eswatini,2016,low_carbon_share_elec,91.667,measured,source_ingest,2016.0,
Eswatini,2016,population,1149516.0,measured,source_ingest,2016.0,
Eswatini,2016,renewables_electricity,0.33,measured,source_ingest,2016.0,
Eswatini,2016,renewables_share_elec,91.667,measured,source_ingest,2016.0,
Eswatini,2016,solar_electricity,0.0,measured,source_ingest,2016.0,
Eswatini,2016,wind_electricity,0.0,measured,source_ingest,2016.0,
Eswatini,2017,Access to Clean Fuels and Technologies for cooking (% of total population),47.75,measured,source_ingest,2017.0,
Eswatini,2017,Access to electricity (% of total population),73.5,measured,source_ingest,2017.0,
Eswatini,2017,Population growth (annual %),0.752960394981198,measured,source_ingest,2017.0,
Eswatini,2017,carbon_intensity_elec,139.54,measured,source_ingest,2017.0,
Eswatini,2017,electricity_demand (TWh),1.45,measured,source_ingest,2017.0,
Eswatini,2017,electricity_generation (TWh),0.43,measured,source_ingest,2017.0,
Eswatini,2017,energy_poverty_electricity (% of total population),26.5,derived,one_minus_access,2017.0,
Eswatini,2017,energy_poverty_electricity_rural (% of rural population),30.200000000000003,measured,source_ingest,2017.0,
Eswatini,2017,energy_poverty_electricity_urban (% of urban population),14.700000000000003,measured,source_ingest,2017.0,
Eswatini,2017,energy_poverty_multidimensional (% of total population),39.375,measured,source_ingest,2017.0,
Eswatini,2017,fossil_share_elec,4.651,measured,source_ingest,2017.0,
Eswatini,2017,gdp,8725282454.0,measured,source_ingest,2017.0,
Eswatini,2017,greenhouse_gas_emissions,0.06,measured,source_ingest,2017.0,
Eswatini,2017,hydro_electricity,0.21,measured,source_ingest,2017.0,
Eswatini,2017,low_carbon_share_elec,95.349,measured,source_ingest,2017.0,
Eswatini,2017,population,1158198.0,measured,source_ingest,2017.0,
Eswatini,2017,renewables_electricity,0.41,measured,source_ingest,2017.0,
Eswatini,2017,renewables_share_elec,95.349,measured,source_ingest,2017.0,
Eswatini,2017,solar_electricity,0.0,measured,source_ingest,2017.0,
Eswatini,2017,wind_electricity,0.0,measured,source_ingest,2017.0,
Eswatini,2018,Access to Clean Fuels and Technologies for cooking (% of total population),48.4,measured,source_ingest,2018.0,
Eswatini,2018,Access to electricity (% of total population),74.0,measured,source_ingest,2018.0,
Eswatini,2018,Population growth (annual %),0.922518621738631,measured,source_ingest,2018.0,
Eswatini,2018,carbon_intensity_elec,142.86,measured,source_ingest,2018.0,
Eswatini,2018,electricity_demand (TWh),1.43,measured,source_ingest,2018.0,
Eswatini,2018,electricity_generation (TWh),0.49,measured,source_ingest,2018.0,
Eswatini,2018,energy_poverty_electricity (% of total population),26.0,derived,one_minus_access,2018.0,
Eswatini,2018,energy_poverty_electricity_rural (% of rural population),30.299999999999997,measured,source_ingest,2018.0,
Eswatini,2018,energy_poverty_electricity_urban (% of urban population),12.299999999999997,measured,source_ingest,2018.0,
Eswatini,2018,energy_poverty_multidimensional (% of total population),38.8,measured,source_ingest,2018.0,
Eswatini,2018,fossil_share_elec,4.082,measured,source_ingest,2018.0,
Eswatini,2018,gdp,8936238936.0,measured,source_ingest,2018.0,
Eswatini,2018,greenhouse_gas_emissions,0.07,measured,source_ingest,2018.0,
Eswatini,2018,hydro_electricity,0.27,measured,source_ingest,2018.0,
Eswatini,2018,low_carbon_share_elec,95.918,measured,source_ingest,2018.0,
Eswatini,2018,population,1168933.0,measured,source_ingest,2018.0,
Eswatini,2018,renewables_electricity,0.47,measured,source_ingest,2018.0,
Eswatini,2018,renewables_share_elec,95.918,measured,source_ingest,2018.0,
Eswatini,2018,solar_electricity,0.0,measured,source_ingest,2018.0,
Eswatini,2018,wind_electricity,0.0,measured,source_ingest,2018.0,
Eswatini,2019,Access to Clean Fuels and Technologies for cooking (% of total population),48.7,measured,source_ingest,2019.0,
Eswatini,2019,Access to electricity (% of total population),77.0,measured,source_ingest,2019.0,
Eswatini,2019,Population growth (annual %),0.931970814127083,measured,source_ingest,2019.0,
Eswatini,2019,carbon_intensity_elec,204.08,measured,source_ingest,2019.0,
Eswatini,2019,electricity_demand (TWh),1.53,measured,source_ingest,2019.0,
Eswatini,2019,electricity_generation (TWh),0.49,measured,source_ingest,2019.0,
Eswatini,2019,energy_poverty_electricity (% of total population),23.0,derived,one_minus_access,2019.0,
Eswatini,2019,energy_poverty_electricity_rural (% of rural population),27.099999999999994,measured,source_ingest,2019.0,
Eswatini,2019,energy_poverty_electricity_urban (% of urban population),10.0,measured,source_ingest,2019.0,
Eswatini,2019,energy_poverty_multidimensional (% of total population),37.15,measured,source_ingest,2019.0,
Eswatini,2019,fossil_share_elec,8.163,measured,source_ingest,2019.0,
Eswatini,2019,gdp,9177836965.0,measured,source_ingest,2019.0,
Eswatini,2019,greenhouse_gas_emissions,0.1,measured,source_ingest,2019.0,
Eswatini,2019,hydro_electricity,0.23,measured,source_ingest,2019.0,
Eswatini,2019,low_carbon_share_elec,91.837,measured,source_ingest,2019.0,
Eswatini,2019,population,1179885.0,measured,source_ingest,2019.0,
Eswatini,2019,renewables_electricity,0.45,measured,source_ingest,2019.0,
Eswatini,2019,renewables_share_elec,91.837,measured,source_ingest,2019.0,
Eswatini,2019,solar_electricity,0.0,measured,source_ingest,2019.0,
Eswatini,2019,wind_electricity,0.0,measured,source_ingest,2019.0,
Eswatini,2020,Access to Clean Fuels and Technologies for cooking (% of total population),49.4,measured,source_ingest,2020.0,
Eswatini,2020,Access to electricity (% of total population),80.0,measured,source_ingest,2020.0,
Eswatini,2020,Population growth (annual %),1.0836305772053,measured,source_ingest,2020.0,
Eswatini,2020,carbon_intensity_elec,163.27,measured,source_ingest,2020.0,
Eswatini,2020,electricity_demand (TWh),1.4,measured,source_ingest,2020.0,
Eswatini,2020,electricity_generation (TWh),0.49,measured,source_ingest,2020.0,
Eswatini,2020,energy_poverty_electricity (% of total population),20.0,derived,one_minus_access,2020.0,
Eswatini,2020,energy_poverty_electricity_rural (% of rural population),23.900000000000006,measured,source_ingest,2020.0,
Eswatini,2020,energy_poverty_electricity_urban (% of urban population),7.700000000000003,measured,source_ingest,2020.0,
Eswatini,2020,energy_poverty_multidimensional (% of total population),35.3,measured,source_ingest,2020.0,
Eswatini,2020,fossil_share_elec,4.082,measured,source_ingest,2020.0,
Eswatini,2020,gdp,9034694873.0,measured,source_ingest,2020.0,
Eswatini,2020,greenhouse_gas_emissions,0.08,measured,source_ingest,2020.0,
Eswatini,2020,hydro_electricity,0.23,measured,source_ingest,2020.0,
Eswatini,2020,low_carbon_share_elec,95.918,measured,source_ingest,2020.0,
Eswatini,2020,population,1192734.0,measured,source_ingest,2020.0,
Eswatini,2020,renewables_electricity,0.47,measured,source_ingest,2020.0,
Eswatini,2020,renewables_share_elec,95.918,measured,source_ingest,2020.0,
Eswatini,2020,solar_electricity,0.0,measured,source_ingest,2020.0,
Eswatini,2020,wind_electricity,0.0,measured,source_ingest,2020.0,
Eswatini,2021,Access to Clean Fuels and Technologies for cooking (% of total population),49.5,measured,source_ingest,2021.0,
Eswatini,2021,Access to electricity (% of total population),82.9,measured,source_ingest,2021.0,
Eswatini,2021,Population growth (annual %),1.15567266949473,measured,source_ingest,2021.0,
Eswatini,2021,carbon_intensity_elec,137.26,measured,source_ingest,2021.0,
Eswatini,2021,electricity_demand (TWh),1.41,measured,source_ingest,2021.0,
Eswatini,2021,electricity_generation (TWh),0.51,measured,source_ingest,2021.0,
Eswatini,2021,energy_poverty_electricity (% of total population),17.099999999999994,derived,one_minus_access,2021.0,
Eswatini,2021,energy_poverty_electricity_rural (% of rural population),20.900000000000006,measured,source_ingest,2021.0,
Eswatini,2021,energy_poverty_electricity_urban (% of urban population),5.400000000000006,measured,source_ingest,2021.0,
Eswatini,2021,energy_poverty_multidimensional (% of total population),33.8,measured,source_ingest,2021.0,
Eswatini,2021,fossil_share_elec,3.922,measured,source_ingest,2021.0,
Eswatini,2021,gdp,9746927305.0,measured,source_ingest,2021.0,
Eswatini,2021,greenhouse_gas_emissions,0.07,measured,source_ingest,2021.0,
Eswatini,2021,hydro_electricity,0.26,measured,source_ingest,2021.0,
Eswatini,2021,low_carbon_share_elec,96.078,measured,source_ingest,2021.0,
Eswatini,2021,population,1206598.0,measured,source_ingest,2021.0,
Eswatini,2021,renewables_electricity,0.49,measured,source_ingest,2021.0,
Eswatini,2021,renewables_share_elec,96.078,measured,source_ingest,2021.0,
Eswatini,2021,solar_electricity,0.03,measured,source_ingest,2021.0,
Eswatini,2021,wind_electricity,0.0,measured,source_ingest,2021.0,
Eswatini,2022,Access to Clean Fuels and Technologies for cooking (% of total population),49.9,measured,source_ingest,2022.0,
Eswatini,2022,Access to electricity (% of total population),82.3,measured,source_ingest,2022.0,
Eswatini,2022,Population growth (annual %),1.01620740015869,measured,source_ingest,2022.0,
Eswatini,2022,carbon_intensity_elec,127.27,measured,source_ingest,2022.0,
Eswatini,2022,electricity_demand (TWh),1.47,measured,source_ingest,2022.0,
Eswatini,2022,electricity_generation (TWh),0.55,measured,source_ingest,2022.0,
Eswatini,2022,energy_poverty_electricity (% of total population),17.700000000000003,derived,one_minus_access,2022.0,
Eswatini,2022,energy_poverty_electricity_rural (% of rural population),18.400000000000006,measured,source_ingest,2022.0,
Eswatini,2022,energy_poverty_electricity_urban (% of urban population),13.900000000000006,measured,source_ingest,2022.0,
Eswatini,2022,energy_poverty_multidimensional (% of total population),33.900000000000006,measured,source_ingest,2022.0,
Eswatini,2022,fossil_share_elec,3.636,measured,source_ingest,2022.0,
Eswatini,2022,gdp,9594910875.0,measured,source_ingest,2022.0,
Eswatini,2022,greenhouse_gas_emissions,0.07,measured,source_ingest,2022.0,
Eswatini,2022,hydro_electricity,0.3,measured,source_ingest,2022.0,
Eswatini,2022,low_carbon_share_elec,96.364,measured,source_ingest,2022.0,
Eswatini,2022,population,1218921.0,measured,source_ingest,2022.0,
Eswatini,2022,renewables_electricity,0.53,measured,source_ingest,2022.0,
Eswatini,2022,renewables_share_elec,96.364,measured,source_ingest,2022.0,
Eswatini,2022,solar_electricity,0.03,measured,source_ingest,2022.0,
Eswatini,2022,wind_electricity,0.0,measured,source_ingest,2022.0,
Eswatini,2023,Access to Clean Fuels and Technologies for cooking (% of total population),50.3,measured,source_ingest,2023.0,
Eswatini,2023,Access to electricity (% of total population),86.4,measured,source_ingest,2023.0,
Eswatini,2023,Population growth (annual %),0.946270731993531,measured,source_ingest,2023.0,
Eswatini,2023,carbon_intensity_elec,121.21,measured,source_ingest,2023.0,
Eswatini,2023,electricity_demand (TWh),1.7,measured,source_ingest,2023.0,
Eswatini,2023,electricity_generation (TWh),0.66,measured,source_ingest,2023.0,
Eswatini,2023,energy_poverty_electricity (% of total population),13.599999999999994,derived,one_minus_access,2023.0,
Eswatini,2023,energy_poverty_electricity_rural (% of rural population),15.099999999999994,measured,source_ingest,2023.0,
Eswatini,2023,energy_poverty_electricity_urban (% of urban population),9.0,measured,source_ingest,2023.0,
Eswatini,2023,energy_poverty_multidimensional (% of total population),31.65000000000001,measured,source_ingest,2023.0,
Eswatini,2023,fossil_share_elec,3.03,measured,source_ingest,2023.0,
Eswatini,2023,gdp,9795741116.510323,estimated,dampened_exponential_log_linear,2022.0,0.8769276905392844
Eswatini,2023,greenhouse_gas_emissions,0.08,measured,source_ingest,2023.0,
Eswatini,2023,hydro_electricity,0.4,measured,source_ingest,2023.0,
Eswatini,2023,low_carbon_share_elec,96.97,measured,source_ingest,2023.0,
Eswatini,2023,population,1230507.0,measured,source_ingest,2023.0,
Eswatini,2023,renewables_electricity,0.64,measured,source_ingest,2023.0,
Eswatini,2023,renewables_share_elec,96.97,measured,source_ingest,2023.0,
Eswatini,2023,solar_electricity,0.03,measured,source_ingest,2023.0,
Eswatini,2023,wind_electricity,0.0,measured,source_ingest,2023.0,
Eswatini,2024,Access to Clean Fuels and Technologies for cooking (% of total population),50.8964285714286,estimated,linear_projection,2023.0,0.9707248984044586
Eswatini,2024,Access to electricity (% of total population),89.3,measured,source_ingest,2024.0,
Eswatini,2024,Population growth (annual %),0.995913343966098,measured,source_ingest,2024.0,
Eswatini,2024,carbon_intensity_elec,131.15,measured,source_ingest,2024.0,
Eswatini,2024,electricity_demand (TWh),1.65,measured,source_ingest,2024.0,
Eswatini,2024,electricity_generation (TWh),0.61,measured,source_ingest,2024.0,
Eswatini,2024,energy_poverty_electricity (% of total population),10.700000000000003,derived,one_minus_access,2024.0,
Eswatini,2024,energy_poverty_electricity_rural (% of rural population),11.700000000000003,measured,source_ingest,2024.0,
Eswatini,2024,energy_poverty_electricity_urban (% of urban population),7.900000000000006,measured,source_ingest,2024.0,
Eswatini,2024,energy_poverty_multidimensional (% of total population),29.546428571428805,measured,source_ingest,2024.0,
Eswatini,2024,fossil_share_elec,3.279,measured,source_ingest,2024.0,
Eswatini,2024,gdp,10000774918.265291,estimated,dampened_exponential_log_linear,2022.0,0.8769276905392844
Eswatini,2024,greenhouse_gas_emissions,0.08,measured,source_ingest,2024.0,
Eswatini,2024,hydro_electricity,0.35,measured,source_ingest,2024.0,
Eswatini,2024,low_carbon_share_elec,96.721,measured,source_ingest,2024.0,
Eswatini,2024,population,1242829.0,measured,source_ingest,2024.0,
Eswatini,2024,renewables_electricity,0.59,measured,source_ingest,2024.0,
Eswatini,2024,renewables_share_elec,96.721,measured,source_ingest,2024.0,
Eswatini,2024,solar_electricity,0.03,measured,source_ingest,2024.0,
Eswatini,2024,wind_electricity,0.0,measured,source_ingest,2024.0,
Eswatini,2025,Access to Clean Fuels and Technologies for cooking (% of total population),51.347023809523876,estimated,linear_projection,2023.0,0.9707248984044586
Eswatini,2025,Access to electricity (% of total population),90.11625845449937,estimated,logistic_logit_linear,2024.0,0.953492210107149
Eswatini,2025,Population growth (annual %),1.06859931393766,measured,source_ingest,2025.0,
Eswatini,2025,carbon_intensity_elec,124.42248303802054,estimated,dampened_exponential_log_linear,2024.0,0.45969819798469935
Eswatini,2025,electricity_demand (TWh),1.6791617576182705,estimated,dampened_exponential_log_linear,2024.0,0.45665793891388073
Eswatini,2025,electricity_generation (TWh),0.6484311750549603,estimated,dampened_exponential_log_linear,2024.0,0.8691530142539559
Eswatini,2025,energy_poverty_electricity (% of total population),9.883741545500627,estimated,one_minus_access,2024.0,
Eswatini,2025,energy_poverty_electricity_rural (% of rural population),8.047222222222445,estimated,linear_projection,2024.0,0.9449352272615581
Eswatini,2025,energy_poverty_electricity_urban (% of urban population),5.858333333333121,estimated,linear_projection,2024.0,0.45614393100904416
Eswatini,2025,energy_poverty_multidimensional (% of total population),27.924107142857338,measured,source_ingest,2025.0,
Eswatini,2025,fossil_share_elec,2.279888888888877,estimated,linear_projection,2024.0,0.469280541307585
Eswatini,2025,gdp,10021512865.824627,estimated,dampened_exponential_log_linear,2022.0,0.8769276905392844
Eswatini,2025,greenhouse_gas_emissions,0.08067801875035732,estimated,dampened_exponential_log_linear,2024.0,0.026378648695889906
Eswatini,2025,hydro_electricity,0.390359908278404,estimated,dampened_exponential_log_linear,2024.0,0.7461772240378428
Eswatini,2025,low_carbon_share_elec,97.72011111111112,estimated,linear_projection,2024.0,0.4692805413075962
Eswatini,2025,population,1256181.075203046,estimated,limit_year_population_growth_rate_exponential,2024.0,
Eswatini,2025,renewables_electricity,0.630521667519879,estimated,dampened_exponential_log_linear,2024.0,0.8657103685919051
Eswatini,2025,renewables_share_elec,97.72011111111112,estimated,linear_projection,2024.0,0.4692805413075962
Eswatini,2025,solar_electricity,0.03,estimated,dampened_exponential_log_linear,2024.0,0.0
Eswatini,2025,wind_electricity,,missing,no_history,,
Ethiopia,2016,Access to Clean Fuels and Technologies for cooking (% of total population),4.7,measured,source_ingest,2016.0,
Ethiopia,2016,Access to electricity (% of total population),42.9,measured,source_ingest,2016.0,
Ethiopia,2016,Population growth (annual %),2.70788250761242,measured,source_ingest,2016.0,
Ethiopia,2016,carbon_intensity_elec,24.06,measured,source_ingest,2016.0,
Ethiopia,2016,electricity_demand (TWh),11.17,measured,source_ingest,2016.0,
Ethiopia,2016,electricity_generation (TWh),12.47,measured,source_ingest,2016.0,
Ethiopia,2016,energy_poverty_electricity (% of total population),57.1,derived,one_minus_access,2016.0,
Ethiopia,2016,energy_poverty_electricity_rural (% of rural population),67.6,measured,source_ingest,2016.0,
Ethiopia,2016,energy_poverty_electricity_urban (% of urban population),14.599999999999994,measured,source_ingest,2016.0,
Ethiopia,2016,energy_poverty_multidimensional (% of total population),76.2,measured,source_ingest,2016.0,
Ethiopia,2016,fossil_share_elec,0.0,measured,source_ingest,2016.0,
Ethiopia,2016,gdp,173708917362.0,measured,source_ingest,2016.0,
Ethiopia,2016,greenhouse_gas_emissions,0.3,measured,source_ingest,2016.0,
Ethiopia,2016,hydro_electricity,11.64,measured,source_ingest,2016.0,
Ethiopia,2016,low_carbon_share_elec,100.0,measured,source_ingest,2016.0,
Ethiopia,2016,population,106718163.0,measured,source_ingest,2016.0,
Ethiopia,2016,renewables_electricity,12.47,measured,source_ingest,2016.0,
Ethiopia,2016,renewables_share_elec,100.0,measured,source_ingest,2016.0,
Ethiopia,2016,solar_electricity,0.02,measured,source_ingest,2016.0,
Ethiopia,2016,wind_electricity,0.78,measured,source_ingest,2016.0,
Ethiopia,2017,Access to Clean Fuels and Technologies for cooking (% of total population),5.2,measured,source_ingest,2017.0,
Ethiopia,2017,Access to electricity (% of total population),44.3,measured,source_ingest,2017.0,
Ethiopia,2017,Population growth (annual %),2.72524097063889,measured,source_ingest,2017.0,
Ethiopia,2017,carbon_intensity_elec,23.63,measured,source_ingest,2017.0,
Ethiopia,2017,electricity_demand (TWh),11.69,measured,source_ingest,2017.0,
Ethiopia,2017,electricity_generation (TWh),13.12,measured,source_ingest,2017.0,
Ethiopia,2017,energy_poverty_electricity (% of total population),55.7,derived,one_minus_access,2017.0,
Ethiopia,2017,energy_poverty_electricity_rural (% of rural population),69.0,measured,source_ingest,2017.0,
Ethiopia,2017,energy_poverty_electricity_urban (% of urban population),3.4000000000000057,measured,source_ingest,2017.0,
Ethiopia,2017,energy_poverty_multidimensional (% of total population),75.25,measured,source_ingest,2017.0,
Ethiopia,2017,fossil_share_elec,0.0,measured,source_ingest,2017.0,
Ethiopia,2017,gdp,190761659136.0,measured,source_ingest,2017.0,
Ethiopia,2017,greenhouse_gas_emissions,0.31,measured,source_ingest,2017.0,
Ethiopia,2017,hydro_electricity,12.55,measured,source_ingest,2017.0,
Ethiopia,2017,low_carbon_share_elec,100.0,measured,source_ingest,2017.0,
Ethiopia,2017,population,109666482.0,measured,source_ingest,2017.0,
Ethiopia,2017,renewables_electricity,13.12,measured,source_ingest,2017.0,
Ethiopia,2017,renewables_share_elec,100.0,measured,source_ingest,2017.0,
Ethiopia,2017,solar_electricity,0.02,measured,source_ingest,2017.0,
Ethiopia,2017,wind_electricity,0.53,measured,source_ingest,2017.0,
Ethiopia,2018,Access to Clean Fuels and Technologies for cooking (% of total population),5.6,measured,source_ingest,2018.0,
Ethiopia,2018,Access to electricity (% of total population),44.8,measured,source_ingest,2018.0,
Ethiopia,2018,Population growth (annual %),2.69675179524869,measured,source_ingest,2018.0,
Ethiopia,2018,carbon_intensity_elec,23.89,measured,source_ingest,2018.0,
Ethiopia,2018,electricity_demand (TWh),13.23,measured,source_ingest,2018.0,
Ethiopia,2018,electricity_generation (TWh),14.23,measured,source_ingest,2018.0,
Ethiopia,2018,energy_poverty_electricity (% of total population),55.2,derived,one_minus_access,2018.0,
Ethiopia,2018,energy_poverty_electricity_rural (% of rural population),67.5,measured,source_ingest,2018.0,
Ethiopia,2018,energy_poverty_electricity_urban (% of urban population),8.200000000000003,measured,source_ingest,2018.0,
Ethiopia,2018,energy_poverty_multidimensional (% of total population),74.8,measured,source_ingest,2018.0,
Ethiopia,2018,fossil_share_elec,0.0,measured,source_ingest,2018.0,
Ethiopia,2018,gdp,206205566995.0,measured,source_ingest,2018.0,
Ethiopia,2018,greenhouse_gas_emissions,0.34,measured,source_ingest,2018.0,
Ethiopia,2018,hydro_electricity,13.65,measured,source_ingest,2018.0,
Ethiopia,2018,low_carbon_share_elec,100.0,measured,source_ingest,2018.0,
Ethiopia,2018,population,112664157.0,measured,source_ingest,2018.0,
Ethiopia,2018,renewables_electricity,14.23,measured,source_ingest,2018.0,
Ethiopia,2018,renewables_share_elec,100.0,measured,source_ingest,2018.0,
Ethiopia,2018,solar_electricity,0.02,measured,source_ingest,2018.0,
Ethiopia,2018,wind_electricity,0.53,measured,source_ingest,2018.0,
Ethiopia,2019,Access to Clean Fuels and Technologies for cooking (% of total population),5.9,measured,source_ingest,2019.0,
Ethiopia,2019,Access to electricity (% of total population),48.0,measured,source_ingest,2019.0,
Ethiopia,2019,Population growth (annual %),2.69123978261516,measured,source_ingest,2019.0,
Ethiopia,2019,carbon_intensity_elec,24.17,measured,source_ingest,2019.0,
Ethiopia,2019,electricity_demand (TWh),14.17,measured,source_ingest,2019.0,
Ethiopia,2019,electricity_generation (TWh),15.31,measured,source_ingest,2019.0,
Ethiopia,2019,energy_poverty_electricity (% of total population),52.0,derived,one_minus_access,2019.0,
Ethiopia,2019,energy_poverty_electricity_rural (% of rural population),64.0,measured,source_ingest,2019.0,
Ethiopia,2019,energy_poverty_electricity_urban (% of urban population),7.299999999999997,measured,source_ingest,2019.0,
Ethiopia,2019,energy_poverty_multidimensional (% of total population),73.05,measured,source_ingest,2019.0,
Ethiopia,2019,fossil_share_elec,0.065,measured,source_ingest,2019.0,
Ethiopia,2019,gdp,221885291686.0,measured,source_ingest,2019.0,
Ethiopia,2019,greenhouse_gas_emissions,0.37,measured,source_ingest,2019.0,
Ethiopia,2019,hydro_electricity,14.4,measured,source_ingest,2019.0,
Ethiopia,2019,low_carbon_share_elec,99.935,measured,source_ingest,2019.0,
Ethiopia,2019,population,115737384.0,measured,source_ingest,2019.0,
Ethiopia,2019,renewables_electricity,15.3,measured,source_ingest,2019.0,
Ethiopia,2019,renewables_share_elec,99.935,measured,source_ingest,2019.0,
Ethiopia,2019,solar_electricity,0.02,measured,source_ingest,2019.0,
Ethiopia,2019,wind_electricity,0.85,measured,source_ingest,2019.0,
Ethiopia,2020,Access to Clean Fuels and Technologies for cooking (% of total population),6.2,measured,source_ingest,2020.0,
Ethiopia,2020,Access to electricity (% of total population),51.1,measured,source_ingest,2020.0,
Ethiopia,2020,Population growth (annual %),2.71077284780816,measured,source_ingest,2020.0,
Ethiopia,2020,carbon_intensity_elec,24.33,measured,source_ingest,2020.0,
Ethiopia,2020,electricity_demand (TWh),13.98,measured,source_ingest,2020.0,
Ethiopia,2020,electricity_generation (TWh),15.62,measured,source_ingest,2020.0,
Ethiopia,2020,energy_poverty_electricity (% of total population),48.9,derived,one_minus_access,2020.0,
Ethiopia,2020,energy_poverty_electricity_rural (% of rural population),60.6,measured,source_ingest,2020.0,
Ethiopia,2020,energy_poverty_electricity_urban (% of urban population),6.5,measured,source_ingest,2020.0,
Ethiopia,2020,energy_poverty_multidimensional (% of total population),71.35,measured,source_ingest,2020.0,
Ethiopia,2020,fossil_share_elec,0.064,measured,source_ingest,2020.0,
Ethiopia,2020,gdp,237860193068.0,measured,source_ingest,2020.0,
Ethiopia,2020,greenhouse_gas_emissions,0.38,measured,source_ingest,2020.0,
Ethiopia,2020,hydro_electricity,14.94,measured,source_ingest,2020.0,
Ethiopia,2020,low_carbon_share_elec,99.936,measured,source_ingest,2020.0,
Ethiopia,2020,population,118917670.0,measured,source_ingest,2020.0,
Ethiopia,2020,renewables_electricity,15.61,measured,source_ingest,2020.0,
Ethiopia,2020,renewables_share_elec,99.936,measured,source_ingest,2020.0,
Ethiopia,2020,solar_electricity,0.03,measured,source_ingest,2020.0,
Ethiopia,2020,wind_electricity,0.61,measured,source_ingest,2020.0,
Ethiopia,2021,Access to Clean Fuels and Technologies for cooking (% of total population),6.5,measured,source_ingest,2021.0,
Ethiopia,2021,Access to electricity (% of total population),54.2,measured,source_ingest,2021.0,
Ethiopia,2021,Population growth (annual %),2.67249538803955,measured,source_ingest,2021.0,
Ethiopia,2021,carbon_intensity_elec,22.81,measured,source_ingest,2021.0,
Ethiopia,2021,electricity_demand (TWh),14.12,measured,source_ingest,2021.0,
Ethiopia,2021,electricity_generation (TWh),15.78,measured,source_ingest,2021.0,
Ethiopia,2021,energy_poverty_electricity (% of total population),45.8,derived,one_minus_access,2021.0,
Ethiopia,2021,energy_poverty_electricity_rural (% of rural population),57.2,measured,source_ingest,2021.0,
Ethiopia,2021,energy_poverty_electricity_urban (% of urban population),5.700000000000003,measured,source_ingest,2021.0,
Ethiopia,2021,energy_poverty_multidimensional (% of total population),69.65,measured,source_ingest,2021.0,
Ethiopia,2021,fossil_share_elec,0.0,measured,source_ingest,2021.0,
Ethiopia,2021,gdp,251849804145.0,measured,source_ingest,2021.0,
Ethiopia,2021,greenhouse_gas_emissions,0.36,measured,source_ingest,2021.0,
Ethiopia,2021,hydro_electricity,14.91,measured,source_ingest,2021.0,
Ethiopia,2021,low_carbon_share_elec,100.0,measured,source_ingest,2021.0,
Ethiopia,2021,population,122138588.0,measured,source_ingest,2021.0,
Ethiopia,2021,renewables_electricity,15.78,measured,source_ingest,2021.0,
Ethiopia,2021,renewables_share_elec,100.0,measured,source_ingest,2021.0,
Ethiopia,2021,solar_electricity,0.03,measured,source_ingest,2021.0,
Ethiopia,2021,wind_electricity,0.82,measured,source_ingest,2021.0,
Ethiopia,2022,Access to Clean Fuels and Technologies for cooking (% of total population),6.9,measured,source_ingest,2022.0,
Ethiopia,2022,Access to electricity (% of total population),55.0,measured,source_ingest,2022.0,
Ethiopia,2022,Population growth (annual %),2.62269500936104,measured,source_ingest,2022.0,
Ethiopia,2022,carbon_intensity_elec,23.55,measured,source_ingest,2022.0,
Ethiopia,2022,electricity_demand (TWh),15.66,measured,source_ingest,2022.0,
Ethiopia,2022,electricity_generation (TWh),17.41,measured,source_ingest,2022.0,
Ethiopia,2022,energy_poverty_electricity (% of total population),45.0,derived,one_minus_access,2022.0,
Ethiopia,2022,energy_poverty_electricity_rural (% of rural population),57.0,measured,source_ingest,2022.0,
Ethiopia,2022,energy_poverty_electricity_urban (% of urban population),6.0,measured,source_ingest,2022.0,
Ethiopia,2022,energy_poverty_multidimensional (% of total population),68.85,measured,source_ingest,2022.0,
Ethiopia,2022,fossil_share_elec,0.0,measured,source_ingest,2022.0,
Ethiopia,2022,gdp,269977225159.0,measured,source_ingest,2022.0,
Ethiopia,2022,greenhouse_gas_emissions,0.41,measured,source_ingest,2022.0,
Ethiopia,2022,hydro_electricity,16.77,measured,source_ingest,2022.0,
Ethiopia,2022,low_carbon_share_elec,100.0,measured,source_ingest,2022.0,
Ethiopia,2022,population,125384285.0,measured,source_ingest,2022.0,
Ethiopia,2022,renewables_electricity,17.41,measured,source_ingest,2022.0,
Ethiopia,2022,renewables_share_elec,100.0,measured,source_ingest,2022.0,
Ethiopia,2022,solar_electricity,0.04,measured,source_ingest,2022.0,
Ethiopia,2022,wind_electricity,0.56,measured,source_ingest,2022.0,
Ethiopia,2023,Access to Clean Fuels and Technologies for cooking (% of total population),7.1,measured,source_ingest,2023.0,
Ethiopia,2023,Access to electricity (% of total population),55.4,measured,source_ingest,2023.0,
Ethiopia,2023,Population growth (annual %),2.6036241976442,measured,source_ingest,2023.0,
Ethiopia,2023,carbon_intensity_elec,23.64,measured,source_ingest,2023.0,
Ethiopia,2023,electricity_demand (TWh),15.99,measured,source_ingest,2023.0,
Ethiopia,2023,electricity_generation (TWh),17.77,measured,source_ingest,2023.0,
Ethiopia,2023,energy_poverty_electricity (% of total population),44.6,derived,one_minus_access,2023.0,
Ethiopia,2023,energy_poverty_electricity_rural (% of rural population),56.4,measured,source_ingest,2023.0,
Ethiopia,2023,energy_poverty_electricity_urban (% of urban population),5.299999999999997,measured,source_ingest,2023.0,
Ethiopia,2023,energy_poverty_multidimensional (% of total population),68.75,measured,source_ingest,2023.0,
Ethiopia,2023,fossil_share_elec,0.0,measured,source_ingest,2023.0,
Ethiopia,2023,gdp,290187344269.9329,estimated,dampened_exponential_log_linear,2022.0,0.9949819898765303
Ethiopia,2023,greenhouse_gas_emissions,0.42,measured,source_ingest,2023.0,
Ethiopia,2023,hydro_electricity,17.13,measured,source_ingest,2023.0,
Ethiopia,2023,low_carbon_share_elec,100.0,measured,source_ingest,2023.0,
Ethiopia,2023,population,128691695.0,measured,source_ingest,2023.0,
Ethiopia,2023,renewables_electricity,17.77,measured,source_ingest,2023.0,
Ethiopia,2023,renewables_share_elec,100.0,measured,source_ingest,2023.0,
Ethiopia,2023,solar_electricity,0.04,measured,source_ingest,2023.0,
Ethiopia,2023,wind_electricity,0.56,measured,source_ingest,2023.0,
Ethiopia,2024,Access to Clean Fuels and Technologies for cooking (% of total population),7.5285714285714675,estimated,linear_projection,2023.0,0.9913599960389645
Ethiopia,2024,Access to electricity (% of total population),56.6,measured,source_ingest,2024.0,
Ethiopia,2024,Population growth (annual %),2.58350411214521,measured,source_ingest,2024.0,
Ethiopia,2024,carbon_intensity_elec,23.41,measured,source_ingest,2024.0,
Ethiopia,2024,electricity_demand (TWh),23.44,measured,source_ingest,2024.0,
Ethiopia,2024,electricity_generation (TWh),25.2,measured,source_ingest,2024.0,
Ethiopia,2024,energy_poverty_electricity (% of total population),43.4,derived,one_minus_access,2024.0,
Ethiopia,2024,energy_poverty_electricity_rural (% of rural population),55.2,measured,source_ingest,2024.0,
Ethiopia,2024,energy_poverty_electricity_urban (% of urban population),4.900000000000006,measured,source_ingest,2024.0,
Ethiopia,2024,energy_poverty_multidimensional (% of total population),66.81071428571431,measured,source_ingest,2024.0,
Ethiopia,2024,fossil_share_elec,0.0,measured,source_ingest,2024.0,
Ethiopia,2024,gdp,311910364753.3337,estimated,dampened_exponential_log_linear,2022.0,0.9949819898765303
Ethiopia,2024,greenhouse_gas_emissions,0.59,measured,source_ingest,2024.0,
Ethiopia,2024,hydro_electricity,24.42,measured,source_ingest,2024.0,
Ethiopia,2024,low_carbon_share_elec,100.0,measured,source_ingest,2024.0,
Ethiopia,2024,population,132059770.0,measured,source_ingest,2024.0,
Ethiopia,2024,renewables_electricity,25.2,measured,source_ingest,2024.0,
Ethiopia,2024,renewables_share_elec,100.0,measured,source_ingest,2024.0,
Ethiopia,2024,solar_electricity,0.04,measured,source_ingest,2024.0,
Ethiopia,2024,wind_electricity,0.7,measured,source_ingest,2024.0,
Ethiopia,2025,Access to Clean Fuels and Technologies for cooking (% of total population),7.865476190476215,estimated,linear_projection,2023.0,0.9913599960389645
Ethiopia,2025,Access to electricity (% of total population),59.73468240397794,estimated,logistic_logit_linear,2024.0,0.9541340230822083
Ethiopia,2025,Population growth (annual %),2.55107529460765,measured,source_ingest,2025.0,
Ethiopia,2025,carbon_intensity_elec,23.08,measured,source_ingest,2025.0,
Ethiopia,2025,electricity_demand (TWh),31.02,measured,source_ingest,2025.0,
Ethiopia,2025,electricity_generation (TWh),33.37,measured,source_ingest,2025.0,
Ethiopia,2025,energy_poverty_electricity (% of total population),40.26531759602206,estimated,one_minus_access,2024.0,
Ethiopia,2025,energy_poverty_electricity_rural (% of rural population),52.011111111111404,estimated,linear_projection,2024.0,0.9183517558266078
Ethiopia,2025,energy_poverty_electricity_urban (% of urban population),3.619444444444298,estimated,linear_projection,2024.0,0.3093922018348626
Ethiopia,2025,energy_poverty_multidimensional (% of total population),65.6047619047622,measured,source_ingest,2025.0,
Ethiopia,2025,fossil_share_elec,0.0,measured,source_ingest,2025.0,
Ethiopia,2025,gdp,314170165219.9726,estimated,dampened_exponential_log_linear,2022.0,0.9949819898765303
Ethiopia,2025,greenhouse_gas_emissions,0.77,measured,source_ingest,2025.0,
Ethiopia,2025,hydro_electricity,32.19,measured,source_ingest,2025.0,
Ethiopia,2025,low_carbon_share_elec,100.0,measured,source_ingest,2025.0,
Ethiopia,2025,population,135472048.0,measured,source_ingest,2025.0,
Ethiopia,2025,renewables_electricity,33.37,measured,source_ingest,2025.0,
Ethiopia,2025,renewables_share_elec,100.0,measured,source_ingest,2025.0,
Ethiopia,2025,solar_electricity,0.04,measured,source_ingest,2025.0,
Ethiopia,2025,wind_electricity,1.1,measured,source_ingest,2025.0,
Gabon,2016,Access to Clean Fuels and Technologies for cooking (% of total population),87.1,measured,source_ingest,2016.0,
Gabon,2016,Access to electricity (% of total population),88.1,measured,source_ingest,2016.0,
Gabon,2016,Population growth (annual %),2.86485541015556,measured,source_ingest,2016.0,
Gabon,2016,carbon_intensity_elec,525.11,measured,source_ingest,2016.0,
Gabon,2016,electricity_demand (TWh),2.54,measured,source_ingest,2016.0,
Gabon,2016,electricity_generation (TWh),2.19,measured,source_ingest,2016.0,
Gabon,2016,energy_poverty_electricity (% of total population),11.900000000000006,derived,one_minus_access,2016.0,
Gabon,2016,energy_poverty_electricity_rural (% of rural population),81.1,measured,source_ingest,2016.0,
Gabon,2016,energy_poverty_electricity_urban (% of urban population),3.0,measured,source_ingest,2016.0,
Gabon,2016,energy_poverty_multidimensional (% of total population),12.400000000000006,measured,source_ingest,2016.0,
Gabon,2016,fossil_share_elec,62.1,measured,source_ingest,2016.0,
Gabon,2016,gdp,33414337569.0,measured,source_ingest,2016.0,
Gabon,2016,greenhouse_gas_emissions,1.15,measured,source_ingest,2016.0,
Gabon,2016,hydro_electricity,0.82,measured,source_ingest,2016.0,
Gabon,2016,low_carbon_share_elec,37.9,measured,source_ingest,2016.0,
Gabon,2016,population,2100310.0,measured,source_ingest,2016.0,
Gabon,2016,renewables_electricity,0.83,measured,source_ingest,2016.0,
Gabon,2016,renewables_share_elec,37.9,measured,source_ingest,2016.0,
Gabon,2016,solar_electricity,0.0,measured,source_ingest,2016.0,
Gabon,2016,wind_electricity,0.0,measured,source_ingest,2016.0,
Gabon,2017,Access to Clean Fuels and Technologies for cooking (% of total population),87.7,measured,source_ingest,2017.0,
Gabon,2017,Access to electricity (% of total population),86.3,measured,source_ingest,2017.0,
Gabon,2017,Population growth (annual %),2.65889572463952,measured,source_ingest,2017.0,
Gabon,2017,carbon_intensity_elec,495.54,measured,source_ingest,2017.0,
Gabon,2017,electricity_demand (TWh),2.7,measured,source_ingest,2017.0,
Gabon,2017,electricity_generation (TWh),2.24,measured,source_ingest,2017.0,
Gabon,2017,energy_poverty_electricity (% of total population),13.700000000000003,derived,one_minus_access,2017.0,
Gabon,2017,energy_poverty_electricity_rural (% of rural population),48.7,estimated,observed_or_carry,2024.0,
Gabon,2017,energy_poverty_electricity_urban (% of urban population),2.200000000000003,measured,source_ingest,2017.0,
Gabon,2017,energy_poverty_multidimensional (% of total population),13.0,measured,source_ingest,2017.0,
Gabon,2017,fossil_share_elec,58.036,measured,source_ingest,2017.0,
Gabon,2017,gdp,33572391290.0,measured,source_ingest,2017.0,
Gabon,2017,greenhouse_gas_emissions,1.11,measured,source_ingest,2017.0,
Gabon,2017,hydro_electricity,0.93,measured,source_ingest,2017.0,
Gabon,2017,low_carbon_share_elec,41.964,measured,source_ingest,2017.0,
Gabon,2017,population,2156902.0,measured,source_ingest,2017.0,
Gabon,2017,renewables_electricity,0.94,measured,source_ingest,2017.0,
Gabon,2017,renewables_share_elec,41.964,measured,source_ingest,2017.0,
Gabon,2017,solar_electricity,0.0,measured,source_ingest,2017.0,
Gabon,2017,wind_electricity,0.0,measured,source_ingest,2017.0,
Gabon,2018,Access to Clean Fuels and Technologies for cooking (% of total population),88.8,measured,source_ingest,2018.0,
Gabon,2018,Access to electricity (% of total population),89.6,measured,source_ingest,2018.0,
Gabon,2018,Population growth (annual %),2.53688289832205,measured,source_ingest,2018.0,
Gabon,2018,carbon_intensity_elec,438.85,measured,source_ingest,2018.0,
Gabon,2018,electricity_demand (TWh),3.29,measured,source_ingest,2018.0,
Gabon,2018,electricity_generation (TWh),2.78,measured,source_ingest,2018.0,
Gabon,2018,energy_poverty_electricity (% of total population),10.400000000000006,derived,one_minus_access,2018.0,
Gabon,2018,energy_poverty_electricity_rural (% of rural population),78.7,measured,source_ingest,2018.0,
Gabon,2018,energy_poverty_electricity_urban (% of urban population),2.299999999999997,measured,source_ingest,2018.0,
Gabon,2018,energy_poverty_multidimensional (% of total population),10.800000000000011,measured,source_ingest,2018.0,
Gabon,2018,fossil_share_elec,52.878,measured,source_ingest,2018.0,
Gabon,2018,gdp,33855404131.0,measured,source_ingest,2018.0,
Gabon,2018,greenhouse_gas_emissions,1.22,measured,source_ingest,2018.0,
Gabon,2018,hydro_electricity,1.3,measured,source_ingest,2018.0,
Gabon,2018,low_carbon_share_elec,47.122,measured,source_ingest,2018.0,
Gabon,2018,population,2212320.0,measured,source_ingest,2018.0,
Gabon,2018,renewables_electricity,1.31,measured,source_ingest,2018.0,
Gabon,2018,renewables_share_elec,47.122,measured,source_ingest,2018.0,
Gabon,2018,solar_electricity,0.0,measured,source_ingest,2018.0,
Gabon,2018,wind_electricity,0.0,measured,source_ingest,2018.0,
Gabon,2019,Access to Clean Fuels and Technologies for cooking (% of total population),89.4,measured,source_ingest,2019.0,
Gabon,2019,Access to electricity (% of total population),90.3,measured,source_ingest,2019.0,
Gabon,2019,Population growth (annual %),2.47279132038176,measured,source_ingest,2019.0,
Gabon,2019,carbon_intensity_elec,443.66,measured,source_ingest,2019.0,
Gabon,2019,electricity_demand (TWh),3.37,measured,source_ingest,2019.0,
Gabon,2019,electricity_generation (TWh),2.84,measured,source_ingest,2019.0,
Gabon,2019,energy_poverty_electricity (% of total population),9.700000000000003,derived,one_minus_access,2019.0,
Gabon,2019,energy_poverty_electricity_rural (% of rural population),77.2,measured,source_ingest,2019.0,
Gabon,2019,energy_poverty_electricity_urban (% of urban population),2.0,measured,source_ingest,2019.0,
Gabon,2019,energy_poverty_multidimensional (% of total population),10.150000000000006,measured,source_ingest,2019.0,
Gabon,2019,fossil_share_elec,53.521,measured,source_ingest,2019.0,
Gabon,2019,gdp,35180839675.0,measured,source_ingest,2019.0,
Gabon,2019,greenhouse_gas_emissions,1.26,measured,source_ingest,2019.0,
Gabon,2019,hydro_electricity,1.31,measured,source_ingest,2019.0,
Gabon,2019,low_carbon_share_elec,46.479,measured,source_ingest,2019.0,
Gabon,2019,population,2267711.0,measured,source_ingest,2019.0,
Gabon,2019,renewables_electricity,1.32,measured,source_ingest,2019.0,
Gabon,2019,renewables_share_elec,46.479,measured,source_ingest,2019.0,
Gabon,2019,solar_electricity,0.0,measured,source_ingest,2019.0,
Gabon,2019,wind_electricity,0.0,measured,source_ingest,2019.0,
Gabon,2020,Access to Clean Fuels and Technologies for cooking (% of total population),90.0,measured,source_ingest,2020.0,
Gabon,2020,Access to electricity (% of total population),91.1,measured,source_ingest,2020.0,
Gabon,2020,Population growth (annual %),2.38922359813697,measured,source_ingest,2020.0,
Gabon,2020,carbon_intensity_elec,423.21,measured,source_ingest,2020.0,
Gabon,2020,electricity_demand (TWh),3.47,measured,source_ingest,2020.0,
Gabon,2020,electricity_generation (TWh),2.93,measured,source_ingest,2020.0,
Gabon,2020,energy_poverty_electricity (% of total population),8.900000000000006,derived,one_minus_access,2020.0,
Gabon,2020,energy_poverty_electricity_rural (% of rural population),75.3,measured,source_ingest,2020.0,
Gabon,2020,energy_poverty_electricity_urban (% of urban population),1.5999999999999943,measured,source_ingest,2020.0,
Gabon,2020,energy_poverty_multidimensional (% of total population),9.450000000000005,measured,source_ingest,2020.0,
Gabon,2020,fossil_share_elec,51.195,measured,source_ingest,2020.0,
Gabon,2020,gdp,34525072669.0,measured,source_ingest,2020.0,
Gabon,2020,greenhouse_gas_emissions,1.24,measured,source_ingest,2020.0,
Gabon,2020,hydro_electricity,1.42,measured,source_ingest,2020.0,
Gabon,2020,low_carbon_share_elec,48.805,measured,source_ingest,2020.0,
Gabon,2020,population,2322538.0,measured,source_ingest,2020.0,
Gabon,2020,renewables_electricity,1.43,measured,source_ingest,2020.0,
Gabon,2020,renewables_share_elec,48.805,measured,source_ingest,2020.0,
Gabon,2020,solar_electricity,0.0,measured,source_ingest,2020.0,
Gabon,2020,wind_electricity,0.0,measured,source_ingest,2020.0,
Gabon,2021,Access to Clean Fuels and Technologies for cooking (% of total population),90.5,measured,source_ingest,2021.0,
Gabon,2021,Access to electricity (% of total population),91.8,measured,source_ingest,2021.0,
Gabon,2021,Population growth (annual %),2.30612435799096,measured,source_ingest,2021.0,
Gabon,2021,carbon_intensity_elec,439.19,measured,source_ingest,2021.0,
Gabon,2021,electricity_demand (TWh),3.49,measured,source_ingest,2021.0,
Gabon,2021,electricity_generation (TWh),2.96,measured,source_ingest,2021.0,
Gabon,2021,energy_poverty_electricity (% of total population),8.200000000000003,derived,one_minus_access,2021.0,
Gabon,2021,energy_poverty_electricity_rural (% of rural population),73.2,measured,source_ingest,2021.0,
Gabon,2021,energy_poverty_electricity_urban (% of urban population),1.2999999999999972,measured,source_ingest,2021.0,
Gabon,2021,energy_poverty_multidimensional (% of total population),8.849999999999994,measured,source_ingest,2021.0,
Gabon,2021,fossil_share_elec,53.378,measured,source_ingest,2021.0,
Gabon,2021,gdp,35037430976.0,measured,source_ingest,2021.0,
Gabon,2021,greenhouse_gas_emissions,1.3,measured,source_ingest,2021.0,
Gabon,2021,hydro_electricity,1.37,measured,source_ingest,2021.0,
Gabon,2021,low_carbon_share_elec,46.622,measured,source_ingest,2021.0,
Gabon,2021,population,2376729.0,measured,source_ingest,2021.0,
Gabon,2021,renewables_electricity,1.38,measured,source_ingest,2021.0,
Gabon,2021,renewables_share_elec,46.622,measured,source_ingest,2021.0,
Gabon,2021,solar_electricity,0.0,measured,source_ingest,2021.0,
Gabon,2021,wind_electricity,0.0,measured,source_ingest,2021.0,
Gabon,2022,Access to Clean Fuels and Technologies for cooking (% of total population),91.0,measured,source_ingest,2022.0,
Gabon,2022,Access to electricity (% of total population),93.5,measured,source_ingest,2022.0,
Gabon,2022,Population growth (annual %),2.24763901253797,measured,source_ingest,2022.0,
Gabon,2022,carbon_intensity_elec,429.47,measured,source_ingest,2022.0,
Gabon,2022,electricity_demand (TWh),3.73,measured,source_ingest,2022.0,
Gabon,2022,electricity_generation (TWh),3.19,measured,source_ingest,2022.0,
Gabon,2022,energy_poverty_electricity (% of total population),6.5,derived,one_minus_access,2022.0,
Gabon,2022,energy_poverty_electricity_rural (% of rural population),71.0,measured,source_ingest,2022.0,
Gabon,2022,energy_poverty_electricity_urban (% of urban population),1.5,measured,source_ingest,2022.0,
Gabon,2022,energy_poverty_multidimensional (% of total population),7.75,measured,source_ingest,2022.0,
Gabon,2022,fossil_share_elec,52.038,measured,source_ingest,2022.0,
Gabon,2022,gdp,36035291983.0,measured,source_ingest,2022.0,
Gabon,2022,greenhouse_gas_emissions,1.37,measured,source_ingest,2022.0,
Gabon,2022,hydro_electricity,1.52,measured,source_ingest,2022.0,
Gabon,2022,low_carbon_share_elec,47.962,measured,source_ingest,2022.0,
Gabon,2022,population,2430750.0,measured,source_ingest,2022.0,
Gabon,2022,renewables_electricity,1.53,measured,source_ingest,2022.0,
Gabon,2022,renewables_share_elec,47.962,measured,source_ingest,2022.0,
Gabon,2022,solar_electricity,0.0,measured,source_ingest,2022.0,
Gabon,2022,wind_electricity,0.0,measured,source_ingest,2022.0,
Gabon,2023,Access to Clean Fuels and Technologies for cooking (% of total population),91.4,measured,source_ingest,2023.0,
Gabon,2023,Access to electricity (% of total population),94.1,measured,source_ingest,2023.0,
Gabon,2023,Population growth (annual %),2.19891289669511,measured,source_ingest,2023.0,
Gabon,2023,carbon_intensity_elec,525.1,measured,source_ingest,2023.0,
Gabon,2023,electricity_demand (TWh),3.17,measured,source_ingest,2023.0,
Gabon,2023,electricity_generation (TWh),2.59,measured,source_ingest,2023.0,
Gabon,2023,energy_poverty_electricity (% of total population),5.900000000000006,derived,one_minus_access,2023.0,
Gabon,2023,energy_poverty_electricity_rural (% of rural population),71.0,measured,source_ingest,2023.0,
Gabon,2023,energy_poverty_electricity_urban (% of urban population),0.7999999999999972,measured,source_ingest,2023.0,
Gabon,2023,energy_poverty_multidimensional (% of total population),7.25,measured,source_ingest,2023.0,
Gabon,2023,fossil_share_elec,64.479,measured,source_ingest,2023.0,
Gabon,2023,gdp,36464530090.44988,estimated,dampened_exponential_log_linear,2022.0,0.8465262210615347
Gabon,2023,greenhouse_gas_emissions,1.36,measured,source_ingest,2023.0,
Gabon,2023,hydro_electricity,0.91,measured,source_ingest,2023.0,
Gabon,2023,low_carbon_share_elec,35.521,measured,source_ingest,2023.0,
Gabon,2023,population,2484790.0,measured,source_ingest,2023.0,
Gabon,2023,renewables_electricity,0.92,measured,source_ingest,2023.0,
Gabon,2023,renewables_share_elec,35.521,measured,source_ingest,2023.0,
Gabon,2023,solar_electricity,0.0,measured,source_ingest,2023.0,
Gabon,2023,wind_electricity,0.0,measured,source_ingest,2023.0,
Gabon,2024,Access to Clean Fuels and Technologies for cooking (% of total population),92.28928571428582,estimated,linear_projection,2023.0,0.9802958136667659
Gabon,2024,Access to electricity (% of total population),95.1,measured,source_ingest,2024.0,
Gabon,2024,Population growth (annual %),2.15636509762581,measured,source_ingest,2024.0,
Gabon,2024,carbon_intensity_elec,523.08,measured,source_ingest,2024.0,
Gabon,2024,electricity_demand (TWh),3.18,measured,source_ingest,2024.0,
Gabon,2024,electricity_generation (TWh),2.6,measured,source_ingest,2024.0,
Gabon,2024,energy_poverty_electricity (% of total population),4.900000000000006,derived,one_minus_access,2024.0,
Gabon,2024,energy_poverty_electricity_rural (% of rural population),48.7,measured,source_ingest,2024.0,
Gabon,2024,energy_poverty_electricity_urban (% of urban population),1.0,measured,source_ingest,2024.0,
Gabon,2024,energy_poverty_multidimensional (% of total population),6.26785714285711,measured,source_ingest,2024.0,
Gabon,2024,fossil_share_elec,64.615,measured,source_ingest,2024.0,
Gabon,2024,gdp,36898881112.01113,estimated,dampened_exponential_log_linear,2022.0,0.8465262210615347
Gabon,2024,greenhouse_gas_emissions,1.36,measured,source_ingest,2024.0,
Gabon,2024,hydro_electricity,0.91,measured,source_ingest,2024.0,
Gabon,2024,low_carbon_share_elec,35.385,measured,source_ingest,2024.0,
Gabon,2024,population,2538953.0,measured,source_ingest,2024.0,
Gabon,2024,renewables_electricity,0.92,measured,source_ingest,2024.0,
Gabon,2024,renewables_share_elec,35.385,measured,source_ingest,2024.0,
Gabon,2024,solar_electricity,0.0,measured,source_ingest,2024.0,
Gabon,2024,wind_electricity,0.0,measured,source_ingest,2024.0,
Gabon,2025,Access to Clean Fuels and Technologies for cooking (% of total population),92.91190476190468,estimated,linear_projection,2023.0,0.9802958136667659
Gabon,2025,Access to electricity (% of total population),95.38539981941638,estimated,logistic_logit_linear,2024.0,0.9443612500612253
Gabon,2025,Population growth (annual %),2.11142428155027,measured,source_ingest,2025.0,
Gabon,2025,carbon_intensity_elec,523.9961093202984,estimated,dampened_exponential_log_linear,2024.0,0.002602946885536306
Gabon,2025,electricity_demand (TWh),3.269553727244752,estimated,dampened_exponential_log_linear,2024.0,0.37519588347148136
Gabon,2025,electricity_generation (TWh),2.6630887291061054,estimated,dampened_exponential_log_linear,2024.0,0.2696869030964466
Gabon,2025,energy_poverty_electricity (% of total population),4.614600180583622,estimated,one_minus_access,2024.0,
Gabon,2025,energy_poverty_electricity_rural (% of rural population),57.922807017543164,estimated,linear_projection,2024.0,0.6512986788170474
Gabon,2025,energy_poverty_electricity_urban (% of urban population),0.5361111111111541,estimated,linear_projection,2024.0,0.9026187750429315
Gabon,2025,energy_poverty_multidimensional (% of total population),5.448214285714357,measured,source_ingest,2025.0,
Gabon,2025,fossil_share_elec,59.21272222222228,estimated,linear_projection,2024.0,0.05244731348733145
Gabon,2025,gdp,36942599762.95313,estimated,dampened_exponential_log_linear,2022.0,0.8465262210615347
Gabon,2025,greenhouse_gas_emissions,1.3954384350072266,estimated,dampened_exponential_log_linear,2024.0,0.875384962897898
Gabon,2025,hydro_electricity,0.9208141397092966,estimated,dampened_exponential_log_linear,2024.0,0.01849098365114199
Gabon,2025,low_carbon_share_elec,40.78727777777772,estimated,linear_projection,2024.0,0.05244731348733522
Gabon,2025,population,2593131.021338726,estimated,limit_year_population_growth_rate_exponential,2024.0,
Gabon,2025,renewables_electricity,0.9308304149639645,estimated,dampened_exponential_log_linear,2024.0,0.018478222921272214
Gabon,2025,renewables_share_elec,40.78727777777772,estimated,linear_projection,2024.0,0.05244731348733522
Gabon,2025,solar_electricity,,missing,no_history,,
Gabon,2025,wind_electricity,,missing,no_history,,
Gambia,2016,Access to Clean Fuels and Technologies for cooking (% of total population),2.0,measured,source_ingest,2016.0,
Gambia,2016,Access to electricity (% of total population),56.4,measured,source_ingest,2016.0,
Gambia,2016,Population growth (annual %),2.62819405087404,measured,source_ingest,2016.0,
Gambia,2016,carbon_intensity_elec,666.67,measured,source_ingest,2016.0,
Gambia,2016,electricity_demand (TWh),0.3,measured,source_ingest,2016.0,
Gambia,2016,electricity_generation (TWh),0.3,measured,source_ingest,2016.0,
Gambia,2016,energy_poverty_electricity (% of total population),43.6,derived,one_minus_access,2016.0,
Gambia,2016,energy_poverty_electricity_rural (% of rural population),70.0,measured,source_ingest,2016.0,
Gambia,2016,energy_poverty_electricity_urban (% of urban population),26.0,measured,source_ingest,2016.0,
Gambia,2016,energy_poverty_multidimensional (% of total population),70.8,measured,source_ingest,2016.0,
Gambia,2016,fossil_share_elec,100.0,measured,source_ingest,2016.0,
Gambia,2016,gdp,3558432648.0,measured,source_ingest,2016.0,
Gambia,2016,greenhouse_gas_emissions,0.2,measured,source_ingest,2016.0,
Gambia,2016,hydro_electricity,0.0,measured,source_ingest,2016.0,
Gambia,2016,low_carbon_share_elec,0.0,measured,source_ingest,2016.0,
Gambia,2016,population,2283775.0,measured,source_ingest,2016.0,
Gambia,2016,renewables_electricity,0.0,measured,source_ingest,2016.0,
Gambia,2016,renewables_share_elec,0.0,measured,source_ingest,2016.0,
Gambia,2016,solar_electricity,0.0,measured,source_ingest,2016.0,
Gambia,2016,wind_electricity,0.0,measured,source_ingest,2016.0,
Gambia,2017,Access to Clean Fuels and Technologies for cooking (% of total population),1.9,measured,source_ingest,2017.0,
Gambia,2017,Access to electricity (% of total population),56.2,measured,source_ingest,2017.0,
Gambia,2017,Population growth (annual %),2.52588138504562,measured,source_ingest,2017.0,
Gambia,2017,carbon_intensity_elec,645.16,measured,source_ingest,2017.0,
Gambia,2017,electricity_demand (TWh),0.31,measured,source_ingest,2017.0,
Gambia,2017,electricity_generation (TWh),0.31,measured,source_ingest,2017.0,
Gambia,2017,energy_poverty_electricity (% of total population),43.8,derived,one_minus_access,2017.0,
Gambia,2017,energy_poverty_electricity_rural (% of rural population),79.5,measured,source_ingest,2017.0,
Gambia,2017,energy_poverty_electricity_urban (% of urban population),20.599999999999994,measured,source_ingest,2017.0,
Gambia,2017,energy_poverty_multidimensional (% of total population),70.95,measured,source_ingest,2017.0,
Gambia,2017,fossil_share_elec,100.0,measured,source_ingest,2017.0,
Gambia,2017,gdp,3704517995.0,measured,source_ingest,2017.0,
Gambia,2017,greenhouse_gas_emissions,0.2,measured,source_ingest,2017.0,
Gambia,2017,hydro_electricity,0.0,measured,source_ingest,2017.0,
Gambia,2017,low_carbon_share_elec,0.0,measured,source_ingest,2017.0,
Gambia,2017,population,2342191.0,measured,source_ingest,2017.0,
Gambia,2017,renewables_electricity,0.0,measured,source_ingest,2017.0,
Gambia,2017,renewables_share_elec,0.0,measured,source_ingest,2017.0,
Gambia,2017,solar_electricity,0.0,measured,source_ingest,2017.0,
Gambia,2017,wind_electricity,0.0,measured,source_ingest,2017.0,
Gambia,2018,Access to Clean Fuels and Technologies for cooking (% of total population),1.9,measured,source_ingest,2018.0,
Gambia,2018,Access to electricity (% of total population),60.3,measured,source_ingest,2018.0,
Gambia,2018,Population growth (annual %),2.42294300881827,measured,source_ingest,2018.0,
Gambia,2018,carbon_intensity_elec,666.67,measured,source_ingest,2018.0,
Gambia,2018,electricity_demand (TWh),0.39,measured,source_ingest,2018.0,
Gambia,2018,electricity_generation (TWh),0.39,measured,source_ingest,2018.0,
Gambia,2018,energy_poverty_electricity (% of total population),39.7,derived,one_minus_access,2018.0,
Gambia,2018,energy_poverty_electricity_rural (% of rural population),60.8,estimated,observed_or_carry,2024.0,
Gambia,2018,energy_poverty_electricity_urban (% of urban population),23.599999999999994,measured,source_ingest,2018.0,
Gambia,2018,energy_poverty_multidimensional (% of total population),68.9,measured,source_ingest,2018.0,
Gambia,2018,fossil_share_elec,100.0,measured,source_ingest,2018.0,
Gambia,2018,gdp,3947001965.0,measured,source_ingest,2018.0,
Gambia,2018,greenhouse_gas_emissions,0.26,measured,source_ingest,2018.0,
Gambia,2018,hydro_electricity,0.0,measured,source_ingest,2018.0,
Gambia,2018,low_carbon_share_elec,0.0,measured,source_ingest,2018.0,
Gambia,2018,population,2399633.0,measured,source_ingest,2018.0,
Gambia,2018,renewables_electricity,0.0,measured,source_ingest,2018.0,
Gambia,2018,renewables_share_elec,0.0,measured,source_ingest,2018.0,
Gambia,2018,solar_electricity,0.0,measured,source_ingest,2018.0,
Gambia,2018,wind_electricity,0.0,measured,source_ingest,2018.0,
Gambia,2019,Access to Clean Fuels and Technologies for cooking (% of total population),1.8,measured,source_ingest,2019.0,
Gambia,2019,Access to electricity (% of total population),62.1,measured,source_ingest,2019.0,
Gambia,2019,Population growth (annual %),2.35622071960344,measured,source_ingest,2019.0,
Gambia,2019,carbon_intensity_elec,652.17,measured,source_ingest,2019.0,
Gambia,2019,electricity_demand (TWh),0.46,measured,source_ingest,2019.0,
Gambia,2019,electricity_generation (TWh),0.46,measured,source_ingest,2019.0,
Gambia,2019,energy_poverty_electricity (% of total population),37.9,derived,one_minus_access,2019.0,
Gambia,2019,energy_poverty_electricity_rural (% of rural population),60.8,estimated,observed_or_carry,2024.0,
Gambia,2019,energy_poverty_electricity_urban (% of urban population),21.400000000000006,measured,source_ingest,2019.0,
Gambia,2019,energy_poverty_multidimensional (% of total population),68.05,measured,source_ingest,2019.0,
Gambia,2019,fossil_share_elec,100.0,measured,source_ingest,2019.0,
Gambia,2019,gdp,4192588256.0,measured,source_ingest,2019.0,
Gambia,2019,greenhouse_gas_emissions,0.3,measured,source_ingest,2019.0,
Gambia,2019,hydro_electricity,0.0,measured,source_ingest,2019.0,
Gambia,2019,low_carbon_share_elec,0.0,measured,source_ingest,2019.0,
Gambia,2019,population,2456847.0,measured,source_ingest,2019.0,
Gambia,2019,renewables_electricity,0.0,measured,source_ingest,2019.0,
Gambia,2019,renewables_share_elec,0.0,measured,source_ingest,2019.0,
Gambia,2019,solar_electricity,0.0,measured,source_ingest,2019.0,
Gambia,2019,wind_electricity,0.0,measured,source_ingest,2019.0,
Gambia,2020,Access to Clean Fuels and Technologies for cooking (% of total population),1.7,measured,source_ingest,2020.0,
Gambia,2020,Access to electricity (% of total population),62.2,measured,source_ingest,2020.0,
Gambia,2020,Population growth (annual %),2.3686612920428,measured,source_ingest,2020.0,
Gambia,2020,carbon_intensity_elec,666.67,measured,source_ingest,2020.0,
Gambia,2020,electricity_demand (TWh),0.48,measured,source_ingest,2020.0,
Gambia,2020,electricity_generation (TWh),0.48,measured,source_ingest,2020.0,
Gambia,2020,energy_poverty_electricity (% of total population),37.8,derived,one_minus_access,2020.0,
Gambia,2020,energy_poverty_electricity_rural (% of rural population),69.0,measured,source_ingest,2020.0,
Gambia,2020,energy_poverty_electricity_urban (% of urban population),19.099999999999994,measured,source_ingest,2020.0,
Gambia,2020,energy_poverty_multidimensional (% of total population),68.05,measured,source_ingest,2020.0,
Gambia,2020,fossil_share_elec,100.0,measured,source_ingest,2020.0,
Gambia,2020,gdp,4217390293.0,measured,source_ingest,2020.0,
Gambia,2020,greenhouse_gas_emissions,0.32,measured,source_ingest,2020.0,
Gambia,2020,hydro_electricity,0.0,measured,source_ingest,2020.0,
Gambia,2020,low_carbon_share_elec,0.0,measured,source_ingest,2020.0,
Gambia,2020,population,2515744.0,measured,source_ingest,2020.0,
Gambia,2020,renewables_electricity,0.0,measured,source_ingest,2020.0,
Gambia,2020,renewables_share_elec,0.0,measured,source_ingest,2020.0,
Gambia,2020,solar_electricity,0.0,measured,source_ingest,2020.0,
Gambia,2020,wind_electricity,0.0,measured,source_ingest,2020.0,
Gambia,2021,Access to Clean Fuels and Technologies for cooking (% of total population),1.7,measured,source_ingest,2021.0,
Gambia,2021,Access to electricity (% of total population),63.7,measured,source_ingest,2021.0,
Gambia,2021,Population growth (annual %),2.36774778418782,measured,source_ingest,2021.0,
Gambia,2021,carbon_intensity_elec,660.0,measured,source_ingest,2021.0,
Gambia,2021,electricity_demand (TWh),0.5,measured,source_ingest,2021.0,
Gambia,2021,electricity_generation (TWh),0.5,measured,source_ingest,2021.0,
Gambia,2021,energy_poverty_electricity (% of total population),36.3,derived,one_minus_access,2021.0,
Gambia,2021,energy_poverty_electricity_rural (% of rural population),68.8,measured,source_ingest,2021.0,
Gambia,2021,energy_poverty_electricity_urban (% of urban population),17.400000000000006,measured,source_ingest,2021.0,
Gambia,2021,energy_poverty_multidimensional (% of total population),67.3,measured,source_ingest,2021.0,
Gambia,2021,fossil_share_elec,100.0,measured,source_ingest,2021.0,
Gambia,2021,gdp,4439051582.0,measured,source_ingest,2021.0,
Gambia,2021,greenhouse_gas_emissions,0.33,measured,source_ingest,2021.0,
Gambia,2021,hydro_electricity,0.0,measured,source_ingest,2021.0,
Gambia,2021,low_carbon_share_elec,0.0,measured,source_ingest,2021.0,
Gambia,2021,population,2576015.0,measured,source_ingest,2021.0,
Gambia,2021,renewables_electricity,0.0,measured,source_ingest,2021.0,
Gambia,2021,renewables_share_elec,0.0,measured,source_ingest,2021.0,
Gambia,2021,solar_electricity,0.0,measured,source_ingest,2021.0,
Gambia,2021,wind_electricity,0.0,measured,source_ingest,2021.0,
Gambia,2022,Access to Clean Fuels and Technologies for cooking (% of total population),1.7,measured,source_ingest,2022.0,
Gambia,2022,Access to electricity (% of total population),65.4,measured,source_ingest,2022.0,
Gambia,2022,Population growth (annual %),2.31992109797091,measured,source_ingest,2022.0,
Gambia,2022,carbon_intensity_elec,666.67,measured,source_ingest,2022.0,
Gambia,2022,electricity_demand (TWh),0.51,measured,source_ingest,2022.0,
Gambia,2022,electricity_generation (TWh),0.51,measured,source_ingest,2022.0,
Gambia,2022,energy_poverty_electricity (% of total population),34.599999999999994,derived,one_minus_access,2022.0,
Gambia,2022,energy_poverty_electricity_rural (% of rural population),68.5,measured,source_ingest,2022.0,
Gambia,2022,energy_poverty_electricity_urban (% of urban population),17.200000000000003,measured,source_ingest,2022.0,
Gambia,2022,energy_poverty_multidimensional (% of total population),66.44999999999999,measured,source_ingest,2022.0,
Gambia,2022,fossil_share_elec,100.0,measured,source_ingest,2022.0,
Gambia,2022,gdp,4656793663.0,measured,source_ingest,2022.0,
Gambia,2022,greenhouse_gas_emissions,0.34,measured,source_ingest,2022.0,
Gambia,2022,hydro_electricity,0.0,measured,source_ingest,2022.0,
Gambia,2022,low_carbon_share_elec,0.0,measured,source_ingest,2022.0,
Gambia,2022,population,2636472.0,measured,source_ingest,2022.0,
Gambia,2022,renewables_electricity,0.0,measured,source_ingest,2022.0,
Gambia,2022,renewables_share_elec,0.0,measured,source_ingest,2022.0,
Gambia,2022,solar_electricity,0.0,measured,source_ingest,2022.0,
Gambia,2022,wind_electricity,0.0,measured,source_ingest,2022.0,
Gambia,2023,Access to Clean Fuels and Technologies for cooking (% of total population),1.6,measured,source_ingest,2023.0,
Gambia,2023,Access to electricity (% of total population),66.9,measured,source_ingest,2023.0,
Gambia,2023,Population growth (annual %),2.30124049704572,measured,source_ingest,2023.0,
Gambia,2023,carbon_intensity_elec,666.67,measured,source_ingest,2023.0,
Gambia,2023,electricity_demand (TWh),0.51,measured,source_ingest,2023.0,
Gambia,2023,electricity_generation (TWh),0.51,measured,source_ingest,2023.0,
Gambia,2023,energy_poverty_electricity (% of total population),33.099999999999994,derived,one_minus_access,2023.0,
Gambia,2023,energy_poverty_electricity_rural (% of rural population),64.7,measured,source_ingest,2023.0,
Gambia,2023,energy_poverty_electricity_urban (% of urban population),14.700000000000003,measured,source_ingest,2023.0,
Gambia,2023,energy_poverty_multidimensional (% of total population),65.75,measured,source_ingest,2023.0,
Gambia,2023,fossil_share_elec,100.0,measured,source_ingest,2023.0,
Gambia,2023,gdp,4866798414.274702,estimated,dampened_exponential_log_linear,2022.0,0.9807265599380653
Gambia,2023,greenhouse_gas_emissions,0.34,measured,source_ingest,2023.0,
Gambia,2023,hydro_electricity,0.0,measured,source_ingest,2023.0,
Gambia,2023,low_carbon_share_elec,0.0,measured,source_ingest,2023.0,
Gambia,2023,population,2697846.0,measured,source_ingest,2023.0,
Gambia,2023,renewables_electricity,0.0,measured,source_ingest,2023.0,
Gambia,2023,renewables_share_elec,0.0,measured,source_ingest,2023.0,
Gambia,2023,solar_electricity,0.0,measured,source_ingest,2023.0,
Gambia,2023,wind_electricity,0.0,measured,source_ingest,2023.0,
Gambia,2024,Access to Clean Fuels and Technologies for cooking (% of total population),1.546428571428578,estimated,linear_projection,2023.0,0.9361997226074841
Gambia,2024,Access to electricity (% of total population),69.0,measured,source_ingest,2024.0,
Gambia,2024,Population growth (annual %),2.27730257212036,measured,source_ingest,2024.0,
Gambia,2024,carbon_intensity_elec,666.67,measured,source_ingest,2024.0,
Gambia,2024,electricity_demand (TWh),0.51,measured,source_ingest,2024.0,
Gambia,2024,electricity_generation (TWh),0.51,measured,source_ingest,2024.0,
Gambia,2024,energy_poverty_electricity (% of total population),31.0,derived,one_minus_access,2024.0,
Gambia,2024,energy_poverty_electricity_rural (% of rural population),60.8,measured,source_ingest,2024.0,
Gambia,2024,energy_poverty_electricity_urban (% of urban population),14.400000000000006,measured,source_ingest,2024.0,
Gambia,2024,energy_poverty_multidimensional (% of total population),64.92499999999995,measured,source_ingest,2024.0,
Gambia,2024,fossil_share_elec,100.0,measured,source_ingest,2024.0,
Gambia,2024,gdp,5086273629.295384,estimated,dampened_exponential_log_linear,2022.0,0.9807265599380653
Gambia,2024,greenhouse_gas_emissions,0.34,measured,source_ingest,2024.0,
Gambia,2024,hydro_electricity,0.0,measured,source_ingest,2024.0,
Gambia,2024,low_carbon_share_elec,0.0,measured,source_ingest,2024.0,
Gambia,2024,population,2759999.0,measured,source_ingest,2024.0,
Gambia,2024,renewables_electricity,0.0,measured,source_ingest,2024.0,
Gambia,2024,renewables_share_elec,0.0,measured,source_ingest,2024.0,
Gambia,2024,solar_electricity,0.0,measured,source_ingest,2024.0,
Gambia,2024,wind_electricity,0.0,measured,source_ingest,2024.0,
Gambia,2025,Access to Clean Fuels and Technologies for cooking (% of total population),1.4928571428571473,estimated,linear_projection,2023.0,0.9361997226074841
Gambia,2025,Access to electricity (% of total population),70.05503725414084,estimated,logistic_logit_linear,2024.0,0.9679811136599544
Gambia,2025,Population growth (annual %),2.22524763449017,measured,source_ingest,2025.0,
Gambia,2025,carbon_intensity_elec,667.8969675974378,estimated,dampened_exponential_log_linear,2024.0,0.17002338055481858
Gambia,2025,electricity_demand (TWh),0.5473068916924647,estimated,dampened_exponential_log_linear,2024.0,0.8026127197081128
Gambia,2025,electricity_generation (TWh),0.5473068916924647,estimated,dampened_exponential_log_linear,2024.0,0.8026127197081128
Gambia,2025,energy_poverty_electricity (% of total population),29.944962745859158,estimated,one_minus_access,2024.0,
Gambia,2025,energy_poverty_electricity_rural (% of rural population),61.80638297872292,estimated,linear_projection,2024.0,0.6308110930117654
Gambia,2025,energy_poverty_electricity_urban (% of urban population),12.636111111111404,estimated,linear_projection,2024.0,0.8893210435727893
Gambia,2025,energy_poverty_multidimensional (% of total population),64.17916666666656,measured,source_ingest,2025.0,
Gambia,2025,fossil_share_elec,100.0,estimated,linear_projection,2024.0,0.0
Gambia,2025,gdp,5108758304.998942,estimated,dampened_exponential_log_linear,2022.0,0.9807265599380653
Gambia,2025,greenhouse_gas_emissions,0.3655426210985143,estimated,dampened_exponential_log_linear,2024.0,0.8071509825808522
Gambia,2025,hydro_electricity,,missing,no_history,,
Gambia,2025,low_carbon_share_elec,0.0,estimated,linear_projection,2024.0,0.0
Gambia,2025,population,2822104.2475210037,estimated,limit_year_population_growth_rate_exponential,2024.0,
Gambia,2025,renewables_electricity,,missing,no_history,,
Gambia,2025,renewables_share_elec,0.0,estimated,linear_projection,2024.0,0.0
Gambia,2025,solar_electricity,,missing,no_history,,
Gambia,2025,wind_electricity,,missing,no_history,,
Ghana,2016,Access to Clean Fuels and Technologies for cooking (% of total population),22.7,measured,source_ingest,2016.0,
Ghana,2016,Access to electricity (% of total population),79.3,measured,source_ingest,2016.0,
Ghana,2016,Population growth (annual %),2.27621203911157,measured,source_ingest,2016.0,
Ghana,2016,carbon_intensity_elec,410.02,measured,source_ingest,2016.0,
Ghana,2016,electricity_demand (TWh),13.73,measured,source_ingest,2016.0,
Ghana,2016,electricity_generation (TWh),13.17,measured,source_ingest,2016.0,
Ghana,2016,energy_poverty_electricity (% of total population),20.700000000000003,derived,one_minus_access,2016.0,
Ghana,2016,energy_poverty_electricity_rural (% of rural population),33.400000000000006,measured,source_ingest,2016.0,
Ghana,2016,energy_poverty_electricity_urban (% of urban population),10.200000000000003,measured,source_ingest,2016.0,
Ghana,2016,energy_poverty_multidimensional (% of total population),49.0,measured,source_ingest,2016.0,
Ghana,2016,fossil_share_elec,57.783,measured,source_ingest,2016.0,
Ghana,2016,gdp,108784039058.0,measured,source_ingest,2016.0,
Ghana,2016,greenhouse_gas_emissions,5.4,measured,source_ingest,2016.0,
Ghana,2016,hydro_electricity,5.51,measured,source_ingest,2016.0,
Ghana,2016,low_carbon_share_elec,42.217,measured,source_ingest,2016.0,
Ghana,2016,population,29356736.0,measured,source_ingest,2016.0,
Ghana,2016,renewables_electricity,5.56,measured,source_ingest,2016.0,
Ghana,2016,renewables_share_elec,42.217,measured,source_ingest,2016.0,
Ghana,2016,solar_electricity,0.03,measured,source_ingest,2016.0,
Ghana,2016,wind_electricity,0.0,measured,source_ingest,2016.0,
Ghana,2017,Access to Clean Fuels and Technologies for cooking (% of total population),23.9,measured,source_ingest,2017.0,
Ghana,2017,Access to electricity (% of total population),79.0,measured,source_ingest,2017.0,
Ghana,2017,Population growth (annual %),2.19535792776401,measured,source_ingest,2017.0,
Ghana,2017,carbon_intensity_elec,407.52,measured,source_ingest,2017.0,
Ghana,2017,electricity_demand (TWh),13.35,measured,source_ingest,2017.0,
Ghana,2017,electricity_generation (TWh),13.3,measured,source_ingest,2017.0,
Ghana,2017,energy_poverty_electricity (% of total population),21.0,derived,one_minus_access,2017.0,
Ghana,2017,energy_poverty_electricity_rural (% of rural population),34.7,measured,source_ingest,2017.0,
Ghana,2017,energy_poverty_electricity_urban (% of urban population),10.0,measured,source_ingest,2017.0,
Ghana,2017,energy_poverty_multidimensional (% of total population),48.55,measured,source_ingest,2017.0,
Ghana,2017,fossil_share_elec,57.368,measured,source_ingest,2017.0,
Ghana,2017,gdp,117627099029.0,measured,source_ingest,2017.0,
Ghana,2017,greenhouse_gas_emissions,5.42,measured,source_ingest,2017.0,
Ghana,2017,hydro_electricity,5.62,measured,source_ingest,2017.0,
Ghana,2017,low_carbon_share_elec,42.632,measured,source_ingest,2017.0,
Ghana,2017,population,30008364.0,measured,source_ingest,2017.0,
Ghana,2017,renewables_electricity,5.67,measured,source_ingest,2017.0,
Ghana,2017,renewables_share_elec,42.632,measured,source_ingest,2017.0,
Ghana,2017,solar_electricity,0.03,measured,source_ingest,2017.0,
Ghana,2017,wind_electricity,0.0,measured,source_ingest,2017.0,
Ghana,2018,Access to Clean Fuels and Technologies for cooking (% of total population),25.3,measured,source_ingest,2018.0,
Ghana,2018,Access to electricity (% of total population),80.4,measured,source_ingest,2018.0,
Ghana,2018,Population growth (annual %),2.07517136640112,measured,source_ingest,2018.0,
Ghana,2018,carbon_intensity_elec,421.87,measured,source_ingest,2018.0,
Ghana,2018,electricity_demand (TWh),14.31,measured,source_ingest,2018.0,
Ghana,2018,electricity_generation (TWh),14.91,measured,source_ingest,2018.0,
Ghana,2018,energy_poverty_electricity (% of total population),19.599999999999994,derived,one_minus_access,2018.0,
Ghana,2018,energy_poverty_electricity_rural (% of rural population),31.700000000000003,measured,source_ingest,2018.0,
Ghana,2018,energy_poverty_electricity_urban (% of urban population),10.099999999999994,measured,source_ingest,2018.0,
Ghana,2018,energy_poverty_multidimensional (% of total population),47.15,measured,source_ingest,2018.0,
Ghana,2018,fossil_share_elec,59.289,measured,source_ingest,2018.0,
Ghana,2018,gdp,124919973796.0,measured,source_ingest,2018.0,
Ghana,2018,greenhouse_gas_emissions,6.29,measured,source_ingest,2018.0,
Ghana,2018,hydro_electricity,6.02,measured,source_ingest,2018.0,
Ghana,2018,low_carbon_share_elec,40.711,measured,source_ingest,2018.0,
Ghana,2018,population,30637592.0,measured,source_ingest,2018.0,
Ghana,2018,renewables_electricity,6.07,measured,source_ingest,2018.0,
Ghana,2018,renewables_share_elec,40.711,measured,source_ingest,2018.0,
Ghana,2018,solar_electricity,0.03,measured,source_ingest,2018.0,
Ghana,2018,wind_electricity,0.0,measured,source_ingest,2018.0,
Ghana,2019,Access to Clean Fuels and Technologies for cooking (% of total population),26.9,measured,source_ingest,2019.0,
Ghana,2019,Access to electricity (% of total population),83.5,measured,source_ingest,2019.0,
Ghana,2019,Population growth (annual %),2.00780519953703,measured,source_ingest,2019.0,
Ghana,2019,carbon_intensity_elec,416.76,measured,source_ingest,2019.0,
Ghana,2019,electricity_demand (TWh),16.0,measured,source_ingest,2019.0,
Ghana,2019,electricity_generation (TWh),17.3,measured,source_ingest,2019.0,
Ghana,2019,energy_poverty_electricity (% of total population),16.5,derived,one_minus_access,2019.0,
Ghana,2019,energy_poverty_electricity_rural (% of rural population),30.0,measured,source_ingest,2019.0,
Ghana,2019,energy_poverty_electricity_urban (% of urban population),6.200000000000003,measured,source_ingest,2019.0,
Ghana,2019,energy_poverty_multidimensional (% of total population),44.8,measured,source_ingest,2019.0,
Ghana,2019,fossil_share_elec,57.688,measured,source_ingest,2019.0,
Ghana,2019,gdp,133049773378.0,measured,source_ingest,2019.0,
Ghana,2019,greenhouse_gas_emissions,7.21,measured,source_ingest,2019.0,
Ghana,2019,hydro_electricity,7.25,measured,source_ingest,2019.0,
Ghana,2019,low_carbon_share_elec,42.312,measured,source_ingest,2019.0,
Ghana,2019,population,31258943.0,measured,source_ingest,2019.0,
Ghana,2019,renewables_electricity,7.32,measured,source_ingest,2019.0,
Ghana,2019,renewables_share_elec,42.312,measured,source_ingest,2019.0,
Ghana,2019,solar_electricity,0.05,measured,source_ingest,2019.0,
Ghana,2019,wind_electricity,0.0,measured,source_ingest,2019.0,
Ghana,2020,Access to Clean Fuels and Technologies for cooking (% of total population),28.3,measured,source_ingest,2020.0,
Ghana,2020,Access to electricity (% of total population),85.4,measured,source_ingest,2020.0,
Ghana,2020,Population growth (annual %),1.99181985149439,measured,source_ingest,2020.0,
Ghana,2020,carbon_intensity_elec,459.2,measured,source_ingest,2020.0,
Ghana,2020,electricity_demand (TWh),17.99,measured,source_ingest,2020.0,
Ghana,2020,electricity_generation (TWh),19.73,measured,source_ingest,2020.0,
Ghana,2020,energy_poverty_electricity (% of total population),14.599999999999994,derived,one_minus_access,2020.0,
Ghana,2020,energy_poverty_electricity_rural (% of rural population),26.900000000000006,measured,source_ingest,2020.0,
Ghana,2020,energy_poverty_electricity_urban (% of urban population),5.400000000000006,measured,source_ingest,2020.0,
Ghana,2020,energy_poverty_multidimensional (% of total population),43.15,measured,source_ingest,2020.0,
Ghana,2020,fossil_share_elec,62.646,measured,source_ingest,2020.0,
Ghana,2020,gdp,133733644694.0,measured,source_ingest,2020.0,
Ghana,2020,greenhouse_gas_emissions,9.06,measured,source_ingest,2020.0,
Ghana,2020,hydro_electricity,7.29,measured,source_ingest,2020.0,
Ghana,2020,low_carbon_share_elec,37.354,measured,source_ingest,2020.0,
Ghana,2020,population,31887802.0,measured,source_ingest,2020.0,
Ghana,2020,renewables_electricity,7.37,measured,source_ingest,2020.0,
Ghana,2020,renewables_share_elec,37.354,measured,source_ingest,2020.0,
Ghana,2020,solar_electricity,0.06,measured,source_ingest,2020.0,
Ghana,2020,wind_electricity,0.0,measured,source_ingest,2020.0,
Ghana,2021,Access to Clean Fuels and Technologies for cooking (% of total population),29.9,measured,source_ingest,2021.0,
Ghana,2021,Access to electricity (% of total population),86.3,measured,source_ingest,2021.0,
Ghana,2021,Population growth (annual %),1.95904584379494,measured,source_ingest,2021.0,
Ghana,2021,carbon_intensity_elec,478.26,measured,source_ingest,2021.0,
Ghana,2021,electricity_demand (TWh),20.39,measured,source_ingest,2021.0,
Ghana,2021,electricity_generation (TWh),22.08,measured,source_ingest,2021.0,
Ghana,2021,energy_poverty_electricity (% of total population),13.700000000000003,derived,one_minus_access,2021.0,
Ghana,2021,energy_poverty_electricity_rural (% of rural population),26.0,measured,source_ingest,2021.0,
Ghana,2021,energy_poverty_electricity_urban (% of urban population),4.799999999999997,measured,source_ingest,2021.0,
Ghana,2021,energy_poverty_multidimensional (% of total population),41.900000000000006,measured,source_ingest,2021.0,
Ghana,2021,fossil_share_elec,65.217,measured,source_ingest,2021.0,
Ghana,2021,gdp,140896419821.0,measured,source_ingest,2021.0,
Ghana,2021,greenhouse_gas_emissions,10.56,measured,source_ingest,2021.0,
Ghana,2021,hydro_electricity,7.53,measured,source_ingest,2021.0,
Ghana,2021,low_carbon_share_elec,34.783,measured,source_ingest,2021.0,
Ghana,2021,population,32518662.0,measured,source_ingest,2021.0,
Ghana,2021,renewables_electricity,7.68,measured,source_ingest,2021.0,
Ghana,2021,renewables_share_elec,34.783,measured,source_ingest,2021.0,
Ghana,2021,solar_electricity,0.13,measured,source_ingest,2021.0,
Ghana,2021,wind_electricity,0.0,measured,source_ingest,2021.0,
Ghana,2022,Access to Clean Fuels and Technologies for cooking (% of total population),31.5,measured,source_ingest,2022.0,
Ghana,2022,Access to electricity (% of total population),85.1,measured,source_ingest,2022.0,
Ghana,2022,Population growth (annual %),1.92029034344132,measured,source_ingest,2022.0,
Ghana,2022,carbon_intensity_elec,469.42,measured,source_ingest,2022.0,
Ghana,2022,electricity_demand (TWh),21.05,measured,source_ingest,2022.0,
Ghana,2022,electricity_generation (TWh),23.22,measured,source_ingest,2022.0,
Ghana,2022,energy_poverty_electricity (% of total population),14.900000000000006,derived,one_minus_access,2022.0,
Ghana,2022,energy_poverty_electricity_rural (% of rural population),28.400000000000006,measured,source_ingest,2022.0,
Ghana,2022,energy_poverty_electricity_urban (% of urban population),5.0,measured,source_ingest,2022.0,
Ghana,2022,energy_poverty_multidimensional (% of total population),41.7,measured,source_ingest,2022.0,
Ghana,2022,fossil_share_elec,63.953,measured,source_ingest,2022.0,
Ghana,2022,gdp,145431875240.0,measured,source_ingest,2022.0,
Ghana,2022,greenhouse_gas_emissions,10.9,measured,source_ingest,2022.0,
Ghana,2022,hydro_electricity,8.19,measured,source_ingest,2022.0,
Ghana,2022,low_carbon_share_elec,36.047,measured,source_ingest,2022.0,
Ghana,2022,population,33149152.0,measured,source_ingest,2022.0,
Ghana,2022,renewables_electricity,8.37,measured,source_ingest,2022.0,
Ghana,2022,renewables_share_elec,36.047,measured,source_ingest,2022.0,
Ghana,2022,solar_electricity,0.16,measured,source_ingest,2022.0,
Ghana,2022,wind_electricity,0.0,measured,source_ingest,2022.0,
Ghana,2023,Access to Clean Fuels and Technologies for cooking (% of total population),32.8,measured,source_ingest,2023.0,
Ghana,2023,Access to electricity (% of total population),89.5,measured,source_ingest,2023.0,
Ghana,2023,Population growth (annual %),1.90860289687983,measured,source_ingest,2023.0,
Ghana,2023,carbon_intensity_elec,452.68,measured,source_ingest,2023.0,
Ghana,2023,electricity_demand (TWh),21.85,measured,source_ingest,2023.0,
Ghana,2023,electricity_generation (TWh),24.3,measured,source_ingest,2023.0,
Ghana,2023,energy_poverty_electricity (% of total population),10.5,derived,one_minus_access,2023.0,
Ghana,2023,energy_poverty_electricity_rural (% of rural population),22.200000000000003,measured,source_ingest,2023.0,
Ghana,2023,energy_poverty_electricity_urban (% of urban population),2.5,measured,source_ingest,2023.0,
Ghana,2023,energy_poverty_multidimensional (% of total population),38.85,measured,source_ingest,2023.0,
Ghana,2023,fossil_share_elec,61.481,measured,source_ingest,2023.0,
Ghana,2023,gdp,152344453551.46545,estimated,dampened_exponential_log_linear,2022.0,0.9590129435531335
Ghana,2023,greenhouse_gas_emissions,11.0,measured,source_ingest,2023.0,
Ghana,2023,hydro_electricity,9.19,measured,source_ingest,2023.0,
Ghana,2023,low_carbon_share_elec,38.519,measured,source_ingest,2023.0,
Ghana,2023,population,33787916.0,measured,source_ingest,2023.0,
Ghana,2023,renewables_electricity,9.36,measured,source_ingest,2023.0,
Ghana,2023,renewables_share_elec,38.519,measured,source_ingest,2023.0,
Ghana,2023,solar_electricity,0.15,measured,source_ingest,2023.0,
Ghana,2023,wind_electricity,0.0,measured,source_ingest,2023.0,
Ghana,2024,Access to Clean Fuels and Technologies for cooking (% of total population),34.29999999999973,estimated,linear_projection,2023.0,0.9988795212002802
Ghana,2024,Access to electricity (% of total population),91.9,measured,source_ingest,2024.0,
Ghana,2024,Population growth (annual %),1.87500010333119,measured,source_ingest,2024.0,
Ghana,2024,carbon_intensity_elec,468.89,measured,source_ingest,2024.0,
Ghana,2024,electricity_demand (TWh),21.83,measured,source_ingest,2024.0,
Ghana,2024,electricity_generation (TWh),24.27,measured,source_ingest,2024.0,
Ghana,2024,energy_poverty_electricity (% of total population),8.099999999999994,derived,one_minus_access,2024.0,
Ghana,2024,energy_poverty_electricity_rural (% of rural population),17.400000000000006,measured,source_ingest,2024.0,
Ghana,2024,energy_poverty_electricity_urban (% of urban population),1.4000000000000057,measured,source_ingest,2024.0,
Ghana,2024,energy_poverty_multidimensional (% of total population),37.81428571428569,measured,source_ingest,2024.0,
Ghana,2024,fossil_share_elec,63.782,measured,source_ingest,2024.0,
Ghana,2024,gdp,159585596277.254,estimated,dampened_exponential_log_linear,2022.0,0.9590129435531335
Ghana,2024,greenhouse_gas_emissions,11.38,measured,source_ingest,2024.0,
Ghana,2024,hydro_electricity,8.6,measured,source_ingest,2024.0,
Ghana,2024,low_carbon_share_elec,36.218,measured,source_ingest,2024.0,
Ghana,2024,population,34427417.0,measured,source_ingest,2024.0,
Ghana,2024,renewables_electricity,8.79,measured,source_ingest,2024.0,
Ghana,2024,renewables_share_elec,36.218,measured,source_ingest,2024.0,
Ghana,2024,solar_electricity,0.17,measured,source_ingest,2024.0,
Ghana,2024,wind_electricity,0.0,measured,source_ingest,2024.0,
Ghana,2025,Access to Clean Fuels and Technologies for cooking (% of total population),35.774999999999636,estimated,linear_projection,2023.0,0.9988795212002802
Ghana,2025,Access to electricity (% of total population),91.49456315080727,estimated,logistic_logit_linear,2024.0,0.893775975547391
Ghana,2025,Population growth (annual %),1.83295547173437,measured,source_ingest,2025.0,
Ghana,2025,carbon_intensity_elec,478.387566508289,estimated,dampened_exponential_log_linear,2024.0,0.7262586073475646
Ghana,2025,electricity_demand (TWh),23.470364120557043,estimated,dampened_exponential_log_linear,2024.0,0.9344594949712461
Ghana,2025,electricity_generation (TWh),26.5482038201635,estimated,dampened_exponential_log_linear,2024.0,0.9467281932352745
Ghana,2025,energy_poverty_electricity (% of total population),8.505436849192733,estimated,one_minus_access,2024.0,
Ghana,2025,energy_poverty_electricity_rural (% of rural population),18.513888888888687,estimated,linear_projection,2024.0,0.8621696473494032
Ghana,2025,energy_poverty_electricity_urban (% of urban population),0.4027777777778283,estimated,linear_projection,2024.0,0.9262394887751775
Ghana,2025,energy_poverty_multidimensional (% of total population),36.353571428571286,measured,source_ingest,2025.0,
Ghana,2025,fossil_share_elec,65.45566666666673,estimated,linear_projection,2024.0,0.6319878813668975
Ghana,2025,gdp,160328376535.13193,estimated,dampened_exponential_log_linear,2022.0,0.9590129435531335
Ghana,2025,greenhouse_gas_emissions,12.700373840711913,estimated,dampened_exponential_log_linear,2024.0,0.9253866481223031
Ghana,2025,hydro_electricity,9.1790499046986,estimated,dampened_exponential_log_linear,2024.0,0.9290654433989546
Ghana,2025,low_carbon_share_elec,34.54433333333327,estimated,linear_projection,2024.0,0.6319878813668975
Ghana,2025,population,35064275.05549572,estimated,limit_year_population_growth_rate_exponential,2024.0,
Ghana,2025,renewables_electricity,9.400115316037946,estimated,dampened_exponential_log_linear,2024.0,0.9347368324876452
Ghana,2025,renewables_share_elec,34.54433333333327,estimated,linear_projection,2024.0,0.6319878813668975
Ghana,2025,solar_electricity,0.22221265043462832,estimated,dampened_exponential_log_linear,2024.0,0.9109273210810187
Ghana,2025,wind_electricity,,missing,no_history,,
Guinea,2016,Access to Clean Fuels and Technologies for cooking (% of total population),0.9,measured,source_ingest,2016.0,
Guinea,2016,Access to electricity (% of total population),33.5,measured,source_ingest,2016.0,
Guinea,2016,Population growth (annual %),2.56690869267138,measured,source_ingest,2016.0,
Guinea,2016,carbon_intensity_elec,229.81,measured,source_ingest,2016.0,
Guinea,2016,electricity_demand (TWh),1.61,measured,source_ingest,2016.0,
Guinea,2016,electricity_generation (TWh),1.61,measured,source_ingest,2016.0,
Guinea,2016,energy_poverty_electricity (% of total population),66.5,derived,one_minus_access,2016.0,
Guinea,2016,energy_poverty_electricity_rural (% of rural population),93.3,measured,source_ingest,2016.0,
Guinea,2016,energy_poverty_electricity_urban (% of urban population),17.799999999999997,measured,source_ingest,2016.0,
Guinea,2016,energy_poverty_multidimensional (% of total population),82.8,measured,source_ingest,2016.0,
Guinea,2016,fossil_share_elec,31.677,measured,source_ingest,2016.0,
Guinea,2016,gdp,16533568057.0,measured,source_ingest,2016.0,
Guinea,2016,greenhouse_gas_emissions,0.37,measured,source_ingest,2016.0,
Guinea,2016,hydro_electricity,1.08,measured,source_ingest,2016.0,
Guinea,2016,low_carbon_share_elec,68.323,measured,source_ingest,2016.0,
Guinea,2016,population,12073031.0,measured,source_ingest,2016.0,
Guinea,2016,renewables_electricity,1.1,measured,source_ingest,2016.0,
Guinea,2016,renewables_share_elec,68.323,measured,source_ingest,2016.0,
Guinea,2016,solar_electricity,0.02,measured,source_ingest,2016.0,
Guinea,2016,wind_electricity,0.0,measured,source_ingest,2016.0,
Guinea,2017,Access to Clean Fuels and Technologies for cooking (% of total population),0.9,measured,source_ingest,2017.0,
Guinea,2017,Access to electricity (% of total population),35.4,measured,source_ingest,2017.0,
Guinea,2017,Population growth (annual %),2.55652318226129,measured,source_ingest,2017.0,
Guinea,2017,carbon_intensity_elec,220.34,measured,source_ingest,2017.0,
Guinea,2017,electricity_demand (TWh),1.77,measured,source_ingest,2017.0,
Guinea,2017,electricity_generation (TWh),1.77,measured,source_ingest,2017.0,
Guinea,2017,energy_poverty_electricity (% of total population),64.6,derived,one_minus_access,2017.0,
Guinea,2017,energy_poverty_electricity_rural (% of rural population),91.4,measured,source_ingest,2017.0,
Guinea,2017,energy_poverty_electricity_urban (% of urban population),16.599999999999994,measured,source_ingest,2017.0,
Guinea,2017,energy_poverty_multidimensional (% of total population),81.85,measured,source_ingest,2017.0,
Guinea,2017,fossil_share_elec,30.508,measured,source_ingest,2017.0,
Guinea,2017,gdp,18265129177.0,measured,source_ingest,2017.0,
Guinea,2017,greenhouse_gas_emissions,0.39,measured,source_ingest,2017.0,
Guinea,2017,hydro_electricity,1.21,measured,source_ingest,2017.0,
Guinea,2017,low_carbon_share_elec,69.492,measured,source_ingest,2017.0,
Guinea,2017,population,12385668.0,measured,source_ingest,2017.0,
Guinea,2017,renewables_electricity,1.23,measured,source_ingest,2017.0,
Guinea,2017,renewables_share_elec,69.492,measured,source_ingest,2017.0,
Guinea,2017,solar_electricity,0.02,measured,source_ingest,2017.0,
Guinea,2017,wind_electricity,0.0,measured,source_ingest,2017.0,
Guinea,2018,Access to Clean Fuels and Technologies for cooking (% of total population),0.9,measured,source_ingest,2018.0,
Guinea,2018,Access to electricity (% of total population),45.0,measured,source_ingest,2018.0,
Guinea,2018,Population growth (annual %),2.54385572881799,measured,source_ingest,2018.0,
Guinea,2018,carbon_intensity_elec,262.89,measured,source_ingest,2018.0,
Guinea,2018,electricity_demand (TWh),1.94,measured,source_ingest,2018.0,
Guinea,2018,electricity_generation (TWh),1.94,measured,source_ingest,2018.0,
Guinea,2018,energy_poverty_electricity (% of total population),55.0,derived,one_minus_access,2018.0,
Guinea,2018,energy_poverty_electricity_rural (% of rural population),78.6,measured,source_ingest,2018.0,
Guinea,2018,energy_poverty_electricity_urban (% of urban population),13.299999999999997,measured,source_ingest,2018.0,
Guinea,2018,energy_poverty_multidimensional (% of total population),77.05,measured,source_ingest,2018.0,
Guinea,2018,fossil_share_elec,37.629,measured,source_ingest,2018.0,
Guinea,2018,gdp,19467826772.0,measured,source_ingest,2018.0,
Guinea,2018,greenhouse_gas_emissions,0.51,measured,source_ingest,2018.0,
Guinea,2018,hydro_electricity,1.19,measured,source_ingest,2018.0,
Guinea,2018,low_carbon_share_elec,62.371,measured,source_ingest,2018.0,
Guinea,2018,population,12704776.0,measured,source_ingest,2018.0,
Guinea,2018,renewables_electricity,1.21,measured,source_ingest,2018.0,
Guinea,2018,renewables_share_elec,62.371,measured,source_ingest,2018.0,
Guinea,2018,solar_electricity,0.02,measured,source_ingest,2018.0,
Guinea,2018,wind_electricity,0.0,measured,source_ingest,2018.0,
Guinea,2019,Access to Clean Fuels and Technologies for cooking (% of total population),0.9,measured,source_ingest,2019.0,
Guinea,2019,Access to electricity (% of total population),42.2,measured,source_ingest,2019.0,
Guinea,2019,Population growth (annual %),2.56100451729991,measured,source_ingest,2019.0,
Guinea,2019,carbon_intensity_elec,253.66,measured,source_ingest,2019.0,
Guinea,2019,electricity_demand (TWh),2.05,measured,source_ingest,2019.0,
Guinea,2019,electricity_generation (TWh),2.05,measured,source_ingest,2019.0,
Guinea,2019,energy_poverty_electricity (% of total population),57.8,derived,one_minus_access,2019.0,
Guinea,2019,energy_poverty_electricity_rural (% of rural population),83.0,measured,source_ingest,2019.0,
Guinea,2019,energy_poverty_electricity_urban (% of urban population),14.0,measured,source_ingest,2019.0,
Guinea,2019,energy_poverty_multidimensional (% of total population),78.45,measured,source_ingest,2019.0,
Guinea,2019,fossil_share_elec,36.098,measured,source_ingest,2019.0,
Guinea,2019,gdp,20561330331.0,measured,source_ingest,2019.0,
Guinea,2019,greenhouse_gas_emissions,0.52,measured,source_ingest,2019.0,
Guinea,2019,hydro_electricity,1.29,measured,source_ingest,2019.0,
Guinea,2019,low_carbon_share_elec,63.902,measured,source_ingest,2019.0,
Guinea,2019,population,13034349.0,measured,source_ingest,2019.0,
Guinea,2019,renewables_electricity,1.31,measured,source_ingest,2019.0,
Guinea,2019,renewables_share_elec,63.902,measured,source_ingest,2019.0,
Guinea,2019,solar_electricity,0.02,measured,source_ingest,2019.0,
Guinea,2019,wind_electricity,0.0,measured,source_ingest,2019.0,
Guinea,2020,Access to Clean Fuels and Technologies for cooking (% of total population),1.0,measured,source_ingest,2020.0,
Guinea,2020,Access to electricity (% of total population),44.7,measured,source_ingest,2020.0,
Guinea,2020,Population growth (annual %),2.55139953603925,measured,source_ingest,2020.0,
Guinea,2020,carbon_intensity_elec,274.19,measured,source_ingest,2020.0,
Guinea,2020,electricity_demand (TWh),2.48,measured,source_ingest,2020.0,
Guinea,2020,electricity_generation (TWh),2.48,measured,source_ingest,2020.0,
Guinea,2020,energy_poverty_electricity (% of total population),55.3,derived,one_minus_access,2020.0,
Guinea,2020,energy_poverty_electricity_rural (% of rural population),80.7,measured,source_ingest,2020.0,
Guinea,2020,energy_poverty_electricity_urban (% of urban population),11.700000000000003,measured,source_ingest,2020.0,
Guinea,2020,energy_poverty_multidimensional (% of total population),77.15,measured,source_ingest,2020.0,
Guinea,2020,fossil_share_elec,39.113,measured,source_ingest,2020.0,
Guinea,2020,gdp,21528646361.0,measured,source_ingest,2020.0,
Guinea,2020,greenhouse_gas_emissions,0.68,measured,source_ingest,2020.0,
Guinea,2020,hydro_electricity,1.49,measured,source_ingest,2020.0,
Guinea,2020,low_carbon_share_elec,60.887,measured,source_ingest,2020.0,
Guinea,2020,population,13371185.0,measured,source_ingest,2020.0,
Guinea,2020,renewables_electricity,1.51,measured,source_ingest,2020.0,
Guinea,2020,renewables_share_elec,60.887,measured,source_ingest,2020.0,
Guinea,2020,solar_electricity,0.02,measured,source_ingest,2020.0,
Guinea,2020,wind_electricity,0.0,measured,source_ingest,2020.0,
Guinea,2021,Access to Clean Fuels and Technologies for cooking (% of total population),1.0,measured,source_ingest,2021.0,
Guinea,2021,Access to electricity (% of total population),46.8,measured,source_ingest,2021.0,
Guinea,2021,Population growth (annual %),2.50610419423246,measured,source_ingest,2021.0,
Guinea,2021,carbon_intensity_elec,192.31,measured,source_ingest,2021.0,
Guinea,2021,electricity_demand (TWh),3.64,measured,source_ingest,2021.0,
Guinea,2021,electricity_generation (TWh),3.64,measured,source_ingest,2021.0,
Guinea,2021,energy_poverty_electricity (% of total population),53.2,derived,one_minus_access,2021.0,
Guinea,2021,energy_poverty_electricity_rural (% of rural population),78.7,measured,source_ingest,2021.0,
Guinea,2021,energy_poverty_electricity_urban (% of urban population),10.200000000000003,measured,source_ingest,2021.0,
Guinea,2021,energy_poverty_multidimensional (% of total population),76.1,measured,source_ingest,2021.0,
Guinea,2021,fossil_share_elec,26.923,measured,source_ingest,2021.0,
Guinea,2021,gdp,22615336825.0,measured,source_ingest,2021.0,
Guinea,2021,greenhouse_gas_emissions,0.7,measured,source_ingest,2021.0,
Guinea,2021,hydro_electricity,2.64,measured,source_ingest,2021.0,
Guinea,2021,low_carbon_share_elec,73.077,measured,source_ingest,2021.0,
Guinea,2021,population,13710515.0,measured,source_ingest,2021.0,
Guinea,2021,renewables_electricity,2.66,measured,source_ingest,2021.0,
Guinea,2021,renewables_share_elec,73.077,measured,source_ingest,2021.0,
Guinea,2021,solar_electricity,0.02,measured,source_ingest,2021.0,
Guinea,2021,wind_electricity,0.0,measured,source_ingest,2021.0,
Guinea,2022,Access to Clean Fuels and Technologies for cooking (% of total population),1.0,measured,source_ingest,2022.0,
Guinea,2022,Access to electricity (% of total population),47.7,measured,source_ingest,2022.0,
Guinea,2022,Population growth (annual %),2.48250409145397,measured,source_ingest,2022.0,
Guinea,2022,carbon_intensity_elec,185.0,measured,source_ingest,2022.0,
Guinea,2022,electricity_demand (TWh),4.0,measured,source_ingest,2022.0,
Guinea,2022,electricity_generation (TWh),4.0,measured,source_ingest,2022.0,
Guinea,2022,energy_poverty_electricity (% of total population),52.3,derived,one_minus_access,2022.0,
Guinea,2022,energy_poverty_electricity_rural (% of rural population),78.7,measured,source_ingest,2022.0,
Guinea,2022,energy_poverty_electricity_urban (% of urban population),9.0,measured,source_ingest,2022.0,
Guinea,2022,energy_poverty_multidimensional (% of total population),75.65,measured,source_ingest,2022.0,
Guinea,2022,fossil_share_elec,25.5,measured,source_ingest,2022.0,
Guinea,2022,gdp,23678257190.0,measured,source_ingest,2022.0,
Guinea,2022,greenhouse_gas_emissions,0.74,measured,source_ingest,2022.0,
Guinea,2022,hydro_electricity,2.95,measured,source_ingest,2022.0,
Guinea,2022,low_carbon_share_elec,74.5,measured,source_ingest,2022.0,
Guinea,2022,population,14055136.0,measured,source_ingest,2022.0,
Guinea,2022,renewables_electricity,2.98,measured,source_ingest,2022.0,
Guinea,2022,renewables_share_elec,74.5,measured,source_ingest,2022.0,
Guinea,2022,solar_electricity,0.03,measured,source_ingest,2022.0,
Guinea,2022,wind_electricity,0.0,measured,source_ingest,2022.0,
Guinea,2023,Access to Clean Fuels and Technologies for cooking (% of total population),1.0,measured,source_ingest,2023.0,
Guinea,2023,Access to electricity (% of total population),51.1,measured,source_ingest,2023.0,
Guinea,2023,Population growth (annual %),2.46199049961035,measured,source_ingest,2023.0,
Guinea,2023,carbon_intensity_elec,185.0,measured,source_ingest,2023.0,
Guinea,2023,electricity_demand (TWh),4.0,measured,source_ingest,2023.0,
Guinea,2023,electricity_generation (TWh),4.0,measured,source_ingest,2023.0,
Guinea,2023,energy_poverty_electricity (% of total population),48.9,derived,one_minus_access,2023.0,
Guinea,2023,energy_poverty_electricity_rural (% of rural population),74.3,measured,source_ingest,2023.0,
Guinea,2023,energy_poverty_electricity_urban (% of urban population),7.5,measured,source_ingest,2023.0,
Guinea,2023,energy_poverty_multidimensional (% of total population),73.95,measured,source_ingest,2023.0,
Guinea,2023,fossil_share_elec,25.5,measured,source_ingest,2023.0,
Guinea,2023,gdp,25075526826.067673,estimated,dampened_exponential_log_linear,2022.0,0.9796827800380581
Guinea,2023,greenhouse_gas_emissions,0.74,measured,source_ingest,2023.0,
Guinea,2023,hydro_electricity,2.95,measured,source_ingest,2023.0,
Guinea,2023,low_carbon_share_elec,74.5,measured,source_ingest,2023.0,
Guinea,2023,population,14405469.0,measured,source_ingest,2023.0,
Guinea,2023,renewables_electricity,2.98,measured,source_ingest,2023.0,
Guinea,2023,renewables_share_elec,74.5,measured,source_ingest,2023.0,
Guinea,2023,solar_electricity,0.03,measured,source_ingest,2023.0,
Guinea,2023,wind_electricity,0.0,measured,source_ingest,2023.0,
Guinea,2024,Access to Clean Fuels and Technologies for cooking (% of total population),1.0357142857142918,estimated,linear_projection,2023.0,0.7619047619047619
Guinea,2024,Access to electricity (% of total population),53.8,measured,source_ingest,2024.0,
Guinea,2024,Population growth (annual %),2.39595802290484,measured,source_ingest,2024.0,
Guinea,2024,carbon_intensity_elec,181.14,measured,source_ingest,2024.0,
Guinea,2024,electricity_demand (TWh),4.03,measured,source_ingest,2024.0,
Guinea,2024,electricity_generation (TWh),4.03,measured,source_ingest,2024.0,
Guinea,2024,energy_poverty_electricity (% of total population),46.2,derived,one_minus_access,2024.0,
Guinea,2024,energy_poverty_electricity_rural (% of rural population),70.6,measured,source_ingest,2024.0,
Guinea,2024,energy_poverty_electricity_urban (% of urban population),6.400000000000006,measured,source_ingest,2024.0,
Guinea,2024,energy_poverty_multidimensional (% of total population),72.6732142857145,measured,source_ingest,2024.0,
Guinea,2024,fossil_share_elec,24.814,measured,source_ingest,2024.0,
Guinea,2024,gdp,26555250268.604733,estimated,dampened_exponential_log_linear,2022.0,0.9796827800380581
Guinea,2024,greenhouse_gas_emissions,0.73,measured,source_ingest,2024.0,
Guinea,2024,hydro_electricity,3.0,measured,source_ingest,2024.0,
Guinea,2024,low_carbon_share_elec,75.186,measured,source_ingest,2024.0,
Guinea,2024,population,14754779.0,measured,source_ingest,2024.0,
Guinea,2024,renewables_electricity,3.03,measured,source_ingest,2024.0,
Guinea,2024,renewables_share_elec,75.186,measured,source_ingest,2024.0,
Guinea,2024,solar_electricity,0.03,measured,source_ingest,2024.0,
Guinea,2024,wind_electricity,0.0,measured,source_ingest,2024.0,
Guinea,2025,Access to Clean Fuels and Technologies for cooking (% of total population),1.0547619047619108,estimated,linear_projection,2023.0,0.7619047619047619
Guinea,2025,Access to electricity (% of total population),56.16243669868617,estimated,logistic_logit_linear,2024.0,0.8933048389817633
Guinea,2025,Population growth (annual %),2.31092272302565,measured,source_ingest,2025.0,
Guinea,2025,carbon_intensity_elec,173.87496890991036,estimated,dampened_exponential_log_linear,2024.0,0.46242547063252604
Guinea,2025,electricity_demand (TWh),4.615361551436139,estimated,dampened_exponential_log_linear,2024.0,0.924116977118938
Guinea,2025,electricity_generation (TWh),4.615361551436139,estimated,dampened_exponential_log_linear,2024.0,0.924116977118938
Guinea,2025,energy_poverty_electricity (% of total population),43.83756330131383,estimated,one_minus_access,2024.0,
Guinea,2025,energy_poverty_electricity_rural (% of rural population),68.85000000000036,estimated,linear_projection,2024.0,0.8228787458806816
Guinea,2025,energy_poverty_electricity_urban (% of urban population),4.724999999999909,estimated,linear_projection,2024.0,0.9765515112471145
Guinea,2025,energy_poverty_multidimensional (% of total population),71.51726190476211,measured,source_ingest,2025.0,
Guinea,2025,fossil_share_elec,24.536694444444493,estimated,linear_projection,2024.0,0.3815920237828847
Guinea,2025,gdp,26707942466.891605,estimated,dampened_exponential_log_linear,2022.0,0.9796827800380581
Guinea,2025,greenhouse_gas_emissions,0.8025022422946486,estimated,dampened_exponential_log_linear,2024.0,0.8672970284275935
Guinea,2025,hydro_electricity,3.502506842370633,estimated,dampened_exponential_log_linear,2024.0,0.8816303325986271
Guinea,2025,low_carbon_share_elec,75.46330555555551,estimated,linear_projection,2024.0,0.3815920237828849
Guinea,2025,population,15099720.859730115,estimated,limit_year_population_growth_rate_exponential,2024.0,
Guinea,2025,renewables_electricity,3.5332094594261103,estimated,dampened_exponential_log_linear,2024.0,0.8816963537897634
Guinea,2025,renewables_share_elec,75.46330555555551,estimated,linear_projection,2024.0,0.3815920237828849
Guinea,2025,solar_electricity,0.03188122083470408,estimated,dampened_exponential_log_linear,2024.0,0.6750000000000003
Guinea,2025,wind_electricity,,missing,no_history,,
Guinea-Bissau,2016,Access to Clean Fuels and Technologies for cooking (% of total population),1.1,measured,source_ingest,2016.0,
Guinea-Bissau,2016,Access to electricity (% of total population),22.9,measured,source_ingest,2016.0,
Guinea-Bissau,2016,Population growth (annual %),2.51155296505032,measured,source_ingest,2016.0,
Guinea-Bissau,2016,carbon_intensity_elec,625.0,measured,source_ingest,2016.0,
Guinea-Bissau,2016,electricity_demand (TWh),0.08,measured,source_ingest,2016.0,
Guinea-Bissau,2016,electricity_generation (TWh),0.08,measured,source_ingest,2016.0,
Guinea-Bissau,2016,energy_poverty_electricity (% of total population),77.1,derived,one_minus_access,2016.0,
Guinea-Bissau,2016,energy_poverty_electricity_rural (% of rural population),89.5,measured,source_ingest,2016.0,
Guinea-Bissau,2016,energy_poverty_electricity_urban (% of urban population),60.3,measured,source_ingest,2016.0,
Guinea-Bissau,2016,energy_poverty_multidimensional (% of total population),88.0,measured,source_ingest,2016.0,
Guinea-Bissau,2016,fossil_share_elec,100.0,measured,source_ingest,2016.0,
Guinea-Bissau,2016,gdp,2519068025.0,measured,source_ingest,2016.0,
Guinea-Bissau,2016,greenhouse_gas_emissions,0.05,measured,source_ingest,2016.0,
Guinea-Bissau,2016,hydro_electricity,0.0,measured,source_ingest,2016.0,
Guinea-Bissau,2016,low_carbon_share_elec,0.0,measured,source_ingest,2016.0,
Guinea-Bissau,2016,population,1831898.0,measured,source_ingest,2016.0,
Guinea-Bissau,2016,renewables_electricity,0.0,measured,source_ingest,2016.0,
Guinea-Bissau,2016,renewables_share_elec,0.0,measured,source_ingest,2016.0,
Guinea-Bissau,2016,solar_electricity,0.0,measured,source_ingest,2016.0,
Guinea-Bissau,2016,wind_electricity,0.0,measured,source_ingest,2016.0,
Guinea-Bissau,2017,Access to Clean Fuels and Technologies for cooking (% of total population),1.1,measured,source_ingest,2017.0,
Guinea-Bissau,2017,Access to electricity (% of total population),26.0,measured,source_ingest,2017.0,
Guinea-Bissau,2017,Population growth (annual %),2.4363257519627,measured,source_ingest,2017.0,
Guinea-Bissau,2017,carbon_intensity_elec,625.0,measured,source_ingest,2017.0,
Guinea-Bissau,2017,electricity_demand (TWh),0.08,measured,source_ingest,2017.0,
Guinea-Bissau,2017,electricity_generation (TWh),0.08,measured,source_ingest,2017.0,
Guinea-Bissau,2017,energy_poverty_electricity (% of total population),74.0,derived,one_minus_access,2017.0,
Guinea-Bissau,2017,energy_poverty_electricity_rural (% of rural population),87.5,measured,source_ingest,2017.0,
Guinea-Bissau,2017,energy_poverty_electricity_urban (% of urban population),56.1,measured,source_ingest,2017.0,
Guinea-Bissau,2017,energy_poverty_multidimensional (% of total population),86.45,measured,source_ingest,2017.0,
Guinea-Bissau,2017,fossil_share_elec,100.0,measured,source_ingest,2017.0,
Guinea-Bissau,2017,gdp,2668676184.0,measured,source_ingest,2017.0,
Guinea-Bissau,2017,greenhouse_gas_emissions,0.05,measured,source_ingest,2017.0,
Guinea-Bissau,2017,hydro_electricity,0.0,measured,source_ingest,2017.0,
Guinea-Bissau,2017,low_carbon_share_elec,0.0,measured,source_ingest,2017.0,
Guinea-Bissau,2017,population,1877074.0,measured,source_ingest,2017.0,
Guinea-Bissau,2017,renewables_electricity,0.0,measured,source_ingest,2017.0,
Guinea-Bissau,2017,renewables_share_elec,0.0,measured,source_ingest,2017.0,
Guinea-Bissau,2017,solar_electricity,0.0,measured,source_ingest,2017.0,
Guinea-Bissau,2017,wind_electricity,0.0,measured,source_ingest,2017.0,
Guinea-Bissau,2018,Access to Clean Fuels and Technologies for cooking (% of total population),1.1,measured,source_ingest,2018.0,
Guinea-Bissau,2018,Access to electricity (% of total population),28.4,measured,source_ingest,2018.0,
Guinea-Bissau,2018,Population growth (annual %),2.37405997248475,measured,source_ingest,2018.0,
Guinea-Bissau,2018,carbon_intensity_elec,625.0,measured,source_ingest,2018.0,
Guinea-Bissau,2018,electricity_demand (TWh),0.08,measured,source_ingest,2018.0,
Guinea-Bissau,2018,electricity_generation (TWh),0.08,measured,source_ingest,2018.0,
Guinea-Bissau,2018,energy_poverty_electricity (% of total population),71.6,derived,one_minus_access,2018.0,
Guinea-Bissau,2018,energy_poverty_electricity_rural (% of rural population),86.7,measured,source_ingest,2018.0,
Guinea-Bissau,2018,energy_poverty_electricity_urban (% of urban population),51.9,measured,source_ingest,2018.0,
Guinea-Bissau,2018,energy_poverty_multidimensional (% of total population),85.25,measured,source_ingest,2018.0,
Guinea-Bissau,2018,fossil_share_elec,100.0,measured,source_ingest,2018.0,
Guinea-Bissau,2018,gdp,2771625236.0,measured,source_ingest,2018.0,
Guinea-Bissau,2018,greenhouse_gas_emissions,0.05,measured,source_ingest,2018.0,
Guinea-Bissau,2018,hydro_electricity,0.0,measured,source_ingest,2018.0,
Guinea-Bissau,2018,low_carbon_share_elec,0.0,measured,source_ingest,2018.0,
Guinea-Bissau,2018,population,1922167.0,measured,source_ingest,2018.0,
Guinea-Bissau,2018,renewables_electricity,0.0,measured,source_ingest,2018.0,
Guinea-Bissau,2018,renewables_share_elec,0.0,measured,source_ingest,2018.0,
Guinea-Bissau,2018,solar_electricity,0.0,measured,source_ingest,2018.0,
Guinea-Bissau,2018,wind_electricity,0.0,measured,source_ingest,2018.0,
Guinea-Bissau,2019,Access to Clean Fuels and Technologies for cooking (% of total population),1.0,measured,source_ingest,2019.0,
Guinea-Bissau,2019,Access to electricity (% of total population),30.9,measured,source_ingest,2019.0,
Guinea-Bissau,2019,Population growth (annual %),2.34095994762157,measured,source_ingest,2019.0,
Guinea-Bissau,2019,carbon_intensity_elec,625.0,measured,source_ingest,2019.0,
Guinea-Bissau,2019,electricity_demand (TWh),0.08,measured,source_ingest,2019.0,
Guinea-Bissau,2019,electricity_generation (TWh),0.08,measured,source_ingest,2019.0,
Guinea-Bissau,2019,energy_poverty_electricity (% of total population),69.1,derived,one_minus_access,2019.0,
Guinea-Bissau,2019,energy_poverty_electricity_rural (% of rural population),85.7,measured,source_ingest,2019.0,
Guinea-Bissau,2019,energy_poverty_electricity_urban (% of urban population),47.7,measured,source_ingest,2019.0,
Guinea-Bissau,2019,energy_poverty_multidimensional (% of total population),84.05,measured,source_ingest,2019.0,
Guinea-Bissau,2019,fossil_share_elec,100.0,measured,source_ingest,2019.0,
Guinea-Bissau,2019,gdp,2896348420.0,measured,source_ingest,2019.0,
Guinea-Bissau,2019,greenhouse_gas_emissions,0.05,measured,source_ingest,2019.0,
Guinea-Bissau,2019,hydro_electricity,0.0,measured,source_ingest,2019.0,
Guinea-Bissau,2019,low_carbon_share_elec,0.0,measured,source_ingest,2019.0,
Guinea-Bissau,2019,population,1967704.0,measured,source_ingest,2019.0,
Guinea-Bissau,2019,renewables_electricity,0.0,measured,source_ingest,2019.0,
Guinea-Bissau,2019,renewables_share_elec,0.0,measured,source_ingest,2019.0,
Guinea-Bissau,2019,solar_electricity,0.0,measured,source_ingest,2019.0,
Guinea-Bissau,2019,wind_electricity,0.0,measured,source_ingest,2019.0,
Guinea-Bissau,2020,Access to Clean Fuels and Technologies for cooking (% of total population),1.0,measured,source_ingest,2020.0,
Guinea-Bissau,2020,Access to electricity (% of total population),33.4,measured,source_ingest,2020.0,
Guinea-Bissau,2020,Population growth (annual %),2.28895000835492,measured,source_ingest,2020.0,
Guinea-Bissau,2020,carbon_intensity_elec,625.0,measured,source_ingest,2020.0,
Guinea-Bissau,2020,electricity_demand (TWh),0.08,measured,source_ingest,2020.0,
Guinea-Bissau,2020,electricity_generation (TWh),0.08,measured,source_ingest,2020.0,
Guinea-Bissau,2020,energy_poverty_electricity (% of total population),66.6,derived,one_minus_access,2020.0,
Guinea-Bissau,2020,energy_poverty_electricity_rural (% of rural population),84.9,measured,source_ingest,2020.0,
Guinea-Bissau,2020,energy_poverty_electricity_urban (% of urban population),43.6,measured,source_ingest,2020.0,
Guinea-Bissau,2020,energy_poverty_multidimensional (% of total population),82.8,measured,source_ingest,2020.0,
Guinea-Bissau,2020,fossil_share_elec,100.0,measured,source_ingest,2020.0,
Guinea-Bissau,2020,gdp,2939793794.0,measured,source_ingest,2020.0,
Guinea-Bissau,2020,greenhouse_gas_emissions,0.05,measured,source_ingest,2020.0,
Guinea-Bissau,2020,hydro_electricity,0.0,measured,source_ingest,2020.0,
Guinea-Bissau,2020,low_carbon_share_elec,0.0,measured,source_ingest,2020.0,
Guinea-Bissau,2020,population,2013259.0,measured,source_ingest,2020.0,
Guinea-Bissau,2020,renewables_electricity,0.0,measured,source_ingest,2020.0,
Guinea-Bissau,2020,renewables_share_elec,0.0,measured,source_ingest,2020.0,
Guinea-Bissau,2020,solar_electricity,0.0,measured,source_ingest,2020.0,
Guinea-Bissau,2020,wind_electricity,0.0,measured,source_ingest,2020.0,
Guinea-Bissau,2021,Access to Clean Fuels and Technologies for cooking (% of total population),0.95,measured,source_ingest,2021.0,
Guinea-Bissau,2021,Access to electricity (% of total population),35.8,measured,source_ingest,2021.0,
Guinea-Bissau,2021,Population growth (annual %),2.23903878745423,measured,source_ingest,2021.0,
Guinea-Bissau,2021,carbon_intensity_elec,625.0,measured,source_ingest,2021.0,
Guinea-Bissau,2021,electricity_demand (TWh),0.08,measured,source_ingest,2021.0,
Guinea-Bissau,2021,electricity_generation (TWh),0.08,measured,source_ingest,2021.0,
Guinea-Bissau,2021,energy_poverty_electricity (% of total population),64.2,derived,one_minus_access,2021.0,
Guinea-Bissau,2021,energy_poverty_electricity_rural (% of rural population),84.2,measured,source_ingest,2021.0,
Guinea-Bissau,2021,energy_poverty_electricity_urban (% of urban population),39.5,measured,source_ingest,2021.0,
Guinea-Bissau,2021,energy_poverty_multidimensional (% of total population),81.625,measured,source_ingest,2021.0,
Guinea-Bissau,2021,fossil_share_elec,100.0,measured,source_ingest,2021.0,
Guinea-Bissau,2021,gdp,3127940606.0,measured,source_ingest,2021.0,
Guinea-Bissau,2021,greenhouse_gas_emissions,0.05,measured,source_ingest,2021.0,
Guinea-Bissau,2021,hydro_electricity,0.0,measured,source_ingest,2021.0,
Guinea-Bissau,2021,low_carbon_share_elec,0.0,measured,source_ingest,2021.0,
Guinea-Bissau,2021,population,2058841.0,measured,source_ingest,2021.0,
Guinea-Bissau,2021,renewables_electricity,0.0,measured,source_ingest,2021.0,
Guinea-Bissau,2021,renewables_share_elec,0.0,measured,source_ingest,2021.0,
Guinea-Bissau,2021,solar_electricity,0.0,measured,source_ingest,2021.0,
Guinea-Bissau,2021,wind_electricity,0.0,measured,source_ingest,2021.0,
Guinea-Bissau,2022,Access to Clean Fuels and Technologies for cooking (% of total population),0.9,measured,source_ingest,2022.0,
Guinea-Bissau,2022,Access to electricity (% of total population),37.4,measured,source_ingest,2022.0,
Guinea-Bissau,2022,Population growth (annual %),2.24235388639993,measured,source_ingest,2022.0,
Guinea-Bissau,2022,carbon_intensity_elec,625.0,measured,source_ingest,2022.0,
Guinea-Bissau,2022,electricity_demand (TWh),0.08,measured,source_ingest,2022.0,
Guinea-Bissau,2022,electricity_generation (TWh),0.08,measured,source_ingest,2022.0,
Guinea-Bissau,2022,energy_poverty_electricity (% of total population),62.6,derived,one_minus_access,2022.0,
Guinea-Bissau,2022,energy_poverty_electricity_rural (% of rural population),83.0,measured,source_ingest,2022.0,
Guinea-Bissau,2022,energy_poverty_electricity_urban (% of urban population),39.0,measured,source_ingest,2022.0,
Guinea-Bissau,2022,energy_poverty_multidimensional (% of total population),80.85,measured,source_ingest,2022.0,
Guinea-Bissau,2022,fossil_share_elec,100.0,measured,source_ingest,2022.0,
Guinea-Bissau,2022,gdp,3259313986.0,measured,source_ingest,2022.0,
Guinea-Bissau,2022,greenhouse_gas_emissions,0.05,measured,source_ingest,2022.0,
Guinea-Bissau,2022,hydro_electricity,0.0,measured,source_ingest,2022.0,
Guinea-Bissau,2022,low_carbon_share_elec,0.0,measured,source_ingest,2022.0,
Guinea-Bissau,2022,population,2105535.0,measured,source_ingest,2022.0,
Guinea-Bissau,2022,renewables_electricity,0.0,measured,source_ingest,2022.0,
Guinea-Bissau,2022,renewables_share_elec,0.0,measured,source_ingest,2022.0,
Guinea-Bissau,2022,solar_electricity,0.0,measured,source_ingest,2022.0,
Guinea-Bissau,2022,wind_electricity,0.0,measured,source_ingest,2022.0,
Guinea-Bissau,2023,Access to Clean Fuels and Technologies for cooking (% of total population),0.8,measured,source_ingest,2023.0,
Guinea-Bissau,2023,Access to electricity (% of total population),40.5,measured,source_ingest,2023.0,
Guinea-Bissau,2023,Population growth (annual %),2.24529187264064,measured,source_ingest,2023.0,
Guinea-Bissau,2023,carbon_intensity_elec,625.0,measured,source_ingest,2023.0,
Guinea-Bissau,2023,electricity_demand (TWh),0.08,measured,source_ingest,2023.0,
Guinea-Bissau,2023,electricity_generation (TWh),0.08,measured,source_ingest,2023.0,
Guinea-Bissau,2023,energy_poverty_electricity (% of total population),59.5,derived,one_minus_access,2023.0,
Guinea-Bissau,2023,energy_poverty_electricity_rural (% of rural population),79.3,measured,source_ingest,2023.0,
Guinea-Bissau,2023,energy_poverty_electricity_urban (% of urban population),35.7,measured,source_ingest,2023.0,
Guinea-Bissau,2023,energy_poverty_multidimensional (% of total population),79.35,measured,source_ingest,2023.0,
Guinea-Bissau,2023,fossil_share_elec,100.0,measured,source_ingest,2023.0,
Guinea-Bissau,2023,gdp,3395889699.7214794,estimated,dampened_exponential_log_linear,2022.0,0.9879773904469009
Guinea-Bissau,2023,greenhouse_gas_emissions,0.05,measured,source_ingest,2023.0,
Guinea-Bissau,2023,hydro_electricity,0.0,measured,source_ingest,2023.0,
Guinea-Bissau,2023,low_carbon_share_elec,0.0,measured,source_ingest,2023.0,
Guinea-Bissau,2023,population,2153343.0,measured,source_ingest,2023.0,
Guinea-Bissau,2023,renewables_electricity,0.0,measured,source_ingest,2023.0,
Guinea-Bissau,2023,renewables_share_elec,0.0,measured,source_ingest,2023.0,
Guinea-Bissau,2023,solar_electricity,0.0,measured,source_ingest,2023.0,
Guinea-Bissau,2023,wind_electricity,0.0,measured,source_ingest,2023.0,
Guinea-Bissau,2024,Access to Clean Fuels and Technologies for cooking (% of total population),0.8035714285714448,estimated,linear_projection,2023.0,0.9127285895346641
Guinea-Bissau,2024,Access to electricity (% of total population),43.7,measured,source_ingest,2024.0,
Guinea-Bissau,2024,Population growth (annual %),2.20520563612008,measured,source_ingest,2024.0,
Guinea-Bissau,2024,carbon_intensity_elec,625.0,measured,source_ingest,2024.0,
Guinea-Bissau,2024,electricity_demand (TWh),0.08,measured,source_ingest,2024.0,
Guinea-Bissau,2024,electricity_generation (TWh),0.08,measured,source_ingest,2024.0,
Guinea-Bissau,2024,energy_poverty_electricity (% of total population),56.3,derived,one_minus_access,2024.0,
Guinea-Bissau,2024,energy_poverty_electricity_rural (% of rural population),75.1,measured,source_ingest,2024.0,
Guinea-Bissau,2024,energy_poverty_electricity_urban (% of urban population),34.400000000000006,measured,source_ingest,2024.0,
Guinea-Bissau,2024,energy_poverty_multidimensional (% of total population),78.15357142857147,measured,source_ingest,2024.0,
Guinea-Bissau,2024,fossil_share_elec,100.0,measured,source_ingest,2024.0,
Guinea-Bissau,2024,gdp,3538188374.0594115,estimated,dampened_exponential_log_linear,2022.0,0.9879773904469009
Guinea-Bissau,2024,greenhouse_gas_emissions,0.05,measured,source_ingest,2024.0,
Guinea-Bissau,2024,hydro_electricity,0.0,measured,source_ingest,2024.0,
Guinea-Bissau,2024,low_carbon_share_elec,0.0,measured,source_ingest,2024.0,
Guinea-Bissau,2024,population,2201360.0,measured,source_ingest,2024.0,
Guinea-Bissau,2024,renewables_electricity,0.0,measured,source_ingest,2024.0,
Guinea-Bissau,2024,renewables_share_elec,0.0,measured,source_ingest,2024.0,
Guinea-Bissau,2024,solar_electricity,0.0,measured,source_ingest,2024.0,
Guinea-Bissau,2024,wind_electricity,0.0,measured,source_ingest,2024.0,
Guinea-Bissau,2025,Access to Clean Fuels and Technologies for cooking (% of total population),0.7613095238095298,estimated,linear_projection,2023.0,0.9127285895346641
Guinea-Bissau,2025,Access to electricity (% of total population),46.4863220178844,estimated,logistic_logit_linear,2024.0,0.9940517775366953
Guinea-Bissau,2025,Population growth (annual %),2.16429203622489,measured,source_ingest,2025.0,
Guinea-Bissau,2025,carbon_intensity_elec,625.0,estimated,dampened_exponential_log_linear,2024.0,0.0
Guinea-Bissau,2025,electricity_demand (TWh),0.08,estimated,dampened_exponential_log_linear,2024.0,0.0
Guinea-Bissau,2025,electricity_generation (TWh),0.08,estimated,dampened_exponential_log_linear,2024.0,0.0
Guinea-Bissau,2025,energy_poverty_electricity (% of total population),53.5136779821156,estimated,one_minus_access,2024.0,
Guinea-Bissau,2025,energy_poverty_electricity_rural (% of rural population),76.39722222222235,estimated,linear_projection,2024.0,0.8876413587553218
Guinea-Bissau,2025,energy_poverty_electricity_urban (% of urban population),28.788888888889232,estimated,linear_projection,2024.0,0.9713450541528073
Guinea-Bissau,2025,energy_poverty_multidimensional (% of total population),76.95505952380927,measured,source_ingest,2025.0,
Guinea-Bissau,2025,fossil_share_elec,100.0,estimated,linear_projection,2024.0,0.0
Guinea-Bissau,2025,gdp,3552742151.3386803,estimated,dampened_exponential_log_linear,2022.0,0.9879773904469009
Guinea-Bissau,2025,greenhouse_gas_emissions,0.05,estimated,dampened_exponential_log_linear,2024.0,0.0
Guinea-Bissau,2025,hydro_electricity,,missing,no_history,,
Guinea-Bissau,2025,low_carbon_share_elec,0.0,estimated,linear_projection,2024.0,0.0
Guinea-Bissau,2025,population,2249523.1750306175,estimated,limit_year_population_growth_rate_exponential,2024.0,
Guinea-Bissau,2025,renewables_electricity,,missing,no_history,,
Guinea-Bissau,2025,renewables_share_elec,0.0,estimated,linear_projection,2024.0,0.0
Guinea-Bissau,2025,solar_electricity,,missing,no_history,,
Guinea-Bissau,2025,wind_electricity,,missing,no_history,,
Kenya,2016,Access to Clean Fuels and Technologies for cooking (% of total population),14.2,measured,source_ingest,2016.0,
Kenya,2016,Access to electricity (% of total population),53.1,measured,source_ingest,2016.0,
Kenya,2016,Population growth (annual %),2.20775684612709,measured,source_ingest,2016.0,
Kenya,2016,carbon_intensity_elec,108.47,measured,source_ingest,2016.0,
Kenya,2016,electricity_demand (TWh),9.73,measured,source_ingest,2016.0,
Kenya,2016,electricity_generation (TWh),9.68,measured,source_ingest,2016.0,
Kenya,2016,energy_poverty_electricity (% of total population),46.9,derived,one_minus_access,2016.0,
Kenya,2016,energy_poverty_electricity_rural (% of rural population),57.9,measured,source_ingest,2016.0,
Kenya,2016,energy_poverty_electricity_urban (% of urban population),15.700000000000003,measured,source_ingest,2016.0,
Kenya,2016,energy_poverty_multidimensional (% of total population),66.35,measured,source_ingest,2016.0,
Kenya,2016,fossil_share_elec,10.744,measured,source_ingest,2016.0,
Kenya,2016,gdp,146082118752.0,measured,source_ingest,2016.0,
Kenya,2016,greenhouse_gas_emissions,1.05,measured,source_ingest,2016.0,
Kenya,2016,hydro_electricity,3.31,measured,source_ingest,2016.0,
Kenya,2016,low_carbon_share_elec,89.256,measured,source_ingest,2016.0,
Kenya,2016,population,48139683.0,measured,source_ingest,2016.0,
Kenya,2016,renewables_electricity,8.64,measured,source_ingest,2016.0,
Kenya,2016,renewables_share_elec,89.256,measured,source_ingest,2016.0,
Kenya,2016,solar_electricity,0.06,measured,source_ingest,2016.0,
Kenya,2016,wind_electricity,0.06,measured,source_ingest,2016.0,
Kenya,2017,Access to Clean Fuels and Technologies for cooking (% of total population),16.1,measured,source_ingest,2017.0,
Kenya,2017,Access to electricity (% of total population),55.8,measured,source_ingest,2017.0,
Kenya,2017,Population growth (annual %),2.17412854990493,measured,source_ingest,2017.0,
Kenya,2017,carbon_intensity_elec,163.44,measured,source_ingest,2017.0,
Kenya,2017,electricity_demand (TWh),11.05,measured,source_ingest,2017.0,
Kenya,2017,electricity_generation (TWh),10.83,measured,source_ingest,2017.0,
Kenya,2017,energy_poverty_electricity (% of total population),44.2,derived,one_minus_access,2017.0,
Kenya,2017,energy_poverty_electricity_rural (% of rural population),54.2,measured,source_ingest,2017.0,
Kenya,2017,energy_poverty_electricity_urban (% of urban population),16.400000000000006,measured,source_ingest,2017.0,
Kenya,2017,energy_poverty_multidimensional (% of total population),64.05,measured,source_ingest,2017.0,
Kenya,2017,fossil_share_elec,19.114,measured,source_ingest,2017.0,
Kenya,2017,gdp,151656608610.0,measured,source_ingest,2017.0,
Kenya,2017,greenhouse_gas_emissions,1.77,measured,source_ingest,2017.0,
Kenya,2017,hydro_electricity,3.17,measured,source_ingest,2017.0,
Kenya,2017,low_carbon_share_elec,80.886,measured,source_ingest,2017.0,
Kenya,2017,population,49197757.0,measured,source_ingest,2017.0,
Kenya,2017,renewables_electricity,8.76,measured,source_ingest,2017.0,
Kenya,2017,renewables_share_elec,80.886,measured,source_ingest,2017.0,
Kenya,2017,solar_electricity,0.07,measured,source_ingest,2017.0,
Kenya,2017,wind_electricity,0.06,measured,source_ingest,2017.0,
Kenya,2018,Access to Clean Fuels and Technologies for cooking (% of total population),18.0,measured,source_ingest,2018.0,
Kenya,2018,Access to electricity (% of total population),61.2,measured,source_ingest,2018.0,
Kenya,2018,Population growth (annual %),2.03083744189606,measured,source_ingest,2018.0,
Kenya,2018,carbon_intensity_elec,117.7,measured,source_ingest,2018.0,
Kenya,2018,electricity_demand (TWh),11.39,measured,source_ingest,2018.0,
Kenya,2018,electricity_generation (TWh),11.3,measured,source_ingest,2018.0,
Kenya,2018,energy_poverty_electricity (% of total population),38.8,derived,one_minus_access,2018.0,
Kenya,2018,energy_poverty_electricity_rural (% of rural population),48.4,measured,source_ingest,2018.0,
Kenya,2018,energy_poverty_electricity_urban (% of urban population),12.799999999999997,measured,source_ingest,2018.0,
Kenya,2018,energy_poverty_multidimensional (% of total population),60.4,measured,source_ingest,2018.0,
Kenya,2018,fossil_share_elec,13.717,measured,source_ingest,2018.0,
Kenya,2018,gdp,160257055688.0,measured,source_ingest,2018.0,
Kenya,2018,greenhouse_gas_emissions,1.33,measured,source_ingest,2018.0,
Kenya,2018,hydro_electricity,3.99,measured,source_ingest,2018.0,
Kenya,2018,low_carbon_share_elec,86.283,measured,source_ingest,2018.0,
Kenya,2018,population,50207109.0,measured,source_ingest,2018.0,
Kenya,2018,renewables_electricity,9.75,measured,source_ingest,2018.0,
Kenya,2018,renewables_share_elec,86.283,measured,source_ingest,2018.0,
Kenya,2018,solar_electricity,0.09,measured,source_ingest,2018.0,
Kenya,2018,wind_electricity,0.38,measured,source_ingest,2018.0,
Kenya,2019,Access to Clean Fuels and Technologies for cooking (% of total population),20.6,measured,source_ingest,2019.0,
Kenya,2019,Access to electricity (% of total population),69.7,measured,source_ingest,2019.0,
Kenya,2019,Population growth (annual %),1.96381549826771,measured,source_ingest,2019.0,
Kenya,2019,carbon_intensity_elec,102.94,measured,source_ingest,2019.0,
Kenya,2019,electricity_demand (TWh),11.76,measured,source_ingest,2019.0,
Kenya,2019,electricity_generation (TWh),11.56,measured,source_ingest,2019.0,
Kenya,2019,energy_poverty_electricity (% of total population),30.299999999999997,derived,one_minus_access,2019.0,
Kenya,2019,energy_poverty_electricity_rural (% of rural population),38.3,measured,source_ingest,2019.0,
Kenya,2019,energy_poverty_electricity_urban (% of urban population),9.200000000000003,measured,source_ingest,2019.0,
Kenya,2019,energy_poverty_multidimensional (% of total population),54.85,measured,source_ingest,2019.0,
Kenya,2019,fossil_share_elec,11.332,measured,source_ingest,2019.0,
Kenya,2019,gdp,168452589868.0,measured,source_ingest,2019.0,
Kenya,2019,greenhouse_gas_emissions,1.19,measured,source_ingest,2019.0,
Kenya,2019,hydro_electricity,3.21,measured,source_ingest,2019.0,
Kenya,2019,low_carbon_share_elec,88.668,measured,source_ingest,2019.0,
Kenya,2019,population,51202829.0,measured,source_ingest,2019.0,
Kenya,2019,renewables_electricity,10.25,measured,source_ingest,2019.0,
Kenya,2019,renewables_share_elec,88.668,measured,source_ingest,2019.0,
Kenya,2019,solar_electricity,0.09,measured,source_ingest,2019.0,
Kenya,2019,wind_electricity,1.56,measured,source_ingest,2019.0,
Kenya,2020,Access to Clean Fuels and Technologies for cooking (% of total population),23.05,measured,source_ingest,2020.0,
Kenya,2020,Access to electricity (% of total population),71.5,measured,source_ingest,2020.0,
Kenya,2020,Population growth (annual %),1.96197633664853,measured,source_ingest,2020.0,
Kenya,2020,carbon_intensity_elec,71.92,measured,source_ingest,2020.0,
Kenya,2020,electricity_demand (TWh),11.8,measured,source_ingest,2020.0,
Kenya,2020,electricity_generation (TWh),11.68,measured,source_ingest,2020.0,
Kenya,2020,energy_poverty_electricity (% of total population),28.5,derived,one_minus_access,2020.0,
Kenya,2020,energy_poverty_electricity_rural (% of rural population),37.3,measured,source_ingest,2020.0,
Kenya,2020,energy_poverty_electricity_urban (% of urban population),5.900000000000006,measured,source_ingest,2020.0,
Kenya,2020,energy_poverty_multidimensional (% of total population),52.725,measured,source_ingest,2020.0,
Kenya,2020,fossil_share_elec,6.421,measured,source_ingest,2020.0,
Kenya,2020,gdp,168031463891.0,measured,source_ingest,2020.0,
Kenya,2020,greenhouse_gas_emissions,0.84,measured,source_ingest,2020.0,
Kenya,2020,hydro_electricity,4.23,measured,source_ingest,2020.0,
Kenya,2020,low_carbon_share_elec,93.579,measured,source_ingest,2020.0,
Kenya,2020,population,52217327.0,measured,source_ingest,2020.0,
Kenya,2020,renewables_electricity,10.93,measured,source_ingest,2020.0,
Kenya,2020,renewables_share_elec,93.579,measured,source_ingest,2020.0,
Kenya,2020,solar_electricity,0.09,measured,source_ingest,2020.0,
Kenya,2020,wind_electricity,1.33,measured,source_ingest,2020.0,
Kenya,2021,Access to Clean Fuels and Technologies for cooking (% of total population),25.8,measured,source_ingest,2021.0,
Kenya,2021,Access to electricity (% of total population),76.5,measured,source_ingest,2021.0,
Kenya,2021,Population growth (annual %),1.90040858948898,measured,source_ingest,2021.0,
Kenya,2021,carbon_intensity_elec,96.12,measured,source_ingest,2021.0,
Kenya,2021,electricity_demand (TWh),12.65,measured,source_ingest,2021.0,
Kenya,2021,electricity_generation (TWh),12.38,measured,source_ingest,2021.0,
Kenya,2021,energy_poverty_electricity (% of total population),23.5,derived,one_minus_access,2021.0,
Kenya,2021,energy_poverty_electricity_rural (% of rural population),31.799999999999997,measured,source_ingest,2021.0,
Kenya,2021,energy_poverty_electricity_urban (% of urban population),2.5,measured,source_ingest,2021.0,
Kenya,2021,energy_poverty_multidimensional (% of total population),48.85,measured,source_ingest,2021.0,
Kenya,2021,fossil_share_elec,10.178,measured,source_ingest,2021.0,
Kenya,2021,gdp,180662393951.0,measured,source_ingest,2021.0,
Kenya,2021,greenhouse_gas_emissions,1.19,measured,source_ingest,2021.0,
Kenya,2021,hydro_electricity,3.67,measured,source_ingest,2021.0,
Kenya,2021,low_carbon_share_elec,89.822,measured,source_ingest,2021.0,
Kenya,2021,population,53219167.0,measured,source_ingest,2021.0,
Kenya,2021,renewables_electricity,11.12,measured,source_ingest,2021.0,
Kenya,2021,renewables_share_elec,89.822,measured,source_ingest,2021.0,
Kenya,2021,solar_electricity,0.17,measured,source_ingest,2021.0,
Kenya,2021,wind_electricity,1.99,measured,source_ingest,2021.0,
Kenya,2022,Access to Clean Fuels and Technologies for cooking (% of total population),28.5,measured,source_ingest,2022.0,
Kenya,2022,Access to electricity (% of total population),76.0,measured,source_ingest,2022.0,
Kenya,2022,Population growth (annual %),1.92297608206469,measured,source_ingest,2022.0,
Kenya,2022,carbon_intensity_elec,109.57,measured,source_ingest,2022.0,
Kenya,2022,electricity_demand (TWh),13.26,measured,source_ingest,2022.0,
Kenya,2022,electricity_generation (TWh),12.96,measured,source_ingest,2022.0,
Kenya,2022,energy_poverty_electricity (% of total population),24.0,derived,one_minus_access,2022.0,
Kenya,2022,energy_poverty_electricity_rural (% of rural population),31.599999999999994,measured,source_ingest,2022.0,
Kenya,2022,energy_poverty_electricity_urban (% of urban population),2.0,measured,source_ingest,2022.0,
Kenya,2022,energy_poverty_multidimensional (% of total population),47.75,measured,source_ingest,2022.0,
Kenya,2022,fossil_share_elec,12.191,measured,source_ingest,2022.0,
Kenya,2022,gdp,190362153076.0,measured,source_ingest,2022.0,
Kenya,2022,greenhouse_gas_emissions,1.42,measured,source_ingest,2022.0,
Kenya,2022,hydro_electricity,3.04,measured,source_ingest,2022.0,
Kenya,2022,low_carbon_share_elec,87.809,measured,source_ingest,2022.0,
Kenya,2022,population,54252458.0,measured,source_ingest,2022.0,
Kenya,2022,renewables_electricity,11.38,measured,source_ingest,2022.0,
Kenya,2022,renewables_share_elec,87.809,measured,source_ingest,2022.0,
Kenya,2022,solar_electricity,0.42,measured,source_ingest,2022.0,
Kenya,2022,wind_electricity,2.14,measured,source_ingest,2022.0,
Kenya,2023,Access to Clean Fuels and Technologies for cooking (% of total population),31.6,measured,source_ingest,2023.0,
Kenya,2023,Access to electricity (% of total population),76.2,measured,source_ingest,2023.0,
Kenya,2023,Population growth (annual %),1.98296028478422,measured,source_ingest,2023.0,
Kenya,2023,carbon_intensity_elec,96.88,measured,source_ingest,2023.0,
Kenya,2023,electricity_demand (TWh),13.69,measured,source_ingest,2023.0,
Kenya,2023,electricity_generation (TWh),12.8,measured,source_ingest,2023.0,
Kenya,2023,energy_poverty_electricity (% of total population),23.799999999999997,derived,one_minus_access,2023.0,
Kenya,2023,energy_poverty_electricity_rural (% of rural population),32.099999999999994,measured,source_ingest,2023.0,
Kenya,2023,energy_poverty_electricity_urban (% of urban population),4.0,measured,source_ingest,2023.0,
Kenya,2023,energy_poverty_multidimensional (% of total population),46.1,measured,source_ingest,2023.0,
Kenya,2023,fossil_share_elec,10.234,measured,source_ingest,2023.0,
Kenya,2023,gdp,198638794250.49854,estimated,dampened_exponential_log_linear,2022.0,0.9749500500902641
Kenya,2023,greenhouse_gas_emissions,1.24,measured,source_ingest,2023.0,
Kenya,2023,hydro_electricity,2.67,measured,source_ingest,2023.0,
Kenya,2023,low_carbon_share_elec,89.766,measured,source_ingest,2023.0,
Kenya,2023,population,55339007.0,measured,source_ingest,2023.0,
Kenya,2023,renewables_electricity,11.49,measured,source_ingest,2023.0,
Kenya,2023,renewables_share_elec,89.766,measured,source_ingest,2023.0,
Kenya,2023,solar_electricity,0.58,measured,source_ingest,2023.0,
Kenya,2023,wind_electricity,2.01,measured,source_ingest,2023.0,
Kenya,2024,Access to Clean Fuels and Technologies for cooking (% of total population),33.462500000000546,estimated,linear_projection,2023.0,0.9942654526179361
Kenya,2024,Access to electricity (% of total population),77.0,measured,source_ingest,2024.0,
Kenya,2024,Population growth (annual %),1.95751431565234,measured,source_ingest,2024.0,
Kenya,2024,carbon_intensity_elec,85.22,measured,source_ingest,2024.0,
Kenya,2024,electricity_demand (TWh),14.75,measured,source_ingest,2024.0,
Kenya,2024,electricity_generation (TWh),13.26,measured,source_ingest,2024.0,
Kenya,2024,energy_poverty_electricity (% of total population),23.0,derived,one_minus_access,2024.0,
Kenya,2024,energy_poverty_electricity_rural (% of rural population),32.900000000000006,measured,source_ingest,2024.0,
Kenya,2024,energy_poverty_electricity_urban (% of urban population),1.9000000000000057,measured,source_ingest,2024.0,
Kenya,2024,energy_poverty_multidimensional (% of total population),41.204464285714494,measured,source_ingest,2024.0,
Kenya,2024,fossil_share_elec,8.522,measured,source_ingest,2024.0,
Kenya,2024,gdp,207275290511.86432,estimated,dampened_exponential_log_linear,2022.0,0.9749500500902641
Kenya,2024,greenhouse_gas_emissions,1.13,measured,source_ingest,2024.0,
Kenya,2024,hydro_electricity,3.1,measured,source_ingest,2024.0,
Kenya,2024,low_carbon_share_elec,91.478,measured,source_ingest,2024.0,
Kenya,2024,population,56432946.0,measured,source_ingest,2024.0,
Kenya,2024,renewables_electricity,12.13,measured,source_ingest,2024.0,
Kenya,2024,renewables_share_elec,91.478,measured,source_ingest,2024.0,
Kenya,2024,solar_electricity,0.66,measured,source_ingest,2024.0,
Kenya,2024,wind_electricity,2.17,measured,source_ingest,2024.0,
Kenya,2025,Access to Clean Fuels and Technologies for cooking (% of total population),35.95833333333394,estimated,linear_projection,2023.0,0.9942654526179361
Kenya,2025,Access to electricity (% of total population),82.44793965211053,estimated,logistic_logit_linear,2024.0,0.8861749016839715
Kenya,2025,Population growth (annual %),1.92967823977399,measured,source_ingest,2025.0,
Kenya,2025,carbon_intensity_elec,95.44,measured,source_ingest,2025.0,
Kenya,2025,electricity_demand (TWh),15.58,measured,source_ingest,2025.0,
Kenya,2025,electricity_generation (TWh),14.04,measured,source_ingest,2025.0,
Kenya,2025,energy_poverty_electricity (% of total population),17.552060347889466,estimated,one_minus_access,2024.0,
Kenya,2025,energy_poverty_electricity_rural (% of rural population),23.300000000000182,estimated,linear_projection,2024.0,0.8341745382771817
Kenya,2025,energy_poverty_electricity_urban (% of urban population),0.0,estimated,linear_projection,2024.0,0.8736760566758868
Kenya,2025,energy_poverty_multidimensional (% of total population),38.108928571428805,measured,source_ingest,2025.0,
Kenya,2025,fossil_share_elec,9.972,measured,source_ingest,2025.0,
Kenya,2025,gdp,208159328738.39392,estimated,dampened_exponential_log_linear,2022.0,0.9749500500902641
Kenya,2025,greenhouse_gas_emissions,1.34,measured,source_ingest,2025.0,
Kenya,2025,hydro_electricity,2.94,measured,source_ingest,2025.0,
Kenya,2025,low_carbon_share_elec,90.028,measured,source_ingest,2025.0,
Kenya,2025,population,57532491.0,measured,source_ingest,2025.0,
Kenya,2025,renewables_electricity,12.64,measured,source_ingest,2025.0,
Kenya,2025,renewables_share_elec,90.028,measured,source_ingest,2025.0,
Kenya,2025,solar_electricity,0.65,measured,source_ingest,2025.0,
Kenya,2025,wind_electricity,2.3,measured,source_ingest,2025.0,
Lesotho,2016,Access to Clean Fuels and Technologies for cooking (% of total population),40.8,measured,source_ingest,2016.0,
Lesotho,2016,Access to electricity (% of total population),35.1,measured,source_ingest,2016.0,
Lesotho,2016,Population growth (annual %),1.21894302061673,measured,source_ingest,2016.0,
Lesotho,2016,carbon_intensity_elec,19.23,measured,source_ingest,2016.0,
Lesotho,2016,electricity_demand (TWh),0.89,measured,source_ingest,2016.0,
Lesotho,2016,electricity_generation (TWh),0.52,measured,source_ingest,2016.0,
Lesotho,2016,energy_poverty_electricity (% of total population),64.9,derived,one_minus_access,2016.0,
Lesotho,2016,energy_poverty_electricity_rural (% of rural population),76.7,measured,source_ingest,2016.0,
Lesotho,2016,energy_poverty_electricity_urban (% of urban population),33.599999999999994,measured,source_ingest,2016.0,
Lesotho,2016,energy_poverty_multidimensional (% of total population),62.05,measured,source_ingest,2016.0,
Lesotho,2016,fossil_share_elec,0.0,measured,source_ingest,2016.0,
Lesotho,2016,gdp,5418793037.0,measured,source_ingest,2016.0,
Lesotho,2016,greenhouse_gas_emissions,0.01,measured,source_ingest,2016.0,
Lesotho,2016,hydro_electricity,0.52,measured,source_ingest,2016.0,
Lesotho,2016,low_carbon_share_elec,100.0,measured,source_ingest,2016.0,
Lesotho,2016,population,2130424.0,measured,source_ingest,2016.0,
Lesotho,2016,renewables_electricity,0.52,measured,source_ingest,2016.0,
Lesotho,2016,renewables_share_elec,100.0,measured,source_ingest,2016.0,
Lesotho,2016,solar_electricity,0.0,measured,source_ingest,2016.0,
Lesotho,2016,wind_electricity,0.0,measured,source_ingest,2016.0,
Lesotho,2017,Access to Clean Fuels and Technologies for cooking (% of total population),42.6,measured,source_ingest,2017.0,
Lesotho,2017,Access to electricity (% of total population),33.7,measured,source_ingest,2017.0,
Lesotho,2017,Population growth (annual %),1.24492806980041,measured,source_ingest,2017.0,
Lesotho,2017,carbon_intensity_elec,18.52,measured,source_ingest,2017.0,
Lesotho,2017,electricity_demand (TWh),0.93,measured,source_ingest,2017.0,
Lesotho,2017,electricity_generation (TWh),0.54,measured,source_ingest,2017.0,
Lesotho,2017,energy_poverty_electricity (% of total population),66.3,derived,one_minus_access,2017.0,
Lesotho,2017,energy_poverty_electricity_rural (% of rural population),79.8,measured,source_ingest,2017.0,
Lesotho,2017,energy_poverty_electricity_urban (% of urban population),31.200000000000003,measured,source_ingest,2017.0,
Lesotho,2017,energy_poverty_multidimensional (% of total population),61.85,measured,source_ingest,2017.0,
Lesotho,2017,fossil_share_elec,0.0,measured,source_ingest,2017.0,
Lesotho,2017,gdp,5197453242.0,measured,source_ingest,2017.0,
Lesotho,2017,greenhouse_gas_emissions,0.01,measured,source_ingest,2017.0,
Lesotho,2017,hydro_electricity,0.54,measured,source_ingest,2017.0,
Lesotho,2017,low_carbon_share_elec,100.0,measured,source_ingest,2017.0,
Lesotho,2017,population,2157117.0,measured,source_ingest,2017.0,
Lesotho,2017,renewables_electricity,0.54,measured,source_ingest,2017.0,
Lesotho,2017,renewables_share_elec,100.0,measured,source_ingest,2017.0,
Lesotho,2017,solar_electricity,0.0,measured,source_ingest,2017.0,
Lesotho,2017,wind_electricity,0.0,measured,source_ingest,2017.0,
Lesotho,2018,Access to Clean Fuels and Technologies for cooking (% of total population),44.4,measured,source_ingest,2018.0,
Lesotho,2018,Access to electricity (% of total population),47.0,measured,source_ingest,2018.0,
Lesotho,2018,Population growth (annual %),1.22069019410404,measured,source_ingest,2018.0,
Lesotho,2018,carbon_intensity_elec,19.23,measured,source_ingest,2018.0,
Lesotho,2018,electricity_demand (TWh),0.91,measured,source_ingest,2018.0,
Lesotho,2018,electricity_generation (TWh),0.52,measured,source_ingest,2018.0,
Lesotho,2018,energy_poverty_electricity (% of total population),53.0,derived,one_minus_access,2018.0,
Lesotho,2018,energy_poverty_electricity_rural (% of rural population),58.6,estimated,observed_or_carry,2024.0,
Lesotho,2018,energy_poverty_electricity_urban (% of urban population),29.299999999999997,measured,source_ingest,2018.0,
Lesotho,2018,energy_poverty_multidimensional (% of total population),54.3,measured,source_ingest,2018.0,
Lesotho,2018,fossil_share_elec,0.0,measured,source_ingest,2018.0,
Lesotho,2018,gdp,5068079163.0,measured,source_ingest,2018.0,
Lesotho,2018,greenhouse_gas_emissions,0.01,measured,source_ingest,2018.0,
Lesotho,2018,hydro_electricity,0.52,measured,source_ingest,2018.0,
Lesotho,2018,low_carbon_share_elec,100.0,measured,source_ingest,2018.0,
Lesotho,2018,population,2183611.0,measured,source_ingest,2018.0,
Lesotho,2018,renewables_electricity,0.52,measured,source_ingest,2018.0,
Lesotho,2018,renewables_share_elec,100.0,measured,source_ingest,2018.0,
Lesotho,2018,solar_electricity,0.0,measured,source_ingest,2018.0,
Lesotho,2018,wind_electricity,0.0,measured,source_ingest,2018.0,
Lesotho,2019,Access to Clean Fuels and Technologies for cooking (% of total population),46.2,measured,source_ingest,2019.0,
Lesotho,2019,Access to electricity (% of total population),44.6,measured,source_ingest,2019.0,
Lesotho,2019,Population growth (annual %),1.17469837087993,measured,source_ingest,2019.0,
Lesotho,2019,carbon_intensity_elec,25.64,measured,source_ingest,2019.0,
Lesotho,2019,electricity_demand (TWh),0.93,measured,source_ingest,2019.0,
Lesotho,2019,electricity_generation (TWh),0.39,measured,source_ingest,2019.0,
Lesotho,2019,energy_poverty_electricity (% of total population),55.4,derived,one_minus_access,2019.0,
Lesotho,2019,energy_poverty_electricity_rural (% of rural population),67.4,measured,source_ingest,2019.0,
Lesotho,2019,energy_poverty_electricity_urban (% of urban population),25.599999999999994,measured,source_ingest,2019.0,
Lesotho,2019,energy_poverty_multidimensional (% of total population),54.6,measured,source_ingest,2019.0,
Lesotho,2019,fossil_share_elec,0.0,measured,source_ingest,2019.0,
Lesotho,2019,gdp,4996214053.0,measured,source_ingest,2019.0,
Lesotho,2019,greenhouse_gas_emissions,0.01,measured,source_ingest,2019.0,
Lesotho,2019,hydro_electricity,0.39,measured,source_ingest,2019.0,
Lesotho,2019,low_carbon_share_elec,100.0,measured,source_ingest,2019.0,
Lesotho,2019,population,2209414.0,measured,source_ingest,2019.0,
Lesotho,2019,renewables_electricity,0.39,measured,source_ingest,2019.0,
Lesotho,2019,renewables_share_elec,100.0,measured,source_ingest,2019.0,
Lesotho,2019,solar_electricity,0.0,measured,source_ingest,2019.0,
Lesotho,2019,wind_electricity,0.0,measured,source_ingest,2019.0,
Lesotho,2020,Access to Clean Fuels and Technologies for cooking (% of total population),48.1,measured,source_ingest,2020.0,
Lesotho,2020,Access to electricity (% of total population),47.5,measured,source_ingest,2020.0,
Lesotho,2020,Population growth (annual %),1.18432063043163,measured,source_ingest,2020.0,
Lesotho,2020,carbon_intensity_elec,23.26,measured,source_ingest,2020.0,
Lesotho,2020,electricity_demand (TWh),0.87,measured,source_ingest,2020.0,
Lesotho,2020,electricity_generation (TWh),0.43,measured,source_ingest,2020.0,
Lesotho,2020,energy_poverty_electricity (% of total population),52.5,derived,one_minus_access,2020.0,
Lesotho,2020,energy_poverty_electricity_rural (% of rural population),64.8,measured,source_ingest,2020.0,
Lesotho,2020,energy_poverty_electricity_urban (% of urban population),22.5,measured,source_ingest,2020.0,
Lesotho,2020,energy_poverty_multidimensional (% of total population),52.2,measured,source_ingest,2020.0,
Lesotho,2020,fossil_share_elec,0.0,measured,source_ingest,2020.0,
Lesotho,2020,gdp,4623560803.0,measured,source_ingest,2020.0,
Lesotho,2020,greenhouse_gas_emissions,0.01,measured,source_ingest,2020.0,
Lesotho,2020,hydro_electricity,0.43,measured,source_ingest,2020.0,
Lesotho,2020,low_carbon_share_elec,100.0,measured,source_ingest,2020.0,
Lesotho,2020,population,2235727.0,measured,source_ingest,2020.0,
Lesotho,2020,renewables_electricity,0.43,measured,source_ingest,2020.0,
Lesotho,2020,renewables_share_elec,100.0,measured,source_ingest,2020.0,
Lesotho,2020,solar_electricity,0.0,measured,source_ingest,2020.0,
Lesotho,2020,wind_electricity,0.0,measured,source_ingest,2020.0,
Lesotho,2021,Access to Clean Fuels and Technologies for cooking (% of total population),49.8,measured,source_ingest,2021.0,
Lesotho,2021,Access to electricity (% of total population),50.4,measured,source_ingest,2021.0,
Lesotho,2021,Population growth (annual %),1.14804266920884,measured,source_ingest,2021.0,
Lesotho,2021,carbon_intensity_elec,18.87,measured,source_ingest,2021.0,
Lesotho,2021,electricity_demand (TWh),0.96,measured,source_ingest,2021.0,
Lesotho,2021,electricity_generation (TWh),0.53,measured,source_ingest,2021.0,
Lesotho,2021,energy_poverty_electricity (% of total population),49.6,derived,one_minus_access,2021.0,
Lesotho,2021,energy_poverty_electricity_rural (% of rural population),62.3,measured,source_ingest,2021.0,
Lesotho,2021,energy_poverty_electricity_urban (% of urban population),19.400000000000006,measured,source_ingest,2021.0,
Lesotho,2021,energy_poverty_multidimensional (% of total population),49.900000000000006,measured,source_ingest,2021.0,
Lesotho,2021,fossil_share_elec,0.0,measured,source_ingest,2021.0,
Lesotho,2021,gdp,4709220668.0,measured,source_ingest,2021.0,
Lesotho,2021,greenhouse_gas_emissions,0.01,measured,source_ingest,2021.0,
Lesotho,2021,hydro_electricity,0.53,measured,source_ingest,2021.0,
Lesotho,2021,low_carbon_share_elec,100.0,measured,source_ingest,2021.0,
Lesotho,2021,population,2261549.0,measured,source_ingest,2021.0,
Lesotho,2021,renewables_electricity,0.53,measured,source_ingest,2021.0,
Lesotho,2021,renewables_share_elec,100.0,measured,source_ingest,2021.0,
Lesotho,2021,solar_electricity,0.0,measured,source_ingest,2021.0,
Lesotho,2021,wind_electricity,0.0,measured,source_ingest,2021.0,
Lesotho,2022,Access to Clean Fuels and Technologies for cooking (% of total population),51.8,measured,source_ingest,2022.0,
Lesotho,2022,Access to electricity (% of total population),50.0,measured,source_ingest,2022.0,
Lesotho,2022,Population growth (annual %),1.08048016923391,measured,source_ingest,2022.0,
Lesotho,2022,carbon_intensity_elec,20.83,measured,source_ingest,2022.0,
Lesotho,2022,electricity_demand (TWh),0.91,measured,source_ingest,2022.0,
Lesotho,2022,electricity_generation (TWh),0.48,measured,source_ingest,2022.0,
Lesotho,2022,energy_poverty_electricity (% of total population),50.0,derived,one_minus_access,2022.0,
Lesotho,2022,energy_poverty_electricity_rural (% of rural population),62.0,measured,source_ingest,2022.0,
Lesotho,2022,energy_poverty_electricity_urban (% of urban population),16.400000000000006,measured,source_ingest,2022.0,
Lesotho,2022,energy_poverty_multidimensional (% of total population),49.1,measured,source_ingest,2022.0,
Lesotho,2022,fossil_share_elec,0.0,measured,source_ingest,2022.0,
Lesotho,2022,gdp,4761723180.0,measured,source_ingest,2022.0,
Lesotho,2022,greenhouse_gas_emissions,0.01,measured,source_ingest,2022.0,
Lesotho,2022,hydro_electricity,0.48,measured,source_ingest,2022.0,
Lesotho,2022,low_carbon_share_elec,100.0,measured,source_ingest,2022.0,
Lesotho,2022,population,2286112.0,measured,source_ingest,2022.0,
Lesotho,2022,renewables_electricity,0.48,measured,source_ingest,2022.0,
Lesotho,2022,renewables_share_elec,100.0,measured,source_ingest,2022.0,
Lesotho,2022,solar_electricity,0.0,measured,source_ingest,2022.0,
Lesotho,2022,wind_electricity,0.0,measured,source_ingest,2022.0,
Lesotho,2023,Access to Clean Fuels and Technologies for cooking (% of total population),53.8,measured,source_ingest,2023.0,
Lesotho,2023,Access to electricity (% of total population),57.3,measured,source_ingest,2023.0,
Lesotho,2023,Population growth (annual %),1.10328678263994,measured,source_ingest,2023.0,
Lesotho,2023,carbon_intensity_elec,21.180688026546534,estimated,dampened_exponential_log_linear,2022.0,0.08556565340169964
Lesotho,2023,electricity_demand (TWh),0.45,measured,source_ingest,2023.0,
Lesotho,2023,electricity_generation (TWh),0.0,measured,source_ingest,2023.0,
Lesotho,2023,energy_poverty_electricity (% of total population),42.7,derived,one_minus_access,2023.0,
Lesotho,2023,energy_poverty_electricity_rural (% of rural population),54.8,measured,source_ingest,2023.0,
Lesotho,2023,energy_poverty_electricity_urban (% of urban population),15.0,measured,source_ingest,2023.0,
Lesotho,2023,energy_poverty_multidimensional (% of total population),44.45,measured,source_ingest,2023.0,
Lesotho,2023,fossil_share_elec,0.0,estimated,linear_projection,2022.0,0.0
Lesotho,2023,gdp,4647992173.494768,estimated,dampened_exponential_log_linear,2022.0,0.8255594556641462
Lesotho,2023,greenhouse_gas_emissions,0.0,measured,source_ingest,2023.0,
Lesotho,2023,hydro_electricity,0.0,measured,source_ingest,2023.0,
Lesotho,2023,low_carbon_share_elec,100.0,estimated,linear_projection,2022.0,0.0
Lesotho,2023,population,2311476.0,measured,source_ingest,2023.0,
Lesotho,2023,renewables_electricity,0.0,measured,source_ingest,2023.0,
Lesotho,2023,renewables_share_elec,100.0,estimated,linear_projection,2022.0,0.0
Lesotho,2023,solar_electricity,0.0,measured,source_ingest,2023.0,
Lesotho,2023,wind_electricity,0.0,measured,source_ingest,2023.0,
Lesotho,2024,Access to Clean Fuels and Technologies for cooking (% of total population),55.49642857142862,estimated,linear_projection,2023.0,0.9995936140056065
Lesotho,2024,Access to electricity (% of total population),60.6,measured,source_ingest,2024.0,
Lesotho,2024,Population growth (annual %),1.11644894351979,measured,source_ingest,2024.0,
Lesotho,2024,carbon_intensity_elec,21.53728013816091,estimated,dampened_exponential_log_linear,2022.0,0.08556565340169964
Lesotho,2024,electricity_demand (TWh),0.58,measured,source_ingest,2024.0,
Lesotho,2024,electricity_generation (TWh),0.0,measured,source_ingest,2024.0,
Lesotho,2024,energy_poverty_electricity (% of total population),39.4,derived,one_minus_access,2024.0,
Lesotho,2024,energy_poverty_electricity_rural (% of rural population),58.6,measured,source_ingest,2024.0,
Lesotho,2024,energy_poverty_electricity_urban (% of urban population),14.799999999999997,measured,source_ingest,2024.0,
Lesotho,2024,energy_poverty_multidimensional (% of total population),42.70535714285688,measured,source_ingest,2024.0,
Lesotho,2024,fossil_share_elec,0.0,estimated,linear_projection,2022.0,0.0
Lesotho,2024,gdp,4536977566.358367,estimated,dampened_exponential_log_linear,2022.0,0.8255594556641462
Lesotho,2024,greenhouse_gas_emissions,0.0,measured,source_ingest,2024.0,
Lesotho,2024,hydro_electricity,0.0,measured,source_ingest,2024.0,
Lesotho,2024,low_carbon_share_elec,100.0,estimated,linear_projection,2022.0,0.0
Lesotho,2024,population,2337428.0,measured,source_ingest,2024.0,
Lesotho,2024,renewables_electricity,0.0,measured,source_ingest,2024.0,
Lesotho,2024,renewables_share_elec,100.0,estimated,linear_projection,2022.0,0.0
Lesotho,2024,solar_electricity,0.0,measured,source_ingest,2024.0,
Lesotho,2024,wind_electricity,0.0,measured,source_ingest,2024.0,
Lesotho,2025,Access to Clean Fuels and Technologies for cooking (% of total population),57.342857142857156,estimated,linear_projection,2023.0,0.9995936140056065
Lesotho,2025,Access to electricity (% of total population),62.732657345385,estimated,logistic_logit_linear,2024.0,0.8909831070243872
Lesotho,2025,Population growth (annual %),1.1020485314959,measured,source_ingest,2025.0,
Lesotho,2025,carbon_intensity_elec,21.573267886478114,estimated,dampened_exponential_log_linear,2022.0,0.08556565340169964
Lesotho,2025,electricity_demand (TWh),0.5438721356119012,estimated,dampened_exponential_log_linear,2024.0,0.43963287347981717
Lesotho,2025,electricity_generation (TWh),0.4634596862920238,estimated,dampened_exponential_log_linear,2022.0,0.08559191673642486
Lesotho,2025,energy_poverty_electricity (% of total population),37.267342654615,estimated,one_minus_access,2024.0,
Lesotho,2025,energy_poverty_electricity_rural (% of rural population),52.097747747748144,estimated,linear_projection,2024.0,0.8917513381309525
Lesotho,2025,energy_poverty_electricity_urban (% of urban population),10.105555555554929,estimated,linear_projection,2024.0,0.9772259051504297
Lesotho,2025,energy_poverty_multidimensional (% of total population),40.29404761904698,measured,source_ingest,2025.0,
Lesotho,2025,fossil_share_elec,0.0,estimated,linear_projection,2022.0,0.0
Lesotho,2025,gdp,4526022996.197513,estimated,dampened_exponential_log_linear,2022.0,0.8255594556641462
Lesotho,2025,greenhouse_gas_emissions,0.01,estimated,dampened_exponential_log_linear,2022.0,0.0
Lesotho,2025,hydro_electricity,0.4634596862920238,estimated,dampened_exponential_log_linear,2022.0,0.08559191673642486
Lesotho,2025,low_carbon_share_elec,100.0,estimated,linear_projection,2022.0,0.0
Lesotho,2025,population,2363330.055407173,estimated,limit_year_population_growth_rate_exponential,2024.0,
Lesotho,2025,renewables_electricity,0.4634596862920238,estimated,dampened_exponential_log_linear,2022.0,0.08559191673642486
Lesotho,2025,renewables_share_elec,100.0,estimated,linear_projection,2022.0,0.0
Lesotho,2025,solar_electricity,,missing,no_history,,
Lesotho,2025,wind_electricity,,missing,no_history,,
Liberia,2016,Access to Clean Fuels and Technologies for cooking (% of total population),0.5,measured,source_ingest,2016.0,
Liberia,2016,Access to electricity (% of total population),17.7,measured,source_ingest,2016.0,
Liberia,2016,Population growth (annual %),2.04312155500225,measured,source_ingest,2016.0,
Liberia,2016,carbon_intensity_elec,666.67,measured,source_ingest,2016.0,
Liberia,2016,electricity_demand (TWh),0.3,measured,source_ingest,2016.0,
Liberia,2016,electricity_generation (TWh),0.3,measured,source_ingest,2016.0,
Liberia,2016,energy_poverty_electricity (% of total population),82.3,derived,one_minus_access,2016.0,
Liberia,2016,energy_poverty_electricity_rural (% of rural population),95.9,measured,source_ingest,2016.0,
Liberia,2016,energy_poverty_electricity_urban (% of urban population),68.8,measured,source_ingest,2016.0,
Liberia,2016,energy_poverty_multidimensional (% of total population),90.9,measured,source_ingest,2016.0,
Liberia,2016,fossil_share_elec,100.0,measured,source_ingest,2016.0,
Liberia,2016,gdp,3859976097.0,measured,source_ingest,2016.0,
Liberia,2016,greenhouse_gas_emissions,0.2,measured,source_ingest,2016.0,
Liberia,2016,hydro_electricity,0.0,measured,source_ingest,2016.0,
Liberia,2016,low_carbon_share_elec,0.0,measured,source_ingest,2016.0,
Liberia,2016,population,4755607.0,measured,source_ingest,2016.0,
Liberia,2016,renewables_electricity,0.0,measured,source_ingest,2016.0,
Liberia,2016,renewables_share_elec,0.0,measured,source_ingest,2016.0,
Liberia,2016,solar_electricity,0.0,measured,source_ingest,2016.0,
Liberia,2016,wind_electricity,0.0,measured,source_ingest,2016.0,
Liberia,2017,Access to Clean Fuels and Technologies for cooking (% of total population),0.5,measured,source_ingest,2017.0,
Liberia,2017,Access to electricity (% of total population),24.2,measured,source_ingest,2017.0,
Liberia,2017,Population growth (annual %),1.94324776688719,measured,source_ingest,2017.0,
Liberia,2017,carbon_intensity_elec,657.14,measured,source_ingest,2017.0,
Liberia,2017,electricity_demand (TWh),0.35,measured,source_ingest,2017.0,
Liberia,2017,electricity_generation (TWh),0.35,measured,source_ingest,2017.0,
Liberia,2017,energy_poverty_electricity (% of total population),75.8,derived,one_minus_access,2017.0,
Liberia,2017,energy_poverty_electricity_rural (% of rural population),92.6,measured,source_ingest,2017.0,
Liberia,2017,energy_poverty_electricity_urban (% of urban population),59.5,measured,source_ingest,2017.0,
Liberia,2017,energy_poverty_multidimensional (% of total population),87.65,measured,source_ingest,2017.0,
Liberia,2017,fossil_share_elec,100.0,measured,source_ingest,2017.0,
Liberia,2017,gdp,3977674130.0,measured,source_ingest,2017.0,
Liberia,2017,greenhouse_gas_emissions,0.23,measured,source_ingest,2017.0,
Liberia,2017,hydro_electricity,0.0,measured,source_ingest,2017.0,
Liberia,2017,low_carbon_share_elec,0.0,measured,source_ingest,2017.0,
Liberia,2017,population,4848927.0,measured,source_ingest,2017.0,
Liberia,2017,renewables_electricity,0.0,measured,source_ingest,2017.0,
Liberia,2017,renewables_share_elec,0.0,measured,source_ingest,2017.0,
Liberia,2017,solar_electricity,0.0,measured,source_ingest,2017.0,
Liberia,2017,wind_electricity,0.0,measured,source_ingest,2017.0,
Liberia,2018,Access to Clean Fuels and Technologies for cooking (% of total population),0.5,measured,source_ingest,2018.0,
Liberia,2018,Access to electricity (% of total population),22.8,measured,source_ingest,2018.0,
Liberia,2018,Population growth (annual %),1.95645231379837,measured,source_ingest,2018.0,
Liberia,2018,carbon_intensity_elec,439.02,measured,source_ingest,2018.0,
Liberia,2018,electricity_demand (TWh),0.41,measured,source_ingest,2018.0,
Liberia,2018,electricity_generation (TWh),0.41,measured,source_ingest,2018.0,
Liberia,2018,energy_poverty_electricity (% of total population),77.2,derived,one_minus_access,2018.0,
Liberia,2018,energy_poverty_electricity_rural (% of rural population),92.3,measured,source_ingest,2018.0,
Liberia,2018,energy_poverty_electricity_urban (% of urban population),62.8,measured,source_ingest,2018.0,
Liberia,2018,energy_poverty_multidimensional (% of total population),88.35,measured,source_ingest,2018.0,
Liberia,2018,fossil_share_elec,68.293,measured,source_ingest,2018.0,
Liberia,2018,gdp,4051631897.0,measured,source_ingest,2018.0,
Liberia,2018,greenhouse_gas_emissions,0.18,measured,source_ingest,2018.0,
Liberia,2018,hydro_electricity,0.13,measured,source_ingest,2018.0,
Liberia,2018,low_carbon_share_elec,31.707,measured,source_ingest,2018.0,
Liberia,2018,population,4944728.0,measured,source_ingest,2018.0,
Liberia,2018,renewables_electricity,0.13,measured,source_ingest,2018.0,
Liberia,2018,renewables_share_elec,31.707,measured,source_ingest,2018.0,
Liberia,2018,solar_electricity,0.0,measured,source_ingest,2018.0,
Liberia,2018,wind_electricity,0.0,measured,source_ingest,2018.0,
Liberia,2019,Access to Clean Fuels and Technologies for cooking (% of total population),0.5,measured,source_ingest,2019.0,
Liberia,2019,Access to electricity (% of total population),23.1,measured,source_ingest,2019.0,
Liberia,2019,Population growth (annual %),1.98225492944197,measured,source_ingest,2019.0,
Liberia,2019,carbon_intensity_elec,452.38,measured,source_ingest,2019.0,
Liberia,2019,electricity_demand (TWh),0.42,measured,source_ingest,2019.0,
Liberia,2019,electricity_generation (TWh),0.42,measured,source_ingest,2019.0,
Liberia,2019,energy_poverty_electricity (% of total population),76.9,derived,one_minus_access,2019.0,
Liberia,2019,energy_poverty_electricity_rural (% of rural population),91.7,measured,source_ingest,2019.0,
Liberia,2019,energy_poverty_electricity_urban (% of urban population),63.0,measured,source_ingest,2019.0,
Liberia,2019,energy_poverty_multidimensional (% of total population),88.2,measured,source_ingest,2019.0,
Liberia,2019,fossil_share_elec,69.048,measured,source_ingest,2019.0,
Liberia,2019,gdp,3959325948.0,measured,source_ingest,2019.0,
Liberia,2019,greenhouse_gas_emissions,0.19,measured,source_ingest,2019.0,
Liberia,2019,hydro_electricity,0.13,measured,source_ingest,2019.0,
Liberia,2019,low_carbon_share_elec,30.952,measured,source_ingest,2019.0,
Liberia,2019,population,5043719.0,measured,source_ingest,2019.0,
Liberia,2019,renewables_electricity,0.13,measured,source_ingest,2019.0,
Liberia,2019,renewables_share_elec,30.952,measured,source_ingest,2019.0,
Liberia,2019,solar_electricity,0.0,measured,source_ingest,2019.0,
Liberia,2019,wind_electricity,0.0,measured,source_ingest,2019.0,
Liberia,2020,Access to Clean Fuels and Technologies for cooking (% of total population),0.6,measured,source_ingest,2020.0,
Liberia,2020,Access to electricity (% of total population),27.6,measured,source_ingest,2020.0,
Liberia,2020,Population growth (annual %),2.07483340649162,measured,source_ingest,2020.0,
Liberia,2020,carbon_intensity_elec,466.67,measured,source_ingest,2020.0,
Liberia,2020,electricity_demand (TWh),0.45,measured,source_ingest,2020.0,
Liberia,2020,electricity_generation (TWh),0.45,measured,source_ingest,2020.0,
Liberia,2020,energy_poverty_electricity (% of total population),72.4,derived,one_minus_access,2020.0,
Liberia,2020,energy_poverty_electricity_rural (% of rural population),91.9,measured,source_ingest,2020.0,
Liberia,2020,energy_poverty_electricity_urban (% of urban population),54.6,measured,source_ingest,2020.0,
Liberia,2020,energy_poverty_multidimensional (% of total population),85.9,measured,source_ingest,2020.0,
Liberia,2020,fossil_share_elec,71.111,measured,source_ingest,2020.0,
Liberia,2020,gdp,3845664451.0,measured,source_ingest,2020.0,
Liberia,2020,greenhouse_gas_emissions,0.21,measured,source_ingest,2020.0,
Liberia,2020,hydro_electricity,0.13,measured,source_ingest,2020.0,
Liberia,2020,low_carbon_share_elec,28.889,measured,source_ingest,2020.0,
Liberia,2020,population,5149470.0,measured,source_ingest,2020.0,
Liberia,2020,renewables_electricity,0.13,measured,source_ingest,2020.0,
Liberia,2020,renewables_share_elec,28.889,measured,source_ingest,2020.0,
Liberia,2020,solar_electricity,0.0,measured,source_ingest,2020.0,
Liberia,2020,wind_electricity,0.0,measured,source_ingest,2020.0,
Liberia,2021,Access to Clean Fuels and Technologies for cooking (% of total population),0.7,measured,source_ingest,2021.0,
Liberia,2021,Access to electricity (% of total population),29.8,measured,source_ingest,2021.0,
Liberia,2021,Population growth (annual %),2.11098738475006,measured,source_ingest,2021.0,
Liberia,2021,carbon_intensity_elec,421.05,measured,source_ingest,2021.0,
Liberia,2021,electricity_demand (TWh),0.38,measured,source_ingest,2021.0,
Liberia,2021,electricity_generation (TWh),0.38,measured,source_ingest,2021.0,
Liberia,2021,energy_poverty_electricity (% of total population),70.2,derived,one_minus_access,2021.0,
Liberia,2021,energy_poverty_electricity_rural (% of rural population),91.9,measured,source_ingest,2021.0,
Liberia,2021,energy_poverty_electricity_urban (% of urban population),50.5,measured,source_ingest,2021.0,
Liberia,2021,energy_poverty_multidimensional (% of total population),84.75,measured,source_ingest,2021.0,
Liberia,2021,fossil_share_elec,65.789,measured,source_ingest,2021.0,
Liberia,2021,gdp,4037436536.0,measured,source_ingest,2021.0,
Liberia,2021,greenhouse_gas_emissions,0.16,measured,source_ingest,2021.0,
Liberia,2021,hydro_electricity,0.13,measured,source_ingest,2021.0,
Liberia,2021,low_carbon_share_elec,34.211,measured,source_ingest,2021.0,
Liberia,2021,population,5259327.0,measured,source_ingest,2021.0,
Liberia,2021,renewables_electricity,0.13,measured,source_ingest,2021.0,
Liberia,2021,renewables_share_elec,34.211,measured,source_ingest,2021.0,
Liberia,2021,solar_electricity,0.0,measured,source_ingest,2021.0,
Liberia,2021,wind_electricity,0.0,measured,source_ingest,2021.0,
Liberia,2022,Access to Clean Fuels and Technologies for cooking (% of total population),0.8,measured,source_ingest,2022.0,
Liberia,2022,Access to electricity (% of total population),31.8,measured,source_ingest,2022.0,
Liberia,2022,Population growth (annual %),2.14388170425267,measured,source_ingest,2022.0,
Liberia,2022,carbon_intensity_elec,435.9,measured,source_ingest,2022.0,
Liberia,2022,electricity_demand (TWh),0.39,measured,source_ingest,2022.0,
Liberia,2022,electricity_generation (TWh),0.39,measured,source_ingest,2022.0,
Liberia,2022,energy_poverty_electricity (% of total population),68.2,derived,one_minus_access,2022.0,
Liberia,2022,energy_poverty_electricity_rural (% of rural population),85.1,measured,source_ingest,2022.0,
Liberia,2022,energy_poverty_electricity_urban (% of urban population),46.3,measured,source_ingest,2022.0,
Liberia,2022,energy_poverty_multidimensional (% of total population),83.7,measured,source_ingest,2022.0,
Liberia,2022,fossil_share_elec,66.667,measured,source_ingest,2022.0,
Liberia,2022,gdp,4231561135.0,measured,source_ingest,2022.0,
Liberia,2022,greenhouse_gas_emissions,0.17,measured,source_ingest,2022.0,
Liberia,2022,hydro_electricity,0.13,measured,source_ingest,2022.0,
Liberia,2022,low_carbon_share_elec,33.333,measured,source_ingest,2022.0,
Liberia,2022,population,5373297.0,measured,source_ingest,2022.0,
Liberia,2022,renewables_electricity,0.13,measured,source_ingest,2022.0,
Liberia,2022,renewables_share_elec,33.333,measured,source_ingest,2022.0,
Liberia,2022,solar_electricity,0.0,measured,source_ingest,2022.0,
Liberia,2022,wind_electricity,0.0,measured,source_ingest,2022.0,
Liberia,2023,Access to Clean Fuels and Technologies for cooking (% of total population),0.8,measured,source_ingest,2023.0,
Liberia,2023,Access to electricity (% of total population),32.5,measured,source_ingest,2023.0,
Liberia,2023,Population growth (annual %),2.20390696065654,measured,source_ingest,2023.0,
Liberia,2023,carbon_intensity_elec,295.08,measured,source_ingest,2023.0,
Liberia,2023,electricity_demand (TWh),0.61,measured,source_ingest,2023.0,
Liberia,2023,electricity_generation (TWh),0.61,measured,source_ingest,2023.0,
Liberia,2023,energy_poverty_electricity (% of total population),67.5,derived,one_minus_access,2023.0,
Liberia,2023,energy_poverty_electricity_rural (% of rural population),90.7,measured,source_ingest,2023.0,
Liberia,2023,energy_poverty_electricity_urban (% of urban population),47.3,measured,source_ingest,2023.0,
Liberia,2023,energy_poverty_multidimensional (% of total population),83.35,measured,source_ingest,2023.0,
Liberia,2023,fossil_share_elec,42.623,measured,source_ingest,2023.0,
Liberia,2023,gdp,4270027840.7506833,estimated,dampened_exponential_log_linear,2022.0,0.36108146548110354
Liberia,2023,greenhouse_gas_emissions,0.18,measured,source_ingest,2023.0,
Liberia,2023,hydro_electricity,0.35,measured,source_ingest,2023.0,
Liberia,2023,low_carbon_share_elec,57.377,measured,source_ingest,2023.0,
Liberia,2023,population,5493035.0,measured,source_ingest,2023.0,
Liberia,2023,renewables_electricity,0.35,measured,source_ingest,2023.0,
Liberia,2023,renewables_share_elec,57.377,measured,source_ingest,2023.0,
Liberia,2023,solar_electricity,0.0,measured,source_ingest,2023.0,
Liberia,2023,wind_electricity,0.0,measured,source_ingest,2023.0,
Liberia,2024,Access to Clean Fuels and Technologies for cooking (% of total population),0.8428571428571416,estimated,linear_projection,2023.0,0.8548312528895142
Liberia,2024,Access to electricity (% of total population),34.9,measured,source_ingest,2024.0,
Liberia,2024,Population growth (annual %),2.15725346515291,measured,source_ingest,2024.0,
Liberia,2024,carbon_intensity_elec,315.79,measured,source_ingest,2024.0,
Liberia,2024,electricity_demand (TWh),0.57,measured,source_ingest,2024.0,
Liberia,2024,electricity_generation (TWh),0.57,measured,source_ingest,2024.0,
Liberia,2024,energy_poverty_electricity (% of total population),65.1,derived,one_minus_access,2024.0,
Liberia,2024,energy_poverty_electricity_rural (% of rural population),90.8,measured,source_ingest,2024.0,
Liberia,2024,energy_poverty_electricity_urban (% of urban population),44.5,measured,source_ingest,2024.0,
Liberia,2024,energy_poverty_multidimensional (% of total population),82.00892857142844,measured,source_ingest,2024.0,
Liberia,2024,fossil_share_elec,45.614,measured,source_ingest,2024.0,
Liberia,2024,gdp,4308844225.356074,estimated,dampened_exponential_log_linear,2022.0,0.36108146548110354
Liberia,2024,greenhouse_gas_emissions,0.18,measured,source_ingest,2024.0,
Liberia,2024,hydro_electricity,0.3,measured,source_ingest,2024.0,
Liberia,2024,low_carbon_share_elec,54.386,measured,source_ingest,2024.0,
Liberia,2024,population,5612813.0,measured,source_ingest,2024.0,
Liberia,2024,renewables_electricity,0.31,measured,source_ingest,2024.0,
Liberia,2024,renewables_share_elec,54.386,measured,source_ingest,2024.0,
Liberia,2024,solar_electricity,0.01,measured,source_ingest,2024.0,
Liberia,2024,wind_electricity,0.0,measured,source_ingest,2024.0,
Liberia,2025,Access to Clean Fuels and Technologies for cooking (% of total population),0.8940476190476119,estimated,linear_projection,2023.0,0.8548312528895142
Liberia,2025,Access to electricity (% of total population),37.935725407438994,estimated,logistic_logit_linear,2024.0,0.9127432497915361
Liberia,2025,Population growth (annual %),2.08732472424606,measured,source_ingest,2025.0,
Liberia,2025,carbon_intensity_elec,288.24086621989926,estimated,dampened_exponential_log_linear,2024.0,0.8223113838406172
Liberia,2025,electricity_demand (TWh),0.6096395240917487,estimated,dampened_exponential_log_linear,2024.0,0.6784514891703055
Liberia,2025,electricity_generation (TWh),0.6096395240917487,estimated,dampened_exponential_log_linear,2024.0,0.6784514891703055
Liberia,2025,energy_poverty_electricity (% of total population),62.064274592561006,estimated,one_minus_access,2024.0,
Liberia,2025,energy_poverty_electricity_rural (% of rural population),88.07500000000005,estimated,linear_projection,2024.0,0.42546631038456306
Liberia,2025,energy_poverty_electricity_urban (% of urban population),40.31388888888887,estimated,linear_projection,2024.0,0.8921478972256558
Liberia,2025,energy_poverty_multidimensional (% of total population),80.98869047619019,measured,source_ingest,2025.0,
Liberia,2025,fossil_share_elec,36.889500000001135,estimated,linear_projection,2024.0,0.8231788986273696
Liberia,2025,gdp,4312745218.285306,estimated,dampened_exponential_log_linear,2022.0,0.36108146548110354
Liberia,2025,greenhouse_gas_emissions,0.1757227101669218,estimated,dampened_exponential_log_linear,2024.0,0.35178634211982907
Liberia,2025,hydro_electricity,0.35217324993272975,estimated,dampened_exponential_log_linear,2024.0,0.5981171181738159
Liberia,2025,low_carbon_share_elec,63.110499999998865,estimated,linear_projection,2024.0,0.8231788986273695
Liberia,2025,population,5731201.915629531,estimated,limit_year_population_growth_rate_exponential,2024.0,
Liberia,2025,renewables_electricity,0.3651931018853167,estimated,dampened_exponential_log_linear,2024.0,0.6051804392890319
Liberia,2025,renewables_share_elec,63.110499999998865,estimated,linear_projection,2024.0,0.8231788986273695
Liberia,2025,solar_electricity,0.01,estimated,persistence,2024.0,
Liberia,2025,wind_electricity,,missing,no_history,,
Libya,2016,Access to Clean Fuels and Technologies for cooking (% of total population),,missing,no_history,,
Libya,2016,Access to electricity (% of total population),72.2,measured,source_ingest,2016.0,
Libya,2016,Population growth (annual %),1.52399514586306,measured,source_ingest,2016.0,
Libya,2016,carbon_intensity_elec,822.72,measured,source_ingest,2016.0,
Libya,2016,electricity_demand (TWh),31.8,measured,source_ingest,2016.0,
Libya,2016,electricity_generation (TWh),31.42,measured,source_ingest,2016.0,
Libya,2016,energy_poverty_electricity (% of total population),27.799999999999997,derived,one_minus_access,2016.0,
Libya,2016,energy_poverty_electricity_rural (% of rural population),,missing,no_history,,
Libya,2016,energy_poverty_electricity_urban (% of urban population),0.0,measured,source_ingest,2016.0,
Libya,2016,energy_poverty_multidimensional (% of total population),,missing,no_history,,
Libya,2016,fossil_share_elec,99.968,measured,source_ingest,2016.0,
Libya,2016,gdp,91220396354.0,measured,source_ingest,2016.0,
Libya,2016,greenhouse_gas_emissions,25.85,measured,source_ingest,2016.0,
Libya,2016,hydro_electricity,0.0,measured,source_ingest,2016.0,
Libya,2016,low_carbon_share_elec,0.032,measured,source_ingest,2016.0,
Libya,2016,population,6632130.0,measured,source_ingest,2016.0,
Libya,2016,renewables_electricity,0.01,measured,source_ingest,2016.0,
Libya,2016,renewables_share_elec,0.032,measured,source_ingest,2016.0,
Libya,2016,solar_electricity,0.01,measured,source_ingest,2016.0,
Libya,2016,wind_electricity,0.0,measured,source_ingest,2016.0,
Libya,2017,Access to Clean Fuels and Technologies for cooking (% of total population),,missing,no_history,,
Libya,2017,Access to electricity (% of total population),70.6,measured,source_ingest,2017.0,
Libya,2017,Population growth (annual %),1.59519992425695,measured,source_ingest,2017.0,
Libya,2017,carbon_intensity_elec,813.4,measured,source_ingest,2017.0,
Libya,2017,electricity_demand (TWh),33.58,measured,source_ingest,2017.0,
Libya,2017,electricity_generation (TWh),33.28,measured,source_ingest,2017.0,
Libya,2017,energy_poverty_electricity (% of total population),29.400000000000006,derived,one_minus_access,2017.0,
Libya,2017,energy_poverty_electricity_rural (% of rural population),,missing,no_history,,
Libya,2017,energy_poverty_electricity_urban (% of urban population),0.0,measured,source_ingest,2017.0,
Libya,2017,energy_poverty_multidimensional (% of total population),,missing,no_history,,
Libya,2017,fossil_share_elec,99.97,measured,source_ingest,2017.0,
Libya,2017,gdp,120859728232.0,measured,source_ingest,2017.0,
Libya,2017,greenhouse_gas_emissions,27.07,measured,source_ingest,2017.0,
Libya,2017,hydro_electricity,0.0,measured,source_ingest,2017.0,
Libya,2017,low_carbon_share_elec,0.03,measured,source_ingest,2017.0,
Libya,2017,population,6738771.0,measured,source_ingest,2017.0,
Libya,2017,renewables_electricity,0.01,measured,source_ingest,2017.0,
Libya,2017,renewables_share_elec,0.03,measured,source_ingest,2017.0,
Libya,2017,solar_electricity,0.01,measured,source_ingest,2017.0,
Libya,2017,wind_electricity,0.0,measured,source_ingest,2017.0,
Libya,2018,Access to Clean Fuels and Technologies for cooking (% of total population),,missing,no_history,,
Libya,2018,Access to electricity (% of total population),67.0,measured,source_ingest,2018.0,
Libya,2018,Population growth (annual %),1.62332708641058,measured,source_ingest,2018.0,
Libya,2018,carbon_intensity_elec,806.61,measured,source_ingest,2018.0,
Libya,2018,electricity_demand (TWh),34.65,measured,source_ingest,2018.0,
Libya,2018,electricity_generation (TWh),34.18,measured,source_ingest,2018.0,
Libya,2018,energy_poverty_electricity (% of total population),33.0,derived,one_minus_access,2018.0,
Libya,2018,energy_poverty_electricity_rural (% of rural population),,missing,no_history,,
Libya,2018,energy_poverty_electricity_urban (% of urban population),0.0,measured,source_ingest,2018.0,
Libya,2018,energy_poverty_multidimensional (% of total population),,missing,no_history,,
Libya,2018,fossil_share_elec,99.971,measured,source_ingest,2018.0,
Libya,2018,gdp,130457185445.0,measured,source_ingest,2018.0,
Libya,2018,greenhouse_gas_emissions,27.57,measured,source_ingest,2018.0,
Libya,2018,hydro_electricity,0.0,measured,source_ingest,2018.0,
Libya,2018,low_carbon_share_elec,0.029,measured,source_ingest,2018.0,
Libya,2018,population,6849058.0,measured,source_ingest,2018.0,
Libya,2018,renewables_electricity,0.01,measured,source_ingest,2018.0,
Libya,2018,renewables_share_elec,0.029,measured,source_ingest,2018.0,
Libya,2018,solar_electricity,0.01,measured,source_ingest,2018.0,
Libya,2018,wind_electricity,0.0,measured,source_ingest,2018.0,
Libya,2019,Access to Clean Fuels and Technologies for cooking (% of total population),,missing,no_history,,
Libya,2019,Access to electricity (% of total population),68.5,measured,source_ingest,2019.0,
Libya,2019,Population growth (annual %),1.47795950725002,measured,source_ingest,2019.0,
Libya,2019,carbon_intensity_elec,809.99,measured,source_ingest,2019.0,
Libya,2019,electricity_demand (TWh),35.41,measured,source_ingest,2019.0,
Libya,2019,electricity_generation (TWh),34.63,measured,source_ingest,2019.0,
Libya,2019,energy_poverty_electricity (% of total population),31.5,derived,one_minus_access,2019.0,
Libya,2019,energy_poverty_electricity_rural (% of rural population),,missing,no_history,,
Libya,2019,energy_poverty_electricity_urban (% of urban population),0.0,measured,source_ingest,2019.0,
Libya,2019,energy_poverty_multidimensional (% of total population),,missing,no_history,,
Libya,2019,fossil_share_elec,99.971,measured,source_ingest,2019.0,
Libya,2019,gdp,115851209708.0,measured,source_ingest,2019.0,
Libya,2019,greenhouse_gas_emissions,28.05,measured,source_ingest,2019.0,
Libya,2019,hydro_electricity,0.0,measured,source_ingest,2019.0,
Libya,2019,low_carbon_share_elec,0.029,measured,source_ingest,2019.0,
Libya,2019,population,6951040.0,measured,source_ingest,2019.0,
Libya,2019,renewables_electricity,0.01,measured,source_ingest,2019.0,
Libya,2019,renewables_share_elec,0.029,measured,source_ingest,2019.0,
Libya,2019,solar_electricity,0.01,measured,source_ingest,2019.0,
Libya,2019,wind_electricity,0.0,measured,source_ingest,2019.0,
Libya,2020,Access to Clean Fuels and Technologies for cooking (% of total population),,missing,no_history,,
Libya,2020,Access to electricity (% of total population),69.4,measured,source_ingest,2020.0,
Libya,2020,Population growth (annual %),1.3484498033463,measured,source_ingest,2020.0,
Libya,2020,carbon_intensity_elec,824.07,measured,source_ingest,2020.0,
Libya,2020,electricity_demand (TWh),30.76,measured,source_ingest,2020.0,
Libya,2020,electricity_generation (TWh),29.5,measured,source_ingest,2020.0,
Libya,2020,energy_poverty_electricity (% of total population),30.599999999999994,derived,one_minus_access,2020.0,
Libya,2020,energy_poverty_electricity_rural (% of rural population),,missing,no_history,,
Libya,2020,energy_poverty_electricity_urban (% of urban population),0.0,measured,source_ingest,2020.0,
Libya,2020,energy_poverty_multidimensional (% of total population),,missing,no_history,,
Libya,2020,fossil_share_elec,99.966,measured,source_ingest,2020.0,
Libya,2020,gdp,81726075633.0,measured,source_ingest,2020.0,
Libya,2020,greenhouse_gas_emissions,24.31,measured,source_ingest,2020.0,
Libya,2020,hydro_electricity,0.0,measured,source_ingest,2020.0,
Libya,2020,low_carbon_share_elec,0.034,measured,source_ingest,2020.0,
Libya,2020,population,7045403.0,measured,source_ingest,2020.0,
Libya,2020,renewables_electricity,0.01,measured,source_ingest,2020.0,
Libya,2020,renewables_share_elec,0.034,measured,source_ingest,2020.0,
Libya,2020,solar_electricity,0.01,measured,source_ingest,2020.0,
Libya,2020,wind_electricity,0.0,measured,source_ingest,2020.0,
Libya,2021,Access to Clean Fuels and Technologies for cooking (% of total population),,missing,no_history,,
Libya,2021,Access to electricity (% of total population),70.2,measured,source_ingest,2021.0,
Libya,2021,Population growth (annual %),1.26619979488109,measured,source_ingest,2021.0,
Libya,2021,carbon_intensity_elec,831.56,measured,source_ingest,2021.0,
Libya,2021,electricity_demand (TWh),35.57,measured,source_ingest,2021.0,
Libya,2021,electricity_generation (TWh),34.79,measured,source_ingest,2021.0,
Libya,2021,energy_poverty_electricity (% of total population),29.799999999999997,derived,one_minus_access,2021.0,
Libya,2021,energy_poverty_electricity_rural (% of rural population),,missing,no_history,,
Libya,2021,energy_poverty_electricity_urban (% of urban population),0.0,measured,source_ingest,2021.0,
Libya,2021,energy_poverty_multidimensional (% of total population),,missing,no_history,,
Libya,2021,fossil_share_elec,99.971,measured,source_ingest,2021.0,
Libya,2021,gdp,104883157614.0,measured,source_ingest,2021.0,
Libya,2021,greenhouse_gas_emissions,28.93,measured,source_ingest,2021.0,
Libya,2021,hydro_electricity,0.0,measured,source_ingest,2021.0,
Libya,2021,low_carbon_share_elec,0.029,measured,source_ingest,2021.0,
Libya,2021,population,7135179.0,measured,source_ingest,2021.0,
Libya,2021,renewables_electricity,0.01,measured,source_ingest,2021.0,
Libya,2021,renewables_share_elec,0.029,measured,source_ingest,2021.0,
Libya,2021,solar_electricity,0.01,measured,source_ingest,2021.0,
Libya,2021,wind_electricity,0.0,measured,source_ingest,2021.0,
Libya,2022,Access to Clean Fuels and Technologies for cooking (% of total population),,missing,no_history,,
Libya,2022,Access to electricity (% of total population),70.0,measured,source_ingest,2022.0,
Libya,2022,Population growth (annual %),1.23450447871795,measured,source_ingest,2022.0,
Libya,2022,carbon_intensity_elec,830.53,measured,source_ingest,2022.0,
Libya,2022,electricity_demand (TWh),35.83,measured,source_ingest,2022.0,
Libya,2022,electricity_generation (TWh),35.11,measured,source_ingest,2022.0,
Libya,2022,energy_poverty_electricity (% of total population),30.0,derived,one_minus_access,2022.0,
Libya,2022,energy_poverty_electricity_rural (% of rural population),,missing,no_history,,
Libya,2022,energy_poverty_electricity_urban (% of urban population),0.0,measured,source_ingest,2022.0,
Libya,2022,energy_poverty_multidimensional (% of total population),,missing,no_history,,
Libya,2022,fossil_share_elec,99.972,measured,source_ingest,2022.0,
Libya,2022,gdp,91444480945.0,measured,source_ingest,2022.0,
Libya,2022,greenhouse_gas_emissions,29.16,measured,source_ingest,2022.0,
Libya,2022,hydro_electricity,0.0,measured,source_ingest,2022.0,
Libya,2022,low_carbon_share_elec,0.028,measured,source_ingest,2022.0,
Libya,2022,population,7223804.0,measured,source_ingest,2022.0,
Libya,2022,renewables_electricity,0.01,measured,source_ingest,2022.0,
Libya,2022,renewables_share_elec,0.028,measured,source_ingest,2022.0,
Libya,2022,solar_electricity,0.01,measured,source_ingest,2022.0,
Libya,2022,wind_electricity,0.0,measured,source_ingest,2022.0,
Libya,2023,Access to Clean Fuels and Technologies for cooking (% of total population),,missing,no_history,,
Libya,2023,Access to electricity (% of total population),73.2,measured,source_ingest,2023.0,
Libya,2023,Population growth (annual %),1.12674309223491,measured,source_ingest,2023.0,
Libya,2023,carbon_intensity_elec,825.19,measured,source_ingest,2023.0,
Libya,2023,electricity_demand (TWh),33.75,measured,source_ingest,2023.0,
Libya,2023,electricity_generation (TWh),33.75,measured,source_ingest,2023.0,
Libya,2023,energy_poverty_electricity (% of total population),26.799999999999997,derived,one_minus_access,2023.0,
Libya,2023,energy_poverty_electricity_rural (% of rural population),,missing,no_history,,
Libya,2023,energy_poverty_electricity_urban (% of urban population),0.0,measured,source_ingest,2023.0,
Libya,2023,energy_poverty_multidimensional (% of total population),,missing,no_history,,
Libya,2023,fossil_share_elec,99.97,measured,source_ingest,2023.0,
Libya,2023,gdp,89047053718.72998,estimated,dampened_exponential_log_linear,2022.0,0.1113476509786242
Libya,2023,greenhouse_gas_emissions,27.85,measured,source_ingest,2023.0,
Libya,2023,hydro_electricity,0.0,measured,source_ingest,2023.0,
Libya,2023,low_carbon_share_elec,0.03,measured,source_ingest,2023.0,
Libya,2023,population,7305659.0,measured,source_ingest,2023.0,
Libya,2023,renewables_electricity,0.01,measured,source_ingest,2023.0,
Libya,2023,renewables_share_elec,0.03,measured,source_ingest,2023.0,
Libya,2023,solar_electricity,0.01,measured,source_ingest,2023.0,
Libya,2023,wind_electricity,0.0,measured,source_ingest,2023.0,
Libya,2024,Access to Clean Fuels and Technologies for cooking (% of total population),,missing,no_history,,
Libya,2024,Access to electricity (% of total population),77.4,measured,source_ingest,2024.0,
Libya,2024,Population growth (annual %),1.02629935747641,measured,source_ingest,2024.0,
Libya,2024,carbon_intensity_elec,826.83,measured,source_ingest,2024.0,
Libya,2024,electricity_demand (TWh),34.59,measured,source_ingest,2024.0,
Libya,2024,electricity_generation (TWh),34.59,measured,source_ingest,2024.0,
Libya,2024,energy_poverty_electricity (% of total population),22.599999999999994,derived,one_minus_access,2024.0,
Libya,2024,energy_poverty_electricity_rural (% of rural population),,missing,no_history,,
Libya,2024,energy_poverty_electricity_urban (% of urban population),0.0,measured,source_ingest,2024.0,
Libya,2024,energy_poverty_multidimensional (% of total population),,missing,no_history,,
Libya,2024,fossil_share_elec,99.971,measured,source_ingest,2024.0,
Libya,2024,gdp,86712480556.97935,estimated,dampened_exponential_log_linear,2022.0,0.1113476509786242
Libya,2024,greenhouse_gas_emissions,28.6,measured,source_ingest,2024.0,
Libya,2024,hydro_electricity,0.0,measured,source_ingest,2024.0,
Libya,2024,low_carbon_share_elec,0.029,measured,source_ingest,2024.0,
Libya,2024,population,7381029.0,measured,source_ingest,2024.0,
Libya,2024,renewables_electricity,0.01,measured,source_ingest,2024.0,
Libya,2024,renewables_share_elec,0.029,measured,source_ingest,2024.0,
Libya,2024,solar_electricity,0.01,measured,source_ingest,2024.0,
Libya,2024,wind_electricity,0.0,measured,source_ingest,2024.0,
Libya,2025,Access to Clean Fuels and Technologies for cooking (% of total population),,missing,no_history,,
Libya,2025,Access to electricity (% of total population),74.10435292550632,estimated,logistic_logit_linear,2024.0,0.30503536026106426
Libya,2025,Population growth (annual %),1.04494488295615,measured,source_ingest,2025.0,
Libya,2025,carbon_intensity_elec,828.8697362359807,estimated,dampened_exponential_log_linear,2024.0,0.37477484886488976
Libya,2025,electricity_demand (TWh),34.83473654904528,estimated,dampened_exponential_log_linear,2024.0,0.13689212127070927
Libya,2025,electricity_generation (TWh),34.87064937611397,estimated,dampened_exponential_log_linear,2024.0,0.1479025759529361
Libya,2025,energy_poverty_electricity (% of total population),25.89564707449368,estimated,one_minus_access,2024.0,
Libya,2025,energy_poverty_electricity_rural (% of rural population),,missing,no_history,,
Libya,2025,energy_poverty_electricity_urban (% of urban population),0.0,estimated,linear_projection,2024.0,0.0
Libya,2025,energy_poverty_multidimensional (% of total population),,missing,no_history,,
Libya,2025,fossil_share_elec,99.97116666666668,estimated,linear_projection,2024.0,0.11666666666612524
Libya,2025,gdp,86482416393.58005,estimated,dampened_exponential_log_linear,2022.0,0.1113476509786242
Libya,2025,greenhouse_gas_emissions,28.903151364900577,estimated,dampened_exponential_log_linear,2024.0,0.24391303119559804
Libya,2025,hydro_electricity,,missing,no_history,,
Libya,2025,low_carbon_share_elec,0.028833333333333377,estimated,linear_projection,2024.0,0.11666666666667336
Libya,2025,population,7458561.06302541,estimated,limit_year_population_growth_rate_exponential,2024.0,
Libya,2025,renewables_electricity,0.01,estimated,dampened_exponential_log_linear,2024.0,0.0
Libya,2025,renewables_share_elec,0.028833333333333377,estimated,linear_projection,2024.0,0.11666666666667336
Libya,2025,solar_electricity,0.01,estimated,dampened_exponential_log_linear,2024.0,0.0
Libya,2025,wind_electricity,,missing,no_history,,
Madagascar,2016,Access to Clean Fuels and Technologies for cooking (% of total population),1.0,measured,source_ingest,2016.0,
Madagascar,2016,Access to electricity (% of total population),22.9,measured,source_ingest,2016.0,
Madagascar,2016,Population growth (annual %),2.61335935661539,measured,source_ingest,2016.0,
Madagascar,2016,carbon_intensity_elec,357.9,measured,source_ingest,2016.0,
Madagascar,2016,electricity_demand (TWh),1.9,measured,source_ingest,2016.0,
Madagascar,2016,electricity_generation (TWh),1.9,measured,source_ingest,2016.0,
Madagascar,2016,energy_poverty_electricity (% of total population),77.1,derived,one_minus_access,2016.0,
Madagascar,2016,energy_poverty_electricity_rural (% of rural population),73.5,estimated,observed_or_carry,2024.0,
Madagascar,2016,energy_poverty_electricity_urban (% of urban population),32.7,measured,source_ingest,2016.0,
Madagascar,2016,energy_poverty_multidimensional (% of total population),88.05,measured,source_ingest,2016.0,
Madagascar,2016,fossil_share_elec,51.579,measured,source_ingest,2016.0,
Madagascar,2016,gdp,33687674194.0,measured,source_ingest,2016.0,
Madagascar,2016,greenhouse_gas_emissions,0.68,measured,source_ingest,2016.0,
Madagascar,2016,hydro_electricity,0.88,measured,source_ingest,2016.0,
Madagascar,2016,low_carbon_share_elec,48.421,measured,source_ingest,2016.0,
Madagascar,2016,population,26099950.0,measured,source_ingest,2016.0,
Madagascar,2016,renewables_electricity,0.92,measured,source_ingest,2016.0,
Madagascar,2016,renewables_share_elec,48.421,measured,source_ingest,2016.0,
Madagascar,2016,solar_electricity,0.02,measured,source_ingest,2016.0,
Madagascar,2016,wind_electricity,0.0,measured,source_ingest,2016.0,
Madagascar,2017,Access to Clean Fuels and Technologies for cooking (% of total population),1.1,measured,source_ingest,2017.0,
Madagascar,2017,Access to electricity (% of total population),24.1,measured,source_ingest,2017.0,
Madagascar,2017,Population growth (annual %),2.60345495087599,measured,source_ingest,2017.0,
Madagascar,2017,carbon_intensity_elec,409.09,measured,source_ingest,2017.0,
Madagascar,2017,electricity_demand (TWh),1.98,measured,source_ingest,2017.0,
Madagascar,2017,electricity_generation (TWh),1.98,measured,source_ingest,2017.0,
Madagascar,2017,energy_poverty_electricity (% of total population),75.9,derived,one_minus_access,2017.0,
Madagascar,2017,energy_poverty_electricity_rural (% of rural population),73.5,estimated,observed_or_carry,2024.0,
Madagascar,2017,energy_poverty_electricity_urban (% of urban population),33.400000000000006,measured,source_ingest,2017.0,
Madagascar,2017,energy_poverty_multidimensional (% of total population),87.4,measured,source_ingest,2017.0,
Madagascar,2017,fossil_share_elec,58.081,measured,source_ingest,2017.0,
Madagascar,2017,gdp,35012614968.0,measured,source_ingest,2017.0,
Madagascar,2017,greenhouse_gas_emissions,0.81,measured,source_ingest,2017.0,
Madagascar,2017,hydro_electricity,0.78,measured,source_ingest,2017.0,
Madagascar,2017,low_carbon_share_elec,41.919,measured,source_ingest,2017.0,
Madagascar,2017,population,26788379.0,measured,source_ingest,2017.0,
Madagascar,2017,renewables_electricity,0.83,measured,source_ingest,2017.0,
Madagascar,2017,renewables_share_elec,41.919,measured,source_ingest,2017.0,
Madagascar,2017,solar_electricity,0.02,measured,source_ingest,2017.0,
Madagascar,2017,wind_electricity,0.0,measured,source_ingest,2017.0,
Madagascar,2018,Access to Clean Fuels and Technologies for cooking (% of total population),1.2,measured,source_ingest,2018.0,
Madagascar,2018,Access to electricity (% of total population),36.5,measured,source_ingest,2018.0,
Madagascar,2018,Population growth (annual %),2.60334538024635,measured,source_ingest,2018.0,
Madagascar,2018,carbon_intensity_elec,424.37,measured,source_ingest,2018.0,
Madagascar,2018,electricity_demand (TWh),2.38,measured,source_ingest,2018.0,
Madagascar,2018,electricity_generation (TWh),2.38,measured,source_ingest,2018.0,
Madagascar,2018,energy_poverty_electricity (% of total population),63.5,derived,one_minus_access,2018.0,
Madagascar,2018,energy_poverty_electricity_rural (% of rural population),84.0,measured,source_ingest,2018.0,
Madagascar,2018,energy_poverty_electricity_urban (% of urban population),28.799999999999997,measured,source_ingest,2018.0,
Madagascar,2018,energy_poverty_multidimensional (% of total population),81.15,measured,source_ingest,2018.0,
Madagascar,2018,fossil_share_elec,56.723,measured,source_ingest,2018.0,
Madagascar,2018,gdp,36130917975.0,measured,source_ingest,2018.0,
Madagascar,2018,greenhouse_gas_emissions,1.01,measured,source_ingest,2018.0,
Madagascar,2018,hydro_electricity,0.96,measured,source_ingest,2018.0,
Madagascar,2018,low_carbon_share_elec,43.277,measured,source_ingest,2018.0,
Madagascar,2018,population,27494930.0,measured,source_ingest,2018.0,
Madagascar,2018,renewables_electricity,1.03,measured,source_ingest,2018.0,
Madagascar,2018,renewables_share_elec,43.277,measured,source_ingest,2018.0,
Madagascar,2018,solar_electricity,0.04,measured,source_ingest,2018.0,
Madagascar,2018,wind_electricity,0.0,measured,source_ingest,2018.0,
Madagascar,2019,Access to Clean Fuels and Technologies for cooking (% of total population),1.2,measured,source_ingest,2019.0,
Madagascar,2019,Access to electricity (% of total population),31.0,measured,source_ingest,2019.0,
Madagascar,2019,Population growth (annual %),2.60136633480103,measured,source_ingest,2019.0,
Madagascar,2019,carbon_intensity_elec,449.39,measured,source_ingest,2019.0,
Madagascar,2019,electricity_demand (TWh),2.47,measured,source_ingest,2019.0,
Madagascar,2019,electricity_generation (TWh),2.47,measured,source_ingest,2019.0,
Madagascar,2019,energy_poverty_electricity (% of total population),69.0,derived,one_minus_access,2019.0,
Madagascar,2019,energy_poverty_electricity_rural (% of rural population),87.0,measured,source_ingest,2019.0,
Madagascar,2019,energy_poverty_electricity_urban (% of urban population),39.3,measured,source_ingest,2019.0,
Madagascar,2019,energy_poverty_multidimensional (% of total population),83.9,measured,source_ingest,2019.0,
Madagascar,2019,fossil_share_elec,61.538,measured,source_ingest,2019.0,
Madagascar,2019,gdp,37724649896.0,measured,source_ingest,2019.0,
Madagascar,2019,greenhouse_gas_emissions,1.11,measured,source_ingest,2019.0,
Madagascar,2019,hydro_electricity,0.89,measured,source_ingest,2019.0,
Madagascar,2019,low_carbon_share_elec,38.462,measured,source_ingest,2019.0,
Madagascar,2019,population,28219559.0,measured,source_ingest,2019.0,
Madagascar,2019,renewables_electricity,0.95,measured,source_ingest,2019.0,
Madagascar,2019,renewables_share_elec,38.462,measured,source_ingest,2019.0,
Madagascar,2019,solar_electricity,0.04,measured,source_ingest,2019.0,
Madagascar,2019,wind_electricity,0.0,measured,source_ingest,2019.0,
Madagascar,2020,Access to Clean Fuels and Technologies for cooking (% of total population),1.3,measured,source_ingest,2020.0,
Madagascar,2020,Access to electricity (% of total population),32.0,measured,source_ingest,2020.0,
Madagascar,2020,Population growth (annual %),2.56778870397591,measured,source_ingest,2020.0,
Madagascar,2020,carbon_intensity_elec,416.67,measured,source_ingest,2020.0,
Madagascar,2020,electricity_demand (TWh),2.16,measured,source_ingest,2020.0,
Madagascar,2020,electricity_generation (TWh),2.16,measured,source_ingest,2020.0,
Madagascar,2020,energy_poverty_electricity (% of total population),68.0,derived,one_minus_access,2020.0,
Madagascar,2020,energy_poverty_electricity_rural (% of rural population),93.3,measured,source_ingest,2020.0,
Madagascar,2020,energy_poverty_electricity_urban (% of urban population),27.599999999999994,measured,source_ingest,2020.0,
Madagascar,2020,energy_poverty_multidimensional (% of total population),83.35,measured,source_ingest,2020.0,
Madagascar,2020,fossil_share_elec,59.259,measured,source_ingest,2020.0,
Madagascar,2020,gdp,35031864099.0,measured,source_ingest,2020.0,
Madagascar,2020,greenhouse_gas_emissions,0.9,measured,source_ingest,2020.0,
Madagascar,2020,hydro_electricity,0.82,measured,source_ingest,2020.0,
Madagascar,2020,low_carbon_share_elec,40.741,measured,source_ingest,2020.0,
Madagascar,2020,population,28953560.0,measured,source_ingest,2020.0,
Madagascar,2020,renewables_electricity,0.88,measured,source_ingest,2020.0,
Madagascar,2020,renewables_share_elec,40.741,measured,source_ingest,2020.0,
Madagascar,2020,solar_electricity,0.04,measured,source_ingest,2020.0,
Madagascar,2020,wind_electricity,0.0,measured,source_ingest,2020.0,
Madagascar,2021,Access to Clean Fuels and Technologies for cooking (% of total population),1.4,measured,source_ingest,2021.0,
Madagascar,2021,Access to electricity (% of total population),35.1,measured,source_ingest,2021.0,
Madagascar,2021,Population growth (annual %),2.51537360931706,measured,source_ingest,2021.0,
Madagascar,2021,carbon_intensity_elec,486.17,measured,source_ingest,2021.0,
Madagascar,2021,electricity_demand (TWh),2.53,measured,source_ingest,2021.0,
Madagascar,2021,electricity_generation (TWh),2.53,measured,source_ingest,2021.0,
Madagascar,2021,energy_poverty_electricity (% of total population),64.9,derived,one_minus_access,2021.0,
Madagascar,2021,energy_poverty_electricity_rural (% of rural population),89.1,measured,source_ingest,2021.0,
Madagascar,2021,energy_poverty_electricity_urban (% of urban population),27.400000000000006,measured,source_ingest,2021.0,
Madagascar,2021,energy_poverty_multidimensional (% of total population),81.75,measured,source_ingest,2021.0,
Madagascar,2021,fossil_share_elec,66.798,measured,source_ingest,2021.0,
Madagascar,2021,gdp,37042695870.0,measured,source_ingest,2021.0,
Madagascar,2021,greenhouse_gas_emissions,1.23,measured,source_ingest,2021.0,
Madagascar,2021,hydro_electricity,0.77,measured,source_ingest,2021.0,
Madagascar,2021,low_carbon_share_elec,33.202,measured,source_ingest,2021.0,
Madagascar,2021,population,29691087.0,measured,source_ingest,2021.0,
Madagascar,2021,renewables_electricity,0.84,measured,source_ingest,2021.0,
Madagascar,2021,renewables_share_elec,33.202,measured,source_ingest,2021.0,
Madagascar,2021,solar_electricity,0.04,measured,source_ingest,2021.0,
Madagascar,2021,wind_electricity,0.0,measured,source_ingest,2021.0,
Madagascar,2022,Access to Clean Fuels and Technologies for cooking (% of total population),1.5,measured,source_ingest,2022.0,
Madagascar,2022,Access to electricity (% of total population),36.1,measured,source_ingest,2022.0,
Madagascar,2022,Population growth (annual %),2.48207836172625,measured,source_ingest,2022.0,
Madagascar,2022,carbon_intensity_elec,477.27,measured,source_ingest,2022.0,
Madagascar,2022,electricity_demand (TWh),2.64,measured,source_ingest,2022.0,
Madagascar,2022,electricity_generation (TWh),2.64,measured,source_ingest,2022.0,
Madagascar,2022,energy_poverty_electricity (% of total population),63.9,derived,one_minus_access,2022.0,
Madagascar,2022,energy_poverty_electricity_rural (% of rural population),88.9,measured,source_ingest,2022.0,
Madagascar,2022,energy_poverty_electricity_urban (% of urban population),28.400000000000006,measured,source_ingest,2022.0,
Madagascar,2022,energy_poverty_multidimensional (% of total population),81.2,measured,source_ingest,2022.0,
Madagascar,2022,fossil_share_elec,64.773,measured,source_ingest,2022.0,
Madagascar,2022,gdp,38602188321.0,measured,source_ingest,2022.0,
Madagascar,2022,greenhouse_gas_emissions,1.26,measured,source_ingest,2022.0,
Madagascar,2022,hydro_electricity,0.82,measured,source_ingest,2022.0,
Madagascar,2022,low_carbon_share_elec,35.227,measured,source_ingest,2022.0,
Madagascar,2022,population,30437261.0,measured,source_ingest,2022.0,
Madagascar,2022,renewables_electricity,0.93,measured,source_ingest,2022.0,
Madagascar,2022,renewables_share_elec,35.227,measured,source_ingest,2022.0,
Madagascar,2022,solar_electricity,0.08,measured,source_ingest,2022.0,
Madagascar,2022,wind_electricity,0.0,measured,source_ingest,2022.0,
Madagascar,2023,Access to Clean Fuels and Technologies for cooking (% of total population),1.6,measured,source_ingest,2023.0,
Madagascar,2023,Access to electricity (% of total population),39.4,measured,source_ingest,2023.0,
Madagascar,2023,Population growth (annual %),2.46201530433165,measured,source_ingest,2023.0,
Madagascar,2023,carbon_intensity_elec,423.39,measured,source_ingest,2023.0,
Madagascar,2023,electricity_demand (TWh),2.48,measured,source_ingest,2023.0,
Madagascar,2023,electricity_generation (TWh),2.48,measured,source_ingest,2023.0,
Madagascar,2023,energy_poverty_electricity (% of total population),60.6,derived,one_minus_access,2023.0,
Madagascar,2023,energy_poverty_electricity_rural (% of rural population),85.4,measured,source_ingest,2023.0,
Madagascar,2023,energy_poverty_electricity_urban (% of urban population),24.400000000000006,measured,source_ingest,2023.0,
Madagascar,2023,energy_poverty_multidimensional (% of total population),79.5,measured,source_ingest,2023.0,
Madagascar,2023,fossil_share_elec,56.048,measured,source_ingest,2023.0,
Madagascar,2023,gdp,39284184964.528336,estimated,dampened_exponential_log_linear,2022.0,0.6265686706370388
Madagascar,2023,greenhouse_gas_emissions,1.05,measured,source_ingest,2023.0,
Madagascar,2023,hydro_electricity,0.98,measured,source_ingest,2023.0,
Madagascar,2023,low_carbon_share_elec,43.952,measured,source_ingest,2023.0,
Madagascar,2023,population,31195937.0,measured,source_ingest,2023.0,
Madagascar,2023,renewables_electricity,1.09,measured,source_ingest,2023.0,
Madagascar,2023,renewables_share_elec,43.952,measured,source_ingest,2023.0,
Madagascar,2023,solar_electricity,0.08,measured,source_ingest,2023.0,
Madagascar,2023,wind_electricity,0.0,measured,source_ingest,2023.0,
Madagascar,2024,Access to Clean Fuels and Technologies for cooking (% of total population),1.6571428571428726,estimated,linear_projection,2023.0,0.9814471243042735
Madagascar,2024,Access to electricity (% of total population),42.5,measured,source_ingest,2024.0,
Madagascar,2024,Population growth (annual %),2.43524760129506,measured,source_ingest,2024.0,
Madagascar,2024,carbon_intensity_elec,432.1,measured,source_ingest,2024.0,
Madagascar,2024,electricity_demand (TWh),2.43,measured,source_ingest,2024.0,
Madagascar,2024,electricity_generation (TWh),2.43,measured,source_ingest,2024.0,
Madagascar,2024,energy_poverty_electricity (% of total population),57.5,derived,one_minus_access,2024.0,
Madagascar,2024,energy_poverty_electricity_rural (% of rural population),73.5,measured,source_ingest,2024.0,
Madagascar,2024,energy_poverty_electricity_urban (% of urban population),24.099999999999994,measured,source_ingest,2024.0,
Madagascar,2024,energy_poverty_multidimensional (% of total population),78.48749999999973,measured,source_ingest,2024.0,
Madagascar,2024,fossil_share_elec,57.613,measured,source_ingest,2024.0,
Madagascar,2024,gdp,39978230650.922226,estimated,dampened_exponential_log_linear,2022.0,0.6265686706370388
Madagascar,2024,greenhouse_gas_emissions,1.05,measured,source_ingest,2024.0,
Madagascar,2024,hydro_electricity,0.9,measured,source_ingest,2024.0,
Madagascar,2024,low_carbon_share_elec,42.387,measured,source_ingest,2024.0,
Madagascar,2024,population,31964960.0,measured,source_ingest,2024.0,
Madagascar,2024,renewables_electricity,1.03,measured,source_ingest,2024.0,
Madagascar,2024,renewables_share_elec,42.387,measured,source_ingest,2024.0,
Madagascar,2024,solar_electricity,0.1,measured,source_ingest,2024.0,
Madagascar,2024,wind_electricity,0.0,measured,source_ingest,2024.0,
Madagascar,2025,Access to Clean Fuels and Technologies for cooking (% of total population),1.739285714285728,estimated,linear_projection,2023.0,0.9814471243042735
Madagascar,2025,Access to electricity (% of total population),44.6688424573281,estimated,logistic_logit_linear,2024.0,0.7836620539370206
Madagascar,2025,Population growth (annual %),2.39781026296956,measured,source_ingest,2025.0,
Madagascar,2025,carbon_intensity_elec,440.6109156097649,estimated,dampened_exponential_log_linear,2024.0,0.34871591501065213
Madagascar,2025,electricity_demand (TWh),2.5078048315685066,estimated,dampened_exponential_log_linear,2024.0,0.5651089070603897
Madagascar,2025,electricity_generation (TWh),2.5078048315685066,estimated,dampened_exponential_log_linear,2024.0,0.5651089070603897
Madagascar,2025,energy_poverty_electricity (% of total population),55.3311575426719,estimated,one_minus_access,2024.0,
Madagascar,2025,energy_poverty_electricity_rural (% of rural population),80.30000000000018,estimated,linear_projection,2024.0,0.2345088354399254
Madagascar,2025,energy_poverty_electricity_urban (% of urban population),23.39166666666688,estimated,linear_projection,2024.0,0.4911103359450517
Madagascar,2025,energy_poverty_multidimensional (% of total population),77.42083333333312,measured,source_ingest,2025.0,
Madagascar,2025,fossil_share_elec,62.439972222222195,estimated,linear_projection,2024.0,0.15025810922351668
Madagascar,2025,gdp,40048306080.21075,estimated,dampened_exponential_log_linear,2022.0,0.6265686706370388
Madagascar,2025,greenhouse_gas_emissions,1.104963367143439,estimated,dampened_exponential_log_linear,2024.0,0.4943484301701747
Madagascar,2025,hydro_electricity,0.9047310697502812,estimated,dampened_exponential_log_linear,2024.0,0.027933194399827332
Madagascar,2025,low_carbon_share_elec,37.560027777777805,estimated,linear_projection,2024.0,0.1502581092235168
Madagascar,2025,population,32740682.097071555,estimated,limit_year_population_growth_rate_exponential,2024.0,
Madagascar,2025,renewables_electricity,1.0462979882340293,estimated,dampened_exponential_log_linear,2024.0,0.20592173679556658
Madagascar,2025,renewables_share_elec,37.560027777777805,estimated,linear_projection,2024.0,0.1502581092235168
Madagascar,2025,solar_electricity,0.12210553000675682,estimated,dampened_exponential_log_linear,2024.0,0.8969546569592248
Madagascar,2025,wind_electricity,,missing,no_history,,
Malawi,2016,Access to Clean Fuels and Technologies for cooking (% of total population),2.1,measured,source_ingest,2016.0,
Malawi,2016,Access to electricity (% of total population),11.0,measured,source_ingest,2016.0,
Malawi,2016,Population growth (annual %),2.72595787740448,measured,source_ingest,2016.0,
Malawi,2016,carbon_intensity_elec,69.77,measured,source_ingest,2016.0,
Malawi,2016,electricity_demand (TWh),2.13,measured,source_ingest,2016.0,
Malawi,2016,electricity_generation (TWh),2.15,measured,source_ingest,2016.0,
Malawi,2016,energy_poverty_electricity (% of total population),89.0,derived,one_minus_access,2016.0,
Malawi,2016,energy_poverty_electricity_rural (% of rural population),95.1,measured,source_ingest,2016.0,
Malawi,2016,energy_poverty_electricity_urban (% of urban population),58.0,measured,source_ingest,2016.0,
Malawi,2016,energy_poverty_multidimensional (% of total population),93.45,measured,source_ingest,2016.0,
Malawi,2016,fossil_share_elec,6.047,measured,source_ingest,2016.0,
Malawi,2016,gdp,21733841491.0,measured,source_ingest,2016.0,
Malawi,2016,greenhouse_gas_emissions,0.15,measured,source_ingest,2016.0,
Malawi,2016,hydro_electricity,1.94,measured,source_ingest,2016.0,
Malawi,2016,low_carbon_share_elec,93.953,measured,source_ingest,2016.0,
Malawi,2016,population,17557741.0,measured,source_ingest,2016.0,
Malawi,2016,renewables_electricity,2.02,measured,source_ingest,2016.0,
Malawi,2016,renewables_share_elec,93.953,measured,source_ingest,2016.0,
Malawi,2016,solar_electricity,0.03,measured,source_ingest,2016.0,
Malawi,2016,wind_electricity,0.0,measured,source_ingest,2016.0,
Malawi,2017,Access to Clean Fuels and Technologies for cooking (% of total population),2.1,measured,source_ingest,2017.0,
Malawi,2017,Access to electricity (% of total population),12.7,measured,source_ingest,2017.0,
Malawi,2017,Population growth (annual %),2.70808949087835,measured,source_ingest,2017.0,
Malawi,2017,carbon_intensity_elec,26.18,measured,source_ingest,2017.0,
Malawi,2017,electricity_demand (TWh),1.89,measured,source_ingest,2017.0,
Malawi,2017,electricity_generation (TWh),1.91,measured,source_ingest,2017.0,
Malawi,2017,energy_poverty_electricity (% of total population),87.3,derived,one_minus_access,2017.0,
Malawi,2017,energy_poverty_electricity_rural (% of rural population),96.3,measured,source_ingest,2017.0,
Malawi,2017,energy_poverty_electricity_urban (% of urban population),42.5,measured,source_ingest,2017.0,
Malawi,2017,energy_poverty_multidimensional (% of total population),92.6,measured,source_ingest,2017.0,
Malawi,2017,fossil_share_elec,0.0,measured,source_ingest,2017.0,
Malawi,2017,gdp,22603193649.0,measured,source_ingest,2017.0,
Malawi,2017,greenhouse_gas_emissions,0.05,measured,source_ingest,2017.0,
Malawi,2017,hydro_electricity,1.82,measured,source_ingest,2017.0,
Malawi,2017,low_carbon_share_elec,100.0,measured,source_ingest,2017.0,
Malawi,2017,population,18039714.0,measured,source_ingest,2017.0,
Malawi,2017,renewables_electricity,1.91,measured,source_ingest,2017.0,
Malawi,2017,renewables_share_elec,100.0,measured,source_ingest,2017.0,
Malawi,2017,solar_electricity,0.04,measured,source_ingest,2017.0,
Malawi,2017,wind_electricity,0.0,measured,source_ingest,2017.0,
Malawi,2018,Access to Clean Fuels and Technologies for cooking (% of total population),1.9,measured,source_ingest,2018.0,
Malawi,2018,Access to electricity (% of total population),18.0,measured,source_ingest,2018.0,
Malawi,2018,Population growth (annual %),2.67117568591664,measured,source_ingest,2018.0,
Malawi,2018,carbon_intensity_elec,143.65,measured,source_ingest,2018.0,
Malawi,2018,electricity_demand (TWh),1.79,measured,source_ingest,2018.0,
Malawi,2018,electricity_generation (TWh),1.81,measured,source_ingest,2018.0,
Malawi,2018,energy_poverty_electricity (% of total population),82.0,derived,one_minus_access,2018.0,
Malawi,2018,energy_poverty_electricity_rural (% of rural population),88.3,measured,source_ingest,2018.0,
Malawi,2018,energy_poverty_electricity_urban (% of urban population),51.0,measured,source_ingest,2018.0,
Malawi,2018,energy_poverty_multidimensional (% of total population),90.05,measured,source_ingest,2018.0,
Malawi,2018,fossil_share_elec,18.232,measured,source_ingest,2018.0,
Malawi,2018,gdp,23595927755.0,measured,source_ingest,2018.0,
Malawi,2018,greenhouse_gas_emissions,0.26,measured,source_ingest,2018.0,
Malawi,2018,hydro_electricity,1.42,measured,source_ingest,2018.0,
Malawi,2018,low_carbon_share_elec,81.768,measured,source_ingest,2018.0,
Malawi,2018,population,18528086.0,measured,source_ingest,2018.0,
Malawi,2018,renewables_electricity,1.48,measured,source_ingest,2018.0,
Malawi,2018,renewables_share_elec,81.768,measured,source_ingest,2018.0,
Malawi,2018,solar_electricity,0.01,measured,source_ingest,2018.0,
Malawi,2018,wind_electricity,0.0,measured,source_ingest,2018.0,
Malawi,2019,Access to Clean Fuels and Technologies for cooking (% of total population),1.9,measured,source_ingest,2019.0,
Malawi,2019,Access to electricity (% of total population),11.2,measured,source_ingest,2019.0,
Malawi,2019,Population growth (annual %),2.65059567621331,measured,source_ingest,2019.0,
Malawi,2019,carbon_intensity_elec,55.56,measured,source_ingest,2019.0,
Malawi,2019,electricity_demand (TWh),1.78,measured,source_ingest,2019.0,
Malawi,2019,electricity_generation (TWh),1.8,measured,source_ingest,2019.0,
Malawi,2019,energy_poverty_electricity (% of total population),88.8,derived,one_minus_access,2019.0,
Malawi,2019,energy_poverty_electricity_rural (% of rural population),95.9,measured,source_ingest,2019.0,
Malawi,2019,energy_poverty_electricity_urban (% of urban population),54.5,measured,source_ingest,2019.0,
Malawi,2019,energy_poverty_multidimensional (% of total population),93.45,measured,source_ingest,2019.0,
Malawi,2019,fossil_share_elec,3.889,measured,source_ingest,2019.0,
Malawi,2019,gdp,24881432457.0,measured,source_ingest,2019.0,
Malawi,2019,greenhouse_gas_emissions,0.1,measured,source_ingest,2019.0,
Malawi,2019,hydro_electricity,1.67,measured,source_ingest,2019.0,
Malawi,2019,low_carbon_share_elec,96.111,measured,source_ingest,2019.0,
Malawi,2019,population,19025748.0,measured,source_ingest,2019.0,
Malawi,2019,renewables_electricity,1.73,measured,source_ingest,2019.0,
Malawi,2019,renewables_share_elec,96.111,measured,source_ingest,2019.0,
Malawi,2019,solar_electricity,0.01,measured,source_ingest,2019.0,
Malawi,2019,wind_electricity,0.0,measured,source_ingest,2019.0,
Malawi,2020,Access to Clean Fuels and Technologies for cooking (% of total population),1.8,measured,source_ingest,2020.0,
Malawi,2020,Access to electricity (% of total population),11.5,measured,source_ingest,2020.0,
Malawi,2020,Population growth (annual %),2.63573735113183,measured,source_ingest,2020.0,
Malawi,2020,carbon_intensity_elec,34.29,measured,source_ingest,2020.0,
Malawi,2020,electricity_demand (TWh),1.73,measured,source_ingest,2020.0,
Malawi,2020,electricity_generation (TWh),1.75,measured,source_ingest,2020.0,
Malawi,2020,energy_poverty_electricity (% of total population),88.5,derived,one_minus_access,2020.0,
Malawi,2020,energy_poverty_electricity_rural (% of rural population),96.5,measured,source_ingest,2020.0,
Malawi,2020,energy_poverty_electricity_urban (% of urban population),50.4,measured,source_ingest,2020.0,
Malawi,2020,energy_poverty_multidimensional (% of total population),93.35,measured,source_ingest,2020.0,
Malawi,2020,fossil_share_elec,0.571,measured,source_ingest,2020.0,
Malawi,2020,gdp,25108605204.0,measured,source_ingest,2020.0,
Malawi,2020,greenhouse_gas_emissions,0.06,measured,source_ingest,2020.0,
Malawi,2020,hydro_electricity,1.68,measured,source_ingest,2020.0,
Malawi,2020,low_carbon_share_elec,99.429,measured,source_ingest,2020.0,
Malawi,2020,population,19533885.0,measured,source_ingest,2020.0,
Malawi,2020,renewables_electricity,1.74,measured,source_ingest,2020.0,
Malawi,2020,renewables_share_elec,99.429,measured,source_ingest,2020.0,
Malawi,2020,solar_electricity,0.01,measured,source_ingest,2020.0,
Malawi,2020,wind_electricity,0.0,measured,source_ingest,2020.0,
Malawi,2021,Access to Clean Fuels and Technologies for cooking (% of total population),1.7,measured,source_ingest,2021.0,
Malawi,2021,Access to electricity (% of total population),14.2,measured,source_ingest,2021.0,
Malawi,2021,Population growth (annual %),2.59415828794597,measured,source_ingest,2021.0,
Malawi,2021,carbon_intensity_elec,54.65,measured,source_ingest,2021.0,
Malawi,2021,electricity_demand (TWh),1.81,measured,source_ingest,2021.0,
Malawi,2021,electricity_generation (TWh),1.83,measured,source_ingest,2021.0,
Malawi,2021,energy_poverty_electricity (% of total population),85.8,derived,one_minus_access,2021.0,
Malawi,2021,energy_poverty_electricity_rural (% of rural population),94.4,measured,source_ingest,2021.0,
Malawi,2021,energy_poverty_electricity_urban (% of urban population),45.8,measured,source_ingest,2021.0,
Malawi,2021,energy_poverty_multidimensional (% of total population),92.05,measured,source_ingest,2021.0,
Malawi,2021,fossil_share_elec,4.372,measured,source_ingest,2021.0,
Malawi,2021,gdp,26255309111.0,measured,source_ingest,2021.0,
Malawi,2021,greenhouse_gas_emissions,0.1,measured,source_ingest,2021.0,
Malawi,2021,hydro_electricity,1.69,measured,source_ingest,2021.0,
Malawi,2021,low_carbon_share_elec,95.628,measured,source_ingest,2021.0,
Malawi,2021,population,20047264.0,measured,source_ingest,2021.0,
Malawi,2021,renewables_electricity,1.75,measured,source_ingest,2021.0,
Malawi,2021,renewables_share_elec,95.628,measured,source_ingest,2021.0,
Malawi,2021,solar_electricity,0.01,measured,source_ingest,2021.0,
Malawi,2021,wind_electricity,0.0,measured,source_ingest,2021.0,
Malawi,2022,Access to Clean Fuels and Technologies for cooking (% of total population),1.6,measured,source_ingest,2022.0,
Malawi,2022,Access to electricity (% of total population),14.0,measured,source_ingest,2022.0,
Malawi,2022,Population growth (annual %),2.567947782963,measured,source_ingest,2022.0,
Malawi,2022,carbon_intensity_elec,54.65,measured,source_ingest,2022.0,
Malawi,2022,electricity_demand (TWh),1.81,measured,source_ingest,2022.0,
Malawi,2022,electricity_generation (TWh),1.83,measured,source_ingest,2022.0,
Malawi,2022,energy_poverty_electricity (% of total population),86.0,derived,one_minus_access,2022.0,
Malawi,2022,energy_poverty_electricity_rural (% of rural population),94.2,measured,source_ingest,2022.0,
Malawi,2022,energy_poverty_electricity_urban (% of urban population),46.0,measured,source_ingest,2022.0,
Malawi,2022,energy_poverty_multidimensional (% of total population),92.2,measured,source_ingest,2022.0,
Malawi,2022,fossil_share_elec,4.372,measured,source_ingest,2022.0,
Malawi,2022,gdp,26465351444.0,measured,source_ingest,2022.0,
Malawi,2022,greenhouse_gas_emissions,0.1,measured,source_ingest,2022.0,
Malawi,2022,hydro_electricity,1.69,measured,source_ingest,2022.0,
Malawi,2022,low_carbon_share_elec,95.628,measured,source_ingest,2022.0,
Malawi,2022,population,20568731.0,measured,source_ingest,2022.0,
Malawi,2022,renewables_electricity,1.75,measured,source_ingest,2022.0,
Malawi,2022,renewables_share_elec,95.628,measured,source_ingest,2022.0,
Malawi,2022,solar_electricity,0.01,measured,source_ingest,2022.0,
Malawi,2022,wind_electricity,0.0,measured,source_ingest,2022.0,
Malawi,2023,Access to Clean Fuels and Technologies for cooking (% of total population),1.5,measured,source_ingest,2023.0,
Malawi,2023,Access to electricity (% of total population),15.6,measured,source_ingest,2023.0,
Malawi,2023,Population growth (annual %),2.57135708610945,measured,source_ingest,2023.0,
Malawi,2023,carbon_intensity_elec,54.65,measured,source_ingest,2023.0,
Malawi,2023,electricity_demand (TWh),1.81,measured,source_ingest,2023.0,
Malawi,2023,electricity_generation (TWh),1.83,measured,source_ingest,2023.0,
Malawi,2023,energy_poverty_electricity (% of total population),84.4,derived,one_minus_access,2023.0,
Malawi,2023,energy_poverty_electricity_rural (% of rural population),93.9,measured,source_ingest,2023.0,
Malawi,2023,energy_poverty_electricity_urban (% of urban population),42.2,measured,source_ingest,2023.0,
Malawi,2023,energy_poverty_multidimensional (% of total population),91.45,measured,source_ingest,2023.0,
Malawi,2023,fossil_share_elec,4.372,measured,source_ingest,2023.0,
Malawi,2023,gdp,27381220190.01006,estimated,dampened_exponential_log_linear,2022.0,0.9685093766856285
Malawi,2023,greenhouse_gas_emissions,0.1,measured,source_ingest,2023.0,
Malawi,2023,hydro_electricity,1.69,measured,source_ingest,2023.0,
Malawi,2023,low_carbon_share_elec,95.628,measured,source_ingest,2023.0,
Malawi,2023,population,21104480.0,measured,source_ingest,2023.0,
Malawi,2023,renewables_electricity,1.75,measured,source_ingest,2023.0,
Malawi,2023,renewables_share_elec,95.628,measured,source_ingest,2023.0,
Malawi,2023,solar_electricity,0.01,measured,source_ingest,2023.0,
Malawi,2023,wind_electricity,0.0,measured,source_ingest,2023.0,
Malawi,2024,Access to Clean Fuels and Technologies for cooking (% of total population),1.4285714285714448,estimated,linear_projection,2023.0,0.9729921819474058
Malawi,2024,Access to electricity (% of total population),15.6,measured,source_ingest,2024.0,
Malawi,2024,Population growth (annual %),2.57641467045761,measured,source_ingest,2024.0,
Malawi,2024,carbon_intensity_elec,54.65,measured,source_ingest,2024.0,
Malawi,2024,electricity_demand (TWh),1.81,measured,source_ingest,2024.0,
Malawi,2024,electricity_generation (TWh),1.83,measured,source_ingest,2024.0,
Malawi,2024,energy_poverty_electricity (% of total population),84.4,derived,one_minus_access,2024.0,
Malawi,2024,energy_poverty_electricity_rural (% of rural population),93.6,measured,source_ingest,2024.0,
Malawi,2024,energy_poverty_electricity_urban (% of urban population),40.5,measured,source_ingest,2024.0,
Malawi,2024,energy_poverty_multidimensional (% of total population),91.78392857142856,measured,source_ingest,2024.0,
Malawi,2024,fossil_share_elec,4.372,measured,source_ingest,2024.0,
Malawi,2024,gdp,28328783794.170513,estimated,dampened_exponential_log_linear,2022.0,0.9685093766856285
Malawi,2024,greenhouse_gas_emissions,0.1,measured,source_ingest,2024.0,
Malawi,2024,hydro_electricity,1.69,measured,source_ingest,2024.0,
Malawi,2024,low_carbon_share_elec,95.628,measured,source_ingest,2024.0,
Malawi,2024,population,21655288.0,measured,source_ingest,2024.0,
Malawi,2024,renewables_electricity,1.75,measured,source_ingest,2024.0,
Malawi,2024,renewables_share_elec,95.628,measured,source_ingest,2024.0,
Malawi,2024,solar_electricity,0.01,measured,source_ingest,2024.0,
Malawi,2024,wind_electricity,0.0,measured,source_ingest,2024.0,
Malawi,2025,Access to Clean Fuels and Technologies for cooking (% of total population),1.3404761904761813,estimated,linear_projection,2023.0,0.9729921819474058
Malawi,2025,Access to electricity (% of total population),15.687245422310536,estimated,logistic_logit_linear,2024.0,0.21112205361546077
Malawi,2025,Population growth (annual %),2.55685698114353,measured,source_ingest,2025.0,
Malawi,2025,carbon_intensity_elec,53.9994378518878,estimated,dampened_exponential_log_linear,2024.0,0.004909427523398291
Malawi,2025,electricity_demand (TWh),1.7877543323953955,estimated,dampened_exponential_log_linear,2024.0,0.31802062211946636
Malawi,2025,electricity_generation (TWh),1.8077354640963423,estimated,dampened_exponential_log_linear,2024.0,0.31808187010370126
Malawi,2025,energy_poverty_electricity (% of total population),84.31275457768946,estimated,one_minus_access,2024.0,
Malawi,2025,energy_poverty_electricity_rural (% of rural population),94.0027777777778,estimated,linear_projection,2024.0,0.0028792166887309234
Malawi,2025,energy_poverty_electricity_urban (% of urban population),40.41111111111104,estimated,linear_projection,2024.0,0.4680778948186729
Malawi,2025,energy_poverty_multidimensional (% of total population),91.66369047619048,measured,source_ingest,2025.0,
Malawi,2025,fossil_share_elec,3.4012500000001182,estimated,linear_projection,2024.0,0.03233596637287339
Malawi,2025,gdp,28425325275.676735,estimated,dampened_exponential_log_linear,2022.0,0.9685093766856285
Malawi,2025,greenhouse_gas_emissions,0.09760670172803561,estimated,dampened_exponential_log_linear,2024.0,0.019387133395598943
Malawi,2025,hydro_electricity,1.678375963823417,estimated,dampened_exponential_log_linear,2024.0,0.05200679914210615
Malawi,2025,low_carbon_share_elec,96.59874999999988,estimated,linear_projection,2024.0,0.032335966372873615
Malawi,2025,population,22216122.0517965,estimated,limit_year_population_growth_rate_exponential,2024.0,
Malawi,2025,renewables_electricity,1.735773837811919,estimated,dampened_exponential_log_linear,2024.0,0.07106729591575645
Malawi,2025,renewables_share_elec,96.59874999999988,estimated,linear_projection,2024.0,0.032335966372873615
Malawi,2025,solar_electricity,0.008671393943737803,estimated,dampened_exponential_log_linear,2024.0,0.49917575889863297
Malawi,2025,wind_electricity,,missing,no_history,,
Mali,2016,Access to Clean Fuels and Technologies for cooking (% of total population),1.0,measured,source_ingest,2016.0,
Mali,2016,Access to electricity (% of total population),38.8,measured,source_ingest,2016.0,
Mali,2016,Population growth (annual %),3.16701291267986,measured,source_ingest,2016.0,
Mali,2016,carbon_intensity_elec,331.13,measured,source_ingest,2016.0,
Mali,2016,electricity_demand (TWh),2.67,measured,source_ingest,2016.0,
Mali,2016,electricity_generation (TWh),3.02,measured,source_ingest,2016.0,
Mali,2016,energy_poverty_electricity (% of total population),61.2,derived,one_minus_access,2016.0,
Mali,2016,energy_poverty_electricity_rural (% of rural population),91.6,measured,source_ingest,2016.0,
Mali,2016,energy_poverty_electricity_urban (% of urban population),17.0,measured,source_ingest,2016.0,
Mali,2016,energy_poverty_multidimensional (% of total population),80.1,measured,source_ingest,2016.0,
Mali,2016,fossil_share_elec,48.013,measured,source_ingest,2016.0,
Mali,2016,gdp,25049317347.0,measured,source_ingest,2016.0,
Mali,2016,greenhouse_gas_emissions,1.0,measured,source_ingest,2016.0,
Mali,2016,hydro_electricity,1.48,measured,source_ingest,2016.0,
Mali,2016,low_carbon_share_elec,51.987,measured,source_ingest,2016.0,
Mali,2016,population,19191298.0,measured,source_ingest,2016.0,
Mali,2016,renewables_electricity,1.57,measured,source_ingest,2016.0,
Mali,2016,renewables_share_elec,51.987,measured,source_ingest,2016.0,
Mali,2016,solar_electricity,0.03,measured,source_ingest,2016.0,
Mali,2016,wind_electricity,0.0,measured,source_ingest,2016.0,
Mali,2017,Access to Clean Fuels and Technologies for cooking (% of total population),1.0,measured,source_ingest,2017.0,
Mali,2017,Access to electricity (% of total population),34.8,measured,source_ingest,2017.0,
Mali,2017,Population growth (annual %),3.18823649379751,measured,source_ingest,2017.0,
Mali,2017,carbon_intensity_elec,372.09,measured,source_ingest,2017.0,
Mali,2017,electricity_demand (TWh),3.19,measured,source_ingest,2017.0,
Mali,2017,electricity_generation (TWh),3.44,measured,source_ingest,2017.0,
Mali,2017,energy_poverty_electricity (% of total population),65.2,derived,one_minus_access,2017.0,
Mali,2017,energy_poverty_electricity_rural (% of rural population),68.6,estimated,observed_or_carry,2024.0,
Mali,2017,energy_poverty_electricity_urban (% of urban population),15.0,measured,source_ingest,2017.0,
Mali,2017,energy_poverty_multidimensional (% of total population),82.1,measured,source_ingest,2017.0,
Mali,2017,fossil_share_elec,54.36,measured,source_ingest,2017.0,
Mali,2017,gdp,26378184458.0,measured,source_ingest,2017.0,
Mali,2017,greenhouse_gas_emissions,1.28,measured,source_ingest,2017.0,
Mali,2017,hydro_electricity,1.48,measured,source_ingest,2017.0,
Mali,2017,low_carbon_share_elec,45.64,measured,source_ingest,2017.0,
Mali,2017,population,19813016.0,measured,source_ingest,2017.0,
Mali,2017,renewables_electricity,1.57,measured,source_ingest,2017.0,
Mali,2017,renewables_share_elec,45.64,measured,source_ingest,2017.0,
Mali,2017,solar_electricity,0.03,measured,source_ingest,2017.0,
Mali,2017,wind_electricity,0.0,measured,source_ingest,2017.0,
Mali,2018,Access to Clean Fuels and Technologies for cooking (% of total population),1.0,measured,source_ingest,2018.0,
Mali,2018,Access to electricity (% of total population),50.9,measured,source_ingest,2018.0,
Mali,2018,Population growth (annual %),3.1254232369578,measured,source_ingest,2018.0,
Mali,2018,carbon_intensity_elec,404.43,measured,source_ingest,2018.0,
Mali,2018,electricity_demand (TWh),3.48,measured,source_ingest,2018.0,
Mali,2018,electricity_generation (TWh),3.61,measured,source_ingest,2018.0,
Mali,2018,energy_poverty_electricity (% of total population),49.1,derived,one_minus_access,2018.0,
Mali,2018,energy_poverty_electricity_rural (% of rural population),74.6,measured,source_ingest,2018.0,
Mali,2018,energy_poverty_electricity_urban (% of urban population),14.400000000000006,measured,source_ingest,2018.0,
Mali,2018,energy_poverty_multidimensional (% of total population),74.05,measured,source_ingest,2018.0,
Mali,2018,fossil_share_elec,59.834,measured,source_ingest,2018.0,
Mali,2018,gdp,27630093375.0,measured,source_ingest,2018.0,
Mali,2018,greenhouse_gas_emissions,1.46,measured,source_ingest,2018.0,
Mali,2018,hydro_electricity,1.36,measured,source_ingest,2018.0,
Mali,2018,low_carbon_share_elec,40.166,measured,source_ingest,2018.0,
Mali,2018,population,20442031.0,measured,source_ingest,2018.0,
Mali,2018,renewables_electricity,1.45,measured,source_ingest,2018.0,
Mali,2018,renewables_share_elec,40.166,measured,source_ingest,2018.0,
Mali,2018,solar_electricity,0.03,measured,source_ingest,2018.0,
Mali,2018,wind_electricity,0.0,measured,source_ingest,2018.0,
Mali,2019,Access to Clean Fuels and Technologies for cooking (% of total population),1.1,measured,source_ingest,2019.0,
Mali,2019,Access to electricity (% of total population),47.9,measured,source_ingest,2019.0,
Mali,2019,Population growth (annual %),3.01814494306617,measured,source_ingest,2019.0,
Mali,2019,carbon_intensity_elec,417.32,measured,source_ingest,2019.0,
Mali,2019,electricity_demand (TWh),3.86,measured,source_ingest,2019.0,
Mali,2019,electricity_generation (TWh),3.81,measured,source_ingest,2019.0,
Mali,2019,energy_poverty_electricity (% of total population),52.1,derived,one_minus_access,2019.0,
Mali,2019,energy_poverty_electricity_rural (% of rural population),84.8,measured,source_ingest,2019.0,
Mali,2019,energy_poverty_electricity_urban (% of urban population),9.099999999999994,measured,source_ingest,2019.0,
Mali,2019,energy_poverty_multidimensional (% of total population),75.5,measured,source_ingest,2019.0,
Mali,2019,fossil_share_elec,61.68,measured,source_ingest,2019.0,
Mali,2019,gdp,28946666484.0,measured,source_ingest,2019.0,
Mali,2019,greenhouse_gas_emissions,1.59,measured,source_ingest,2019.0,
Mali,2019,hydro_electricity,1.37,measured,source_ingest,2019.0,
Mali,2019,low_carbon_share_elec,38.32,measured,source_ingest,2019.0,
Mali,2019,population,21068405.0,measured,source_ingest,2019.0,
Mali,2019,renewables_electricity,1.46,measured,source_ingest,2019.0,
Mali,2019,renewables_share_elec,38.32,measured,source_ingest,2019.0,
Mali,2019,solar_electricity,0.03,measured,source_ingest,2019.0,
Mali,2019,wind_electricity,0.0,measured,source_ingest,2019.0,
Mali,2020,Access to Clean Fuels and Technologies for cooking (% of total population),1.2,measured,source_ingest,2020.0,
Mali,2020,Access to electricity (% of total population),50.6,measured,source_ingest,2020.0,
Mali,2020,Population growth (annual %),3.01751361469378,measured,source_ingest,2020.0,
Mali,2020,carbon_intensity_elec,401.02,measured,source_ingest,2020.0,
Mali,2020,electricity_demand (TWh),4.09,measured,source_ingest,2020.0,
Mali,2020,electricity_generation (TWh),3.94,measured,source_ingest,2020.0,
Mali,2020,energy_poverty_electricity (% of total population),49.4,derived,one_minus_access,2020.0,
Mali,2020,energy_poverty_electricity_rural (% of rural population),83.2,measured,source_ingest,2020.0,
Mali,2020,energy_poverty_electricity_urban (% of urban population),6.099999999999994,measured,source_ingest,2020.0,
Mali,2020,energy_poverty_multidimensional (% of total population),74.1,measured,source_ingest,2020.0,
Mali,2020,fossil_share_elec,59.137,measured,source_ingest,2020.0,
Mali,2020,gdp,28586570096.0,measured,source_ingest,2020.0,
Mali,2020,greenhouse_gas_emissions,1.58,measured,source_ingest,2020.0,
Mali,2020,hydro_electricity,1.44,measured,source_ingest,2020.0,
Mali,2020,low_carbon_share_elec,40.863,measured,source_ingest,2020.0,
Mali,2020,population,21713837.0,measured,source_ingest,2020.0,
Mali,2020,renewables_electricity,1.61,measured,source_ingest,2020.0,
Mali,2020,renewables_share_elec,40.863,measured,source_ingest,2020.0,
Mali,2020,solar_electricity,0.1,measured,source_ingest,2020.0,
Mali,2020,wind_electricity,0.0,measured,source_ingest,2020.0,
Mali,2021,Access to Clean Fuels and Technologies for cooking (% of total population),1.2,measured,source_ingest,2021.0,
Mali,2021,Access to electricity (% of total population),53.4,measured,source_ingest,2021.0,
Mali,2021,Population growth (annual %),3.06035796580474,measured,source_ingest,2021.0,
Mali,2021,carbon_intensity_elec,416.24,measured,source_ingest,2021.0,
Mali,2021,electricity_demand (TWh),4.1,measured,source_ingest,2021.0,
Mali,2021,electricity_generation (TWh),3.94,measured,source_ingest,2021.0,
Mali,2021,energy_poverty_electricity (% of total population),46.6,derived,one_minus_access,2021.0,
Mali,2021,energy_poverty_electricity_rural (% of rural population),81.7,measured,source_ingest,2021.0,
Mali,2021,energy_poverty_electricity_urban (% of urban population),3.0999999999999943,measured,source_ingest,2021.0,
Mali,2021,energy_poverty_multidimensional (% of total population),72.7,measured,source_ingest,2021.0,
Mali,2021,fossil_share_elec,60.914,measured,source_ingest,2021.0,
Mali,2021,gdp,29459890071.0,measured,source_ingest,2021.0,
Mali,2021,greenhouse_gas_emissions,1.64,measured,source_ingest,2021.0,
Mali,2021,hydro_electricity,1.33,measured,source_ingest,2021.0,
Mali,2021,low_carbon_share_elec,39.086,measured,source_ingest,2021.0,
Mali,2021,population,22388637.0,measured,source_ingest,2021.0,
Mali,2021,renewables_electricity,1.54,measured,source_ingest,2021.0,
Mali,2021,renewables_share_elec,39.086,measured,source_ingest,2021.0,
Mali,2021,solar_electricity,0.14,measured,source_ingest,2021.0,
Mali,2021,wind_electricity,0.0,measured,source_ingest,2021.0,
Mali,2022,Access to Clean Fuels and Technologies for cooking (% of total population),1.3,measured,source_ingest,2022.0,
Mali,2022,Access to electricity (% of total population),53.0,measured,source_ingest,2022.0,
Mali,2022,Population growth (annual %),3.00942592606239,measured,source_ingest,2022.0,
Mali,2022,carbon_intensity_elec,391.71,measured,source_ingest,2022.0,
Mali,2022,electricity_demand (TWh),4.61,measured,source_ingest,2022.0,
Mali,2022,electricity_generation (TWh),4.34,measured,source_ingest,2022.0,
Mali,2022,energy_poverty_electricity (% of total population),47.0,derived,one_minus_access,2022.0,
Mali,2022,energy_poverty_electricity_rural (% of rural population),80.3,measured,source_ingest,2022.0,
Mali,2022,energy_poverty_electricity_urban (% of urban population),0.29999999999999716,measured,source_ingest,2022.0,
Mali,2022,energy_poverty_multidimensional (% of total population),72.85,measured,source_ingest,2022.0,
Mali,2022,fossil_share_elec,57.143,measured,source_ingest,2022.0,
Mali,2022,gdp,30551085997.0,measured,source_ingest,2022.0,
Mali,2022,greenhouse_gas_emissions,1.7,measured,source_ingest,2022.0,
Mali,2022,hydro_electricity,1.64,measured,source_ingest,2022.0,
Mali,2022,low_carbon_share_elec,42.857,measured,source_ingest,2022.0,
Mali,2022,population,23072641.0,measured,source_ingest,2022.0,
Mali,2022,renewables_electricity,1.86,measured,source_ingest,2022.0,
Mali,2022,renewables_share_elec,42.857,measured,source_ingest,2022.0,
Mali,2022,solar_electricity,0.15,measured,source_ingest,2022.0,
Mali,2022,wind_electricity,0.0,measured,source_ingest,2022.0,
Mali,2023,Access to Clean Fuels and Technologies for cooking (% of total population),1.3,measured,source_ingest,2023.0,
Mali,2023,Access to electricity (% of total population),54.5,measured,source_ingest,2023.0,
Mali,2023,Population growth (annual %),2.97400537620334,measured,source_ingest,2023.0,
Mali,2023,carbon_intensity_elec,535.77,measured,source_ingest,2023.0,
Mali,2023,electricity_demand (TWh),5.29,measured,source_ingest,2023.0,
Mali,2023,electricity_generation (TWh),6.01,measured,source_ingest,2023.0,
Mali,2023,energy_poverty_electricity (% of total population),45.5,derived,one_minus_access,2023.0,
Mali,2023,energy_poverty_electricity_rural (% of rural population),77.3,measured,source_ingest,2023.0,
Mali,2023,energy_poverty_electricity_urban (% of urban population),8.5,measured,source_ingest,2023.0,
Mali,2023,energy_poverty_multidimensional (% of total population),72.1,measured,source_ingest,2023.0,
Mali,2023,fossil_share_elec,80.2,measured,source_ingest,2023.0,
Mali,2023,gdp,31493512168.860584,estimated,dampened_exponential_log_linear,2022.0,0.9279656087369841
Mali,2023,greenhouse_gas_emissions,3.22,measured,source_ingest,2023.0,
Mali,2023,hydro_electricity,0.97,measured,source_ingest,2023.0,
Mali,2023,low_carbon_share_elec,19.8,measured,source_ingest,2023.0,
Mali,2023,population,23769130.0,measured,source_ingest,2023.0,
Mali,2023,renewables_electricity,1.19,measured,source_ingest,2023.0,
Mali,2023,renewables_share_elec,19.8,measured,source_ingest,2023.0,
Mali,2023,solar_electricity,0.15,measured,source_ingest,2023.0,
Mali,2023,wind_electricity,0.0,measured,source_ingest,2023.0,
Mali,2024,Access to Clean Fuels and Technologies for cooking (% of total population),1.3678571428571473,estimated,linear_projection,2023.0,0.92681704260652
Mali,2024,Access to electricity (% of total population),49.5,measured,source_ingest,2024.0,
Mali,2024,Population growth (annual %),2.94115084753028,measured,source_ingest,2024.0,
Mali,2024,carbon_intensity_elec,538.59,measured,source_ingest,2024.0,
Mali,2024,electricity_demand (TWh),5.46,measured,source_ingest,2024.0,
Mali,2024,electricity_generation (TWh),5.96,measured,source_ingest,2024.0,
Mali,2024,energy_poverty_electricity (% of total population),50.5,derived,one_minus_access,2024.0,
Mali,2024,energy_poverty_electricity_rural (% of rural population),68.6,measured,source_ingest,2024.0,
Mali,2024,energy_poverty_electricity_urban (% of urban population),11.400000000000006,measured,source_ingest,2024.0,
Mali,2024,energy_poverty_multidimensional (% of total population),69.66785714285743,measured,source_ingest,2024.0,
Mali,2024,fossil_share_elec,80.537,measured,source_ingest,2024.0,
Mali,2024,gdp,32465009879.765476,estimated,dampened_exponential_log_linear,2022.0,0.9279656087369841
Mali,2024,greenhouse_gas_emissions,3.21,measured,source_ingest,2024.0,
Mali,2024,hydro_electricity,0.92,measured,source_ingest,2024.0,
Mali,2024,low_carbon_share_elec,19.463,measured,source_ingest,2024.0,
Mali,2024,population,24478597.0,measured,source_ingest,2024.0,
Mali,2024,renewables_electricity,1.16,measured,source_ingest,2024.0,
Mali,2024,renewables_share_elec,19.463,measured,source_ingest,2024.0,
Mali,2024,solar_electricity,0.17,measured,source_ingest,2024.0,
Mali,2024,wind_electricity,0.0,measured,source_ingest,2024.0,
Mali,2025,Access to Clean Fuels and Technologies for cooking (% of total population),1.4190476190476176,estimated,linear_projection,2023.0,0.92681704260652
Mali,2025,Access to electricity (% of total population),57.516368719371414,estimated,logistic_logit_linear,2024.0,0.5547348336103348
Mali,2025,Population growth (annual %),2.89981455024173,measured,source_ingest,2025.0,
Mali,2025,carbon_intensity_elec,565.9491462775131,estimated,dampened_exponential_log_linear,2024.0,0.7339120972137768
Mali,2025,electricity_demand (TWh),5.934652800290261,estimated,dampened_exponential_log_linear,2024.0,0.9665048004162619
Mali,2025,electricity_generation (TWh),6.455852818061987,estimated,dampened_exponential_log_linear,2024.0,0.8745652090141018
Mali,2025,energy_poverty_electricity (% of total population),42.483631280628586,estimated,one_minus_access,2024.0,
Mali,2025,energy_poverty_electricity_rural (% of rural population),71.67669172932301,estimated,linear_projection,2024.0,0.5105121710950314
Mali,2025,energy_poverty_electricity_urban (% of urban population),3.091666666666697,estimated,linear_projection,2024.0,0.3824095351294442
Mali,2025,energy_poverty_multidimensional (% of total population),68.38571428571458,measured,source_ingest,2025.0,
Mali,2025,fossil_share_elec,79.2132222222217,estimated,linear_projection,2024.0,0.7010200248112366
Mali,2025,gdp,32563792874.887177,estimated,dampened_exponential_log_linear,2022.0,0.9279656087369841
Mali,2025,greenhouse_gas_emissions,3.6536895572229056,estimated,dampened_exponential_log_linear,2024.0,0.8335675002739122
Mali,2025,hydro_electricity,0.8776959310014225,estimated,dampened_exponential_log_linear,2024.0,0.43163365689504674
Mali,2025,low_carbon_share_elec,20.786777777778298,estimated,linear_projection,2024.0,0.7010200248112366
Mali,2025,population,25198823.05884537,estimated,limit_year_population_growth_rate_exponential,2024.0,
Mali,2025,renewables_electricity,1.1315364271774697,estimated,dampened_exponential_log_linear,2024.0,0.21123497850838469
Mali,2025,renewables_share_elec,20.786777777778298,estimated,linear_projection,2024.0,0.7010200248112366
Mali,2025,solar_electricity,0.22390736505565162,estimated,dampened_exponential_log_linear,2024.0,0.8386197381731801
Mali,2025,wind_electricity,,missing,no_history,,
Mauritania,2016,Access to Clean Fuels and Technologies for cooking (% of total population),44.9,measured,source_ingest,2016.0,
Mauritania,2016,Access to electricity (% of total population),41.2,measured,source_ingest,2016.0,
Mauritania,2016,Population growth (annual %),2.99795842489143,measured,source_ingest,2016.0,
Mauritania,2016,carbon_intensity_elec,491.38,measured,source_ingest,2016.0,
Mauritania,2016,electricity_demand (TWh),1.38,measured,source_ingest,2016.0,
Mauritania,2016,electricity_generation (TWh),1.16,measured,source_ingest,2016.0,
Mauritania,2016,energy_poverty_electricity (% of total population),58.8,derived,one_minus_access,2016.0,
Mauritania,2016,energy_poverty_electricity_rural (% of rural population),,missing,no_history,,
Mauritania,2016,energy_poverty_electricity_urban (% of urban population),19.5,measured,source_ingest,2016.0,
Mauritania,2016,energy_poverty_multidimensional (% of total population),56.95,measured,source_ingest,2016.0,
Mauritania,2016,fossil_share_elec,75.0,measured,source_ingest,2016.0,
Mauritania,2016,gdp,12416318727.0,measured,source_ingest,2016.0,
Mauritania,2016,greenhouse_gas_emissions,0.57,measured,source_ingest,2016.0,
Mauritania,2016,hydro_electricity,0.13,measured,source_ingest,2016.0,
Mauritania,2016,low_carbon_share_elec,25.0,measured,source_ingest,2016.0,
Mauritania,2016,population,4086655.0,measured,source_ingest,2016.0,
Mauritania,2016,renewables_electricity,0.29,measured,source_ingest,2016.0,
Mauritania,2016,renewables_share_elec,25.0,measured,source_ingest,2016.0,
Mauritania,2016,solar_electricity,0.06,measured,source_ingest,2016.0,
Mauritania,2016,wind_electricity,0.1,measured,source_ingest,2016.0,
Mauritania,2017,Access to Clean Fuels and Technologies for cooking (% of total population),45.5,measured,source_ingest,2017.0,
Mauritania,2017,Access to electricity (% of total population),42.9,measured,source_ingest,2017.0,
Mauritania,2017,Population growth (annual %),2.98778789331469,measured,source_ingest,2017.0,
Mauritania,2017,carbon_intensity_elec,496.3,measured,source_ingest,2017.0,
Mauritania,2017,electricity_demand (TWh),1.54,measured,source_ingest,2017.0,
Mauritania,2017,electricity_generation (TWh),1.35,measured,source_ingest,2017.0,
Mauritania,2017,energy_poverty_electricity (% of total population),57.1,derived,one_minus_access,2017.0,
Mauritania,2017,energy_poverty_electricity_rural (% of rural population),,missing,no_history,,
Mauritania,2017,energy_poverty_electricity_urban (% of urban population),18.0,measured,source_ingest,2017.0,
Mauritania,2017,energy_poverty_multidimensional (% of total population),55.8,measured,source_ingest,2017.0,
Mauritania,2017,fossil_share_elec,75.556,measured,source_ingest,2017.0,
Mauritania,2017,gdp,13137043588.0,measured,source_ingest,2017.0,
Mauritania,2017,greenhouse_gas_emissions,0.67,measured,source_ingest,2017.0,
Mauritania,2017,hydro_electricity,0.17,measured,source_ingest,2017.0,
Mauritania,2017,low_carbon_share_elec,24.444,measured,source_ingest,2017.0,
Mauritania,2017,population,4210603.0,measured,source_ingest,2017.0,
Mauritania,2017,renewables_electricity,0.33,measured,source_ingest,2017.0,
Mauritania,2017,renewables_share_elec,24.444,measured,source_ingest,2017.0,
Mauritania,2017,solar_electricity,0.06,measured,source_ingest,2017.0,
Mauritania,2017,wind_electricity,0.1,measured,source_ingest,2017.0,
Mauritania,2018,Access to Clean Fuels and Technologies for cooking (% of total population),46.1,measured,source_ingest,2018.0,
Mauritania,2018,Access to electricity (% of total population),43.6,measured,source_ingest,2018.0,
Mauritania,2018,Population growth (annual %),2.97356403059489,measured,source_ingest,2018.0,
Mauritania,2018,carbon_intensity_elec,465.75,measured,source_ingest,2018.0,
Mauritania,2018,electricity_demand (TWh),1.66,measured,source_ingest,2018.0,
Mauritania,2018,electricity_generation (TWh),1.46,measured,source_ingest,2018.0,
Mauritania,2018,energy_poverty_electricity (% of total population),56.4,derived,one_minus_access,2018.0,
Mauritania,2018,energy_poverty_electricity_rural (% of rural population),,missing,no_history,,
Mauritania,2018,energy_poverty_electricity_urban (% of urban population),16.400000000000006,measured,source_ingest,2018.0,
Mauritania,2018,energy_poverty_multidimensional (% of total population),55.15,measured,source_ingest,2018.0,
Mauritania,2018,fossil_share_elec,69.863,measured,source_ingest,2018.0,
Mauritania,2018,gdp,13699199188.0,measured,source_ingest,2018.0,
Mauritania,2018,greenhouse_gas_emissions,0.68,measured,source_ingest,2018.0,
Mauritania,2018,hydro_electricity,0.19,measured,source_ingest,2018.0,
Mauritania,2018,low_carbon_share_elec,30.137,measured,source_ingest,2018.0,
Mauritania,2018,population,4337685.0,measured,source_ingest,2018.0,
Mauritania,2018,renewables_electricity,0.44,measured,source_ingest,2018.0,
Mauritania,2018,renewables_share_elec,30.137,measured,source_ingest,2018.0,
Mauritania,2018,solar_electricity,0.15,measured,source_ingest,2018.0,
Mauritania,2018,wind_electricity,0.1,measured,source_ingest,2018.0,
Mauritania,2019,Access to Clean Fuels and Technologies for cooking (% of total population),46.8,measured,source_ingest,2019.0,
Mauritania,2019,Access to electricity (% of total population),44.9,measured,source_ingest,2019.0,
Mauritania,2019,Population growth (annual %),2.95347297852629,measured,source_ingest,2019.0,
Mauritania,2019,carbon_intensity_elec,464.97,measured,source_ingest,2019.0,
Mauritania,2019,electricity_demand (TWh),1.77,measured,source_ingest,2019.0,
Mauritania,2019,electricity_generation (TWh),1.57,measured,source_ingest,2019.0,
Mauritania,2019,energy_poverty_electricity (% of total population),55.1,derived,one_minus_access,2019.0,
Mauritania,2019,energy_poverty_electricity_rural (% of rural population),,missing,no_history,,
Mauritania,2019,energy_poverty_electricity_urban (% of urban population),14.5,measured,source_ingest,2019.0,
Mauritania,2019,energy_poverty_multidimensional (% of total population),54.150000000000006,measured,source_ingest,2019.0,
Mauritania,2019,fossil_share_elec,70.064,measured,source_ingest,2019.0,
Mauritania,2019,gdp,14424796068.0,measured,source_ingest,2019.0,
Mauritania,2019,greenhouse_gas_emissions,0.73,measured,source_ingest,2019.0,
Mauritania,2019,hydro_electricity,0.2,measured,source_ingest,2019.0,
Mauritania,2019,low_carbon_share_elec,29.936,measured,source_ingest,2019.0,
Mauritania,2019,population,4467714.0,measured,source_ingest,2019.0,
Mauritania,2019,renewables_electricity,0.47,measured,source_ingest,2019.0,
Mauritania,2019,renewables_share_elec,29.936,measured,source_ingest,2019.0,
Mauritania,2019,solar_electricity,0.15,measured,source_ingest,2019.0,
Mauritania,2019,wind_electricity,0.12,measured,source_ingest,2019.0,
Mauritania,2020,Access to Clean Fuels and Technologies for cooking (% of total population),47.5,measured,source_ingest,2020.0,
Mauritania,2020,Access to electricity (% of total population),45.4,measured,source_ingest,2020.0,
Mauritania,2020,Population growth (annual %),2.92092559048913,measured,source_ingest,2020.0,
Mauritania,2020,carbon_intensity_elec,472.39,measured,source_ingest,2020.0,
Mauritania,2020,electricity_demand (TWh),1.85,measured,source_ingest,2020.0,
Mauritania,2020,electricity_generation (TWh),1.63,measured,source_ingest,2020.0,
Mauritania,2020,energy_poverty_electricity (% of total population),54.6,derived,one_minus_access,2020.0,
Mauritania,2020,energy_poverty_electricity_rural (% of rural population),,missing,no_history,,
Mauritania,2020,energy_poverty_electricity_urban (% of urban population),12.5,measured,source_ingest,2020.0,
Mauritania,2020,energy_poverty_multidimensional (% of total population),53.55,measured,source_ingest,2020.0,
Mauritania,2020,fossil_share_elec,71.166,measured,source_ingest,2020.0,
Mauritania,2020,gdp,14289417678.0,measured,source_ingest,2020.0,
Mauritania,2020,greenhouse_gas_emissions,0.77,measured,source_ingest,2020.0,
Mauritania,2020,hydro_electricity,0.21,measured,source_ingest,2020.0,
Mauritania,2020,low_carbon_share_elec,28.834,measured,source_ingest,2020.0,
Mauritania,2020,population,4600136.0,measured,source_ingest,2020.0,
Mauritania,2020,renewables_electricity,0.47,measured,source_ingest,2020.0,
Mauritania,2020,renewables_share_elec,28.834,measured,source_ingest,2020.0,
Mauritania,2020,solar_electricity,0.14,measured,source_ingest,2020.0,
Mauritania,2020,wind_electricity,0.12,measured,source_ingest,2020.0,
Mauritania,2021,Access to Clean Fuels and Technologies for cooking (% of total population),48.1,measured,source_ingest,2021.0,
Mauritania,2021,Access to electricity (% of total population),47.7,measured,source_ingest,2021.0,
Mauritania,2021,Population growth (annual %),2.88703345850902,measured,source_ingest,2021.0,
Mauritania,2021,carbon_intensity_elec,474.68,measured,source_ingest,2021.0,
Mauritania,2021,electricity_demand (TWh),1.77,measured,source_ingest,2021.0,
Mauritania,2021,electricity_generation (TWh),1.58,measured,source_ingest,2021.0,
Mauritania,2021,energy_poverty_electricity (% of total population),52.3,derived,one_minus_access,2021.0,
Mauritania,2021,energy_poverty_electricity_rural (% of rural population),,missing,no_history,,
Mauritania,2021,energy_poverty_electricity_urban (% of urban population),10.299999999999997,measured,source_ingest,2021.0,
Mauritania,2021,energy_poverty_multidimensional (% of total population),52.1,measured,source_ingest,2021.0,
Mauritania,2021,fossil_share_elec,71.519,measured,source_ingest,2021.0,
Mauritania,2021,gdp,14638845766.0,measured,source_ingest,2021.0,
Mauritania,2021,greenhouse_gas_emissions,0.75,measured,source_ingest,2021.0,
Mauritania,2021,hydro_electricity,0.21,measured,source_ingest,2021.0,
Mauritania,2021,low_carbon_share_elec,28.481,measured,source_ingest,2021.0,
Mauritania,2021,population,4734874.0,measured,source_ingest,2021.0,
Mauritania,2021,renewables_electricity,0.45,measured,source_ingest,2021.0,
Mauritania,2021,renewables_share_elec,28.481,measured,source_ingest,2021.0,
Mauritania,2021,solar_electricity,0.14,measured,source_ingest,2021.0,
Mauritania,2021,wind_electricity,0.1,measured,source_ingest,2021.0,
Mauritania,2022,Access to Clean Fuels and Technologies for cooking (% of total population),48.9,measured,source_ingest,2022.0,
Mauritania,2022,Access to electricity (% of total population),49.0,measured,source_ingest,2022.0,
Mauritania,2022,Population growth (annual %),2.92956466448208,measured,source_ingest,2022.0,
Mauritania,2022,carbon_intensity_elec,481.71,measured,source_ingest,2022.0,
Mauritania,2022,electricity_demand (TWh),2.02,measured,source_ingest,2022.0,
Mauritania,2022,electricity_generation (TWh),1.64,measured,source_ingest,2022.0,
Mauritania,2022,energy_poverty_electricity (% of total population),51.0,derived,one_minus_access,2022.0,
Mauritania,2022,energy_poverty_electricity_rural (% of rural population),,missing,no_history,,
Mauritania,2022,energy_poverty_electricity_urban (% of urban population),8.400000000000006,measured,source_ingest,2022.0,
Mauritania,2022,energy_poverty_multidimensional (% of total population),51.05,measured,source_ingest,2022.0,
Mauritania,2022,fossil_share_elec,72.561,measured,source_ingest,2022.0,
Mauritania,2022,gdp,15674544913.0,measured,source_ingest,2022.0,
Mauritania,2022,greenhouse_gas_emissions,0.79,measured,source_ingest,2022.0,
Mauritania,2022,hydro_electricity,0.21,measured,source_ingest,2022.0,
Mauritania,2022,low_carbon_share_elec,27.439,measured,source_ingest,2022.0,
Mauritania,2022,population,4875644.0,measured,source_ingest,2022.0,
Mauritania,2022,renewables_electricity,0.45,measured,source_ingest,2022.0,
Mauritania,2022,renewables_share_elec,27.439,measured,source_ingest,2022.0,
Mauritania,2022,solar_electricity,0.14,measured,source_ingest,2022.0,
Mauritania,2022,wind_electricity,0.1,measured,source_ingest,2022.0,
Mauritania,2023,Access to Clean Fuels and Technologies for cooking (% of total population),49.4,measured,source_ingest,2023.0,
Mauritania,2023,Access to electricity (% of total population),50.3,measured,source_ingest,2023.0,
Mauritania,2023,Population growth (annual %),2.96653079197429,measured,source_ingest,2023.0,
Mauritania,2023,carbon_intensity_elec,521.53,measured,source_ingest,2023.0,
Mauritania,2023,electricity_demand (TWh),2.35,measured,source_ingest,2023.0,
Mauritania,2023,electricity_generation (TWh),2.09,measured,source_ingest,2023.0,
Mauritania,2023,energy_poverty_electricity (% of total population),49.7,derived,one_minus_access,2023.0,
Mauritania,2023,energy_poverty_electricity_rural (% of rural population),,missing,no_history,,
Mauritania,2023,energy_poverty_electricity_urban (% of urban population),6.5,measured,source_ingest,2023.0,
Mauritania,2023,energy_poverty_multidimensional (% of total population),50.150000000000006,measured,source_ingest,2023.0,
Mauritania,2023,fossil_share_elec,78.469,measured,source_ingest,2023.0,
Mauritania,2023,gdp,16219971380.247137,estimated,dampened_exponential_log_linear,2022.0,0.9360692000444205
Mauritania,2023,greenhouse_gas_emissions,1.09,measured,source_ingest,2023.0,
Mauritania,2023,hydro_electricity,0.21,measured,source_ingest,2023.0,
Mauritania,2023,low_carbon_share_elec,21.531,measured,source_ingest,2023.0,
Mauritania,2023,population,5022442.0,measured,source_ingest,2023.0,
Mauritania,2023,renewables_electricity,0.45,measured,source_ingest,2023.0,
Mauritania,2023,renewables_share_elec,21.531,measured,source_ingest,2023.0,
Mauritania,2023,solar_electricity,0.14,measured,source_ingest,2023.0,
Mauritania,2023,wind_electricity,0.1,measured,source_ingest,2023.0,
Mauritania,2024,Access to Clean Fuels and Technologies for cooking (% of total population),50.10714285714312,estimated,linear_projection,2023.0,0.9987413467589693
Mauritania,2024,Access to electricity (% of total population),52.2,measured,source_ingest,2024.0,
Mauritania,2024,Population growth (annual %),2.88395898961435,measured,source_ingest,2024.0,
Mauritania,2024,carbon_intensity_elec,512.08,measured,source_ingest,2024.0,
Mauritania,2024,electricity_demand (TWh),2.37,measured,source_ingest,2024.0,
Mauritania,2024,electricity_generation (TWh),2.07,measured,source_ingest,2024.0,
Mauritania,2024,energy_poverty_electricity (% of total population),47.8,derived,one_minus_access,2024.0,
Mauritania,2024,energy_poverty_electricity_rural (% of rural population),,missing,no_history,,
Mauritania,2024,energy_poverty_electricity_urban (% of urban population),5.799999999999997,measured,source_ingest,2024.0,
Mauritania,2024,energy_poverty_multidimensional (% of total population),49.26785714285711,measured,source_ingest,2024.0,
Mauritania,2024,fossil_share_elec,77.295,measured,source_ingest,2024.0,
Mauritania,2024,gdp,16784377028.888367,estimated,dampened_exponential_log_linear,2022.0,0.9360692000444205
Mauritania,2024,greenhouse_gas_emissions,1.06,measured,source_ingest,2024.0,
Mauritania,2024,hydro_electricity,0.21,measured,source_ingest,2024.0,
Mauritania,2024,low_carbon_share_elec,22.705,measured,source_ingest,2024.0,
Mauritania,2024,population,5169403.0,measured,source_ingest,2024.0,
Mauritania,2024,renewables_electricity,0.47,measured,source_ingest,2024.0,
Mauritania,2024,renewables_share_elec,22.705,measured,source_ingest,2024.0,
Mauritania,2024,solar_electricity,0.16,measured,source_ingest,2024.0,
Mauritania,2024,wind_electricity,0.1,measured,source_ingest,2024.0,
Mauritania,2025,Access to Clean Fuels and Technologies for cooking (% of total population),50.76428571428596,estimated,linear_projection,2023.0,0.9987413467589693
Mauritania,2025,Access to electricity (% of total population),53.02942278414225,estimated,logistic_logit_linear,2024.0,0.9864022066758128
Mauritania,2025,Population growth (annual %),2.77895808619534,measured,source_ingest,2025.0,
Mauritania,2025,carbon_intensity_elec,515.5213005534692,estimated,dampened_exponential_log_linear,2024.0,0.19974638886282647
Mauritania,2025,electricity_demand (TWh),2.5259520169940877,estimated,dampened_exponential_log_linear,2024.0,0.9356405690068286
Mauritania,2025,electricity_generation (TWh),2.207788424889492,estimated,dampened_exponential_log_linear,2024.0,0.8911700199355964
Mauritania,2025,energy_poverty_electricity (% of total population),46.97057721585775,estimated,one_minus_access,2024.0,
Mauritania,2025,energy_poverty_electricity_rural (% of rural population),,missing,no_history,,
Mauritania,2025,energy_poverty_electricity_urban (% of urban population),3.308333333333394,estimated,linear_projection,2024.0,0.9944143113057341
Mauritania,2025,energy_poverty_multidimensional (% of total population),48.30238095238087,measured,source_ingest,2025.0,
Mauritania,2025,fossil_share_elec,75.56338888888888,estimated,linear_projection,2024.0,0.1264677555791872
Mauritania,2025,gdp,16841886678.332968,estimated,dampened_exponential_log_linear,2022.0,0.9360692000444205
Mauritania,2025,greenhouse_gas_emissions,1.1381559243774835,estimated,dampened_exponential_log_linear,2024.0,0.8623305675154451
Mauritania,2025,hydro_electricity,0.22003658077346266,estimated,dampened_exponential_log_linear,2024.0,0.6266705604484883
Mauritania,2025,low_carbon_share_elec,24.43661111111112,estimated,linear_projection,2024.0,0.12646775557918033
Mauritania,2025,population,5315073.225434505,estimated,limit_year_population_growth_rate_exponential,2024.0,
Mauritania,2025,renewables_electricity,0.49297324488683897,estimated,dampened_exponential_log_linear,2024.0,0.5472638767467222
Mauritania,2025,renewables_share_elec,24.43661111111112,estimated,linear_projection,2024.0,0.12646775557918033
Mauritania,2025,solar_electricity,0.1775900282154631,estimated,dampened_exponential_log_linear,2024.0,0.5271994312117414
Mauritania,2025,wind_electricity,0.09969659195403446,estimated,dampened_exponential_log_linear,2024.0,0.01071428571428612
Mauritius,2016,Access to Clean Fuels and Technologies for cooking (% of total population),98.6,measured,source_ingest,2016.0,
Mauritius,2016,Access to electricity (% of total population),99.7,measured,source_ingest,2016.0,
Mauritius,2016,Population growth (annual %),0.0687082325715694,measured,source_ingest,2016.0,
Mauritius,2016,carbon_intensity_elec,632.79,measured,source_ingest,2016.0,
Mauritius,2016,electricity_demand (TWh),3.05,measured,source_ingest,2016.0,
Mauritius,2016,electricity_generation (TWh),3.05,measured,source_ingest,2016.0,
Mauritius,2016,energy_poverty_electricity (% of total population),0.29999999999999716,derived,one_minus_access,2016.0,
Mauritius,2016,energy_poverty_electricity_rural (% of rural population),0.20000000000000284,measured,source_ingest,2016.0,
Mauritius,2016,energy_poverty_electricity_urban (% of urban population),0.4000000000000057,measured,source_ingest,2016.0,
Mauritius,2016,energy_poverty_multidimensional (% of total population),0.8499999999999943,measured,source_ingest,2016.0,
Mauritius,2016,fossil_share_elec,78.033,measured,source_ingest,2016.0,
Mauritius,2016,gdp,25347373765.0,measured,source_ingest,2016.0,
Mauritius,2016,greenhouse_gas_emissions,1.93,measured,source_ingest,2016.0,
Mauritius,2016,hydro_electricity,0.1,measured,source_ingest,2016.0,
Mauritius,2016,low_carbon_share_elec,21.967,measured,source_ingest,2016.0,
Mauritius,2016,population,1291807.0,measured,source_ingest,2016.0,
Mauritius,2016,renewables_electricity,0.67,measured,source_ingest,2016.0,
Mauritius,2016,renewables_share_elec,21.967,measured,source_ingest,2016.0,
Mauritius,2016,solar_electricity,0.03,measured,source_ingest,2016.0,
Mauritius,2016,wind_electricity,0.02,measured,source_ingest,2016.0,
Mauritius,2017,Access to Clean Fuels and Technologies for cooking (% of total population),98.7,measured,source_ingest,2017.0,
Mauritius,2017,Access to electricity (% of total population),99.6,measured,source_ingest,2017.0,
Mauritius,2017,Population growth (annual %),0.0901672663767558,measured,source_ingest,2017.0,
Mauritius,2017,carbon_intensity_elec,643.09,measured,source_ingest,2017.0,
Mauritius,2017,electricity_demand (TWh),3.11,measured,source_ingest,2017.0,
Mauritius,2017,electricity_generation (TWh),3.11,measured,source_ingest,2017.0,
Mauritius,2017,energy_poverty_electricity (% of total population),0.4000000000000057,derived,one_minus_access,2017.0,
Mauritius,2017,energy_poverty_electricity_rural (% of rural population),0.4000000000000057,measured,source_ingest,2017.0,
Mauritius,2017,energy_poverty_electricity_urban (% of urban population),0.4000000000000057,measured,source_ingest,2017.0,
Mauritius,2017,energy_poverty_multidimensional (% of total population),0.8499999999999943,measured,source_ingest,2017.0,
Mauritius,2017,fossil_share_elec,80.064,measured,source_ingest,2017.0,
Mauritius,2017,gdp,26345551590.0,measured,source_ingest,2017.0,
Mauritius,2017,greenhouse_gas_emissions,2.0,measured,source_ingest,2017.0,
Mauritius,2017,hydro_electricity,0.09,measured,source_ingest,2017.0,
Mauritius,2017,low_carbon_share_elec,19.936,measured,source_ingest,2017.0,
Mauritius,2017,population,1290654.0,measured,source_ingest,2017.0,
Mauritius,2017,renewables_electricity,0.62,measured,source_ingest,2017.0,
Mauritius,2017,renewables_share_elec,19.936,measured,source_ingest,2017.0,
Mauritius,2017,solar_electricity,0.04,measured,source_ingest,2017.0,
Mauritius,2017,wind_electricity,0.01,measured,source_ingest,2017.0,
Mauritius,2018,Access to Clean Fuels and Technologies for cooking (% of total population),98.8,measured,source_ingest,2018.0,
Mauritius,2018,Access to electricity (% of total population),99.8,measured,source_ingest,2018.0,
Mauritius,2018,Population growth (annual %),0.0545354541381391,measured,source_ingest,2018.0,
Mauritius,2018,carbon_intensity_elec,634.62,measured,source_ingest,2018.0,
Mauritius,2018,electricity_demand (TWh),3.12,measured,source_ingest,2018.0,
Mauritius,2018,electricity_generation (TWh),3.12,measured,source_ingest,2018.0,
Mauritius,2018,energy_poverty_electricity (% of total population),0.20000000000000284,derived,one_minus_access,2018.0,
Mauritius,2018,energy_poverty_electricity_rural (% of rural population),0.0,measured,source_ingest,2018.0,
Mauritius,2018,energy_poverty_electricity_urban (% of urban population),0.5,measured,source_ingest,2018.0,
Mauritius,2018,energy_poverty_multidimensional (% of total population),0.7000000000000028,measured,source_ingest,2018.0,
Mauritius,2018,fossil_share_elec,79.487,measured,source_ingest,2018.0,
Mauritius,2018,gdp,27401224769.0,measured,source_ingest,2018.0,
Mauritius,2018,greenhouse_gas_emissions,1.98,measured,source_ingest,2018.0,
Mauritius,2018,hydro_electricity,0.12,measured,source_ingest,2018.0,
Mauritius,2018,low_carbon_share_elec,20.513,measured,source_ingest,2018.0,
Mauritius,2018,population,1288836.0,measured,source_ingest,2018.0,
Mauritius,2018,renewables_electricity,0.64,measured,source_ingest,2018.0,
Mauritius,2018,renewables_share_elec,20.513,measured,source_ingest,2018.0,
Mauritius,2018,solar_electricity,0.05,measured,source_ingest,2018.0,
Mauritius,2018,wind_electricity,0.01,measured,source_ingest,2018.0,
Mauritius,2019,Access to Clean Fuels and Technologies for cooking (% of total population),98.9,measured,source_ingest,2019.0,
Mauritius,2019,Access to electricity (% of total population),100.0,measured,source_ingest,2019.0,
Mauritius,2019,Population growth (annual %),0.0322330642925213,measured,source_ingest,2019.0,
Mauritius,2019,carbon_intensity_elec,619.2,measured,source_ingest,2019.0,
Mauritius,2019,electricity_demand (TWh),3.23,measured,source_ingest,2019.0,
Mauritius,2019,electricity_generation (TWh),3.23,measured,source_ingest,2019.0,
Mauritius,2019,energy_poverty_electricity (% of total population),0.0,derived,one_minus_access,2019.0,
Mauritius,2019,energy_poverty_electricity_rural (% of rural population),0.0,measured,source_ingest,2019.0,
Mauritius,2019,energy_poverty_electricity_urban (% of urban population),0.0,measured,source_ingest,2019.0,
Mauritius,2019,energy_poverty_multidimensional (% of total population),0.5499999999999972,measured,source_ingest,2019.0,
Mauritius,2019,fossil_share_elec,78.328,measured,source_ingest,2019.0,
Mauritius,2019,gdp,28193387492.0,measured,source_ingest,2019.0,
Mauritius,2019,greenhouse_gas_emissions,2.0,measured,source_ingest,2019.0,
Mauritius,2019,hydro_electricity,0.1,measured,source_ingest,2019.0,
Mauritius,2019,low_carbon_share_elec,21.672,measured,source_ingest,2019.0,
Mauritius,2019,population,1286269.0,measured,source_ingest,2019.0,
Mauritius,2019,renewables_electricity,0.7,measured,source_ingest,2019.0,
Mauritius,2019,renewables_share_elec,21.672,measured,source_ingest,2019.0,
Mauritius,2019,solar_electricity,0.13,measured,source_ingest,2019.0,
Mauritius,2019,wind_electricity,0.01,measured,source_ingest,2019.0,
Mauritius,2020,Access to Clean Fuels and Technologies for cooking (% of total population),99.0,measured,source_ingest,2020.0,
Mauritius,2020,Access to electricity (% of total population),99.5,measured,source_ingest,2020.0,
Mauritius,2020,Population growth (annual %),0.0022906802096937,measured,source_ingest,2020.0,
Mauritius,2020,carbon_intensity_elec,613.79,measured,source_ingest,2020.0,
Mauritius,2020,electricity_demand (TWh),2.9,measured,source_ingest,2020.0,
Mauritius,2020,electricity_generation (TWh),2.9,measured,source_ingest,2020.0,
Mauritius,2020,energy_poverty_electricity (% of total population),0.5,derived,one_minus_access,2020.0,
Mauritius,2020,energy_poverty_electricity_rural (% of rural population),0.5,measured,source_ingest,2020.0,
Mauritius,2020,energy_poverty_electricity_urban (% of urban population),0.5999999999999943,measured,source_ingest,2020.0,
Mauritius,2020,energy_poverty_multidimensional (% of total population),0.75,measured,source_ingest,2020.0,
Mauritius,2020,fossil_share_elec,75.862,measured,source_ingest,2020.0,
Mauritius,2020,gdp,24077716198.0,measured,source_ingest,2020.0,
Mauritius,2020,greenhouse_gas_emissions,1.78,measured,source_ingest,2020.0,
Mauritius,2020,hydro_electricity,0.12,measured,source_ingest,2020.0,
Mauritius,2020,low_carbon_share_elec,24.138,measured,source_ingest,2020.0,
Mauritius,2020,population,1283231.0,measured,source_ingest,2020.0,
Mauritius,2020,renewables_electricity,0.7,measured,source_ingest,2020.0,
Mauritius,2020,renewables_share_elec,24.138,measured,source_ingest,2020.0,
Mauritius,2020,solar_electricity,0.15,measured,source_ingest,2020.0,
Mauritius,2020,wind_electricity,0.02,measured,source_ingest,2020.0,
Mauritius,2021,Access to Clean Fuels and Technologies for cooking (% of total population),99.0,measured,source_ingest,2021.0,
Mauritius,2021,Access to electricity (% of total population),99.6,measured,source_ingest,2021.0,
Mauritius,2021,Population growth (annual %),0.0252729878913446,measured,source_ingest,2021.0,
Mauritius,2021,carbon_intensity_elec,628.76,measured,source_ingest,2021.0,
Mauritius,2021,electricity_demand (TWh),2.99,measured,source_ingest,2021.0,
Mauritius,2021,electricity_generation (TWh),2.99,measured,source_ingest,2021.0,
Mauritius,2021,energy_poverty_electricity (% of total population),0.4000000000000057,derived,one_minus_access,2021.0,
Mauritius,2021,energy_poverty_electricity_rural (% of rural population),0.20000000000000284,measured,source_ingest,2021.0,
Mauritius,2021,energy_poverty_electricity_urban (% of urban population),0.7000000000000028,measured,source_ingest,2021.0,
Mauritius,2021,energy_poverty_multidimensional (% of total population),0.7000000000000028,measured,source_ingest,2021.0,
Mauritius,2021,fossil_share_elec,78.595,measured,source_ingest,2021.0,
Mauritius,2021,gdp,24920195118.0,measured,source_ingest,2021.0,
Mauritius,2021,greenhouse_gas_emissions,1.88,measured,source_ingest,2021.0,
Mauritius,2021,hydro_electricity,0.11,measured,source_ingest,2021.0,
Mauritius,2021,low_carbon_share_elec,21.405,measured,source_ingest,2021.0,
Mauritius,2021,population,1279628.0,measured,source_ingest,2021.0,
Mauritius,2021,renewables_electricity,0.64,measured,source_ingest,2021.0,
Mauritius,2021,renewables_share_elec,21.405,measured,source_ingest,2021.0,
Mauritius,2021,solar_electricity,0.15,measured,source_ingest,2021.0,
Mauritius,2021,wind_electricity,0.01,measured,source_ingest,2021.0,
Mauritius,2022,Access to Clean Fuels and Technologies for cooking (% of total population),99.1,measured,source_ingest,2022.0,
Mauritius,2022,Access to electricity (% of total population),100.0,measured,source_ingest,2022.0,
Mauritius,2022,Population growth (annual %),-0.301401216835277,measured,source_ingest,2022.0,
Mauritius,2022,carbon_intensity_elec,615.39,measured,source_ingest,2022.0,
Mauritius,2022,electricity_demand (TWh),3.12,measured,source_ingest,2022.0,
Mauritius,2022,electricity_generation (TWh),3.12,measured,source_ingest,2022.0,
Mauritius,2022,energy_poverty_electricity (% of total population),0.0,derived,one_minus_access,2022.0,
Mauritius,2022,energy_poverty_electricity_rural (% of rural population),0.0,measured,source_ingest,2022.0,
Mauritius,2022,energy_poverty_electricity_urban (% of urban population),1.0,measured,source_ingest,2022.0,
Mauritius,2022,energy_poverty_multidimensional (% of total population),0.4500000000000028,measured,source_ingest,2022.0,
Mauritius,2022,fossil_share_elec,80.449,measured,source_ingest,2022.0,
Mauritius,2022,gdp,26988574640.0,measured,source_ingest,2022.0,
Mauritius,2022,greenhouse_gas_emissions,1.92,measured,source_ingest,2022.0,
Mauritius,2022,hydro_electricity,0.13,measured,source_ingest,2022.0,
Mauritius,2022,low_carbon_share_elec,19.551,measured,source_ingest,2022.0,
Mauritius,2022,population,1276134.0,measured,source_ingest,2022.0,
Mauritius,2022,renewables_electricity,0.61,measured,source_ingest,2022.0,
Mauritius,2022,renewables_share_elec,19.551,measured,source_ingest,2022.0,
Mauritius,2022,solar_electricity,0.16,measured,source_ingest,2022.0,
Mauritius,2022,wind_electricity,0.02,measured,source_ingest,2022.0,
Mauritius,2023,Access to Clean Fuels and Technologies for cooking (% of total population),99.1,measured,source_ingest,2023.0,
Mauritius,2023,Access to electricity (% of total population),100.0,measured,source_ingest,2023.0,
Mauritius,2023,Population growth (annual %),-1.1051534726941,measured,source_ingest,2023.0,
Mauritius,2023,carbon_intensity_elec,633.03,measured,source_ingest,2023.0,
Mauritius,2023,electricity_demand (TWh),3.27,measured,source_ingest,2023.0,
Mauritius,2023,electricity_generation (TWh),3.27,measured,source_ingest,2023.0,
Mauritius,2023,energy_poverty_electricity (% of total population),0.0,derived,one_minus_access,2023.0,
Mauritius,2023,energy_poverty_electricity_rural (% of rural population),0.0,measured,source_ingest,2023.0,
Mauritius,2023,energy_poverty_electricity_urban (% of urban population),0.0,measured,source_ingest,2023.0,
Mauritius,2023,energy_poverty_multidimensional (% of total population),0.4500000000000028,measured,source_ingest,2023.0,
Mauritius,2023,fossil_share_elec,82.569,measured,source_ingest,2023.0,
Mauritius,2023,gdp,26938184619.975048,estimated,dampened_exponential_log_linear,2022.0,0.0051453286060451076
Mauritius,2023,greenhouse_gas_emissions,2.07,measured,source_ingest,2023.0,
Mauritius,2023,hydro_electricity,0.09,measured,source_ingest,2023.0,
Mauritius,2023,low_carbon_share_elec,17.431,measured,source_ingest,2023.0,
Mauritius,2023,population,1273591.0,measured,source_ingest,2023.0,
Mauritius,2023,renewables_electricity,0.57,measured,source_ingest,2023.0,
Mauritius,2023,renewables_share_elec,17.431,measured,source_ingest,2023.0,
Mauritius,2023,solar_electricity,0.15,measured,source_ingest,2023.0,
Mauritius,2023,wind_electricity,0.01,measured,source_ingest,2023.0,
Mauritius,2024,Access to Clean Fuels and Technologies for cooking (% of total population),99.23214285714286,estimated,linear_projection,2023.0,0.9533730158730082
Mauritius,2024,Access to electricity (% of total population),100.0,measured,source_ingest,2024.0,
Mauritius,2024,Population growth (annual %),-0.2299528038748,measured,source_ingest,2024.0,
Mauritius,2024,carbon_intensity_elec,642.23,measured,source_ingest,2024.0,
Mauritius,2024,electricity_demand (TWh),3.41,measured,source_ingest,2024.0,
Mauritius,2024,electricity_generation (TWh),3.41,measured,source_ingest,2024.0,
Mauritius,2024,energy_poverty_electricity (% of total population),0.0,derived,one_minus_access,2024.0,
Mauritius,2024,energy_poverty_electricity_rural (% of rural population),0.0,measured,source_ingest,2024.0,
Mauritius,2024,energy_poverty_electricity_urban (% of urban population),0.0,measured,source_ingest,2024.0,
Mauritius,2024,energy_poverty_multidimensional (% of total population),0.4160714285714277,measured,source_ingest,2024.0,
Mauritius,2024,fossil_share_elec,82.111,measured,source_ingest,2024.0,
Mauritius,2024,gdp,26887888682.507324,estimated,dampened_exponential_log_linear,2022.0,0.0051453286060451076
Mauritius,2024,greenhouse_gas_emissions,2.19,measured,source_ingest,2024.0,
Mauritius,2024,hydro_electricity,0.11,measured,source_ingest,2024.0,
Mauritius,2024,low_carbon_share_elec,17.889,measured,source_ingest,2024.0,
Mauritius,2024,population,1271171.0,measured,source_ingest,2024.0,
Mauritius,2024,renewables_electricity,0.61,measured,source_ingest,2024.0,
Mauritius,2024,renewables_share_elec,17.889,measured,source_ingest,2024.0,
Mauritius,2024,solar_electricity,0.17,measured,source_ingest,2024.0,
Mauritius,2024,wind_electricity,0.01,measured,source_ingest,2024.0,
Mauritius,2025,Access to Clean Fuels and Technologies for cooking (% of total population),99.30595238095239,estimated,linear_projection,2023.0,0.9533730158730082
Mauritius,2025,Access to electricity (% of total population),99.99999972910247,estimated,logistic_logit_linear,2024.0,0.466921523315755
Mauritius,2025,Population growth (annual %),-0.163726377394902,measured,source_ingest,2025.0,
Mauritius,2025,carbon_intensity_elec,641.8630903092325,estimated,dampened_exponential_log_linear,2024.0,0.008150435222058938
Mauritius,2025,electricity_demand (TWh),3.439657451744592,estimated,dampened_exponential_log_linear,2024.0,0.23811419612090712
Mauritius,2025,electricity_generation (TWh),3.439657451744592,estimated,dampened_exponential_log_linear,2024.0,0.23811419612090712
Mauritius,2025,energy_poverty_electricity (% of total population),2.708975301857208e-07,estimated,one_minus_access,2024.0,
Mauritius,2025,energy_poverty_electricity_rural (% of rural population),0.0,estimated,linear_projection,2024.0,0.1786764705882371
Mauritius,2025,energy_poverty_electricity_urban (% of urban population),0.30833333333333,estimated,linear_projection,2024.0,0.02057823129251568
Mauritius,2025,energy_poverty_multidimensional (% of total population),0.3613095238095241,measured,source_ingest,2025.0,
Mauritius,2025,fossil_share_elec,81.66794444444452,estimated,linear_projection,2024.0,0.3220314553887128
Mauritius,2025,gdp,26882864256.53544,estimated,dampened_exponential_log_linear,2022.0,0.0051453286060451076
Mauritius,2025,greenhouse_gas_emissions,2.207785711029396,estimated,dampened_exponential_log_linear,2024.0,0.1417380919247636
Mauritius,2025,hydro_electricity,0.11117338070735389,estimated,dampened_exponential_log_linear,2024.0,0.050126550865411734
Mauritius,2025,low_carbon_share_elec,18.332055555555485,estimated,linear_projection,2024.0,0.3220314553887038
Mauritius,2025,population,1269091.4606129979,estimated,limit_year_population_growth_rate_exponential,2024.0,
Mauritius,2025,renewables_electricity,0.6017886923716971,estimated,dampened_exponential_log_linear,2024.0,0.29659953498808955
Mauritius,2025,renewables_share_elec,18.332055555555485,estimated,linear_projection,2024.0,0.3220314553887038
Mauritius,2025,solar_electricity,0.21244497361326675,estimated,dampened_exponential_log_linear,2024.0,0.7799269880048763
Mauritius,2025,wind_electricity,0.00977159968434246,estimated,dampened_exponential_log_linear,2024.0,0.03333333333333255
Morocco,2016,Access to Clean Fuels and Technologies for cooking (% of total population),98.0,measured,source_ingest,2016.0,
Morocco,2016,Access to electricity (% of total population),97.8,measured,source_ingest,2016.0,
Morocco,2016,Population growth (annual %),1.19450726277516,measured,source_ingest,2016.0,
Morocco,2016,carbon_intensity_elec,633.63,measured,source_ingest,2016.0,
Morocco,2016,electricity_demand (TWh),36.02,measured,source_ingest,2016.0,
Morocco,2016,electricity_generation (TWh),30.87,measured,source_ingest,2016.0,
Morocco,2016,energy_poverty_electricity (% of total population),2.200000000000003,derived,one_minus_access,2016.0,
Morocco,2016,energy_poverty_electricity_rural (% of rural population),4.599999999999994,measured,source_ingest,2016.0,
Morocco,2016,energy_poverty_electricity_urban (% of urban population),0.7000000000000028,measured,source_ingest,2016.0,
Morocco,2016,energy_poverty_multidimensional (% of total population),2.0999999999999943,measured,source_ingest,2016.0,
Morocco,2016,fossil_share_elec,83.511,measured,source_ingest,2016.0,
Morocco,2016,gdp,276121131010.0,measured,source_ingest,2016.0,
Morocco,2016,greenhouse_gas_emissions,19.56,measured,source_ingest,2016.0,
Morocco,2016,hydro_electricity,1.66,measured,source_ingest,2016.0,
Morocco,2016,low_carbon_share_elec,16.489,measured,source_ingest,2016.0,
Morocco,2016,population,35023459.0,measured,source_ingest,2016.0,
Morocco,2016,renewables_electricity,5.09,measured,source_ingest,2016.0,
Morocco,2016,renewables_share_elec,16.489,measured,source_ingest,2016.0,
Morocco,2016,solar_electricity,0.4,measured,source_ingest,2016.0,
Morocco,2016,wind_electricity,3.02,measured,source_ingest,2016.0,
Morocco,2017,Access to Clean Fuels and Technologies for cooking (% of total population),98.0,measured,source_ingest,2017.0,
Morocco,2017,Access to electricity (% of total population),100.0,measured,source_ingest,2017.0,
Morocco,2017,Population growth (annual %),1.20034336418867,measured,source_ingest,2017.0,
Morocco,2017,carbon_intensity_elec,637.45,measured,source_ingest,2017.0,
Morocco,2017,electricity_demand (TWh),37.84,measured,source_ingest,2017.0,
Morocco,2017,electricity_generation (TWh),31.94,measured,source_ingest,2017.0,
Morocco,2017,energy_poverty_electricity (% of total population),0.0,derived,one_minus_access,2017.0,
Morocco,2017,energy_poverty_electricity_rural (% of rural population),0.0,measured,source_ingest,2017.0,
Morocco,2017,energy_poverty_electricity_urban (% of urban population),0.0,measured,source_ingest,2017.0,
Morocco,2017,energy_poverty_multidimensional (% of total population),1.0,measured,source_ingest,2017.0,
Morocco,2017,fossil_share_elec,84.158,measured,source_ingest,2017.0,
Morocco,2017,gdp,290087315215.0,measured,source_ingest,2017.0,
Morocco,2017,greenhouse_gas_emissions,20.36,measured,source_ingest,2017.0,
Morocco,2017,hydro_electricity,1.57,measured,source_ingest,2017.0,
Morocco,2017,low_carbon_share_elec,15.842,measured,source_ingest,2017.0,
Morocco,2017,population,35446395.0,measured,source_ingest,2017.0,
Morocco,2017,renewables_electricity,5.06,measured,source_ingest,2017.0,
Morocco,2017,renewables_share_elec,15.842,measured,source_ingest,2017.0,
Morocco,2017,solar_electricity,0.41,measured,source_ingest,2017.0,
Morocco,2017,wind_electricity,3.04,measured,source_ingest,2017.0,
Morocco,2018,Access to Clean Fuels and Technologies for cooking (% of total population),98.1,measured,source_ingest,2018.0,
Morocco,2018,Access to electricity (% of total population),98.1,measured,source_ingest,2018.0,
Morocco,2018,Population growth (annual %),1.1036421008163,measured,source_ingest,2018.0,
Morocco,2018,carbon_intensity_elec,621.53,measured,source_ingest,2018.0,
Morocco,2018,electricity_demand (TWh),37.93,measured,source_ingest,2018.0,
Morocco,2018,electricity_generation (TWh),34.56,measured,source_ingest,2018.0,
Morocco,2018,energy_poverty_electricity (% of total population),1.9000000000000057,derived,one_minus_access,2018.0,
Morocco,2018,energy_poverty_electricity_rural (% of rural population),3.9000000000000057,measured,source_ingest,2018.0,
Morocco,2018,energy_poverty_electricity_urban (% of urban population),0.7000000000000028,measured,source_ingest,2018.0,
Morocco,2018,energy_poverty_multidimensional (% of total population),1.9000000000000057,measured,source_ingest,2018.0,
Morocco,2018,fossil_share_elec,80.179,measured,source_ingest,2018.0,
Morocco,2018,gdp,298981397583.0,measured,source_ingest,2018.0,
Morocco,2018,greenhouse_gas_emissions,21.48,measured,source_ingest,2018.0,
Morocco,2018,hydro_electricity,2.0,measured,source_ingest,2018.0,
Morocco,2018,low_carbon_share_elec,19.821,measured,source_ingest,2018.0,
Morocco,2018,population,35839760.0,measured,source_ingest,2018.0,
Morocco,2018,renewables_electricity,6.85,measured,source_ingest,2018.0,
Morocco,2018,renewables_share_elec,19.821,measured,source_ingest,2018.0,
Morocco,2018,solar_electricity,0.95,measured,source_ingest,2018.0,
Morocco,2018,wind_electricity,3.86,measured,source_ingest,2018.0,
Morocco,2019,Access to Clean Fuels and Technologies for cooking (% of total population),98.3,measured,source_ingest,2019.0,
Morocco,2019,Access to electricity (% of total population),99.6,measured,source_ingest,2019.0,
Morocco,2019,Population growth (annual %),1.03022315933698,measured,source_ingest,2019.0,
Morocco,2019,carbon_intensity_elec,631.75,measured,source_ingest,2019.0,
Morocco,2019,electricity_demand (TWh),39.45,measured,source_ingest,2019.0,
Morocco,2019,electricity_generation (TWh),40.38,measured,source_ingest,2019.0,
Morocco,2019,energy_poverty_electricity (% of total population),0.4000000000000057,derived,one_minus_access,2019.0,
Morocco,2019,energy_poverty_electricity_rural (% of rural population),1.0999999999999943,measured,source_ingest,2019.0,
Morocco,2019,energy_poverty_electricity_urban (% of urban population),0.0,measured,source_ingest,2019.0,
Morocco,2019,energy_poverty_multidimensional (% of total population),1.0500000000000114,measured,source_ingest,2019.0,
Morocco,2019,fossil_share_elec,80.213,measured,source_ingest,2019.0,
Morocco,2019,gdp,307624970074.0,measured,source_ingest,2019.0,
Morocco,2019,greenhouse_gas_emissions,25.51,measured,source_ingest,2019.0,
Morocco,2019,hydro_electricity,1.65,measured,source_ingest,2019.0,
Morocco,2019,low_carbon_share_elec,19.787,measured,source_ingest,2019.0,
Morocco,2019,population,36210907.0,measured,source_ingest,2019.0,
Morocco,2019,renewables_electricity,7.99,measured,source_ingest,2019.0,
Morocco,2019,renewables_share_elec,19.787,measured,source_ingest,2019.0,
Morocco,2019,solar_electricity,1.58,measured,source_ingest,2019.0,
Morocco,2019,wind_electricity,4.72,measured,source_ingest,2019.0,
Morocco,2020,Access to Clean Fuels and Technologies for cooking (% of total population),98.2,measured,source_ingest,2020.0,
Morocco,2020,Access to electricity (% of total population),100.0,measured,source_ingest,2020.0,
Morocco,2020,Population growth (annual %),1.02565486360782,measured,source_ingest,2020.0,
Morocco,2020,carbon_intensity_elec,645.62,measured,source_ingest,2020.0,
Morocco,2020,electricity_demand (TWh),39.03,measured,source_ingest,2020.0,
Morocco,2020,electricity_generation (TWh),38.8,measured,source_ingest,2020.0,
Morocco,2020,energy_poverty_electricity (% of total population),0.0,derived,one_minus_access,2020.0,
Morocco,2020,energy_poverty_electricity_rural (% of rural population),0.0,measured,source_ingest,2020.0,
Morocco,2020,energy_poverty_electricity_urban (% of urban population),0.0,measured,source_ingest,2020.0,
Morocco,2020,energy_poverty_multidimensional (% of total population),0.9000000000000057,measured,source_ingest,2020.0,
Morocco,2020,fossil_share_elec,80.825,measured,source_ingest,2020.0,
Morocco,2020,gdp,285515953096.0,measured,source_ingest,2020.0,
Morocco,2020,greenhouse_gas_emissions,25.05,measured,source_ingest,2020.0,
Morocco,2020,hydro_electricity,1.29,measured,source_ingest,2020.0,
Morocco,2020,low_carbon_share_elec,19.175,measured,source_ingest,2020.0,
Morocco,2020,population,36584208.0,measured,source_ingest,2020.0,
Morocco,2020,renewables_electricity,7.44,measured,source_ingest,2020.0,
Morocco,2020,renewables_share_elec,19.175,measured,source_ingest,2020.0,
Morocco,2020,solar_electricity,1.52,measured,source_ingest,2020.0,
Morocco,2020,wind_electricity,4.59,measured,source_ingest,2020.0,
Morocco,2021,Access to Clean Fuels and Technologies for cooking (% of total population),98.1,measured,source_ingest,2021.0,
Morocco,2021,Access to electricity (% of total population),100.0,measured,source_ingest,2021.0,
Morocco,2021,Population growth (annual %),1.00691847923959,measured,source_ingest,2021.0,
Morocco,2021,carbon_intensity_elec,639.95,measured,source_ingest,2021.0,
Morocco,2021,electricity_demand (TWh),41.14,measured,source_ingest,2021.0,
Morocco,2021,electricity_generation (TWh),41.3,measured,source_ingest,2021.0,
Morocco,2021,energy_poverty_electricity (% of total population),0.0,derived,one_minus_access,2021.0,
Morocco,2021,energy_poverty_electricity_rural (% of rural population),0.0,measured,source_ingest,2021.0,
Morocco,2021,energy_poverty_electricity_urban (% of urban population),0.0,measured,source_ingest,2021.0,
Morocco,2021,energy_poverty_multidimensional (% of total population),0.9500000000000028,measured,source_ingest,2021.0,
Morocco,2021,fossil_share_elec,80.194,measured,source_ingest,2021.0,
Morocco,2021,gdp,308157391278.0,measured,source_ingest,2021.0,
Morocco,2021,greenhouse_gas_emissions,26.43,measured,source_ingest,2021.0,
Morocco,2021,hydro_electricity,1.21,measured,source_ingest,2021.0,
Morocco,2021,low_carbon_share_elec,19.806,measured,source_ingest,2021.0,
Morocco,2021,population,36954443.0,measured,source_ingest,2021.0,
Morocco,2021,renewables_electricity,8.18,measured,source_ingest,2021.0,
Morocco,2021,renewables_share_elec,19.806,measured,source_ingest,2021.0,
Morocco,2021,solar_electricity,1.82,measured,source_ingest,2021.0,
Morocco,2021,wind_electricity,5.11,measured,source_ingest,2021.0,
Morocco,2022,Access to Clean Fuels and Technologies for cooking (% of total population),98.1,measured,source_ingest,2022.0,
Morocco,2022,Access to electricity (% of total population),100.0,measured,source_ingest,2022.0,
Morocco,2022,Population growth (annual %),1.00863622672701,measured,source_ingest,2022.0,
Morocco,2022,carbon_intensity_elec,662.64,measured,source_ingest,2022.0,
Morocco,2022,electricity_demand (TWh),42.81,measured,source_ingest,2022.0,
Morocco,2022,electricity_generation (TWh),41.41,measured,source_ingest,2022.0,
Morocco,2022,energy_poverty_electricity (% of total population),0.0,derived,one_minus_access,2022.0,
Morocco,2022,energy_poverty_electricity_rural (% of rural population),0.0,measured,source_ingest,2022.0,
Morocco,2022,energy_poverty_electricity_urban (% of urban population),0.0,measured,source_ingest,2022.0,
Morocco,2022,energy_poverty_multidimensional (% of total population),0.9500000000000028,measured,source_ingest,2022.0,
Morocco,2022,fossil_share_elec,81.816,measured,source_ingest,2022.0,
Morocco,2022,gdp,311654947615.0,measured,source_ingest,2022.0,
Morocco,2022,greenhouse_gas_emissions,27.44,measured,source_ingest,2022.0,
Morocco,2022,hydro_electricity,0.68,measured,source_ingest,2022.0,
Morocco,2022,low_carbon_share_elec,18.184,measured,source_ingest,2022.0,
Morocco,2022,population,37329068.0,measured,source_ingest,2022.0,
Morocco,2022,renewables_electricity,7.53,measured,source_ingest,2022.0,
Morocco,2022,renewables_share_elec,18.184,measured,source_ingest,2022.0,
Morocco,2022,solar_electricity,1.45,measured,source_ingest,2022.0,
Morocco,2022,wind_electricity,5.36,measured,source_ingest,2022.0,
Morocco,2023,Access to Clean Fuels and Technologies for cooking (% of total population),98.1,measured,source_ingest,2023.0,
Morocco,2023,Access to electricity (% of total population),100.0,measured,source_ingest,2023.0,
Morocco,2023,Population growth (annual %),1.02195181223548,measured,source_ingest,2023.0,
Morocco,2023,carbon_intensity_elec,616.35,measured,source_ingest,2023.0,
Morocco,2023,electricity_demand (TWh),44.31,measured,source_ingest,2023.0,
Morocco,2023,electricity_generation (TWh),42.46,measured,source_ingest,2023.0,
Morocco,2023,energy_poverty_electricity (% of total population),0.0,derived,one_minus_access,2023.0,
Morocco,2023,energy_poverty_electricity_rural (% of rural population),0.0,measured,source_ingest,2023.0,
Morocco,2023,energy_poverty_electricity_urban (% of urban population),0.0,measured,source_ingest,2023.0,
Morocco,2023,energy_poverty_multidimensional (% of total population),0.9500000000000028,measured,source_ingest,2023.0,
Morocco,2023,fossil_share_elec,78.285,measured,source_ingest,2023.0,
Morocco,2023,gdp,316567829048.17206,estimated,dampened_exponential_log_linear,2022.0,0.5537087711710292
Morocco,2023,greenhouse_gas_emissions,26.17,measured,source_ingest,2023.0,
Morocco,2023,hydro_electricity,0.52,measured,source_ingest,2023.0,
Morocco,2023,low_carbon_share_elec,21.715,measured,source_ingest,2023.0,
Morocco,2023,population,37712516.0,measured,source_ingest,2023.0,
Morocco,2023,renewables_electricity,9.22,measured,source_ingest,2023.0,
Morocco,2023,renewables_share_elec,21.715,measured,source_ingest,2023.0,
Morocco,2023,solar_electricity,2.11,measured,source_ingest,2023.0,
Morocco,2023,wind_electricity,6.55,measured,source_ingest,2023.0,
Morocco,2024,Access to Clean Fuels and Technologies for cooking (% of total population),98.17142857142856,estimated,linear_projection,2023.0,0.10476190476187375
Morocco,2024,Access to electricity (% of total population),100.0,measured,source_ingest,2024.0,
Morocco,2024,Population growth (annual %),0.972827595296714,measured,source_ingest,2024.0,
Morocco,2024,carbon_intensity_elec,594.81,measured,source_ingest,2024.0,
Morocco,2024,electricity_demand (TWh),44.94,measured,source_ingest,2024.0,
Morocco,2024,electricity_generation (TWh),42.4,measured,source_ingest,2024.0,
Morocco,2024,energy_poverty_electricity (% of total population),0.0,derived,one_minus_access,2024.0,
Morocco,2024,energy_poverty_electricity_rural (% of rural population),0.0,measured,source_ingest,2024.0,
Morocco,2024,energy_poverty_electricity_urban (% of urban population),0.0,measured,source_ingest,2024.0,
Morocco,2024,energy_poverty_multidimensional (% of total population),0.6196428571428783,measured,source_ingest,2024.0,
Morocco,2024,fossil_share_elec,75.59,measured,source_ingest,2024.0,
Morocco,2024,gdp,321558156400.81726,estimated,dampened_exponential_log_linear,2022.0,0.5537087711710292
Morocco,2024,greenhouse_gas_emissions,25.22,measured,source_ingest,2024.0,
Morocco,2024,hydro_electricity,0.81,measured,source_ingest,2024.0,
Morocco,2024,low_carbon_share_elec,24.41,measured,source_ingest,2024.0,
Morocco,2024,population,38081176.0,measured,source_ingest,2024.0,
Morocco,2024,renewables_electricity,10.35,measured,source_ingest,2024.0,
Morocco,2024,renewables_share_elec,24.41,measured,source_ingest,2024.0,
Morocco,2024,solar_electricity,2.41,measured,source_ingest,2024.0,
Morocco,2024,wind_electricity,7.09,measured,source_ingest,2024.0,
Morocco,2025,Access to Clean Fuels and Technologies for cooking (% of total population),98.1845238095238,estimated,linear_projection,2023.0,0.10476190476187375
Morocco,2025,Access to electricity (% of total population),99.99999997517986,estimated,logistic_logit_linear,2024.0,0.426144457321741
Morocco,2025,Population growth (annual %),0.913842778572571,measured,source_ingest,2025.0,
Morocco,2025,carbon_intensity_elec,596.4,measured,source_ingest,2025.0,
Morocco,2025,electricity_demand (TWh),48.23,measured,source_ingest,2025.0,
Morocco,2025,electricity_generation (TWh),44.5,measured,source_ingest,2025.0,
Morocco,2025,energy_poverty_electricity (% of total population),2.4820138833092642e-08,estimated,one_minus_access,2024.0,
Morocco,2025,energy_poverty_electricity_rural (% of rural population),0.0,estimated,linear_projection,2024.0,0.45433430870517655
Morocco,2025,energy_poverty_electricity_urban (% of urban population),0.0,estimated,linear_projection,2024.0,0.3857142857142961
Morocco,2025,energy_poverty_multidimensional (% of total population),0.4851190476190936,measured,source_ingest,2025.0,
Morocco,2025,fossil_share_elec,76.045,measured,source_ingest,2025.0,
Morocco,2025,gdp,322061495498.4937,estimated,dampened_exponential_log_linear,2022.0,0.5537087711710292
Morocco,2025,greenhouse_gas_emissions,26.54,measured,source_ingest,2025.0,
Morocco,2025,hydro_electricity,0.91,measured,source_ingest,2025.0,
Morocco,2025,low_carbon_share_elec,23.955,measured,source_ingest,2025.0,
Morocco,2025,population,38430774.0,measured,source_ingest,2025.0,
Morocco,2025,renewables_electricity,10.66,measured,source_ingest,2025.0,
Morocco,2025,renewables_share_elec,23.955,measured,source_ingest,2025.0,
Morocco,2025,solar_electricity,2.57,measured,source_ingest,2025.0,
Morocco,2025,wind_electricity,7.14,measured,source_ingest,2025.0,
Mozambique,2016,Access to Clean Fuels and Technologies for cooking (% of total population),4.5,measured,source_ingest,2016.0,
Mozambique,2016,Access to electricity (% of total population),26.2,measured,source_ingest,2016.0,
Mozambique,2016,Population growth (annual %),2.93066434696089,measured,source_ingest,2016.0,
Mozambique,2016,carbon_intensity_elec,132.56,measured,source_ingest,2016.0,
Mozambique,2016,electricity_demand (TWh),15.53,measured,source_ingest,2016.0,
Mozambique,2016,electricity_generation (TWh),18.86,measured,source_ingest,2016.0,
Mozambique,2016,energy_poverty_electricity (% of total population),73.8,derived,one_minus_access,2016.0,
Mozambique,2016,energy_poverty_electricity_rural (% of rural population),95.3,measured,source_ingest,2016.0,
Mozambique,2016,energy_poverty_electricity_urban (% of urban population),33.8,measured,source_ingest,2016.0,
Mozambique,2016,energy_poverty_multidimensional (% of total population),84.65,measured,source_ingest,2016.0,
Mozambique,2016,fossil_share_elec,17.285,measured,source_ingest,2016.0,
Mozambique,2016,gdp,27195969056.0,measured,source_ingest,2016.0,
Mozambique,2016,greenhouse_gas_emissions,2.5,measured,source_ingest,2016.0,
Mozambique,2016,hydro_electricity,15.6,measured,source_ingest,2016.0,
Mozambique,2016,low_carbon_share_elec,82.715,measured,source_ingest,2016.0,
Mozambique,2016,population,27337107.0,measured,source_ingest,2016.0,
Mozambique,2016,renewables_electricity,15.6,measured,source_ingest,2016.0,
Mozambique,2016,renewables_share_elec,82.715,measured,source_ingest,2016.0,
Mozambique,2016,solar_electricity,0.0,measured,source_ingest,2016.0,
Mozambique,2016,wind_electricity,0.0,measured,source_ingest,2016.0,
Mozambique,2017,Access to Clean Fuels and Technologies for cooking (% of total population),4.9,measured,source_ingest,2017.0,
Mozambique,2017,Access to electricity (% of total population),24.3,measured,source_ingest,2017.0,
Mozambique,2017,Population growth (annual %),2.98845927899068,measured,source_ingest,2017.0,
Mozambique,2017,carbon_intensity_elec,147.96,measured,source_ingest,2017.0,
Mozambique,2017,electricity_demand (TWh),15.92,measured,source_ingest,2017.0,
Mozambique,2017,electricity_generation (TWh),17.64,measured,source_ingest,2017.0,
Mozambique,2017,energy_poverty_electricity (% of total population),75.7,derived,one_minus_access,2017.0,
Mozambique,2017,energy_poverty_electricity_rural (% of rural population),95.6,measured,source_ingest,2017.0,
Mozambique,2017,energy_poverty_electricity_urban (% of urban population),39.5,measured,source_ingest,2017.0,
Mozambique,2017,energy_poverty_multidimensional (% of total population),85.4,measured,source_ingest,2017.0,
Mozambique,2017,fossil_share_elec,19.501,measured,source_ingest,2017.0,
Mozambique,2017,gdp,28213368238.0,measured,source_ingest,2017.0,
Mozambique,2017,greenhouse_gas_emissions,2.61,measured,source_ingest,2017.0,
Mozambique,2017,hydro_electricity,14.06,measured,source_ingest,2017.0,
Mozambique,2017,low_carbon_share_elec,80.499,measured,source_ingest,2017.0,
Mozambique,2017,population,28166397.0,measured,source_ingest,2017.0,
Mozambique,2017,renewables_electricity,14.2,measured,source_ingest,2017.0,
Mozambique,2017,renewables_share_elec,80.499,measured,source_ingest,2017.0,
Mozambique,2017,solar_electricity,0.0,measured,source_ingest,2017.0,
Mozambique,2017,wind_electricity,0.0,measured,source_ingest,2017.0,
Mozambique,2018,Access to Clean Fuels and Technologies for cooking (% of total population),5.2,measured,source_ingest,2018.0,
Mozambique,2018,Access to electricity (% of total population),31.1,measured,source_ingest,2018.0,
Mozambique,2018,Population growth (annual %),2.98089902972538,measured,source_ingest,2018.0,
Mozambique,2018,carbon_intensity_elec,139.44,measured,source_ingest,2018.0,
Mozambique,2018,electricity_demand (TWh),15.73,measured,source_ingest,2018.0,
Mozambique,2018,electricity_generation (TWh),17.14,measured,source_ingest,2018.0,
Mozambique,2018,energy_poverty_electricity (% of total population),68.9,derived,one_minus_access,2018.0,
Mozambique,2018,energy_poverty_electricity_rural (% of rural population),92.0,measured,source_ingest,2018.0,
Mozambique,2018,energy_poverty_electricity_urban (% of urban population),27.799999999999997,measured,source_ingest,2018.0,
Mozambique,2018,energy_poverty_multidimensional (% of total population),81.85,measured,source_ingest,2018.0,
Mozambique,2018,fossil_share_elec,18.203,measured,source_ingest,2018.0,
Mozambique,2018,gdp,29185036688.0,measured,source_ingest,2018.0,
Mozambique,2018,greenhouse_gas_emissions,2.39,measured,source_ingest,2018.0,
Mozambique,2018,hydro_electricity,13.9,measured,source_ingest,2018.0,
Mozambique,2018,low_carbon_share_elec,81.797,measured,source_ingest,2018.0,
Mozambique,2018,population,29018647.0,measured,source_ingest,2018.0,
Mozambique,2018,renewables_electricity,14.02,measured,source_ingest,2018.0,
Mozambique,2018,renewables_share_elec,81.797,measured,source_ingest,2018.0,
Mozambique,2018,solar_electricity,0.0,measured,source_ingest,2018.0,
Mozambique,2018,wind_electricity,0.0,measured,source_ingest,2018.0,
Mozambique,2019,Access to Clean Fuels and Technologies for cooking (% of total population),5.6,measured,source_ingest,2019.0,
Mozambique,2019,Access to electricity (% of total population),29.7,measured,source_ingest,2019.0,
Mozambique,2019,Population growth (annual %),2.9397415898529,measured,source_ingest,2019.0,
Mozambique,2019,carbon_intensity_elec,154.29,measured,source_ingest,2019.0,
Mozambique,2019,electricity_demand (TWh),16.5,measured,source_ingest,2019.0,
Mozambique,2019,electricity_generation (TWh),18.99,measured,source_ingest,2019.0,
Mozambique,2019,energy_poverty_electricity (% of total population),70.3,derived,one_minus_access,2019.0,
Mozambique,2019,energy_poverty_electricity_rural (% of rural population),94.8,measured,source_ingest,2019.0,
Mozambique,2019,energy_poverty_electricity_urban (% of urban population),27.700000000000003,measured,source_ingest,2019.0,
Mozambique,2019,energy_poverty_multidimensional (% of total population),82.35,measured,source_ingest,2019.0,
Mozambique,2019,fossil_share_elec,20.642,measured,source_ingest,2019.0,
Mozambique,2019,gdp,29860675429.0,measured,source_ingest,2019.0,
Mozambique,2019,greenhouse_gas_emissions,2.93,measured,source_ingest,2019.0,
Mozambique,2019,hydro_electricity,14.93,measured,source_ingest,2019.0,
Mozambique,2019,low_carbon_share_elec,79.358,measured,source_ingest,2019.0,
Mozambique,2019,population,29884378.0,measured,source_ingest,2019.0,
Mozambique,2019,renewables_electricity,15.07,measured,source_ingest,2019.0,
Mozambique,2019,renewables_share_elec,79.358,measured,source_ingest,2019.0,
Mozambique,2019,solar_electricity,0.03,measured,source_ingest,2019.0,
Mozambique,2019,wind_electricity,0.0,measured,source_ingest,2019.0,
Mozambique,2020,Access to Clean Fuels and Technologies for cooking (% of total population),6.1,measured,source_ingest,2020.0,
Mozambique,2020,Access to electricity (% of total population),30.6,measured,source_ingest,2020.0,
Mozambique,2020,Population growth (annual %),2.96490034295304,measured,source_ingest,2020.0,
Mozambique,2020,carbon_intensity_elec,128.29,measured,source_ingest,2020.0,
Mozambique,2020,electricity_demand (TWh),15.61,measured,source_ingest,2020.0,
Mozambique,2020,electricity_generation (TWh),19.02,measured,source_ingest,2020.0,
Mozambique,2020,energy_poverty_electricity (% of total population),69.4,derived,one_minus_access,2020.0,
Mozambique,2020,energy_poverty_electricity_rural (% of rural population),95.4,measured,source_ingest,2020.0,
Mozambique,2020,energy_poverty_electricity_urban (% of urban population),25.200000000000003,measured,source_ingest,2020.0,
Mozambique,2020,energy_poverty_multidimensional (% of total population),81.65,measured,source_ingest,2020.0,
Mozambique,2020,fossil_share_elec,16.509,measured,source_ingest,2020.0,
Mozambique,2020,gdp,29502646219.0,measured,source_ingest,2020.0,
Mozambique,2020,greenhouse_gas_emissions,2.44,measured,source_ingest,2020.0,
Mozambique,2020,hydro_electricity,15.7,measured,source_ingest,2020.0,
Mozambique,2020,low_carbon_share_elec,83.491,measured,source_ingest,2020.0,
Mozambique,2020,population,30783685.0,measured,source_ingest,2020.0,
Mozambique,2020,renewables_electricity,15.88,measured,source_ingest,2020.0,
Mozambique,2020,renewables_share_elec,83.491,measured,source_ingest,2020.0,
Mozambique,2020,solar_electricity,0.07,measured,source_ingest,2020.0,
Mozambique,2020,wind_electricity,0.0,measured,source_ingest,2020.0,
Mozambique,2021,Access to Clean Fuels and Technologies for cooking (% of total population),6.5,measured,source_ingest,2021.0,
Mozambique,2021,Access to electricity (% of total population),31.5,measured,source_ingest,2021.0,
Mozambique,2021,Population growth (annual %),2.9577768101764,measured,source_ingest,2021.0,
Mozambique,2021,carbon_intensity_elec,131.5,measured,source_ingest,2021.0,
Mozambique,2021,electricity_demand (TWh),15.9,measured,source_ingest,2021.0,
Mozambique,2021,electricity_generation (TWh),18.86,measured,source_ingest,2021.0,
Mozambique,2021,energy_poverty_electricity (% of total population),68.5,derived,one_minus_access,2021.0,
Mozambique,2021,energy_poverty_electricity_rural (% of rural population),96.2,measured,source_ingest,2021.0,
Mozambique,2021,energy_poverty_electricity_urban (% of urban population),22.599999999999994,measured,source_ingest,2021.0,
Mozambique,2021,energy_poverty_multidimensional (% of total population),81.0,measured,source_ingest,2021.0,
Mozambique,2021,fossil_share_elec,17.02,measured,source_ingest,2021.0,
Mozambique,2021,gdp,30189464161.0,measured,source_ingest,2021.0,
Mozambique,2021,greenhouse_gas_emissions,2.48,measured,source_ingest,2021.0,
Mozambique,2021,hydro_electricity,15.47,measured,source_ingest,2021.0,
Mozambique,2021,low_carbon_share_elec,82.98,measured,source_ingest,2021.0,
Mozambique,2021,population,31707798.0,measured,source_ingest,2021.0,
Mozambique,2021,renewables_electricity,15.65,measured,source_ingest,2021.0,
Mozambique,2021,renewables_share_elec,82.98,measured,source_ingest,2021.0,
Mozambique,2021,solar_electricity,0.07,measured,source_ingest,2021.0,
Mozambique,2021,wind_electricity,0.0,measured,source_ingest,2021.0,
Mozambique,2022,Access to Clean Fuels and Technologies for cooking (% of total population),6.9,measured,source_ingest,2022.0,
Mozambique,2022,Access to electricity (% of total population),33.2,measured,source_ingest,2022.0,
Mozambique,2022,Population growth (annual %),2.9473431712575,measured,source_ingest,2022.0,
Mozambique,2022,carbon_intensity_elec,127.81,measured,source_ingest,2022.0,
Mozambique,2022,electricity_demand (TWh),16.37,measured,source_ingest,2022.0,
Mozambique,2022,electricity_generation (TWh),19.56,measured,source_ingest,2022.0,
Mozambique,2022,energy_poverty_electricity (% of total population),66.8,derived,one_minus_access,2022.0,
Mozambique,2022,energy_poverty_electricity_rural (% of rural population),95.0,measured,source_ingest,2022.0,
Mozambique,2022,energy_poverty_electricity_urban (% of urban population),20.599999999999994,measured,source_ingest,2022.0,
Mozambique,2022,energy_poverty_multidimensional (% of total population),79.95,measured,source_ingest,2022.0,
Mozambique,2022,fossil_share_elec,16.309,measured,source_ingest,2022.0,
Mozambique,2022,gdp,31441725629.0,measured,source_ingest,2022.0,
Mozambique,2022,greenhouse_gas_emissions,2.5,measured,source_ingest,2022.0,
Mozambique,2022,hydro_electricity,16.17,measured,source_ingest,2022.0,
Mozambique,2022,low_carbon_share_elec,83.691,measured,source_ingest,2022.0,
Mozambique,2022,population,32656242.0,measured,source_ingest,2022.0,
Mozambique,2022,renewables_electricity,16.37,measured,source_ingest,2022.0,
Mozambique,2022,renewables_share_elec,83.691,measured,source_ingest,2022.0,
Mozambique,2022,solar_electricity,0.07,measured,source_ingest,2022.0,
Mozambique,2022,wind_electricity,0.0,measured,source_ingest,2022.0,
Mozambique,2023,Access to Clean Fuels and Technologies for cooking (% of total population),7.4,measured,source_ingest,2023.0,
Mozambique,2023,Access to electricity (% of total population),36.0,measured,source_ingest,2023.0,
Mozambique,2023,Population growth (annual %),2.95358093047219,measured,source_ingest,2023.0,
Mozambique,2023,carbon_intensity_elec,128.76,measured,source_ingest,2023.0,
Mozambique,2023,electricity_demand (TWh),16.5,measured,source_ingest,2023.0,
Mozambique,2023,electricity_generation (TWh),19.96,measured,source_ingest,2023.0,
Mozambique,2023,energy_poverty_electricity (% of total population),64.0,derived,one_minus_access,2023.0,
Mozambique,2023,energy_poverty_electricity_rural (% of rural population),91.1,measured,source_ingest,2023.0,
Mozambique,2023,energy_poverty_electricity_urban (% of urban population),21.099999999999994,measured,source_ingest,2023.0,
Mozambique,2023,energy_poverty_multidimensional (% of total population),78.3,measured,source_ingest,2023.0,
Mozambique,2023,fossil_share_elec,16.433,measured,source_ingest,2023.0,
Mozambique,2023,gdp,32101437960.148693,estimated,dampened_exponential_log_linear,2022.0,0.9104635581754388
Mozambique,2023,greenhouse_gas_emissions,2.57,measured,source_ingest,2023.0,
Mozambique,2023,hydro_electricity,16.48,measured,source_ingest,2023.0,
Mozambique,2023,low_carbon_share_elec,83.567,measured,source_ingest,2023.0,
Mozambique,2023,population,33635163.0,measured,source_ingest,2023.0,
Mozambique,2023,renewables_electricity,16.68,measured,source_ingest,2023.0,
Mozambique,2023,renewables_share_elec,83.567,measured,source_ingest,2023.0,
Mozambique,2023,solar_electricity,0.07,measured,source_ingest,2023.0,
Mozambique,2023,wind_electricity,0.0,measured,source_ingest,2023.0,
Mozambique,2024,Access to Clean Fuels and Technologies for cooking (% of total population),7.746428571428623,estimated,linear_projection,2023.0,0.9970025916817765
Mozambique,2024,Access to electricity (% of total population),36.9,measured,source_ingest,2024.0,
Mozambique,2024,Population growth (annual %),2.91994049442347,measured,source_ingest,2024.0,
Mozambique,2024,carbon_intensity_elec,129.36,measured,source_ingest,2024.0,
Mozambique,2024,electricity_demand (TWh),16.49,measured,source_ingest,2024.0,
Mozambique,2024,electricity_generation (TWh),19.79,measured,source_ingest,2024.0,
Mozambique,2024,energy_poverty_electricity (% of total population),63.1,derived,one_minus_access,2024.0,
Mozambique,2024,energy_poverty_electricity_rural (% of rural population),87.7,measured,source_ingest,2024.0,
Mozambique,2024,energy_poverty_electricity_urban (% of urban population),20.200000000000003,measured,source_ingest,2024.0,
Mozambique,2024,energy_poverty_multidimensional (% of total population),77.87857142857138,measured,source_ingest,2024.0,
Mozambique,2024,fossil_share_elec,16.574,measured,source_ingest,2024.0,
Mozambique,2024,gdp,32774992418.316914,estimated,dampened_exponential_log_linear,2022.0,0.9104635581754388
Mozambique,2024,greenhouse_gas_emissions,2.56,measured,source_ingest,2024.0,
Mozambique,2024,hydro_electricity,16.3,measured,source_ingest,2024.0,
Mozambique,2024,low_carbon_share_elec,83.426,measured,source_ingest,2024.0,
Mozambique,2024,population,34631767.0,measured,source_ingest,2024.0,
Mozambique,2024,renewables_electricity,16.51,measured,source_ingest,2024.0,
Mozambique,2024,renewables_share_elec,83.426,measured,source_ingest,2024.0,
Mozambique,2024,solar_electricity,0.08,measured,source_ingest,2024.0,
Mozambique,2024,wind_electricity,0.0,measured,source_ingest,2024.0,
Mozambique,2025,Access to Clean Fuels and Technologies for cooking (% of total population),8.159523809523876,estimated,linear_projection,2023.0,0.9970025916817765
Mozambique,2025,Access to electricity (% of total population),38.360879274155934,estimated,logistic_logit_linear,2024.0,0.8604042653579752
Mozambique,2025,Population growth (annual %),2.84630186701375,measured,source_ingest,2025.0,
Mozambique,2025,carbon_intensity_elec,127.5430274591425,estimated,dampened_exponential_log_linear,2024.0,0.31649883720585403
Mozambique,2025,electricity_demand (TWh),16.597532634501235,estimated,dampened_exponential_log_linear,2024.0,0.5003640833012231
Mozambique,2025,electricity_generation (TWh),20.062484407852455,estimated,dampened_exponential_log_linear,2024.0,0.5449310926417863
Mozambique,2025,energy_poverty_electricity (% of total population),61.639120725844066,estimated,one_minus_access,2024.0,
Mozambique,2025,energy_poverty_electricity_rural (% of rural population),90.63611111111095,estimated,linear_projection,2024.0,0.3477248999477983
Mozambique,2025,energy_poverty_electricity_urban (% of urban population),15.741666666666788,estimated,linear_projection,2024.0,0.802879260843594
Mozambique,2025,energy_poverty_multidimensional (% of total population),76.98630952380927,measured,source_ingest,2025.0,
Mozambique,2025,fossil_share_elec,15.986944444444362,estimated,linear_projection,2024.0,0.333210192225907
Mozambique,2025,gdp,32843120310.549335,estimated,dampened_exponential_log_linear,2022.0,0.9104635581754388
Mozambique,2025,greenhouse_gas_emissions,2.558796400711451,estimated,dampened_exponential_log_linear,2024.0,0.00048050450805181555
Mozambique,2025,hydro_electricity,16.57120468028154,estimated,dampened_exponential_log_linear,2024.0,0.5359035923935359
Mozambique,2025,low_carbon_share_elec,84.01305555555564,estimated,linear_projection,2024.0,0.3332101922259071
Mozambique,2025,population,35631654.02887196,estimated,limit_year_population_growth_rate_exponential,2024.0,
Mozambique,2025,renewables_electricity,16.803535340275964,estimated,dampened_exponential_log_linear,2024.0,0.590043201868905
Mozambique,2025,renewables_share_elec,84.01305555555564,estimated,linear_projection,2024.0,0.3332101922259071
Mozambique,2025,solar_electricity,0.09203280590302498,estimated,dampened_exponential_log_linear,2024.0,0.5279084867416904
Mozambique,2025,wind_electricity,,missing,no_history,,
Namibia,2016,Access to Clean Fuels and Technologies for cooking (% of total population),44.8,measured,source_ingest,2016.0,
Namibia,2016,Access to electricity (% of total population),49.7,measured,source_ingest,2016.0,
Namibia,2016,Population growth (annual %),2.69727890929136,measured,source_ingest,2016.0,
Namibia,2016,carbon_intensity_elec,54.05,measured,source_ingest,2016.0,
Namibia,2016,electricity_demand (TWh),4.45,measured,source_ingest,2016.0,
Namibia,2016,electricity_generation (TWh),1.48,measured,source_ingest,2016.0,
Namibia,2016,energy_poverty_electricity (% of total population),50.3,derived,one_minus_access,2016.0,
Namibia,2016,energy_poverty_electricity_rural (% of rural population),68.4,measured,source_ingest,2016.0,
Namibia,2016,energy_poverty_electricity_urban (% of urban population),30.700000000000003,measured,source_ingest,2016.0,
Namibia,2016,energy_poverty_multidimensional (% of total population),52.75,measured,source_ingest,2016.0,
Namibia,2016,fossil_share_elec,4.054,measured,source_ingest,2016.0,
Namibia,2016,gdp,22480856444.0,measured,source_ingest,2016.0,
Namibia,2016,greenhouse_gas_emissions,0.08,measured,source_ingest,2016.0,
Namibia,2016,hydro_electricity,1.36,measured,source_ingest,2016.0,
Namibia,2016,low_carbon_share_elec,95.946,measured,source_ingest,2016.0,
Namibia,2016,population,2439219.0,measured,source_ingest,2016.0,
Namibia,2016,renewables_electricity,1.42,measured,source_ingest,2016.0,
Namibia,2016,renewables_share_elec,95.946,measured,source_ingest,2016.0,
Namibia,2016,solar_electricity,0.06,measured,source_ingest,2016.0,
Namibia,2016,wind_electricity,0.0,measured,source_ingest,2016.0,
Namibia,2017,Access to Clean Fuels and Technologies for cooking (% of total population),45.4,measured,source_ingest,2017.0,
Namibia,2017,Access to electricity (% of total population),52.5,measured,source_ingest,2017.0,
Namibia,2017,Population growth (annual %),2.73527353433315,measured,source_ingest,2017.0,
Namibia,2017,carbon_intensity_elec,62.15,measured,source_ingest,2017.0,
Namibia,2017,electricity_demand (TWh),4.58,measured,source_ingest,2017.0,
Namibia,2017,electricity_generation (TWh),1.77,measured,source_ingest,2017.0,
Namibia,2017,energy_poverty_electricity (% of total population),47.5,derived,one_minus_access,2017.0,
Namibia,2017,energy_poverty_electricity_rural (% of rural population),68.4,measured,source_ingest,2017.0,
Namibia,2017,energy_poverty_electricity_urban (% of urban population),25.700000000000003,measured,source_ingest,2017.0,
Namibia,2017,energy_poverty_multidimensional (% of total population),51.05,measured,source_ingest,2017.0,
Namibia,2017,fossil_share_elec,3.955,measured,source_ingest,2017.0,
Namibia,2017,gdp,22249978012.0,measured,source_ingest,2017.0,
Namibia,2017,greenhouse_gas_emissions,0.11,measured,source_ingest,2017.0,
Namibia,2017,hydro_electricity,1.59,measured,source_ingest,2017.0,
Namibia,2017,low_carbon_share_elec,96.045,measured,source_ingest,2017.0,
Namibia,2017,population,2506854.0,measured,source_ingest,2017.0,
Namibia,2017,renewables_electricity,1.7,measured,source_ingest,2017.0,
Namibia,2017,renewables_share_elec,96.045,measured,source_ingest,2017.0,
Namibia,2017,solar_electricity,0.11,measured,source_ingest,2017.0,
Namibia,2017,wind_electricity,0.0,measured,source_ingest,2017.0,
Namibia,2018,Access to Clean Fuels and Technologies for cooking (% of total population),45.7,measured,source_ingest,2018.0,
Namibia,2018,Access to electricity (% of total population),52.3,measured,source_ingest,2018.0,
Namibia,2018,Population growth (annual %),2.77246337174234,measured,source_ingest,2018.0,
Namibia,2018,carbon_intensity_elec,42.55,measured,source_ingest,2018.0,
Namibia,2018,electricity_demand (TWh),4.63,measured,source_ingest,2018.0,
Namibia,2018,electricity_generation (TWh),1.41,measured,source_ingest,2018.0,
Namibia,2018,energy_poverty_electricity (% of total population),47.7,derived,one_minus_access,2018.0,
Namibia,2018,energy_poverty_electricity_rural (% of rural population),69.8,measured,source_ingest,2018.0,
Namibia,2018,energy_poverty_electricity_urban (% of urban population),25.599999999999994,measured,source_ingest,2018.0,
Namibia,2018,energy_poverty_multidimensional (% of total population),51.0,measured,source_ingest,2018.0,
Namibia,2018,fossil_share_elec,1.418,measured,source_ingest,2018.0,
Namibia,2018,gdp,22485828408.0,measured,source_ingest,2018.0,
Namibia,2018,greenhouse_gas_emissions,0.06,measured,source_ingest,2018.0,
Namibia,2018,hydro_electricity,1.14,measured,source_ingest,2018.0,
Namibia,2018,low_carbon_share_elec,98.582,measured,source_ingest,2018.0,
Namibia,2018,population,2577327.0,measured,source_ingest,2018.0,
Namibia,2018,renewables_electricity,1.39,measured,source_ingest,2018.0,
Namibia,2018,renewables_share_elec,98.582,measured,source_ingest,2018.0,
Namibia,2018,solar_electricity,0.23,measured,source_ingest,2018.0,
Namibia,2018,wind_electricity,0.02,measured,source_ingest,2018.0,
Namibia,2019,Access to Clean Fuels and Technologies for cooking (% of total population),46.4,measured,source_ingest,2019.0,
Namibia,2019,Access to electricity (% of total population),53.3,measured,source_ingest,2019.0,
Namibia,2019,Population growth (annual %),2.79932223646079,measured,source_ingest,2019.0,
Namibia,2019,carbon_intensity_elec,57.97,measured,source_ingest,2019.0,
Namibia,2019,electricity_demand (TWh),4.42,measured,source_ingest,2019.0,
Namibia,2019,electricity_generation (TWh),1.38,measured,source_ingest,2019.0,
Namibia,2019,energy_poverty_electricity (% of total population),46.7,derived,one_minus_access,2019.0,
Namibia,2019,energy_poverty_electricity_rural (% of rural population),68.8,measured,source_ingest,2019.0,
Namibia,2019,energy_poverty_electricity_urban (% of urban population),25.5,measured,source_ingest,2019.0,
Namibia,2019,energy_poverty_multidimensional (% of total population),50.150000000000006,measured,source_ingest,2019.0,
Namibia,2019,fossil_share_elec,3.623,measured,source_ingest,2019.0,
Namibia,2019,gdp,22297166631.0,measured,source_ingest,2019.0,
Namibia,2019,greenhouse_gas_emissions,0.08,measured,source_ingest,2019.0,
Namibia,2019,hydro_electricity,0.95,measured,source_ingest,2019.0,
Namibia,2019,low_carbon_share_elec,96.377,measured,source_ingest,2019.0,
Namibia,2019,population,2650499.0,measured,source_ingest,2019.0,
Namibia,2019,renewables_electricity,1.33,measured,source_ingest,2019.0,
Namibia,2019,renewables_share_elec,96.377,measured,source_ingest,2019.0,
Namibia,2019,solar_electricity,0.36,measured,source_ingest,2019.0,
Namibia,2019,wind_electricity,0.02,measured,source_ingest,2019.0,
Namibia,2020,Access to Clean Fuels and Technologies for cooking (% of total population),46.9,measured,source_ingest,2020.0,
Namibia,2020,Access to electricity (% of total population),52.3,measured,source_ingest,2020.0,
Namibia,2020,Population growth (annual %),2.91019887709682,measured,source_ingest,2020.0,
Namibia,2020,carbon_intensity_elec,60.0,measured,source_ingest,2020.0,
Namibia,2020,electricity_demand (TWh),4.19,measured,source_ingest,2020.0,
Namibia,2020,electricity_generation (TWh),2.0,measured,source_ingest,2020.0,
Namibia,2020,energy_poverty_electricity (% of total population),47.7,derived,one_minus_access,2020.0,
Namibia,2020,energy_poverty_electricity_rural (% of rural population),58.9,estimated,observed_or_carry,2024.0,
Namibia,2020,energy_poverty_electricity_urban (% of urban population),25.299999999999997,measured,source_ingest,2020.0,
Namibia,2020,energy_poverty_multidimensional (% of total population),50.400000000000006,measured,source_ingest,2020.0,
Namibia,2020,fossil_share_elec,3.5,measured,source_ingest,2020.0,
Namibia,2020,gdp,20505368156.0,measured,source_ingest,2020.0,
Namibia,2020,greenhouse_gas_emissions,0.12,measured,source_ingest,2020.0,
Namibia,2020,hydro_electricity,1.5,measured,source_ingest,2020.0,
Namibia,2020,low_carbon_share_elec,96.5,measured,source_ingest,2020.0,
Namibia,2020,population,2728760.0,measured,source_ingest,2020.0,
Namibia,2020,renewables_electricity,1.93,measured,source_ingest,2020.0,
Namibia,2020,renewables_share_elec,96.5,measured,source_ingest,2020.0,
Namibia,2020,solar_electricity,0.41,measured,source_ingest,2020.0,
Namibia,2020,wind_electricity,0.02,measured,source_ingest,2020.0,
Namibia,2021,Access to Clean Fuels and Technologies for cooking (% of total population),47.5,measured,source_ingest,2021.0,
Namibia,2021,Access to electricity (% of total population),55.2,measured,source_ingest,2021.0,
Namibia,2021,Population growth (annual %),2.95314556354467,measured,source_ingest,2021.0,
Namibia,2021,carbon_intensity_elec,46.36,measured,source_ingest,2021.0,
Namibia,2021,electricity_demand (TWh),3.95,measured,source_ingest,2021.0,
Namibia,2021,electricity_generation (TWh),1.51,measured,source_ingest,2021.0,
Namibia,2021,energy_poverty_electricity (% of total population),44.8,derived,one_minus_access,2021.0,
Namibia,2021,energy_poverty_electricity_rural (% of rural population),66.8,measured,source_ingest,2021.0,
Namibia,2021,energy_poverty_electricity_urban (% of urban population),25.299999999999997,measured,source_ingest,2021.0,
Namibia,2021,energy_poverty_multidimensional (% of total population),48.65,measured,source_ingest,2021.0,
Namibia,2021,fossil_share_elec,2.649,measured,source_ingest,2021.0,
Namibia,2021,gdp,21049990407.0,measured,source_ingest,2021.0,
Namibia,2021,greenhouse_gas_emissions,0.07,measured,source_ingest,2021.0,
Namibia,2021,hydro_electricity,0.97,measured,source_ingest,2021.0,
Namibia,2021,low_carbon_share_elec,97.351,measured,source_ingest,2021.0,
Namibia,2021,population,2810552.0,measured,source_ingest,2021.0,
Namibia,2021,renewables_electricity,1.47,measured,source_ingest,2021.0,
Namibia,2021,renewables_share_elec,97.351,measured,source_ingest,2021.0,
Namibia,2021,solar_electricity,0.48,measured,source_ingest,2021.0,
Namibia,2021,wind_electricity,0.02,measured,source_ingest,2021.0,
Namibia,2022,Access to Clean Fuels and Technologies for cooking (% of total population),47.7,measured,source_ingest,2022.0,
Namibia,2022,Access to electricity (% of total population),56.2,measured,source_ingest,2022.0,
Namibia,2022,Population growth (annual %),2.77600581415178,measured,source_ingest,2022.0,
Namibia,2022,carbon_intensity_elec,45.46,measured,source_ingest,2022.0,
Namibia,2022,electricity_demand (TWh),4.07,measured,source_ingest,2022.0,
Namibia,2022,electricity_generation (TWh),1.32,measured,source_ingest,2022.0,
Namibia,2022,energy_poverty_electricity (% of total population),43.8,derived,one_minus_access,2022.0,
Namibia,2022,energy_poverty_electricity_rural (% of rural population),66.6,measured,source_ingest,2022.0,
Namibia,2022,energy_poverty_electricity_urban (% of urban population),25.200000000000003,measured,source_ingest,2022.0,
Namibia,2022,energy_poverty_multidimensional (% of total population),48.05,measured,source_ingest,2022.0,
Namibia,2022,fossil_share_elec,1.515,measured,source_ingest,2022.0,
Namibia,2022,gdp,21858730428.0,measured,source_ingest,2022.0,
Namibia,2022,greenhouse_gas_emissions,0.06,measured,source_ingest,2022.0,
Namibia,2022,hydro_electricity,0.78,measured,source_ingest,2022.0,
Namibia,2022,low_carbon_share_elec,98.485,measured,source_ingest,2022.0,
Namibia,2022,population,2889668.0,measured,source_ingest,2022.0,
Namibia,2022,renewables_electricity,1.3,measured,source_ingest,2022.0,
Namibia,2022,renewables_share_elec,98.485,measured,source_ingest,2022.0,
Namibia,2022,solar_electricity,0.5,measured,source_ingest,2022.0,
Namibia,2022,wind_electricity,0.02,measured,source_ingest,2022.0,
Namibia,2023,Access to Clean Fuels and Technologies for cooking (% of total population),48.0,measured,source_ingest,2023.0,
Namibia,2023,Access to electricity (% of total population),56.7,measured,source_ingest,2023.0,
Namibia,2023,Population growth (annual %),2.50947899094054,measured,source_ingest,2023.0,
Namibia,2023,carbon_intensity_elec,47.62,measured,source_ingest,2023.0,
Namibia,2023,electricity_demand (TWh),4.18,measured,source_ingest,2023.0,
Namibia,2023,electricity_generation (TWh),1.89,measured,source_ingest,2023.0,
Namibia,2023,energy_poverty_electricity (% of total population),43.3,derived,one_minus_access,2023.0,
Namibia,2023,energy_poverty_electricity_rural (% of rural population),65.9,measured,source_ingest,2023.0,
Namibia,2023,energy_poverty_electricity_urban (% of urban population),25.0,measured,source_ingest,2023.0,
Namibia,2023,energy_poverty_multidimensional (% of total population),47.65,measured,source_ingest,2023.0,
Namibia,2023,fossil_share_elec,2.116,measured,source_ingest,2023.0,
Namibia,2023,gdp,21635612976.45945,estimated,dampened_exponential_log_linear,2022.0,0.3781231495749413
Namibia,2023,greenhouse_gas_emissions,0.09,measured,source_ingest,2023.0,
Namibia,2023,hydro_electricity,1.32,measured,source_ingest,2023.0,
Namibia,2023,low_carbon_share_elec,97.884,measured,source_ingest,2023.0,
Namibia,2023,population,2963102.0,measured,source_ingest,2023.0,
Namibia,2023,renewables_electricity,1.85,measured,source_ingest,2023.0,
Namibia,2023,renewables_share_elec,97.884,measured,source_ingest,2023.0,
Namibia,2023,solar_electricity,0.51,measured,source_ingest,2023.0,
Namibia,2023,wind_electricity,0.02,measured,source_ingest,2023.0,
Namibia,2024,Access to Clean Fuels and Technologies for cooking (% of total population),48.68214285714282,estimated,linear_projection,2023.0,0.9842181131325171
Namibia,2024,Access to electricity (% of total population),59.3,measured,source_ingest,2024.0,
Namibia,2024,Population growth (annual %),2.23715227334598,measured,source_ingest,2024.0,
Namibia,2024,carbon_intensity_elec,48.78,measured,source_ingest,2024.0,
Namibia,2024,electricity_demand (TWh),4.04,measured,source_ingest,2024.0,
Namibia,2024,electricity_generation (TWh),1.64,measured,source_ingest,2024.0,
Namibia,2024,energy_poverty_electricity (% of total population),40.7,derived,one_minus_access,2024.0,
Namibia,2024,energy_poverty_electricity_rural (% of rural population),58.9,measured,source_ingest,2024.0,
Namibia,2024,energy_poverty_electricity_urban (% of urban population),22.799999999999997,measured,source_ingest,2024.0,
Namibia,2024,energy_poverty_multidimensional (% of total population),46.88214285714275,measured,source_ingest,2024.0,
Namibia,2024,fossil_share_elec,2.439,measured,source_ingest,2024.0,
Namibia,2024,gdp,21414772939.764465,estimated,dampened_exponential_log_linear,2022.0,0.3781231495749413
Namibia,2024,greenhouse_gas_emissions,0.08,measured,source_ingest,2024.0,
Namibia,2024,hydro_electricity,1.0,measured,source_ingest,2024.0,
Namibia,2024,low_carbon_share_elec,97.561,measured,source_ingest,2024.0,
Namibia,2024,population,3030127.0,measured,source_ingest,2024.0,
Namibia,2024,renewables_electricity,1.6,measured,source_ingest,2024.0,
Namibia,2024,renewables_share_elec,97.561,measured,source_ingest,2024.0,
Namibia,2024,solar_electricity,0.58,measured,source_ingest,2024.0,
Namibia,2024,wind_electricity,0.02,measured,source_ingest,2024.0,
Namibia,2025,Access to Clean Fuels and Technologies for cooking (% of total population),49.155952380952385,estimated,linear_projection,2023.0,0.9842181131325171
Namibia,2025,Access to electricity (% of total population),59.1950204989207,estimated,logistic_logit_linear,2024.0,0.8967736359080007
Namibia,2025,Population growth (annual %),2.04761498541566,measured,source_ingest,2025.0,
Namibia,2025,carbon_intensity_elec,47.7341228410863,estimated,dampened_exponential_log_linear,2024.0,0.19184769282061398
Namibia,2025,electricity_demand (TWh),3.9711688811793486,estimated,dampened_exponential_log_linear,2024.0,0.6659840395887748
Namibia,2025,electricity_generation (TWh),1.6555305859107048,estimated,dampened_exponential_log_linear,2024.0,0.031025797855275483
Namibia,2025,energy_poverty_electricity (% of total population),40.8049795010793,estimated,one_minus_access,2024.0,
Namibia,2025,energy_poverty_electricity_rural (% of rural population),62.20833333333326,estimated,linear_projection,2024.0,0.5955740057400614
Namibia,2025,energy_poverty_electricity_urban (% of urban population),22.78611111111104,estimated,linear_projection,2024.0,0.5814238346639151
Namibia,2025,energy_poverty_multidimensional (% of total population),46.19761904761913,measured,source_ingest,2025.0,
Namibia,2025,fossil_share_elec,1.7445833333333098,estimated,linear_projection,2024.0,0.3285520356528273
Namibia,2025,gdp,21392813296.871838,estimated,dampened_exponential_log_linear,2022.0,0.3781231495749413
Namibia,2025,greenhouse_gas_emissions,0.0790252622519059,estimated,dampened_exponential_log_linear,2024.0,0.019556392976331827
Namibia,2025,hydro_electricity,0.9587676536844408,estimated,dampened_exponential_log_linear,2024.0,0.23201271682465208
Namibia,2025,low_carbon_share_elec,98.25541666666669,estimated,linear_projection,2024.0,0.32855203565281466
Namibia,2025,population,3092811.917251102,estimated,limit_year_population_growth_rate_exponential,2024.0,
Namibia,2025,renewables_electricity,1.618702157326525,estimated,dampened_exponential_log_linear,2024.0,0.049029119720958914
Namibia,2025,renewables_share_elec,98.25541666666669,estimated,linear_projection,2024.0,0.32855203565281466
Namibia,2025,solar_electricity,0.7511829158440493,estimated,dampened_exponential_log_linear,2024.0,0.8040178272314037
Namibia,2025,wind_electricity,0.02,estimated,dampened_exponential_log_linear,2024.0,0.0
Niger,2016,Access to Clean Fuels and Technologies for cooking (% of total population),2.3,measured,source_ingest,2016.0,
Niger,2016,Access to electricity (% of total population),17.0,measured,source_ingest,2016.0,
Niger,2016,Population growth (annual %),3.67426137513091,measured,source_ingest,2016.0,
Niger,2016,carbon_intensity_elec,714.29,measured,source_ingest,2016.0,
Niger,2016,electricity_demand (TWh),1.48,measured,source_ingest,2016.0,
Niger,2016,electricity_generation (TWh),0.7,measured,source_ingest,2016.0,
Niger,2016,energy_poverty_electricity (% of total population),83.0,derived,one_minus_access,2016.0,
Niger,2016,energy_poverty_electricity_rural (% of rural population),91.2,measured,source_ingest,2016.0,
Niger,2016,energy_poverty_electricity_urban (% of urban population),40.8,measured,source_ingest,2016.0,
Niger,2016,energy_poverty_multidimensional (% of total population),90.35,measured,source_ingest,2016.0,
Niger,2016,fossil_share_elec,98.571,measured,source_ingest,2016.0,
Niger,2016,gdp,17807651308.0,measured,source_ingest,2016.0,
Niger,2016,greenhouse_gas_emissions,0.5,measured,source_ingest,2016.0,
Niger,2016,hydro_electricity,0.0,measured,source_ingest,2016.0,
Niger,2016,low_carbon_share_elec,1.429,measured,source_ingest,2016.0,
Niger,2016,population,20685758.0,measured,source_ingest,2016.0,
Niger,2016,renewables_electricity,0.01,measured,source_ingest,2016.0,
Niger,2016,renewables_share_elec,1.429,measured,source_ingest,2016.0,
Niger,2016,solar_electricity,0.01,measured,source_ingest,2016.0,
Niger,2016,wind_electricity,0.0,measured,source_ingest,2016.0,
Niger,2017,Access to Clean Fuels and Technologies for cooking (% of total population),2.6,measured,source_ingest,2017.0,
Niger,2017,Access to electricity (% of total population),17.6,measured,source_ingest,2017.0,
Niger,2017,Population growth (annual %),3.56007044831691,measured,source_ingest,2017.0,
Niger,2017,carbon_intensity_elec,714.29,measured,source_ingest,2017.0,
Niger,2017,electricity_demand (TWh),1.41,measured,source_ingest,2017.0,
Niger,2017,electricity_generation (TWh),0.56,measured,source_ingest,2017.0,
Niger,2017,energy_poverty_electricity (% of total population),82.4,derived,one_minus_access,2017.0,
Niger,2017,energy_poverty_electricity_rural (% of rural population),90.8,measured,source_ingest,2017.0,
Niger,2017,energy_poverty_electricity_urban (% of urban population),39.6,measured,source_ingest,2017.0,
Niger,2017,energy_poverty_multidimensional (% of total population),89.9,measured,source_ingest,2017.0,
Niger,2017,fossil_share_elec,98.214,measured,source_ingest,2017.0,
Niger,2017,gdp,18698209711.0,measured,source_ingest,2017.0,
Niger,2017,greenhouse_gas_emissions,0.4,measured,source_ingest,2017.0,
Niger,2017,hydro_electricity,0.0,measured,source_ingest,2017.0,
Niger,2017,low_carbon_share_elec,1.786,measured,source_ingest,2017.0,
Niger,2017,population,21435449.0,measured,source_ingest,2017.0,
Niger,2017,renewables_electricity,0.01,measured,source_ingest,2017.0,
Niger,2017,renewables_share_elec,1.786,measured,source_ingest,2017.0,
Niger,2017,solar_electricity,0.01,measured,source_ingest,2017.0,
Niger,2017,wind_electricity,0.0,measured,source_ingest,2017.0,
Niger,2018,Access to Clean Fuels and Technologies for cooking (% of total population),3.0,measured,source_ingest,2018.0,
Niger,2018,Access to electricity (% of total population),17.6,measured,source_ingest,2018.0,
Niger,2018,Population growth (annual %),3.45088050525461,measured,source_ingest,2018.0,
Niger,2018,carbon_intensity_elec,698.11,measured,source_ingest,2018.0,
Niger,2018,electricity_demand (TWh),1.52,measured,source_ingest,2018.0,
Niger,2018,electricity_generation (TWh),0.53,measured,source_ingest,2018.0,
Niger,2018,energy_poverty_electricity (% of total population),82.4,derived,one_minus_access,2018.0,
Niger,2018,energy_poverty_electricity_rural (% of rural population),88.3,measured,source_ingest,2018.0,
Niger,2018,energy_poverty_electricity_urban (% of urban population),52.4,measured,source_ingest,2018.0,
Niger,2018,energy_poverty_multidimensional (% of total population),89.7,measured,source_ingest,2018.0,
Niger,2018,fossil_share_elec,98.113,measured,source_ingest,2018.0,
Niger,2018,gdp,20008393727.0,measured,source_ingest,2018.0,
Niger,2018,greenhouse_gas_emissions,0.37,measured,source_ingest,2018.0,
Niger,2018,hydro_electricity,0.0,measured,source_ingest,2018.0,
Niger,2018,low_carbon_share_elec,1.887,measured,source_ingest,2018.0,
Niger,2018,population,22188074.0,measured,source_ingest,2018.0,
Niger,2018,renewables_electricity,0.01,measured,source_ingest,2018.0,
Niger,2018,renewables_share_elec,1.887,measured,source_ingest,2018.0,
Niger,2018,solar_electricity,0.01,measured,source_ingest,2018.0,
Niger,2018,wind_electricity,0.0,measured,source_ingest,2018.0,
Niger,2019,Access to Clean Fuels and Technologies for cooking (% of total population),3.4,measured,source_ingest,2019.0,
Niger,2019,Access to electricity (% of total population),18.5,measured,source_ingest,2019.0,
Niger,2019,Population growth (annual %),3.36654855482346,measured,source_ingest,2019.0,
Niger,2019,carbon_intensity_elec,686.57,measured,source_ingest,2019.0,
Niger,2019,electricity_demand (TWh),1.73,measured,source_ingest,2019.0,
Niger,2019,electricity_generation (TWh),0.67,measured,source_ingest,2019.0,
Niger,2019,energy_poverty_electricity (% of total population),81.5,derived,one_minus_access,2019.0,
Niger,2019,energy_poverty_electricity_rural (% of rural population),90.3,measured,source_ingest,2019.0,
Niger,2019,energy_poverty_electricity_urban (% of urban population),37.3,measured,source_ingest,2019.0,
Niger,2019,energy_poverty_multidimensional (% of total population),89.05,measured,source_ingest,2019.0,
Niger,2019,fossil_share_elec,97.015,measured,source_ingest,2019.0,
Niger,2019,gdp,21237507069.0,measured,source_ingest,2019.0,
Niger,2019,greenhouse_gas_emissions,0.46,measured,source_ingest,2019.0,
Niger,2019,hydro_electricity,0.0,measured,source_ingest,2019.0,
Niger,2019,low_carbon_share_elec,2.985,measured,source_ingest,2019.0,
Niger,2019,population,22947765.0,measured,source_ingest,2019.0,
Niger,2019,renewables_electricity,0.02,measured,source_ingest,2019.0,
Niger,2019,renewables_share_elec,2.985,measured,source_ingest,2019.0,
Niger,2019,solar_electricity,0.02,measured,source_ingest,2019.0,
Niger,2019,wind_electricity,0.0,measured,source_ingest,2019.0,
Niger,2020,Access to Clean Fuels and Technologies for cooking (% of total population),3.8,measured,source_ingest,2020.0,
Niger,2020,Access to electricity (% of total population),18.7,measured,source_ingest,2020.0,
Niger,2020,Population growth (annual %),3.29977391625444,measured,source_ingest,2020.0,
Niger,2020,carbon_intensity_elec,701.49,measured,source_ingest,2020.0,
Niger,2020,electricity_demand (TWh),1.78,measured,source_ingest,2020.0,
Niger,2020,electricity_generation (TWh),0.67,measured,source_ingest,2020.0,
Niger,2020,energy_poverty_electricity (% of total population),81.3,derived,one_minus_access,2020.0,
Niger,2020,energy_poverty_electricity_rural (% of rural population),90.3,measured,source_ingest,2020.0,
Niger,2020,energy_poverty_electricity_urban (% of urban population),36.2,measured,source_ingest,2020.0,
Niger,2020,energy_poverty_multidimensional (% of total population),88.75,measured,source_ingest,2020.0,
Niger,2020,fossil_share_elec,97.015,measured,source_ingest,2020.0,
Niger,2020,gdp,21991440513.0,measured,source_ingest,2020.0,
Niger,2020,greenhouse_gas_emissions,0.47,measured,source_ingest,2020.0,
Niger,2020,hydro_electricity,0.0,measured,source_ingest,2020.0,
Niger,2020,low_carbon_share_elec,2.985,measured,source_ingest,2020.0,
Niger,2020,population,23717615.0,measured,source_ingest,2020.0,
Niger,2020,renewables_electricity,0.02,measured,source_ingest,2020.0,
Niger,2020,renewables_share_elec,2.985,measured,source_ingest,2020.0,
Niger,2020,solar_electricity,0.02,measured,source_ingest,2020.0,
Niger,2020,wind_electricity,0.0,measured,source_ingest,2020.0,
Niger,2021,Access to Clean Fuels and Technologies for cooking (% of total population),4.1,measured,source_ingest,2021.0,
Niger,2021,Access to electricity (% of total population),18.6,measured,source_ingest,2021.0,
Niger,2021,Population growth (annual %),3.25425239869281,measured,source_ingest,2021.0,
Niger,2021,carbon_intensity_elec,690.14,measured,source_ingest,2021.0,
Niger,2021,electricity_demand (TWh),1.83,measured,source_ingest,2021.0,
Niger,2021,electricity_generation (TWh),0.71,measured,source_ingest,2021.0,
Niger,2021,energy_poverty_electricity (% of total population),81.4,derived,one_minus_access,2021.0,
Niger,2021,energy_poverty_electricity_rural (% of rural population),90.9,measured,source_ingest,2021.0,
Niger,2021,energy_poverty_electricity_urban (% of urban population),34.099999999999994,measured,source_ingest,2021.0,
Niger,2021,energy_poverty_multidimensional (% of total population),88.65,measured,source_ingest,2021.0,
Niger,2021,fossil_share_elec,97.183,measured,source_ingest,2021.0,
Niger,2021,gdp,22299096291.0,measured,source_ingest,2021.0,
Niger,2021,greenhouse_gas_emissions,0.49,measured,source_ingest,2021.0,
Niger,2021,hydro_electricity,0.0,measured,source_ingest,2021.0,
Niger,2021,low_carbon_share_elec,2.817,measured,source_ingest,2021.0,
Niger,2021,population,24502145.0,measured,source_ingest,2021.0,
Niger,2021,renewables_electricity,0.02,measured,source_ingest,2021.0,
Niger,2021,renewables_share_elec,2.817,measured,source_ingest,2021.0,
Niger,2021,solar_electricity,0.02,measured,source_ingest,2021.0,
Niger,2021,wind_electricity,0.0,measured,source_ingest,2021.0,
Niger,2022,Access to Clean Fuels and Technologies for cooking (% of total population),4.5,measured,source_ingest,2022.0,
Niger,2022,Access to electricity (% of total population),19.5,measured,source_ingest,2022.0,
Niger,2022,Population growth (annual %),3.25170642220024,measured,source_ingest,2022.0,
Niger,2022,carbon_intensity_elec,683.54,measured,source_ingest,2022.0,
Niger,2022,electricity_demand (TWh),1.95,measured,source_ingest,2022.0,
Niger,2022,electricity_generation (TWh),0.79,measured,source_ingest,2022.0,
Niger,2022,energy_poverty_electricity (% of total population),80.5,derived,one_minus_access,2022.0,
Niger,2022,energy_poverty_electricity_rural (% of rural population),92.3,measured,source_ingest,2022.0,
Niger,2022,energy_poverty_electricity_urban (% of urban population),33.900000000000006,measured,source_ingest,2022.0,
Niger,2022,energy_poverty_multidimensional (% of total population),88.0,measured,source_ingest,2022.0,
Niger,2022,fossil_share_elec,97.468,measured,source_ingest,2022.0,
Niger,2022,gdp,24776754234.0,measured,source_ingest,2022.0,
Niger,2022,greenhouse_gas_emissions,0.54,measured,source_ingest,2022.0,
Niger,2022,hydro_electricity,0.0,measured,source_ingest,2022.0,
Niger,2022,low_carbon_share_elec,2.532,measured,source_ingest,2022.0,
Niger,2022,population,25311978.0,measured,source_ingest,2022.0,
Niger,2022,renewables_electricity,0.02,measured,source_ingest,2022.0,
Niger,2022,renewables_share_elec,2.532,measured,source_ingest,2022.0,
Niger,2022,solar_electricity,0.02,measured,source_ingest,2022.0,
Niger,2022,wind_electricity,0.0,measured,source_ingest,2022.0,
Niger,2023,Access to Clean Fuels and Technologies for cooking (% of total population),5.1,measured,source_ingest,2023.0,
Niger,2023,Access to electricity (% of total population),20.1,measured,source_ingest,2023.0,
Niger,2023,Population growth (annual %),3.29489175812772,measured,source_ingest,2023.0,
Niger,2023,carbon_intensity_elec,680.41,measured,source_ingest,2023.0,
Niger,2023,electricity_demand (TWh),2.21,measured,source_ingest,2023.0,
Niger,2023,electricity_generation (TWh),0.97,measured,source_ingest,2023.0,
Niger,2023,energy_poverty_electricity (% of total population),79.9,derived,one_minus_access,2023.0,
Niger,2023,energy_poverty_electricity_rural (% of rural population),89.6,measured,source_ingest,2023.0,
Niger,2023,energy_poverty_electricity_urban (% of urban population),32.599999999999994,measured,source_ingest,2023.0,
Niger,2023,energy_poverty_multidimensional (% of total population),87.4,measured,source_ingest,2023.0,
Niger,2023,fossil_share_elec,97.938,measured,source_ingest,2023.0,
Niger,2023,gdp,26082059763.31585,estimated,dampened_exponential_log_linear,2022.0,0.9723420451309237
Niger,2023,greenhouse_gas_emissions,0.66,measured,source_ingest,2023.0,
Niger,2023,hydro_electricity,0.0,measured,source_ingest,2023.0,
Niger,2023,low_carbon_share_elec,2.062,measured,source_ingest,2023.0,
Niger,2023,population,26159863.0,measured,source_ingest,2023.0,
Niger,2023,renewables_electricity,0.02,measured,source_ingest,2023.0,
Niger,2023,renewables_share_elec,2.062,measured,source_ingest,2023.0,
Niger,2023,solar_electricity,0.02,measured,source_ingest,2023.0,
Niger,2023,wind_electricity,0.0,measured,source_ingest,2023.0,
Niger,2024,Access to Clean Fuels and Technologies for cooking (% of total population),5.357142857142776,estimated,linear_projection,2023.0,0.9943803608399835
Niger,2024,Access to electricity (% of total population),21.3,measured,source_ingest,2024.0,
Niger,2024,Population growth (annual %),3.28101480132484,measured,source_ingest,2024.0,
Niger,2024,carbon_intensity_elec,673.68,measured,source_ingest,2024.0,
Niger,2024,electricity_demand (TWh),2.15,measured,source_ingest,2024.0,
Niger,2024,electricity_generation (TWh),0.95,measured,source_ingest,2024.0,
Niger,2024,energy_poverty_electricity (% of total population),78.7,derived,one_minus_access,2024.0,
Niger,2024,energy_poverty_electricity_rural (% of rural population),89.2,measured,source_ingest,2024.0,
Niger,2024,energy_poverty_electricity_urban (% of urban population),30.900000000000006,measured,source_ingest,2024.0,
Niger,2024,energy_poverty_multidimensional (% of total population),87.17500000000007,measured,source_ingest,2024.0,
Niger,2024,fossil_share_elec,96.842,measured,source_ingest,2024.0,
Niger,2024,gdp,27456132271.097523,estimated,dampened_exponential_log_linear,2022.0,0.9723420451309237
Niger,2024,greenhouse_gas_emissions,0.64,measured,source_ingest,2024.0,
Niger,2024,hydro_electricity,0.0,measured,source_ingest,2024.0,
Niger,2024,low_carbon_share_elec,3.158,measured,source_ingest,2024.0,
Niger,2024,population,27032417.0,measured,source_ingest,2024.0,
Niger,2024,renewables_electricity,0.03,measured,source_ingest,2024.0,
Niger,2024,renewables_share_elec,3.158,measured,source_ingest,2024.0,
Niger,2024,solar_electricity,0.03,measured,source_ingest,2024.0,
Niger,2024,wind_electricity,0.0,measured,source_ingest,2024.0,
Niger,2025,Access to Clean Fuels and Technologies for cooking (% of total population),5.747619047618969,estimated,linear_projection,2023.0,0.9943803608399835
Niger,2025,Access to electricity (% of total population),21.21424877824789,estimated,logistic_logit_linear,2024.0,0.9374246658826264
Niger,2025,Population growth (annual %),3.22289981385576,measured,source_ingest,2025.0,
Niger,2025,carbon_intensity_elec,669.0151326243569,estimated,dampened_exponential_log_linear,2024.0,0.8378245580482125
Niger,2025,electricity_demand (TWh),2.2752127781437608,estimated,dampened_exponential_log_linear,2024.0,0.9379213815307946
Niger,2025,electricity_generation (TWh),1.0108636847953603,estimated,dampened_exponential_log_linear,2024.0,0.6764865591569375
Niger,2025,energy_poverty_electricity (% of total population),78.78575122175211,estimated,one_minus_access,2024.0,
Niger,2025,energy_poverty_electricity_rural (% of rural population),90.07222222222225,estimated,linear_projection,2024.0,0.01349460215913334
Niger,2025,energy_poverty_electricity_urban (% of urban population),29.133333333333212,estimated,linear_projection,2024.0,0.5114278811307125
Niger,2025,energy_poverty_multidimensional (% of total population),86.77499999999998,measured,source_ingest,2025.0,
Niger,2025,fossil_share_elec,96.85661111111119,estimated,linear_projection,2024.0,0.4162493920889384
Niger,2025,gdp,27597459563.51952,estimated,dampened_exponential_log_linear,2022.0,0.9723420451309237
Niger,2025,greenhouse_gas_emissions,0.67628830068937,estimated,dampened_exponential_log_linear,2024.0,0.6192243468364633
Niger,2025,hydro_electricity,,missing,no_history,,
Niger,2025,low_carbon_share_elec,3.1433888888888646,estimated,linear_projection,2024.0,0.416249392088923
Niger,2025,population,27917836.163769882,estimated,limit_year_population_growth_rate_exponential,2024.0,
Niger,2025,renewables_electricity,0.034199138919300355,estimated,dampened_exponential_log_linear,2024.0,0.7955067225603829
Niger,2025,renewables_share_elec,3.1433888888888646,estimated,linear_projection,2024.0,0.416249392088923
Niger,2025,solar_electricity,0.034199138919300355,estimated,dampened_exponential_log_linear,2024.0,0.7955067225603829
Niger,2025,wind_electricity,,missing,no_history,,
Nigeria,2016,Access to Clean Fuels and Technologies for cooking (% of total population),7.4,measured,source_ingest,2016.0,
Nigeria,2016,Access to electricity (% of total population),59.3,measured,source_ingest,2016.0,
Nigeria,2016,Population growth (annual %),2.47183239057048,measured,source_ingest,2016.0,
Nigeria,2016,carbon_intensity_elec,511.22,measured,source_ingest,2016.0,
Nigeria,2016,electricity_demand (TWh),34.6,measured,source_ingest,2016.0,
Nigeria,2016,electricity_generation (TWh),36.54,measured,source_ingest,2016.0,
Nigeria,2016,energy_poverty_electricity (% of total population),40.7,derived,one_minus_access,2016.0,
Nigeria,2016,energy_poverty_electricity_rural (% of rural population),66.0,measured,source_ingest,2016.0,
Nigeria,2016,energy_poverty_electricity_urban (% of urban population),14.0,measured,source_ingest,2016.0,
Nigeria,2016,energy_poverty_multidimensional (% of total population),66.65,measured,source_ingest,2016.0,
Nigeria,2016,fossil_share_elec,77.531,measured,source_ingest,2016.0,
Nigeria,2016,gdp,1027896680223.0,measured,source_ingest,2016.0,
Nigeria,2016,greenhouse_gas_emissions,18.68,measured,source_ingest,2016.0,
Nigeria,2016,hydro_electricity,8.15,measured,source_ingest,2016.0,
Nigeria,2016,low_carbon_share_elec,22.469,measured,source_ingest,2016.0,
Nigeria,2016,population,195443698.0,measured,source_ingest,2016.0,
Nigeria,2016,renewables_electricity,8.21,measured,source_ingest,2016.0,
Nigeria,2016,renewables_share_elec,22.469,measured,source_ingest,2016.0,
Nigeria,2016,solar_electricity,0.03,measured,source_ingest,2016.0,
Nigeria,2016,wind_electricity,0.0,measured,source_ingest,2016.0,
Nigeria,2017,Access to Clean Fuels and Technologies for cooking (% of total population),9.7,measured,source_ingest,2017.0,
Nigeria,2017,Access to electricity (% of total population),54.4,measured,source_ingest,2017.0,
Nigeria,2017,Population growth (annual %),2.43170936923065,measured,source_ingest,2017.0,
Nigeria,2017,carbon_intensity_elec,500.0,measured,source_ingest,2017.0,
Nigeria,2017,electricity_demand (TWh),29.78,measured,source_ingest,2017.0,
Nigeria,2017,electricity_generation (TWh),32.24,measured,source_ingest,2017.0,
Nigeria,2017,energy_poverty_electricity (% of total population),45.6,derived,one_minus_access,2017.0,
Nigeria,2017,energy_poverty_electricity_rural (% of rural population),77.4,measured,source_ingest,2017.0,
Nigeria,2017,energy_poverty_electricity_urban (% of urban population),13.200000000000003,measured,source_ingest,2017.0,
Nigeria,2017,energy_poverty_multidimensional (% of total population),67.95,measured,source_ingest,2017.0,
Nigeria,2017,fossil_share_elec,75.806,measured,source_ingest,2017.0,
Nigeria,2017,gdp,1036180414988.0,measured,source_ingest,2017.0,
Nigeria,2017,greenhouse_gas_emissions,16.12,measured,source_ingest,2017.0,
Nigeria,2017,hydro_electricity,7.75,measured,source_ingest,2017.0,
Nigeria,2017,low_carbon_share_elec,24.194,measured,source_ingest,2017.0,
Nigeria,2017,population,200254580.0,measured,source_ingest,2017.0,
Nigeria,2017,renewables_electricity,7.8,measured,source_ingest,2017.0,
Nigeria,2017,renewables_share_elec,24.194,measured,source_ingest,2017.0,
Nigeria,2017,solar_electricity,0.03,measured,source_ingest,2017.0,
Nigeria,2017,wind_electricity,0.0,measured,source_ingest,2017.0,
Nigeria,2018,Access to Clean Fuels and Technologies for cooking (% of total population),12.5,measured,source_ingest,2018.0,
Nigeria,2018,Access to electricity (% of total population),56.5,measured,source_ingest,2018.0,
Nigeria,2018,Population growth (annual %),2.31217263003389,measured,source_ingest,2018.0,
Nigeria,2018,carbon_intensity_elec,519.48,measured,source_ingest,2018.0,
Nigeria,2018,electricity_demand (TWh),33.71,measured,source_ingest,2018.0,
Nigeria,2018,electricity_generation (TWh),36.71,measured,source_ingest,2018.0,
Nigeria,2018,energy_poverty_electricity (% of total population),43.5,derived,one_minus_access,2018.0,
Nigeria,2018,energy_poverty_electricity_rural (% of rural population),69.0,measured,source_ingest,2018.0,
Nigeria,2018,energy_poverty_electricity_urban (% of urban population),18.299999999999997,measured,source_ingest,2018.0,
Nigeria,2018,energy_poverty_multidimensional (% of total population),65.5,measured,source_ingest,2018.0,
Nigeria,2018,fossil_share_elec,78.834,measured,source_ingest,2018.0,
Nigeria,2018,gdp,1056103594567.0,measured,source_ingest,2018.0,
Nigeria,2018,greenhouse_gas_emissions,19.07,measured,source_ingest,2018.0,
Nigeria,2018,hydro_electricity,7.7,measured,source_ingest,2018.0,
Nigeria,2018,low_carbon_share_elec,21.166,measured,source_ingest,2018.0,
Nigeria,2018,population,204938752.0,measured,source_ingest,2018.0,
Nigeria,2018,renewables_electricity,7.77,measured,source_ingest,2018.0,
Nigeria,2018,renewables_share_elec,21.166,measured,source_ingest,2018.0,
Nigeria,2018,solar_electricity,0.04,measured,source_ingest,2018.0,
Nigeria,2018,wind_electricity,0.0,measured,source_ingest,2018.0,
Nigeria,2019,Access to Clean Fuels and Technologies for cooking (% of total population),15.7,measured,source_ingest,2019.0,
Nigeria,2019,Access to electricity (% of total population),55.4,measured,source_ingest,2019.0,
Nigeria,2019,Population growth (annual %),2.1944019229433,measured,source_ingest,2019.0,
Nigeria,2019,carbon_intensity_elec,505.76,measured,source_ingest,2019.0,
Nigeria,2019,electricity_demand (TWh),34.13,measured,source_ingest,2019.0,
Nigeria,2019,electricity_generation (TWh),36.46,measured,source_ingest,2019.0,
Nigeria,2019,energy_poverty_electricity (% of total population),44.6,derived,one_minus_access,2019.0,
Nigeria,2019,energy_poverty_electricity_rural (% of rural population),74.5,measured,source_ingest,2019.0,
Nigeria,2019,energy_poverty_electricity_urban (% of urban population),16.099999999999994,measured,source_ingest,2019.0,
Nigeria,2019,energy_poverty_multidimensional (% of total population),64.45,measured,source_ingest,2019.0,
Nigeria,2019,fossil_share_elec,76.659,measured,source_ingest,2019.0,
Nigeria,2019,gdp,1079426893318.0,measured,source_ingest,2019.0,
Nigeria,2019,greenhouse_gas_emissions,18.44,measured,source_ingest,2019.0,
Nigeria,2019,hydro_electricity,8.43,measured,source_ingest,2019.0,
Nigeria,2019,low_carbon_share_elec,23.341,measured,source_ingest,2019.0,
Nigeria,2019,population,209485637.0,measured,source_ingest,2019.0,
Nigeria,2019,renewables_electricity,8.51,measured,source_ingest,2019.0,
Nigeria,2019,renewables_share_elec,23.341,measured,source_ingest,2019.0,
Nigeria,2019,solar_electricity,0.05,measured,source_ingest,2019.0,
Nigeria,2019,wind_electricity,0.0,measured,source_ingest,2019.0,
Nigeria,2020,Access to Clean Fuels and Technologies for cooking (% of total population),18.9,measured,source_ingest,2020.0,
Nigeria,2020,Access to electricity (% of total population),55.4,measured,source_ingest,2020.0,
Nigeria,2020,Population growth (annual %),2.13029714344341,measured,source_ingest,2020.0,
Nigeria,2020,carbon_intensity_elec,523.42,measured,source_ingest,2020.0,
Nigeria,2020,electricity_demand (TWh),34.99,measured,source_ingest,2020.0,
Nigeria,2020,electricity_generation (TWh),38.0,measured,source_ingest,2020.0,
Nigeria,2020,energy_poverty_electricity (% of total population),44.6,derived,one_minus_access,2020.0,
Nigeria,2020,energy_poverty_electricity_rural (% of rural population),75.4,measured,source_ingest,2020.0,
Nigeria,2020,energy_poverty_electricity_urban (% of urban population),16.099999999999994,measured,source_ingest,2020.0,
Nigeria,2020,energy_poverty_multidimensional (% of total population),62.85,measured,source_ingest,2020.0,
Nigeria,2020,fossil_share_elec,79.447,measured,source_ingest,2020.0,
Nigeria,2020,gdp,1060059201469.0,measured,source_ingest,2020.0,
Nigeria,2020,greenhouse_gas_emissions,19.89,measured,source_ingest,2020.0,
Nigeria,2020,hydro_electricity,7.69,measured,source_ingest,2020.0,
Nigeria,2020,low_carbon_share_elec,20.553,measured,source_ingest,2020.0,
Nigeria,2020,population,213996185.0,measured,source_ingest,2020.0,
Nigeria,2020,renewables_electricity,7.81,measured,source_ingest,2020.0,
Nigeria,2020,renewables_share_elec,20.553,measured,source_ingest,2020.0,
Nigeria,2020,solar_electricity,0.08,measured,source_ingest,2020.0,
Nigeria,2020,wind_electricity,0.0,measured,source_ingest,2020.0,
Nigeria,2021,Access to Clean Fuels and Technologies for cooking (% of total population),21.85,measured,source_ingest,2021.0,
Nigeria,2021,Access to electricity (% of total population),59.5,measured,source_ingest,2021.0,
Nigeria,2021,Population growth (annual %),2.09618685225463,measured,source_ingest,2021.0,
Nigeria,2021,carbon_intensity_elec,522.7,measured,source_ingest,2021.0,
Nigeria,2021,electricity_demand (TWh),36.14,measured,source_ingest,2021.0,
Nigeria,2021,electricity_generation (TWh),39.2,measured,source_ingest,2021.0,
Nigeria,2021,energy_poverty_electricity (% of total population),40.5,derived,one_minus_access,2021.0,
Nigeria,2021,energy_poverty_electricity_rural (% of rural population),73.7,measured,source_ingest,2021.0,
Nigeria,2021,energy_poverty_electricity_urban (% of urban population),10.799999999999997,measured,source_ingest,2021.0,
Nigeria,2021,energy_poverty_multidimensional (% of total population),59.325,measured,source_ingest,2021.0,
Nigeria,2021,fossil_share_elec,79.337,measured,source_ingest,2021.0,
Nigeria,2021,gdp,1098721596994.0,measured,source_ingest,2021.0,
Nigeria,2021,greenhouse_gas_emissions,20.49,measured,source_ingest,2021.0,
Nigeria,2021,hydro_electricity,7.94,measured,source_ingest,2021.0,
Nigeria,2021,low_carbon_share_elec,20.663,measured,source_ingest,2021.0,
Nigeria,2021,population,218529286.0,measured,source_ingest,2021.0,
Nigeria,2021,renewables_electricity,8.1,measured,source_ingest,2021.0,
Nigeria,2021,renewables_share_elec,20.663,measured,source_ingest,2021.0,
Nigeria,2021,solar_electricity,0.1,measured,source_ingest,2021.0,
Nigeria,2021,wind_electricity,0.0,measured,source_ingest,2021.0,
Nigeria,2022,Access to Clean Fuels and Technologies for cooking (% of total population),24.4,measured,source_ingest,2022.0,
Nigeria,2022,Access to electricity (% of total population),60.5,measured,source_ingest,2022.0,
Nigeria,2022,Population growth (annual %),2.09281687128387,measured,source_ingest,2022.0,
Nigeria,2022,carbon_intensity_elec,497.37,measured,source_ingest,2022.0,
Nigeria,2022,electricity_demand (TWh),35.57,measured,source_ingest,2022.0,
Nigeria,2022,electricity_generation (TWh),38.0,measured,source_ingest,2022.0,
Nigeria,2022,energy_poverty_electricity (% of total population),39.5,derived,one_minus_access,2022.0,
Nigeria,2022,energy_poverty_electricity_rural (% of rural population),73.0,measured,source_ingest,2022.0,
Nigeria,2022,energy_poverty_electricity_urban (% of urban population),11.0,measured,source_ingest,2022.0,
Nigeria,2022,energy_poverty_multidimensional (% of total population),57.55,measured,source_ingest,2022.0,
Nigeria,2022,fossil_share_elec,75.289,measured,source_ingest,2022.0,
Nigeria,2022,gdp,1134448580250.0,measured,source_ingest,2022.0,
Nigeria,2022,greenhouse_gas_emissions,18.9,measured,source_ingest,2022.0,
Nigeria,2022,hydro_electricity,9.23,measured,source_ingest,2022.0,
Nigeria,2022,low_carbon_share_elec,24.711,measured,source_ingest,2022.0,
Nigeria,2022,population,223150906.0,measured,source_ingest,2022.0,
Nigeria,2022,renewables_electricity,9.39,measured,source_ingest,2022.0,
Nigeria,2022,renewables_share_elec,24.711,measured,source_ingest,2022.0,
Nigeria,2022,solar_electricity,0.1,measured,source_ingest,2022.0,
Nigeria,2022,wind_electricity,0.0,measured,source_ingest,2022.0,
Nigeria,2023,Access to Clean Fuels and Technologies for cooking (% of total population),26.2,measured,source_ingest,2023.0,
Nigeria,2023,Access to electricity (% of total population),61.2,measured,source_ingest,2023.0,
Nigeria,2023,Population growth (annual %),2.09838916935738,measured,source_ingest,2023.0,
Nigeria,2023,carbon_intensity_elec,510.26,measured,source_ingest,2023.0,
Nigeria,2023,electricity_demand (TWh),38.6,measured,source_ingest,2023.0,
Nigeria,2023,electricity_generation (TWh),40.92,measured,source_ingest,2023.0,
Nigeria,2023,energy_poverty_electricity (% of total population),38.8,derived,one_minus_access,2023.0,
Nigeria,2023,energy_poverty_electricity_rural (% of rural population),67.1,measured,source_ingest,2023.0,
Nigeria,2023,energy_poverty_electricity_urban (% of urban population),15.0,measured,source_ingest,2023.0,
Nigeria,2023,energy_poverty_multidimensional (% of total population),56.3,measured,source_ingest,2023.0,
Nigeria,2023,fossil_share_elec,77.322,measured,source_ingest,2023.0,
Nigeria,2023,gdp,1151463892165.321,estimated,dampened_exponential_log_linear,2022.0,0.87400137259714
Nigeria,2023,greenhouse_gas_emissions,20.88,measured,source_ingest,2023.0,
Nigeria,2023,hydro_electricity,9.11,measured,source_ingest,2023.0,
Nigeria,2023,low_carbon_share_elec,22.678,measured,source_ingest,2023.0,
Nigeria,2023,population,227882949.0,measured,source_ingest,2023.0,
Nigeria,2023,renewables_electricity,9.28,measured,source_ingest,2023.0,
Nigeria,2023,renewables_share_elec,22.678,measured,source_ingest,2023.0,
Nigeria,2023,solar_electricity,0.11,measured,source_ingest,2023.0,
Nigeria,2023,wind_electricity,0.0,measured,source_ingest,2023.0,
Nigeria,2024,Access to Clean Fuels and Technologies for cooking (% of total population),29.742857142858156,estimated,linear_projection,2023.0,0.9959211167495063
Nigeria,2024,Access to electricity (% of total population),62.5,measured,source_ingest,2024.0,
Nigeria,2024,Population growth (annual %),2.08297776184189,measured,source_ingest,2024.0,
Nigeria,2024,carbon_intensity_elec,495.74,measured,source_ingest,2024.0,
Nigeria,2024,electricity_demand (TWh),35.26,measured,source_ingest,2024.0,
Nigeria,2024,electricity_generation (TWh),37.56,measured,source_ingest,2024.0,
Nigeria,2024,energy_poverty_electricity (% of total population),37.5,derived,one_minus_access,2024.0,
Nigeria,2024,energy_poverty_electricity_rural (% of rural population),76.5,measured,source_ingest,2024.0,
Nigeria,2024,energy_poverty_electricity_urban (% of urban population),14.5,measured,source_ingest,2024.0,
Nigeria,2024,energy_poverty_multidimensional (% of total population),54.82678571428596,measured,source_ingest,2024.0,
Nigeria,2024,fossil_share_elec,75.0,measured,source_ingest,2024.0,
Nigeria,2024,gdp,1168734412509.315,estimated,dampened_exponential_log_linear,2022.0,0.87400137259714
Nigeria,2024,greenhouse_gas_emissions,18.62,measured,source_ingest,2024.0,
Nigeria,2024,hydro_electricity,9.2,measured,source_ingest,2024.0,
Nigeria,2024,low_carbon_share_elec,25.0,measured,source_ingest,2024.0,
Nigeria,2024,population,232679482.0,measured,source_ingest,2024.0,
Nigeria,2024,renewables_electricity,9.39,measured,source_ingest,2024.0,
Nigeria,2024,renewables_share_elec,25.0,measured,source_ingest,2024.0,
Nigeria,2024,solar_electricity,0.13,measured,source_ingest,2024.0,
Nigeria,2024,wind_electricity,0.0,measured,source_ingest,2024.0,
Nigeria,2025,Access to Clean Fuels and Technologies for cooking (% of total population),32.556547619048615,estimated,linear_projection,2023.0,0.9959211167495063
Nigeria,2025,Access to electricity (% of total population),62.06412033053224,estimated,logistic_logit_linear,2024.0,0.5021156254642092
Nigeria,2025,Population growth (annual %),2.06227178599451,measured,source_ingest,2025.0,
Nigeria,2025,carbon_intensity_elec,455.71,measured,source_ingest,2025.0,
Nigeria,2025,electricity_demand (TWh),39.24,measured,source_ingest,2025.0,
Nigeria,2025,electricity_generation (TWh),41.54,measured,source_ingest,2025.0,
Nigeria,2025,energy_poverty_electricity (% of total population),37.93587966946776,estimated,one_minus_access,2024.0,
Nigeria,2025,energy_poverty_electricity_rural (% of rural population),74.03611111111115,estimated,linear_projection,2024.0,0.04051350087102168
Nigeria,2025,energy_poverty_electricity_urban (% of urban population),13.291666666666686,estimated,linear_projection,2024.0,0.05489390106801273
Nigeria,2025,energy_poverty_multidimensional (% of total population),53.10565476190504,measured,source_ingest,2025.0,
Nigeria,2025,fossil_share_elec,68.681,measured,source_ingest,2025.0,
Nigeria,2025,gdp,1170475647883.368,estimated,dampened_exponential_log_linear,2022.0,0.87400137259714
Nigeria,2025,greenhouse_gas_emissions,18.93,measured,source_ingest,2025.0,
Nigeria,2025,hydro_electricity,12.82,measured,source_ingest,2025.0,
Nigeria,2025,low_carbon_share_elec,31.319,measured,source_ingest,2025.0,
Nigeria,2025,population,237527788.0,measured,source_ingest,2025.0,
Nigeria,2025,renewables_electricity,13.01,measured,source_ingest,2025.0,
Nigeria,2025,renewables_share_elec,31.319,measured,source_ingest,2025.0,
Nigeria,2025,solar_electricity,0.13,measured,source_ingest,2025.0,
Nigeria,2025,wind_electricity,0.0,measured,source_ingest,2025.0,
Rwanda,2016,Access to Clean Fuels and Technologies for cooking (% of total population),1.3,measured,source_ingest,2016.0,
Rwanda,2016,Access to electricity (% of total population),29.4,measured,source_ingest,2016.0,
Rwanda,2016,Population growth (annual %),2.36997866838859,measured,source_ingest,2016.0,
Rwanda,2016,carbon_intensity_elec,343.75,measured,source_ingest,2016.0,
Rwanda,2016,electricity_demand (TWh),0.71,measured,source_ingest,2016.0,
Rwanda,2016,electricity_generation (TWh),0.64,measured,source_ingest,2016.0,
Rwanda,2016,energy_poverty_electricity (% of total population),70.6,derived,one_minus_access,2016.0,
Rwanda,2016,energy_poverty_electricity_rural (% of rural population),81.0,measured,source_ingest,2016.0,
Rwanda,2016,energy_poverty_electricity_urban (% of urban population),20.0,measured,source_ingest,2016.0,
Rwanda,2016,energy_poverty_multidimensional (% of total population),84.65,measured,source_ingest,2016.0,
Rwanda,2016,fossil_share_elec,50.0,measured,source_ingest,2016.0,
Rwanda,2016,gdp,20135193148.0,measured,source_ingest,2016.0,
Rwanda,2016,greenhouse_gas_emissions,0.22,measured,source_ingest,2016.0,
Rwanda,2016,hydro_electricity,0.3,measured,source_ingest,2016.0,
Rwanda,2016,low_carbon_share_elec,50.0,measured,source_ingest,2016.0,
Rwanda,2016,population,11919183.0,measured,source_ingest,2016.0,
Rwanda,2016,renewables_electricity,0.32,measured,source_ingest,2016.0,
Rwanda,2016,renewables_share_elec,50.0,measured,source_ingest,2016.0,
Rwanda,2016,solar_electricity,0.02,measured,source_ingest,2016.0,
Rwanda,2016,wind_electricity,0.0,measured,source_ingest,2016.0,
Rwanda,2017,Access to Clean Fuels and Technologies for cooking (% of total population),1.7,measured,source_ingest,2017.0,
Rwanda,2017,Access to electricity (% of total population),34.1,measured,source_ingest,2017.0,
Rwanda,2017,Population growth (annual %),2.34556709244995,measured,source_ingest,2017.0,
Rwanda,2017,carbon_intensity_elec,353.85,measured,source_ingest,2017.0,
Rwanda,2017,electricity_demand (TWh),0.72,measured,source_ingest,2017.0,
Rwanda,2017,electricity_generation (TWh),0.65,measured,source_ingest,2017.0,
Rwanda,2017,energy_poverty_electricity (% of total population),65.9,derived,one_minus_access,2017.0,
Rwanda,2017,energy_poverty_electricity_rural (% of rural population),76.4,measured,source_ingest,2017.0,
Rwanda,2017,energy_poverty_electricity_urban (% of urban population),15.200000000000003,measured,source_ingest,2017.0,
Rwanda,2017,energy_poverty_multidimensional (% of total population),82.1,measured,source_ingest,2017.0,
Rwanda,2017,fossil_share_elec,53.846,measured,source_ingest,2017.0,
Rwanda,2017,gdp,20935170126.0,measured,source_ingest,2017.0,
Rwanda,2017,greenhouse_gas_emissions,0.23,measured,source_ingest,2017.0,
Rwanda,2017,hydro_electricity,0.28,measured,source_ingest,2017.0,
Rwanda,2017,low_carbon_share_elec,46.154,measured,source_ingest,2017.0,
Rwanda,2017,population,12202062.0,measured,source_ingest,2017.0,
Rwanda,2017,renewables_electricity,0.3,measured,source_ingest,2017.0,
Rwanda,2017,renewables_share_elec,46.154,measured,source_ingest,2017.0,
Rwanda,2017,solar_electricity,0.02,measured,source_ingest,2017.0,
Rwanda,2017,wind_electricity,0.0,measured,source_ingest,2017.0,
Rwanda,2018,Access to Clean Fuels and Technologies for cooking (% of total population),2.4,measured,source_ingest,2018.0,
Rwanda,2018,Access to electricity (% of total population),38.0,measured,source_ingest,2018.0,
Rwanda,2018,Population growth (annual %),2.31630729613291,measured,source_ingest,2018.0,
Rwanda,2018,carbon_intensity_elec,390.24,measured,source_ingest,2018.0,
Rwanda,2018,electricity_demand (TWh),0.91,measured,source_ingest,2018.0,
Rwanda,2018,electricity_generation (TWh),0.82,measured,source_ingest,2018.0,
Rwanda,2018,energy_poverty_electricity (% of total population),62.0,derived,one_minus_access,2018.0,
Rwanda,2018,energy_poverty_electricity_rural (% of rural population),72.0,measured,source_ingest,2018.0,
Rwanda,2018,energy_poverty_electricity_urban (% of urban population),14.200000000000003,measured,source_ingest,2018.0,
Rwanda,2018,energy_poverty_multidimensional (% of total population),79.8,measured,source_ingest,2018.0,
Rwanda,2018,fossil_share_elec,58.537,measured,source_ingest,2018.0,
Rwanda,2018,gdp,22730987759.0,measured,source_ingest,2018.0,
Rwanda,2018,greenhouse_gas_emissions,0.32,measured,source_ingest,2018.0,
Rwanda,2018,hydro_electricity,0.31,measured,source_ingest,2018.0,
Rwanda,2018,low_carbon_share_elec,41.463,measured,source_ingest,2018.0,
Rwanda,2018,population,12488000.0,measured,source_ingest,2018.0,
Rwanda,2018,renewables_electricity,0.34,measured,source_ingest,2018.0,
Rwanda,2018,renewables_share_elec,41.463,measured,source_ingest,2018.0,
Rwanda,2018,solar_electricity,0.03,measured,source_ingest,2018.0,
Rwanda,2018,wind_electricity,0.0,measured,source_ingest,2018.0,
Rwanda,2019,Access to Clean Fuels and Technologies for cooking (% of total population),3.3,measured,source_ingest,2019.0,
Rwanda,2019,Access to electricity (% of total population),46.6,measured,source_ingest,2019.0,
Rwanda,2019,Population growth (annual %),2.28086099658628,measured,source_ingest,2019.0,
Rwanda,2019,carbon_intensity_elec,329.41,measured,source_ingest,2019.0,
Rwanda,2019,electricity_demand (TWh),0.88,measured,source_ingest,2019.0,
Rwanda,2019,electricity_generation (TWh),0.85,measured,source_ingest,2019.0,
Rwanda,2019,energy_poverty_electricity (% of total population),53.4,derived,one_minus_access,2019.0,
Rwanda,2019,energy_poverty_electricity_rural (% of rural population),61.7,measured,source_ingest,2019.0,
Rwanda,2019,energy_poverty_electricity_urban (% of urban population),13.599999999999994,measured,source_ingest,2019.0,
Rwanda,2019,energy_poverty_multidimensional (% of total population),75.05,measured,source_ingest,2019.0,
Rwanda,2019,fossil_share_elec,49.412,measured,source_ingest,2019.0,
Rwanda,2019,gdp,24883378782.0,measured,source_ingest,2019.0,
Rwanda,2019,greenhouse_gas_emissions,0.28,measured,source_ingest,2019.0,
Rwanda,2019,hydro_electricity,0.4,measured,source_ingest,2019.0,
Rwanda,2019,low_carbon_share_elec,50.588,measured,source_ingest,2019.0,
Rwanda,2019,population,12776102.0,measured,source_ingest,2019.0,
Rwanda,2019,renewables_electricity,0.43,measured,source_ingest,2019.0,
Rwanda,2019,renewables_share_elec,50.588,measured,source_ingest,2019.0,
Rwanda,2019,solar_electricity,0.03,measured,source_ingest,2019.0,
Rwanda,2019,wind_electricity,0.0,measured,source_ingest,2019.0,
Rwanda,2020,Access to Clean Fuels and Technologies for cooking (% of total population),4.3,measured,source_ingest,2020.0,
Rwanda,2020,Access to electricity (% of total population),45.2,measured,source_ingest,2020.0,
Rwanda,2020,Population growth (annual %),2.24244883430144,measured,source_ingest,2020.0,
Rwanda,2020,carbon_intensity_elec,247.19,measured,source_ingest,2020.0,
Rwanda,2020,electricity_demand (TWh),0.91,measured,source_ingest,2020.0,
Rwanda,2020,electricity_generation (TWh),0.89,measured,source_ingest,2020.0,
Rwanda,2020,energy_poverty_electricity (% of total population),54.8,derived,one_minus_access,2020.0,
Rwanda,2020,energy_poverty_electricity_rural (% of rural population),65.1,measured,source_ingest,2020.0,
Rwanda,2020,energy_poverty_electricity_urban (% of urban population),6.099999999999994,measured,source_ingest,2020.0,
Rwanda,2020,energy_poverty_multidimensional (% of total population),75.25,measured,source_ingest,2020.0,
Rwanda,2020,fossil_share_elec,37.079,measured,source_ingest,2020.0,
Rwanda,2020,gdp,24048043469.0,measured,source_ingest,2020.0,
Rwanda,2020,greenhouse_gas_emissions,0.22,measured,source_ingest,2020.0,
Rwanda,2020,hydro_electricity,0.53,measured,source_ingest,2020.0,
Rwanda,2020,low_carbon_share_elec,62.921,measured,source_ingest,2020.0,
Rwanda,2020,population,13065838.0,measured,source_ingest,2020.0,
Rwanda,2020,renewables_electricity,0.56,measured,source_ingest,2020.0,
Rwanda,2020,renewables_share_elec,62.921,measured,source_ingest,2020.0,
Rwanda,2020,solar_electricity,0.03,measured,source_ingest,2020.0,
Rwanda,2020,wind_electricity,0.0,measured,source_ingest,2020.0,
Rwanda,2021,Access to Clean Fuels and Technologies for cooking (% of total population),5.7,measured,source_ingest,2021.0,
Rwanda,2021,Access to electricity (% of total population),48.7,measured,source_ingest,2021.0,
Rwanda,2021,Population growth (annual %),2.1909353521865,measured,source_ingest,2021.0,
Rwanda,2021,carbon_intensity_elec,280.0,measured,source_ingest,2021.0,
Rwanda,2021,electricity_demand (TWh),1.02,measured,source_ingest,2021.0,
Rwanda,2021,electricity_generation (TWh),1.0,measured,source_ingest,2021.0,
Rwanda,2021,energy_poverty_electricity (% of total population),51.3,derived,one_minus_access,2021.0,
Rwanda,2021,energy_poverty_electricity_rural (% of rural population),61.8,measured,source_ingest,2021.0,
Rwanda,2021,energy_poverty_electricity_urban (% of urban population),2.0,measured,source_ingest,2021.0,
Rwanda,2021,energy_poverty_multidimensional (% of total population),72.8,measured,source_ingest,2021.0,
Rwanda,2021,fossil_share_elec,41.0,measured,source_ingest,2021.0,
Rwanda,2021,gdp,26663035281.0,measured,source_ingest,2021.0,
Rwanda,2021,greenhouse_gas_emissions,0.28,measured,source_ingest,2021.0,
Rwanda,2021,hydro_electricity,0.55,measured,source_ingest,2021.0,
Rwanda,2021,low_carbon_share_elec,59.0,measured,source_ingest,2021.0,
Rwanda,2021,population,13355260.0,measured,source_ingest,2021.0,
Rwanda,2021,renewables_electricity,0.59,measured,source_ingest,2021.0,
Rwanda,2021,renewables_share_elec,59.0,measured,source_ingest,2021.0,
Rwanda,2021,solar_electricity,0.04,measured,source_ingest,2021.0,
Rwanda,2021,wind_electricity,0.0,measured,source_ingest,2021.0,
Rwanda,2022,Access to Clean Fuels and Technologies for cooking (% of total population),7.3,measured,source_ingest,2022.0,
Rwanda,2022,Access to electricity (% of total population),50.6,measured,source_ingest,2022.0,
Rwanda,2022,Population growth (annual %),2.19046619232976,measured,source_ingest,2022.0,
Rwanda,2022,carbon_intensity_elec,288.46,measured,source_ingest,2022.0,
Rwanda,2022,electricity_demand (TWh),1.06,measured,source_ingest,2022.0,
Rwanda,2022,electricity_generation (TWh),1.04,measured,source_ingest,2022.0,
Rwanda,2022,energy_poverty_electricity (% of total population),49.4,derived,one_minus_access,2022.0,
Rwanda,2022,energy_poverty_electricity_rural (% of rural population),61.8,measured,source_ingest,2022.0,
Rwanda,2022,energy_poverty_electricity_urban (% of urban population),2.0,measured,source_ingest,2022.0,
Rwanda,2022,energy_poverty_multidimensional (% of total population),71.05,measured,source_ingest,2022.0,
Rwanda,2022,fossil_share_elec,42.308,measured,source_ingest,2022.0,
Rwanda,2022,gdp,28466253314.0,measured,source_ingest,2022.0,
Rwanda,2022,greenhouse_gas_emissions,0.3,measured,source_ingest,2022.0,
Rwanda,2022,hydro_electricity,0.56,measured,source_ingest,2022.0,
Rwanda,2022,low_carbon_share_elec,57.692,measured,source_ingest,2022.0,
Rwanda,2022,population,13651025.0,measured,source_ingest,2022.0,
Rwanda,2022,renewables_electricity,0.6,measured,source_ingest,2022.0,
Rwanda,2022,renewables_share_elec,57.692,measured,source_ingest,2022.0,
Rwanda,2022,solar_electricity,0.04,measured,source_ingest,2022.0,
Rwanda,2022,wind_electricity,0.0,measured,source_ingest,2022.0,
Rwanda,2023,Access to Clean Fuels and Technologies for cooking (% of total population),9.3,measured,source_ingest,2023.0,
Rwanda,2023,Access to electricity (% of total population),63.9,measured,source_ingest,2023.0,
Rwanda,2023,Population growth (annual %),2.1984982050137,measured,source_ingest,2023.0,
Rwanda,2023,carbon_intensity_elec,354.55,measured,source_ingest,2023.0,
Rwanda,2023,electricity_demand (TWh),1.2,measured,source_ingest,2023.0,
Rwanda,2023,electricity_generation (TWh),1.1,measured,source_ingest,2023.0,
Rwanda,2023,energy_poverty_electricity (% of total population),36.1,derived,one_minus_access,2023.0,
Rwanda,2023,energy_poverty_electricity_rural (% of rural population),42.1,measured,source_ingest,2023.0,
Rwanda,2023,energy_poverty_electricity_urban (% of urban population),0.09999999999999432,measured,source_ingest,2023.0,
Rwanda,2023,energy_poverty_multidimensional (% of total population),63.4,measured,source_ingest,2023.0,
Rwanda,2023,fossil_share_elec,50.909,measured,source_ingest,2023.0,
Rwanda,2023,gdp,30117425933.32164,estimated,dampened_exponential_log_linear,2022.0,0.9514296173522542
Rwanda,2023,greenhouse_gas_emissions,0.39,measured,source_ingest,2023.0,
Rwanda,2023,hydro_electricity,0.5,measured,source_ingest,2023.0,
Rwanda,2023,low_carbon_share_elec,49.091,measured,source_ingest,2023.0,
Rwanda,2023,population,13954473.0,measured,source_ingest,2023.0,
Rwanda,2023,renewables_electricity,0.54,measured,source_ingest,2023.0,
Rwanda,2023,renewables_share_elec,49.091,measured,source_ingest,2023.0,
Rwanda,2023,solar_electricity,0.04,measured,source_ingest,2023.0,
Rwanda,2023,wind_electricity,0.0,measured,source_ingest,2023.0,
Rwanda,2024,Access to Clean Fuels and Technologies for cooking (% of total population),9.496428571428169,estimated,linear_projection,2023.0,0.9533770958975933
Rwanda,2024,Access to electricity (% of total population),72.0,measured,source_ingest,2024.0,
Rwanda,2024,Population growth (annual %),2.14176839550509,measured,source_ingest,2024.0,
Rwanda,2024,carbon_intensity_elec,353.98,measured,source_ingest,2024.0,
Rwanda,2024,electricity_demand (TWh),1.22,measured,source_ingest,2024.0,
Rwanda,2024,electricity_generation (TWh),1.13,measured,source_ingest,2024.0,
Rwanda,2024,energy_poverty_electricity (% of total population),28.0,derived,one_minus_access,2024.0,
Rwanda,2024,energy_poverty_electricity_rural (% of rural population),34.8,measured,source_ingest,2024.0,
Rwanda,2024,energy_poverty_electricity_urban (% of urban population),12.0,measured,source_ingest,2024.0,
Rwanda,2024,energy_poverty_multidimensional (% of total population),63.4696428571433,measured,source_ingest,2024.0,
Rwanda,2024,fossil_share_elec,50.442,measured,source_ingest,2024.0,
Rwanda,2024,gdp,31864374100.929314,estimated,dampened_exponential_log_linear,2022.0,0.9514296173522542
Rwanda,2024,greenhouse_gas_emissions,0.4,measured,source_ingest,2024.0,
Rwanda,2024,hydro_electricity,0.52,measured,source_ingest,2024.0,
Rwanda,2024,low_carbon_share_elec,49.558,measured,source_ingest,2024.0,
Rwanda,2024,population,14256573.0,measured,source_ingest,2024.0,
Rwanda,2024,renewables_electricity,0.56,measured,source_ingest,2024.0,
Rwanda,2024,renewables_share_elec,49.558,measured,source_ingest,2024.0,
Rwanda,2024,solar_electricity,0.04,measured,source_ingest,2024.0,
Rwanda,2024,wind_electricity,0.0,measured,source_ingest,2024.0,
Rwanda,2025,Access to Clean Fuels and Technologies for cooking (% of total population),10.626190476190004,estimated,linear_projection,2023.0,0.9533770958975933
Rwanda,2025,Access to electricity (% of total population),71.3146011311291,estimated,logistic_logit_linear,2024.0,0.9234797935097686
Rwanda,2025,Population growth (annual %),2.17017465948949,measured,source_ingest,2025.0,
Rwanda,2025,carbon_intensity_elec,350.20272575085727,estimated,dampened_exponential_log_linear,2024.0,0.040594661160362144
Rwanda,2025,electricity_demand (TWh),1.3073839258115465,estimated,dampened_exponential_log_linear,2024.0,0.9416712701255779
Rwanda,2025,electricity_generation (TWh),1.21780936277198,estimated,dampened_exponential_log_linear,2024.0,0.9445092056601996
Rwanda,2025,energy_poverty_electricity (% of total population),28.685398868870905,estimated,one_minus_access,2024.0,
Rwanda,2025,energy_poverty_electricity_rural (% of rural population),36.18888888888978,estimated,linear_projection,2024.0,0.8716863654128651
Rwanda,2025,energy_poverty_electricity_urban (% of urban population),0.02500000000009095,estimated,linear_projection,2024.0,0.5344695644932967
Rwanda,2025,energy_poverty_multidimensional (% of total population),60.79345238095266,measured,source_ingest,2025.0,
Rwanda,2025,fossil_share_elec,44.17758333333313,estimated,linear_projection,2024.0,0.10452963638242263
Rwanda,2025,gdp,32044547724.93035,estimated,dampened_exponential_log_linear,2022.0,0.9514296173522542
Rwanda,2025,greenhouse_gas_emissions,0.4264829692135493,estimated,dampened_exponential_log_linear,2024.0,0.6019553030019604
Rwanda,2025,hydro_electricity,0.5693578824793398,estimated,dampened_exponential_log_linear,2024.0,0.7508955414577974
Rwanda,2025,low_carbon_share_elec,55.82241666666687,estimated,linear_projection,2024.0,0.10452963638242263
Rwanda,2025,population,14569347.131633654,estimated,limit_year_population_growth_rate_exponential,2024.0,
Rwanda,2025,renewables_electricity,0.613290624919546,estimated,dampened_exponential_log_linear,2024.0,0.7686180206429313
Rwanda,2025,renewables_share_elec,55.82241666666687,estimated,linear_projection,2024.0,0.10452963638242263
Rwanda,2025,solar_electricity,0.04399740825121239,estimated,dampened_exponential_log_linear,2024.0,0.8413487763732359
Rwanda,2025,wind_electricity,,missing,no_history,,
Sao Tome and Principe,2016,Access to Clean Fuels and Technologies for cooking (% of total population),2.3,measured,source_ingest,2016.0,
Sao Tome and Principe,2016,Access to electricity (% of total population),69.4,measured,source_ingest,2016.0,
Sao Tome and Principe,2016,Population growth (annual %),1.6823011731644,measured,source_ingest,2016.0,
Sao Tome and Principe,2016,carbon_intensity_elec,636.36,measured,source_ingest,2016.0,
Sao Tome and Principe,2016,electricity_demand (TWh),0.11,measured,source_ingest,2016.0,
Sao Tome and Principe,2016,electricity_generation (TWh),0.11,measured,source_ingest,2016.0,
Sao Tome and Principe,2016,energy_poverty_electricity (% of total population),30.599999999999994,derived,one_minus_access,2016.0,
Sao Tome and Principe,2016,energy_poverty_electricity_rural (% of rural population),41.4,measured,source_ingest,2016.0,
Sao Tome and Principe,2016,energy_poverty_electricity_urban (% of urban population),26.299999999999997,measured,source_ingest,2016.0,
Sao Tome and Principe,2016,energy_poverty_multidimensional (% of total population),64.15,measured,source_ingest,2016.0,
Sao Tome and Principe,2016,fossil_share_elec,90.909,measured,source_ingest,2016.0,
Sao Tome and Principe,2016,gdp,718608950.0,measured,source_ingest,2016.0,
Sao Tome and Principe,2016,greenhouse_gas_emissions,0.07,measured,source_ingest,2016.0,
Sao Tome and Principe,2016,hydro_electricity,0.01,measured,source_ingest,2016.0,
Sao Tome and Principe,2016,low_carbon_share_elec,9.091,measured,source_ingest,2016.0,
Sao Tome and Principe,2016,population,203702.0,measured,source_ingest,2016.0,
Sao Tome and Principe,2016,renewables_electricity,0.01,measured,source_ingest,2016.0,
Sao Tome and Principe,2016,renewables_share_elec,9.091,measured,source_ingest,2016.0,
Sao Tome and Principe,2016,solar_electricity,0.0,measured,source_ingest,2016.0,
Sao Tome and Principe,2016,wind_electricity,0.0,measured,source_ingest,2016.0,
Sao Tome and Principe,2017,Access to Clean Fuels and Technologies for cooking (% of total population),2.6,measured,source_ingest,2017.0,
Sao Tome and Principe,2017,Access to electricity (% of total population),74.3,measured,source_ingest,2017.0,
Sao Tome and Principe,2017,Population growth (annual %),1.59795344333085,measured,source_ingest,2017.0,
Sao Tome and Principe,2017,carbon_intensity_elec,700.0,measured,source_ingest,2017.0,
Sao Tome and Principe,2017,electricity_demand (TWh),0.1,measured,source_ingest,2017.0,
Sao Tome and Principe,2017,electricity_generation (TWh),0.1,measured,source_ingest,2017.0,
Sao Tome and Principe,2017,energy_poverty_electricity (% of total population),25.700000000000003,derived,one_minus_access,2017.0,
Sao Tome and Principe,2017,energy_poverty_electricity_rural (% of rural population),23.799999999999997,measured,source_ingest,2017.0,
Sao Tome and Principe,2017,energy_poverty_electricity_urban (% of urban population),26.5,measured,source_ingest,2017.0,
Sao Tome and Principe,2017,energy_poverty_multidimensional (% of total population),61.55,measured,source_ingest,2017.0,
Sao Tome and Principe,2017,fossil_share_elec,100.0,measured,source_ingest,2017.0,
Sao Tome and Principe,2017,gdp,745271993.0,measured,source_ingest,2017.0,
Sao Tome and Principe,2017,greenhouse_gas_emissions,0.07,measured,source_ingest,2017.0,
Sao Tome and Principe,2017,hydro_electricity,0.0,measured,source_ingest,2017.0,
Sao Tome and Principe,2017,low_carbon_share_elec,0.0,measured,source_ingest,2017.0,
Sao Tome and Principe,2017,population,206986.0,measured,source_ingest,2017.0,
Sao Tome and Principe,2017,renewables_electricity,0.0,measured,source_ingest,2017.0,
Sao Tome and Principe,2017,renewables_share_elec,0.0,measured,source_ingest,2017.0,
Sao Tome and Principe,2017,solar_electricity,0.0,measured,source_ingest,2017.0,
Sao Tome and Principe,2017,wind_electricity,0.0,measured,source_ingest,2017.0,
Sao Tome and Principe,2018,Access to Clean Fuels and Technologies for cooking (% of total population),2.9,measured,source_ingest,2018.0,
Sao Tome and Principe,2018,Access to electricity (% of total population),71.0,measured,source_ingest,2018.0,
Sao Tome and Principe,2018,Population growth (annual %),1.54237554431048,measured,source_ingest,2018.0,
Sao Tome and Principe,2018,carbon_intensity_elec,700.0,measured,source_ingest,2018.0,
Sao Tome and Principe,2018,electricity_demand (TWh),0.1,measured,source_ingest,2018.0,
Sao Tome and Principe,2018,electricity_generation (TWh),0.1,measured,source_ingest,2018.0,
Sao Tome and Principe,2018,energy_poverty_electricity (% of total population),29.0,derived,one_minus_access,2018.0,
Sao Tome and Principe,2018,energy_poverty_electricity_rural (% of rural population),44.3,measured,source_ingest,2018.0,
Sao Tome and Principe,2018,energy_poverty_electricity_urban (% of urban population),23.299999999999997,measured,source_ingest,2018.0,
Sao Tome and Principe,2018,energy_poverty_multidimensional (% of total population),63.05,measured,source_ingest,2018.0,
Sao Tome and Principe,2018,fossil_share_elec,100.0,measured,source_ingest,2018.0,
Sao Tome and Principe,2018,gdp,768095622.0,measured,source_ingest,2018.0,
Sao Tome and Principe,2018,greenhouse_gas_emissions,0.07,measured,source_ingest,2018.0,
Sao Tome and Principe,2018,hydro_electricity,0.0,measured,source_ingest,2018.0,
Sao Tome and Principe,2018,low_carbon_share_elec,0.0,measured,source_ingest,2018.0,
Sao Tome and Principe,2018,population,210198.0,measured,source_ingest,2018.0,
Sao Tome and Principe,2018,renewables_electricity,0.0,measured,source_ingest,2018.0,
Sao Tome and Principe,2018,renewables_share_elec,0.0,measured,source_ingest,2018.0,
Sao Tome and Principe,2018,solar_electricity,0.0,measured,source_ingest,2018.0,
Sao Tome and Principe,2018,wind_electricity,0.0,measured,source_ingest,2018.0,
Sao Tome and Principe,2019,Access to Clean Fuels and Technologies for cooking (% of total population),3.2,measured,source_ingest,2019.0,
Sao Tome and Principe,2019,Access to electricity (% of total population),75.1,measured,source_ingest,2019.0,
Sao Tome and Principe,2019,Population growth (annual %),1.51332392108067,measured,source_ingest,2019.0,
Sao Tome and Principe,2019,carbon_intensity_elec,636.36,measured,source_ingest,2019.0,
Sao Tome and Principe,2019,electricity_demand (TWh),0.11,measured,source_ingest,2019.0,
Sao Tome and Principe,2019,electricity_generation (TWh),0.11,measured,source_ingest,2019.0,
Sao Tome and Principe,2019,energy_poverty_electricity (% of total population),24.900000000000006,derived,one_minus_access,2019.0,
Sao Tome and Principe,2019,energy_poverty_electricity_rural (% of rural population),31.799999999999997,measured,source_ingest,2019.0,
Sao Tome and Principe,2019,energy_poverty_electricity_urban (% of urban population),22.400000000000006,measured,source_ingest,2019.0,
Sao Tome and Principe,2019,energy_poverty_multidimensional (% of total population),60.85,measured,source_ingest,2019.0,
Sao Tome and Principe,2019,fossil_share_elec,90.909,measured,source_ingest,2019.0,
Sao Tome and Principe,2019,gdp,784993764.0,measured,source_ingest,2019.0,
Sao Tome and Principe,2019,greenhouse_gas_emissions,0.07,measured,source_ingest,2019.0,
Sao Tome and Principe,2019,hydro_electricity,0.01,measured,source_ingest,2019.0,
Sao Tome and Principe,2019,low_carbon_share_elec,9.091,measured,source_ingest,2019.0,
Sao Tome and Principe,2019,population,213405.0,measured,source_ingest,2019.0,
Sao Tome and Principe,2019,renewables_electricity,0.01,measured,source_ingest,2019.0,
Sao Tome and Principe,2019,renewables_share_elec,9.091,measured,source_ingest,2019.0,
Sao Tome and Principe,2019,solar_electricity,0.0,measured,source_ingest,2019.0,
Sao Tome and Principe,2019,wind_electricity,0.0,measured,source_ingest,2019.0,
Sao Tome and Principe,2020,Access to Clean Fuels and Technologies for cooking (% of total population),3.5,measured,source_ingest,2020.0,
Sao Tome and Principe,2020,Access to electricity (% of total population),76.8,measured,source_ingest,2020.0,
Sao Tome and Principe,2020,Population growth (annual %),1.87691054092554,measured,source_ingest,2020.0,
Sao Tome and Principe,2020,carbon_intensity_elec,636.36,measured,source_ingest,2020.0,
Sao Tome and Principe,2020,electricity_demand (TWh),0.11,measured,source_ingest,2020.0,
Sao Tome and Principe,2020,electricity_generation (TWh),0.11,measured,source_ingest,2020.0,
Sao Tome and Principe,2020,energy_poverty_electricity (% of total population),23.200000000000003,derived,one_minus_access,2020.0,
Sao Tome and Principe,2020,energy_poverty_electricity_rural (% of rural population),29.0,measured,source_ingest,2020.0,
Sao Tome and Principe,2020,energy_poverty_electricity_urban (% of urban population),21.200000000000003,measured,source_ingest,2020.0,
Sao Tome and Principe,2020,energy_poverty_multidimensional (% of total population),59.85,measured,source_ingest,2020.0,
Sao Tome and Principe,2020,fossil_share_elec,90.909,measured,source_ingest,2020.0,
Sao Tome and Principe,2020,gdp,809328569.0,measured,source_ingest,2020.0,
Sao Tome and Principe,2020,greenhouse_gas_emissions,0.07,measured,source_ingest,2020.0,
Sao Tome and Principe,2020,hydro_electricity,0.01,measured,source_ingest,2020.0,
Sao Tome and Principe,2020,low_carbon_share_elec,9.091,measured,source_ingest,2020.0,
Sao Tome and Principe,2020,population,217450.0,measured,source_ingest,2020.0,
Sao Tome and Principe,2020,renewables_electricity,0.01,measured,source_ingest,2020.0,
Sao Tome and Principe,2020,renewables_share_elec,9.091,measured,source_ingest,2020.0,
Sao Tome and Principe,2020,solar_electricity,0.0,measured,source_ingest,2020.0,
Sao Tome and Principe,2020,wind_electricity,0.0,measured,source_ingest,2020.0,
Sao Tome and Principe,2021,Access to Clean Fuels and Technologies for cooking (% of total population),3.9,measured,source_ingest,2021.0,
Sao Tome and Principe,2021,Access to electricity (% of total population),78.5,measured,source_ingest,2021.0,
Sao Tome and Principe,2021,Population growth (annual %),2.06017354745306,measured,source_ingest,2021.0,
Sao Tome and Principe,2021,carbon_intensity_elec,636.36,measured,source_ingest,2021.0,
Sao Tome and Principe,2021,electricity_demand (TWh),0.11,measured,source_ingest,2021.0,
Sao Tome and Principe,2021,electricity_generation (TWh),0.11,measured,source_ingest,2021.0,
Sao Tome and Principe,2021,energy_poverty_electricity (% of total population),21.5,derived,one_minus_access,2021.0,
Sao Tome and Principe,2021,energy_poverty_electricity_rural (% of rural population),26.299999999999997,measured,source_ingest,2021.0,
Sao Tome and Principe,2021,energy_poverty_electricity_urban (% of urban population),20.0,measured,source_ingest,2021.0,
Sao Tome and Principe,2021,energy_poverty_multidimensional (% of total population),58.8,measured,source_ingest,2021.0,
Sao Tome and Principe,2021,fossil_share_elec,90.909,measured,source_ingest,2021.0,
Sao Tome and Principe,2021,gdp,824700110.0,measured,source_ingest,2021.0,
Sao Tome and Principe,2021,greenhouse_gas_emissions,0.07,measured,source_ingest,2021.0,
Sao Tome and Principe,2021,hydro_electricity,0.01,measured,source_ingest,2021.0,
Sao Tome and Principe,2021,low_carbon_share_elec,9.091,measured,source_ingest,2021.0,
Sao Tome and Principe,2021,population,221975.0,measured,source_ingest,2021.0,
Sao Tome and Principe,2021,renewables_electricity,0.01,measured,source_ingest,2021.0,
Sao Tome and Principe,2021,renewables_share_elec,9.091,measured,source_ingest,2021.0,
Sao Tome and Principe,2021,solar_electricity,0.0,measured,source_ingest,2021.0,
Sao Tome and Principe,2021,wind_electricity,0.0,measured,source_ingest,2021.0,
Sao Tome and Principe,2022,Access to Clean Fuels and Technologies for cooking (% of total population),4.2,measured,source_ingest,2022.0,
Sao Tome and Principe,2022,Access to electricity (% of total population),78.0,measured,source_ingest,2022.0,
Sao Tome and Principe,2022,Population growth (annual %),1.93819561963228,measured,source_ingest,2022.0,
Sao Tome and Principe,2022,carbon_intensity_elec,555.56,measured,source_ingest,2022.0,
Sao Tome and Principe,2022,electricity_demand (TWh),0.09,measured,source_ingest,2022.0,
Sao Tome and Principe,2022,electricity_generation (TWh),0.09,measured,source_ingest,2022.0,
Sao Tome and Principe,2022,energy_poverty_electricity (% of total population),22.0,derived,one_minus_access,2022.0,
Sao Tome and Principe,2022,energy_poverty_electricity_rural (% of rural population),23.599999999999994,measured,source_ingest,2022.0,
Sao Tome and Principe,2022,energy_poverty_electricity_urban (% of urban population),20.0,measured,source_ingest,2022.0,
Sao Tome and Principe,2022,energy_poverty_multidimensional (% of total population),58.9,measured,source_ingest,2022.0,
Sao Tome and Principe,2022,fossil_share_elec,88.889,measured,source_ingest,2022.0,
Sao Tome and Principe,2022,gdp,825238400.0,measured,source_ingest,2022.0,
Sao Tome and Principe,2022,greenhouse_gas_emissions,0.05,measured,source_ingest,2022.0,
Sao Tome and Principe,2022,hydro_electricity,0.01,measured,source_ingest,2022.0,
Sao Tome and Principe,2022,low_carbon_share_elec,11.111,measured,source_ingest,2022.0,
Sao Tome and Principe,2022,population,226313.0,measured,source_ingest,2022.0,
Sao Tome and Principe,2022,renewables_electricity,0.01,measured,source_ingest,2022.0,
Sao Tome and Principe,2022,renewables_share_elec,11.111,measured,source_ingest,2022.0,
Sao Tome and Principe,2022,solar_electricity,0.0,measured,source_ingest,2022.0,
Sao Tome and Principe,2022,wind_electricity,0.0,measured,source_ingest,2022.0,
Sao Tome and Principe,2023,Access to Clean Fuels and Technologies for cooking (% of total population),4.6,measured,source_ingest,2023.0,
Sao Tome and Principe,2023,Access to electricity (% of total population),81.3,measured,source_ingest,2023.0,
Sao Tome and Principe,2023,Population growth (annual %),1.99754660166419,measured,source_ingest,2023.0,
Sao Tome and Principe,2023,carbon_intensity_elec,555.56,measured,source_ingest,2023.0,
Sao Tome and Principe,2023,electricity_demand (TWh),0.09,measured,source_ingest,2023.0,
Sao Tome and Principe,2023,electricity_generation (TWh),0.09,measured,source_ingest,2023.0,
Sao Tome and Principe,2023,energy_poverty_electricity (% of total population),18.700000000000003,derived,one_minus_access,2023.0,
Sao Tome and Principe,2023,energy_poverty_electricity_rural (% of rural population),30.400000000000006,measured,source_ingest,2023.0,
Sao Tome and Principe,2023,energy_poverty_electricity_urban (% of urban population),18.099999999999994,measured,source_ingest,2023.0,
Sao Tome and Principe,2023,energy_poverty_multidimensional (% of total population),57.05,measured,source_ingest,2023.0,
Sao Tome and Principe,2023,fossil_share_elec,88.889,measured,source_ingest,2023.0,
Sao Tome and Principe,2023,gdp,845220213.9835287,estimated,dampened_exponential_log_linear,2022.0,0.9599567608210485
Sao Tome and Principe,2023,greenhouse_gas_emissions,0.05,measured,source_ingest,2023.0,
Sao Tome and Principe,2023,hydro_electricity,0.01,measured,source_ingest,2023.0,
Sao Tome and Principe,2023,low_carbon_share_elec,11.111,measured,source_ingest,2023.0,
Sao Tome and Principe,2023,population,230882.0,measured,source_ingest,2023.0,
Sao Tome and Principe,2023,renewables_electricity,0.01,measured,source_ingest,2023.0,
Sao Tome and Principe,2023,renewables_share_elec,11.111,measured,source_ingest,2023.0,
Sao Tome and Principe,2023,solar_electricity,0.0,measured,source_ingest,2023.0,
Sao Tome and Principe,2023,wind_electricity,0.0,measured,source_ingest,2023.0,
Sao Tome and Principe,2024,Access to Clean Fuels and Technologies for cooking (% of total population),4.867857142857133,estimated,linear_projection,2023.0,0.9975021258503409
Sao Tome and Principe,2024,Access to electricity (% of total population),77.7,measured,source_ingest,2024.0,
Sao Tome and Principe,2024,Population growth (annual %),2.0004655038868,measured,source_ingest,2024.0,
Sao Tome and Principe,2024,carbon_intensity_elec,539.9630162912052,estimated,dampened_exponential_log_linear,2023.0,0.6280341535884468
Sao Tome and Principe,2024,electricity_demand (TWh),0.08825405008746783,estimated,dampened_exponential_log_linear,2023.0,0.293578554798565
Sao Tome and Principe,2024,electricity_generation (TWh),0.08825405008746783,estimated,dampened_exponential_log_linear,2023.0,0.293578554798565
Sao Tome and Principe,2024,energy_poverty_electricity (% of total population),22.299999999999997,derived,one_minus_access,2024.0,
Sao Tome and Principe,2024,energy_poverty_electricity_rural (% of rural population),24.900000000000006,measured,source_ingest,2024.0,
Sao Tome and Principe,2024,energy_poverty_electricity_urban (% of urban population),21.099999999999994,measured,source_ingest,2024.0,
Sao Tome and Principe,2024,energy_poverty_multidimensional (% of total population),56.41607142857151,measured,source_ingest,2024.0,
Sao Tome and Principe,2024,fossil_share_elec,87.48203571428621,estimated,linear_projection,2023.0,0.3770128514676231
Sao Tome and Principe,2024,gdp,865685855.2951025,estimated,dampened_exponential_log_linear,2022.0,0.9599567608210485
Sao Tome and Principe,2024,greenhouse_gas_emissions,0.04765347442889703,estimated,dampened_exponential_log_linear,2023.0,0.5714285714285718
Sao Tome and Principe,2024,hydro_electricity,0.01,estimated,dampened_exponential_log_linear,2023.0,0.0
Sao Tome and Principe,2024,low_carbon_share_elec,12.517964285713788,estimated,linear_projection,2023.0,0.3770128514676284
Sao Tome and Principe,2024,population,235506.77615311457,estimated,limit_year_population_growth_rate_exponential,2023.0,
Sao Tome and Principe,2024,renewables_electricity,0.01,estimated,dampened_exponential_log_linear,2023.0,0.0
Sao Tome and Principe,2024,renewables_share_elec,12.517964285713788,estimated,linear_projection,2023.0,0.3770128514676284
Sao Tome and Principe,2024,solar_electricity,,missing,no_history,,
Sao Tome and Principe,2024,wind_electricity,,missing,no_history,,
Sao Tome and Principe,2025,Access to Clean Fuels and Technologies for cooking (% of total population),5.1940476190476375,estimated,linear_projection,2023.0,0.9975021258503409
Sao Tome and Principe,2025,Access to electricity (% of total population),81.35701336495978,estimated,logistic_logit_linear,2024.0,0.7511940616928965
Sao Tome and Principe,2025,Population growth (annual %),1.98329290197673,measured,source_ingest,2025.0,
Sao Tome and Principe,2025,carbon_intensity_elec,524.803907700872,estimated,dampened_exponential_log_linear,2023.0,0.6280341535884468
Sao Tome and Principe,2025,electricity_demand (TWh),0.08654197063156976,estimated,dampened_exponential_log_linear,2023.0,0.293578554798565
Sao Tome and Principe,2025,electricity_generation (TWh),0.08654197063156976,estimated,dampened_exponential_log_linear,2023.0,0.293578554798565
Sao Tome and Principe,2025,energy_poverty_electricity (% of total population),18.642986635040216,estimated,one_minus_access,2024.0,
Sao Tome and Principe,2025,energy_poverty_electricity_rural (% of rural population),22.8527777777781,estimated,linear_projection,2024.0,0.31778200083104524
Sao Tome and Principe,2025,energy_poverty_electricity_urban (% of urban population),17.516666666666424,estimated,linear_projection,2024.0,0.7737364436259466
Sao Tome and Principe,2025,energy_poverty_multidimensional (% of total population),55.50297619047615,measured,source_ingest,2025.0,
Sao Tome and Principe,2025,fossil_share_elec,86.32765476190525,estimated,linear_projection,2023.0,0.3770128514676231
Sao Tome and Principe,2025,gdp,867759478.5256509,estimated,dampened_exponential_log_linear,2022.0,0.9599567608210485
Sao Tome and Principe,2025,greenhouse_gas_emissions,0.045417072502910855,estimated,dampened_exponential_log_linear,2023.0,0.5714285714285718
Sao Tome and Principe,2025,hydro_electricity,0.01,estimated,dampened_exponential_log_linear,2023.0,0.0
Sao Tome and Principe,2025,low_carbon_share_elec,13.67234523809475,estimated,linear_projection,2023.0,0.3770128514676284
Sao Tome and Principe,2025,population,240224.1907729196,estimated,limit_year_population_growth_rate_exponential,2023.0,
Sao Tome and Principe,2025,renewables_electricity,0.01,estimated,dampened_exponential_log_linear,2023.0,0.0
Sao Tome and Principe,2025,renewables_share_elec,13.67234523809475,estimated,linear_projection,2023.0,0.3770128514676284
Sao Tome and Principe,2025,solar_electricity,,missing,no_history,,
Sao Tome and Principe,2025,wind_electricity,,missing,no_history,,
Senegal,2016,Access to Clean Fuels and Technologies for cooking (% of total population),28.3,measured,source_ingest,2016.0,
Senegal,2016,Access to electricity (% of total population),64.5,measured,source_ingest,2016.0,
Senegal,2016,Population growth (annual %),2.97843134010735,measured,source_ingest,2016.0,
Senegal,2016,carbon_intensity_elec,623.43,measured,source_ingest,2016.0,
Senegal,2016,electricity_demand (TWh),5.14,measured,source_ingest,2016.0,
Senegal,2016,electricity_generation (TWh),4.78,measured,source_ingest,2016.0,
Senegal,2016,energy_poverty_electricity (% of total population),35.5,derived,one_minus_access,2016.0,
Senegal,2016,energy_poverty_electricity_rural (% of rural population),55.5,measured,source_ingest,2016.0,
Senegal,2016,energy_poverty_electricity_urban (% of urban population),12.299999999999997,measured,source_ingest,2016.0,
Senegal,2016,energy_poverty_multidimensional (% of total population),53.6,measured,source_ingest,2016.0,
Senegal,2016,fossil_share_elec,91.004,measured,source_ingest,2016.0,
Senegal,2016,gdp,38655882471.0,measured,source_ingest,2016.0,
Senegal,2016,greenhouse_gas_emissions,2.98,measured,source_ingest,2016.0,
Senegal,2016,hydro_electricity,0.36,measured,source_ingest,2016.0,
Senegal,2016,low_carbon_share_elec,8.996,measured,source_ingest,2016.0,
Senegal,2016,population,15034517.0,measured,source_ingest,2016.0,
Senegal,2016,renewables_electricity,0.43,measured,source_ingest,2016.0,
Senegal,2016,renewables_share_elec,8.996,measured,source_ingest,2016.0,
Senegal,2016,solar_electricity,0.01,measured,source_ingest,2016.0,
Senegal,2016,wind_electricity,0.0,measured,source_ingest,2016.0,
Senegal,2017,Access to Clean Fuels and Technologies for cooking (% of total population),28.4,measured,source_ingest,2017.0,
Senegal,2017,Access to electricity (% of total population),61.7,measured,source_ingest,2017.0,
Senegal,2017,Population growth (annual %),2.88769908740551,measured,source_ingest,2017.0,
Senegal,2017,carbon_intensity_elec,608.05,measured,source_ingest,2017.0,
Senegal,2017,electricity_demand (TWh),5.05,measured,source_ingest,2017.0,
Senegal,2017,electricity_generation (TWh),4.72,measured,source_ingest,2017.0,
Senegal,2017,energy_poverty_electricity (% of total population),38.3,derived,one_minus_access,2017.0,
Senegal,2017,energy_poverty_electricity_rural (% of rural population),64.6,measured,source_ingest,2017.0,
Senegal,2017,energy_poverty_electricity_urban (% of urban population),8.299999999999997,measured,source_ingest,2017.0,
Senegal,2017,energy_poverty_multidimensional (% of total population),54.95,measured,source_ingest,2017.0,
Senegal,2017,fossil_share_elec,88.771,measured,source_ingest,2017.0,
Senegal,2017,gdp,41519118886.0,measured,source_ingest,2017.0,
Senegal,2017,greenhouse_gas_emissions,2.87,measured,source_ingest,2017.0,
Senegal,2017,hydro_electricity,0.36,measured,source_ingest,2017.0,
Senegal,2017,low_carbon_share_elec,11.229,measured,source_ingest,2017.0,
Senegal,2017,population,15475001.0,measured,source_ingest,2017.0,
Senegal,2017,renewables_electricity,0.53,measured,source_ingest,2017.0,
Senegal,2017,renewables_share_elec,11.229,measured,source_ingest,2017.0,
Senegal,2017,solar_electricity,0.09,measured,source_ingest,2017.0,
Senegal,2017,wind_electricity,0.0,measured,source_ingest,2017.0,
Senegal,2018,Access to Clean Fuels and Technologies for cooking (% of total population),28.8,measured,source_ingest,2018.0,
Senegal,2018,Access to electricity (% of total population),66.0,measured,source_ingest,2018.0,
Senegal,2018,Population growth (annual %),2.8004569855314,measured,source_ingest,2018.0,
Senegal,2018,carbon_intensity_elec,595.14,measured,source_ingest,2018.0,
Senegal,2018,electricity_demand (TWh),5.26,measured,source_ingest,2018.0,
Senegal,2018,electricity_generation (TWh),4.94,measured,source_ingest,2018.0,
Senegal,2018,energy_poverty_electricity (% of total population),34.0,derived,one_minus_access,2018.0,
Senegal,2018,energy_poverty_electricity_rural (% of rural population),58.6,measured,source_ingest,2018.0,
Senegal,2018,energy_poverty_electricity_urban (% of urban population),6.5,measured,source_ingest,2018.0,
Senegal,2018,energy_poverty_multidimensional (% of total population),52.6,measured,source_ingest,2018.0,
Senegal,2018,fossil_share_elec,85.83,measured,source_ingest,2018.0,
Senegal,2018,gdp,44097044770.0,measured,source_ingest,2018.0,
Senegal,2018,greenhouse_gas_emissions,2.94,measured,source_ingest,2018.0,
Senegal,2018,hydro_electricity,0.36,measured,source_ingest,2018.0,
Senegal,2018,low_carbon_share_elec,14.17,measured,source_ingest,2018.0,
Senegal,2018,population,15914495.0,measured,source_ingest,2018.0,
Senegal,2018,renewables_electricity,0.7,measured,source_ingest,2018.0,
Senegal,2018,renewables_share_elec,14.17,measured,source_ingest,2018.0,
Senegal,2018,solar_electricity,0.25,measured,source_ingest,2018.0,
Senegal,2018,wind_electricity,0.0,measured,source_ingest,2018.0,
Senegal,2019,Access to Clean Fuels and Technologies for cooking (% of total population),29.7,measured,source_ingest,2019.0,
Senegal,2019,Access to electricity (% of total population),70.4,measured,source_ingest,2019.0,
Senegal,2019,Population growth (annual %),2.71760793051867,measured,source_ingest,2019.0,
Senegal,2019,carbon_intensity_elec,609.97,measured,source_ingest,2019.0,
Senegal,2019,electricity_demand (TWh),6.14,measured,source_ingest,2019.0,
Senegal,2019,electricity_generation (TWh),5.82,measured,source_ingest,2019.0,
Senegal,2019,energy_poverty_electricity (% of total population),29.599999999999994,derived,one_minus_access,2019.0,
Senegal,2019,energy_poverty_electricity_rural (% of rural population),52.2,measured,source_ingest,2019.0,
Senegal,2019,energy_poverty_electricity_urban (% of urban population),4.799999999999997,measured,source_ingest,2019.0,
Senegal,2019,energy_poverty_multidimensional (% of total population),49.95,measured,source_ingest,2019.0,
Senegal,2019,fossil_share_elec,86.598,measured,source_ingest,2019.0,
Senegal,2019,gdp,46131678369.0,measured,source_ingest,2019.0,
Senegal,2019,greenhouse_gas_emissions,3.55,measured,source_ingest,2019.0,
Senegal,2019,hydro_electricity,0.31,measured,source_ingest,2019.0,
Senegal,2019,low_carbon_share_elec,13.402,measured,source_ingest,2019.0,
Senegal,2019,population,16352926.0,measured,source_ingest,2019.0,
Senegal,2019,renewables_electricity,0.78,measured,source_ingest,2019.0,
Senegal,2019,renewables_share_elec,13.402,measured,source_ingest,2019.0,
Senegal,2019,solar_electricity,0.33,measured,source_ingest,2019.0,
Senegal,2019,wind_electricity,0.02,measured,source_ingest,2019.0,
Senegal,2020,Access to Clean Fuels and Technologies for cooking (% of total population),30.7,measured,source_ingest,2020.0,
Senegal,2020,Access to electricity (% of total population),64.3,measured,source_ingest,2020.0,
Senegal,2020,Population growth (annual %),2.63303572524896,measured,source_ingest,2020.0,
Senegal,2020,carbon_intensity_elec,562.71,measured,source_ingest,2020.0,
Senegal,2020,electricity_demand (TWh),6.42,measured,source_ingest,2020.0,
Senegal,2020,electricity_generation (TWh),6.06,measured,source_ingest,2020.0,
Senegal,2020,energy_poverty_electricity (% of total population),35.7,derived,one_minus_access,2020.0,
Senegal,2020,energy_poverty_electricity_rural (% of rural population),61.4,measured,source_ingest,2020.0,
Senegal,2020,energy_poverty_electricity_urban (% of urban population),8.0,measured,source_ingest,2020.0,
Senegal,2020,energy_poverty_multidimensional (% of total population),52.5,measured,source_ingest,2020.0,
Senegal,2020,fossil_share_elec,83.168,measured,source_ingest,2020.0,
Senegal,2020,gdp,46743389453.0,measured,source_ingest,2020.0,
Senegal,2020,greenhouse_gas_emissions,3.41,measured,source_ingest,2020.0,
Senegal,2020,hydro_electricity,0.31,measured,source_ingest,2020.0,
Senegal,2020,low_carbon_share_elec,16.832,measured,source_ingest,2020.0,
Senegal,2020,population,16789217.0,measured,source_ingest,2020.0,
Senegal,2020,renewables_electricity,1.02,measured,source_ingest,2020.0,
Senegal,2020,renewables_share_elec,16.832,measured,source_ingest,2020.0,
Senegal,2020,solar_electricity,0.38,measured,source_ingest,2020.0,
Senegal,2020,wind_electricity,0.22,measured,source_ingest,2020.0,
Senegal,2021,Access to Clean Fuels and Technologies for cooking (% of total population),32.1,measured,source_ingest,2021.0,
Senegal,2021,Access to electricity (% of total population),68.0,measured,source_ingest,2021.0,
Senegal,2021,Population growth (annual %),2.53848919398481,measured,source_ingest,2021.0,
Senegal,2021,carbon_intensity_elec,546.55,measured,source_ingest,2021.0,
Senegal,2021,electricity_demand (TWh),6.97,measured,source_ingest,2021.0,
Senegal,2021,electricity_generation (TWh),6.66,measured,source_ingest,2021.0,
Senegal,2021,energy_poverty_electricity (% of total population),32.0,derived,one_minus_access,2021.0,
Senegal,2021,energy_poverty_electricity_rural (% of rural population),56.6,measured,source_ingest,2021.0,
Senegal,2021,energy_poverty_electricity_urban (% of urban population),6.099999999999994,measured,source_ingest,2021.0,
Senegal,2021,energy_poverty_multidimensional (% of total population),49.95,measured,source_ingest,2021.0,
Senegal,2021,fossil_share_elec,79.73,measured,source_ingest,2021.0,
Senegal,2021,gdp,49579310412.0,measured,source_ingest,2021.0,
Senegal,2021,greenhouse_gas_emissions,3.64,measured,source_ingest,2021.0,
Senegal,2021,hydro_electricity,0.31,measured,source_ingest,2021.0,
Senegal,2021,low_carbon_share_elec,20.27,measured,source_ingest,2021.0,
Senegal,2021,population,17220866.0,measured,source_ingest,2021.0,
Senegal,2021,renewables_electricity,1.35,measured,source_ingest,2021.0,
Senegal,2021,renewables_share_elec,20.27,measured,source_ingest,2021.0,
Senegal,2021,solar_electricity,0.54,measured,source_ingest,2021.0,
Senegal,2021,wind_electricity,0.4,measured,source_ingest,2021.0,
Senegal,2022,Access to Clean Fuels and Technologies for cooking (% of total population),33.5,measured,source_ingest,2022.0,
Senegal,2022,Access to electricity (% of total population),67.9,measured,source_ingest,2022.0,
Senegal,2022,Population growth (annual %),2.46764281803509,measured,source_ingest,2022.0,
Senegal,2022,carbon_intensity_elec,550.28,measured,source_ingest,2022.0,
Senegal,2022,electricity_demand (TWh),7.65,measured,source_ingest,2022.0,
Senegal,2022,electricity_generation (TWh),7.16,measured,source_ingest,2022.0,
Senegal,2022,energy_poverty_electricity (% of total population),32.099999999999994,derived,one_minus_access,2022.0,
Senegal,2022,energy_poverty_electricity_rural (% of rural population),56.5,measured,source_ingest,2022.0,
Senegal,2022,energy_poverty_electricity_urban (% of urban population),3.4000000000000057,measured,source_ingest,2022.0,
Senegal,2022,energy_poverty_multidimensional (% of total population),49.3,measured,source_ingest,2022.0,
Senegal,2022,fossil_share_elec,80.307,measured,source_ingest,2022.0,
Senegal,2022,gdp,51913993763.0,measured,source_ingest,2022.0,
Senegal,2022,greenhouse_gas_emissions,3.94,measured,source_ingest,2022.0,
Senegal,2022,hydro_electricity,0.31,measured,source_ingest,2022.0,
Senegal,2022,low_carbon_share_elec,19.693,measured,source_ingest,2022.0,
Senegal,2022,population,17651099.0,measured,source_ingest,2022.0,
Senegal,2022,renewables_electricity,1.41,measured,source_ingest,2022.0,
Senegal,2022,renewables_share_elec,19.693,measured,source_ingest,2022.0,
Senegal,2022,solar_electricity,0.59,measured,source_ingest,2022.0,
Senegal,2022,wind_electricity,0.4,measured,source_ingest,2022.0,
Senegal,2023,Access to Clean Fuels and Technologies for cooking (% of total population),34.8,measured,source_ingest,2023.0,
Senegal,2023,Access to electricity (% of total population),74.2,measured,source_ingest,2023.0,
Senegal,2023,Population growth (annual %),2.38738348832592,measured,source_ingest,2023.0,
Senegal,2023,carbon_intensity_elec,557.32,measured,source_ingest,2023.0,
Senegal,2023,electricity_demand (TWh),8.74,measured,source_ingest,2023.0,
Senegal,2023,electricity_generation (TWh),8.2,measured,source_ingest,2023.0,
Senegal,2023,energy_poverty_electricity (% of total population),25.799999999999997,derived,one_minus_access,2023.0,
Senegal,2023,energy_poverty_electricity_rural (% of rural population),43.5,measured,source_ingest,2023.0,
Senegal,2023,energy_poverty_electricity_urban (% of urban population),3.9000000000000057,measured,source_ingest,2023.0,
Senegal,2023,energy_poverty_multidimensional (% of total population),45.5,measured,source_ingest,2023.0,
Senegal,2023,fossil_share_elec,83.049,measured,source_ingest,2023.0,
Senegal,2023,gdp,54376818808.259605,estimated,dampened_exponential_log_linear,2022.0,0.9779151596025979
Senegal,2023,greenhouse_gas_emissions,4.57,measured,source_ingest,2023.0,
Senegal,2023,hydro_electricity,0.31,measured,source_ingest,2023.0,
Senegal,2023,low_carbon_share_elec,16.951,measured,source_ingest,2023.0,
Senegal,2023,population,18077573.0,measured,source_ingest,2023.0,
Senegal,2023,renewables_electricity,1.39,measured,source_ingest,2023.0,
Senegal,2023,renewables_share_elec,16.951,measured,source_ingest,2023.0,
Senegal,2023,solar_electricity,0.59,measured,source_ingest,2023.0,
Senegal,2023,wind_electricity,0.38,measured,source_ingest,2023.0,
Senegal,2024,Access to Clean Fuels and Technologies for cooking (% of total population),35.17499999999973,estimated,linear_projection,2023.0,0.9459235348120958
Senegal,2024,Access to electricity (% of total population),82.9,measured,source_ingest,2024.0,
Senegal,2024,Population growth (annual %),2.32058603495657,measured,source_ingest,2024.0,
Senegal,2024,carbon_intensity_elec,539.97,measured,source_ingest,2024.0,
Senegal,2024,electricity_demand (TWh),8.13,measured,source_ingest,2024.0,
Senegal,2024,electricity_generation (TWh),7.63,measured,source_ingest,2024.0,
Senegal,2024,energy_poverty_electricity (% of total population),17.099999999999994,derived,one_minus_access,2024.0,
Senegal,2024,energy_poverty_electricity_rural (% of rural population),32.900000000000006,measured,source_ingest,2024.0,
Senegal,2024,energy_poverty_electricity_urban (% of urban population),4.299999999999997,measured,source_ingest,2024.0,
Senegal,2024,energy_poverty_multidimensional (% of total population),46.2035714285712,measured,source_ingest,2024.0,
Senegal,2024,fossil_share_elec,80.21,measured,source_ingest,2024.0,
Senegal,2024,gdp,56956481468.271965,estimated,dampened_exponential_log_linear,2022.0,0.9779151596025979
Senegal,2024,greenhouse_gas_emissions,4.12,measured,source_ingest,2024.0,
Senegal,2024,hydro_electricity,0.31,measured,source_ingest,2024.0,
Senegal,2024,low_carbon_share_elec,19.79,measured,source_ingest,2024.0,
Senegal,2024,population,18501988.0,measured,source_ingest,2024.0,
Senegal,2024,renewables_electricity,1.51,measured,source_ingest,2024.0,
Senegal,2024,renewables_share_elec,19.79,measured,source_ingest,2024.0,
Senegal,2024,solar_electricity,0.68,measured,source_ingest,2024.0,
Senegal,2024,wind_electricity,0.41,measured,source_ingest,2024.0,
Senegal,2025,Access to Clean Fuels and Technologies for cooking (% of total population),36.149999999999864,estimated,linear_projection,2023.0,0.9459235348120958
Senegal,2025,Access to electricity (% of total population),78.43841047275222,estimated,logistic_logit_linear,2024.0,0.6147012679354164
Senegal,2025,Population growth (annual %),2.29738465638923,measured,source_ingest,2025.0,
Senegal,2025,carbon_intensity_elec,530.1362935853813,estimated,dampened_exponential_log_linear,2024.0,0.8379147348286687
Senegal,2025,electricity_demand (TWh),8.74212421995534,estimated,dampened_exponential_log_linear,2024.0,0.9405685254612687
Senegal,2025,electricity_generation (TWh),8.211199991703818,estimated,dampened_exponential_log_linear,2024.0,0.9427778098649684
Senegal,2025,energy_poverty_electricity (% of total population),21.561589527247776,estimated,one_minus_access,2024.0,
Senegal,2025,energy_poverty_electricity_rural (% of rural population),40.74166666666679,estimated,linear_projection,2024.0,0.5165257098262044
Senegal,2025,energy_poverty_electricity_urban (% of urban population),2.2250000000001364,estimated,linear_projection,2024.0,0.6608767772511881
Senegal,2025,energy_poverty_multidimensional (% of total population),45.12797619047615,measured,source_ingest,2025.0,
Senegal,2025,fossil_share_elec,77.77500000000009,estimated,linear_projection,2024.0,0.7914692027752748
Senegal,2025,gdp,57221084964.46078,estimated,dampened_exponential_log_linear,2022.0,0.9779151596025979
Senegal,2025,greenhouse_gas_emissions,4.3530852751139735,estimated,dampened_exponential_log_linear,2024.0,0.8667242567595159
Senegal,2025,hydro_electricity,0.30312417419520166,estimated,dampened_exponential_log_linear,2024.0,0.6750000000000002
Senegal,2025,low_carbon_share_elec,22.22499999999991,estimated,linear_projection,2024.0,0.7914692027752747
Senegal,2025,population,18931970.092959113,estimated,limit_year_population_growth_rate_exponential,2024.0,
Senegal,2025,renewables_electricity,1.7798735468541707,estimated,dampened_exponential_log_linear,2024.0,0.9324276394398832
Senegal,2025,renewables_share_elec,22.22499999999991,estimated,linear_projection,2024.0,0.7914692027752747
Senegal,2025,solar_electricity,1.026837480492283,estimated,dampened_exponential_log_linear,2024.0,0.6921043497575796
Senegal,2025,wind_electricity,0.6614887870055692,estimated,dampened_exponential_log_linear,2024.0,0.5599508834157679
Seychelles,2016,Access to Clean Fuels and Technologies for cooking (% of total population),100.0,measured,source_ingest,2016.0,
Seychelles,2016,Access to electricity (% of total population),100.0,measured,source_ingest,2016.0,
Seychelles,2016,Population growth (annual %),1.33763477950025,measured,source_ingest,2016.0,
Seychelles,2016,carbon_intensity_elec,640.0,measured,source_ingest,2016.0,
Seychelles,2016,electricity_demand (TWh),0.5,measured,source_ingest,2016.0,
Seychelles,2016,electricity_generation (TWh),0.5,measured,source_ingest,2016.0,
Seychelles,2016,energy_poverty_electricity (% of total population),0.0,derived,one_minus_access,2016.0,
Seychelles,2016,energy_poverty_electricity_rural (% of rural population),0.0,measured,source_ingest,2016.0,
Seychelles,2016,energy_poverty_electricity_urban (% of urban population),0.0,measured,source_ingest,2016.0,
Seychelles,2016,energy_poverty_multidimensional (% of total population),0.0,measured,source_ingest,2016.0,
Seychelles,2016,fossil_share_elec,98.0,measured,source_ingest,2016.0,
Seychelles,2016,gdp,2658740126.0,measured,source_ingest,2016.0,
Seychelles,2016,greenhouse_gas_emissions,0.32,measured,source_ingest,2016.0,
Seychelles,2016,hydro_electricity,0.0,measured,source_ingest,2016.0,
Seychelles,2016,low_carbon_share_elec,2.0,measured,source_ingest,2016.0,
Seychelles,2016,population,109836.0,measured,source_ingest,2016.0,
Seychelles,2016,renewables_electricity,0.01,measured,source_ingest,2016.0,
Seychelles,2016,renewables_share_elec,2.0,measured,source_ingest,2016.0,
Seychelles,2016,solar_electricity,0.0,measured,source_ingest,2016.0,
Seychelles,2016,wind_electricity,0.01,measured,source_ingest,2016.0,
Seychelles,2017,Access to Clean Fuels and Technologies for cooking (% of total population),100.0,measured,source_ingest,2017.0,
Seychelles,2017,Access to electricity (% of total population),100.0,measured,source_ingest,2017.0,
Seychelles,2017,Population growth (annual %),1.22403375818123,measured,source_ingest,2017.0,
Seychelles,2017,carbon_intensity_elec,647.06,measured,source_ingest,2017.0,
Seychelles,2017,electricity_demand (TWh),0.51,measured,source_ingest,2017.0,
Seychelles,2017,electricity_generation (TWh),0.51,measured,source_ingest,2017.0,
Seychelles,2017,energy_poverty_electricity (% of total population),0.0,derived,one_minus_access,2017.0,
Seychelles,2017,energy_poverty_electricity_rural (% of rural population),0.0,measured,source_ingest,2017.0,
Seychelles,2017,energy_poverty_electricity_urban (% of urban population),0.0,measured,source_ingest,2017.0,
Seychelles,2017,energy_poverty_multidimensional (% of total population),0.0,measured,source_ingest,2017.0,
Seychelles,2017,fossil_share_elec,98.039,measured,source_ingest,2017.0,
Seychelles,2017,gdp,2824383463.0,measured,source_ingest,2017.0,
Seychelles,2017,greenhouse_gas_emissions,0.33,measured,source_ingest,2017.0,
Seychelles,2017,hydro_electricity,0.0,measured,source_ingest,2017.0,
Seychelles,2017,low_carbon_share_elec,1.961,measured,source_ingest,2017.0,
Seychelles,2017,population,112443.0,measured,source_ingest,2017.0,
Seychelles,2017,renewables_electricity,0.01,measured,source_ingest,2017.0,
Seychelles,2017,renewables_share_elec,1.961,measured,source_ingest,2017.0,
Seychelles,2017,solar_electricity,0.0,measured,source_ingest,2017.0,
Seychelles,2017,wind_electricity,0.01,measured,source_ingest,2017.0,
Seychelles,2018,Access to Clean Fuels and Technologies for cooking (% of total population),100.0,measured,source_ingest,2018.0,
Seychelles,2018,Access to electricity (% of total population),100.0,measured,source_ingest,2018.0,
Seychelles,2018,Population growth (annual %),0.954291917891324,measured,source_ingest,2018.0,
Seychelles,2018,carbon_intensity_elec,653.85,measured,source_ingest,2018.0,
Seychelles,2018,electricity_demand (TWh),0.52,measured,source_ingest,2018.0,
Seychelles,2018,electricity_generation (TWh),0.52,measured,source_ingest,2018.0,
Seychelles,2018,energy_poverty_electricity (% of total population),0.0,derived,one_minus_access,2018.0,
Seychelles,2018,energy_poverty_electricity_rural (% of rural population),0.0,measured,source_ingest,2018.0,
Seychelles,2018,energy_poverty_electricity_urban (% of urban population),0.0,measured,source_ingest,2018.0,
Seychelles,2018,energy_poverty_multidimensional (% of total population),0.0,measured,source_ingest,2018.0,
Seychelles,2018,fossil_share_elec,98.077,measured,source_ingest,2018.0,
Seychelles,2018,gdp,2983293782.0,measured,source_ingest,2018.0,
Seychelles,2018,greenhouse_gas_emissions,0.34,measured,source_ingest,2018.0,
Seychelles,2018,hydro_electricity,0.0,measured,source_ingest,2018.0,
Seychelles,2018,low_carbon_share_elec,1.923,measured,source_ingest,2018.0,
Seychelles,2018,population,115053.0,measured,source_ingest,2018.0,
Seychelles,2018,renewables_electricity,0.01,measured,source_ingest,2018.0,
Seychelles,2018,renewables_share_elec,1.923,measured,source_ingest,2018.0,
Seychelles,2018,solar_electricity,0.0,measured,source_ingest,2018.0,
Seychelles,2018,wind_electricity,0.01,measured,source_ingest,2018.0,
Seychelles,2019,Access to Clean Fuels and Technologies for cooking (% of total population),100.0,measured,source_ingest,2019.0,
Seychelles,2019,Access to electricity (% of total population),100.0,measured,source_ingest,2019.0,
Seychelles,2019,Population growth (annual %),0.887925293341637,measured,source_ingest,2019.0,
Seychelles,2019,carbon_intensity_elec,614.04,measured,source_ingest,2019.0,
Seychelles,2019,electricity_demand (TWh),0.57,measured,source_ingest,2019.0,
Seychelles,2019,electricity_generation (TWh),0.57,measured,source_ingest,2019.0,
Seychelles,2019,energy_poverty_electricity (% of total population),0.0,derived,one_minus_access,2019.0,
Seychelles,2019,energy_poverty_electricity_rural (% of rural population),0.0,measured,source_ingest,2019.0,
Seychelles,2019,energy_poverty_electricity_urban (% of urban population),0.0,measured,source_ingest,2019.0,
Seychelles,2019,energy_poverty_multidimensional (% of total population),0.0,measured,source_ingest,2019.0,
Seychelles,2019,fossil_share_elec,92.982,measured,source_ingest,2019.0,
Seychelles,2019,gdp,3137071789.0,measured,source_ingest,2019.0,
Seychelles,2019,greenhouse_gas_emissions,0.35,measured,source_ingest,2019.0,
Seychelles,2019,hydro_electricity,0.0,measured,source_ingest,2019.0,
Seychelles,2019,low_carbon_share_elec,7.018,measured,source_ingest,2019.0,
Seychelles,2019,population,117662.0,measured,source_ingest,2019.0,
Seychelles,2019,renewables_electricity,0.04,measured,source_ingest,2019.0,
Seychelles,2019,renewables_share_elec,7.018,measured,source_ingest,2019.0,
Seychelles,2019,solar_electricity,0.04,measured,source_ingest,2019.0,
Seychelles,2019,wind_electricity,0.0,measured,source_ingest,2019.0,
Seychelles,2020,Access to Clean Fuels and Technologies for cooking (% of total population),100.0,measured,source_ingest,2020.0,
Seychelles,2020,Access to electricity (% of total population),100.0,measured,source_ingest,2020.0,
Seychelles,2020,Population growth (annual %),0.853707878128979,measured,source_ingest,2020.0,
Seychelles,2020,carbon_intensity_elec,576.27,measured,source_ingest,2020.0,
Seychelles,2020,electricity_demand (TWh),0.59,measured,source_ingest,2020.0,
Seychelles,2020,electricity_generation (TWh),0.59,measured,source_ingest,2020.0,
Seychelles,2020,energy_poverty_electricity (% of total population),0.0,derived,one_minus_access,2020.0,
Seychelles,2020,energy_poverty_electricity_rural (% of rural population),0.0,measured,source_ingest,2020.0,
Seychelles,2020,energy_poverty_electricity_urban (% of urban population),0.0,measured,source_ingest,2020.0,
Seychelles,2020,energy_poverty_multidimensional (% of total population),0.0,measured,source_ingest,2020.0,
Seychelles,2020,fossil_share_elec,88.136,measured,source_ingest,2020.0,
Seychelles,2020,gdp,2871729130.0,measured,source_ingest,2020.0,
Seychelles,2020,greenhouse_gas_emissions,0.34,measured,source_ingest,2020.0,
Seychelles,2020,hydro_electricity,0.0,measured,source_ingest,2020.0,
Seychelles,2020,low_carbon_share_elec,11.864,measured,source_ingest,2020.0,
Seychelles,2020,population,120299.0,measured,source_ingest,2020.0,
Seychelles,2020,renewables_electricity,0.07,measured,source_ingest,2020.0,
Seychelles,2020,renewables_share_elec,11.864,measured,source_ingest,2020.0,
Seychelles,2020,solar_electricity,0.06,measured,source_ingest,2020.0,
Seychelles,2020,wind_electricity,0.01,measured,source_ingest,2020.0,
Seychelles,2021,Access to Clean Fuels and Technologies for cooking (% of total population),100.0,measured,source_ingest,2021.0,
Seychelles,2021,Access to electricity (% of total population),100.0,measured,source_ingest,2021.0,
Seychelles,2021,Population growth (annual %),0.805183391179401,measured,source_ingest,2021.0,
Seychelles,2021,carbon_intensity_elec,566.67,measured,source_ingest,2021.0,
Seychelles,2021,electricity_demand (TWh),0.6,measured,source_ingest,2021.0,
Seychelles,2021,electricity_generation (TWh),0.6,measured,source_ingest,2021.0,
Seychelles,2021,energy_poverty_electricity (% of total population),0.0,derived,one_minus_access,2021.0,
Seychelles,2021,energy_poverty_electricity_rural (% of rural population),0.0,measured,source_ingest,2021.0,
Seychelles,2021,energy_poverty_electricity_urban (% of urban population),0.0,measured,source_ingest,2021.0,
Seychelles,2021,energy_poverty_multidimensional (% of total population),0.0,measured,source_ingest,2021.0,
Seychelles,2021,fossil_share_elec,86.667,measured,source_ingest,2021.0,
Seychelles,2021,gdp,2944095268.0,measured,source_ingest,2021.0,
Seychelles,2021,greenhouse_gas_emissions,0.34,measured,source_ingest,2021.0,
Seychelles,2021,hydro_electricity,0.0,measured,source_ingest,2021.0,
Seychelles,2021,low_carbon_share_elec,13.333,measured,source_ingest,2021.0,
Seychelles,2021,population,123000.0,measured,source_ingest,2021.0,
Seychelles,2021,renewables_electricity,0.08,measured,source_ingest,2021.0,
Seychelles,2021,renewables_share_elec,13.333,measured,source_ingest,2021.0,
Seychelles,2021,solar_electricity,0.07,measured,source_ingest,2021.0,
Seychelles,2021,wind_electricity,0.01,measured,source_ingest,2021.0,
Seychelles,2022,Access to Clean Fuels and Technologies for cooking (% of total population),100.0,measured,source_ingest,2022.0,
Seychelles,2022,Access to electricity (% of total population),100.0,measured,source_ingest,2022.0,
Seychelles,2022,Population growth (annual %),1.12749264749076,estimated,observed_or_carry,2025.0,
Seychelles,2022,carbon_intensity_elec,564.52,measured,source_ingest,2022.0,
Seychelles,2022,electricity_demand (TWh),0.62,measured,source_ingest,2022.0,
Seychelles,2022,electricity_generation (TWh),0.62,measured,source_ingest,2022.0,
Seychelles,2022,energy_poverty_electricity (% of total population),0.0,derived,one_minus_access,2022.0,
Seychelles,2022,energy_poverty_electricity_rural (% of rural population),0.0,measured,source_ingest,2022.0,
Seychelles,2022,energy_poverty_electricity_urban (% of urban population),0.0,measured,source_ingest,2022.0,
Seychelles,2022,energy_poverty_multidimensional (% of total population),0.0,measured,source_ingest,2022.0,
Seychelles,2022,fossil_share_elec,85.484,measured,source_ingest,2022.0,
Seychelles,2022,gdp,3053368129.0,measured,source_ingest,2022.0,
Seychelles,2022,greenhouse_gas_emissions,0.35,measured,source_ingest,2022.0,
Seychelles,2022,hydro_electricity,0.0,measured,source_ingest,2022.0,
Seychelles,2022,low_carbon_share_elec,14.516,measured,source_ingest,2022.0,
Seychelles,2022,population,125533.0,measured,source_ingest,2022.0,
Seychelles,2022,renewables_electricity,0.09,measured,source_ingest,2022.0,
Seychelles,2022,renewables_share_elec,14.516,measured,source_ingest,2022.0,
Seychelles,2022,solar_electricity,0.08,measured,source_ingest,2022.0,
Seychelles,2022,wind_electricity,0.01,measured,source_ingest,2022.0,
Seychelles,2023,Access to Clean Fuels and Technologies for cooking (% of total population),100.0,measured,source_ingest,2023.0,
Seychelles,2023,Access to electricity (% of total population),100.0,measured,source_ingest,2023.0,
Seychelles,2023,Population growth (annual %),-0.0876274304874622,measured,source_ingest,2023.0,
Seychelles,2023,carbon_intensity_elec,564.52,measured,source_ingest,2023.0,
Seychelles,2023,electricity_demand (TWh),0.62,measured,source_ingest,2023.0,
Seychelles,2023,electricity_generation (TWh),0.62,measured,source_ingest,2023.0,
Seychelles,2023,energy_poverty_electricity (% of total population),0.0,derived,one_minus_access,2023.0,
Seychelles,2023,energy_poverty_electricity_rural (% of rural population),0.0,measured,source_ingest,2023.0,
Seychelles,2023,energy_poverty_electricity_urban (% of urban population),0.0,measured,source_ingest,2023.0,
Seychelles,2023,energy_poverty_multidimensional (% of total population),0.0,measured,source_ingest,2023.0,
Seychelles,2023,fossil_share_elec,85.484,measured,source_ingest,2023.0,
Seychelles,2023,gdp,3103954676.306483,estimated,dampened_exponential_log_linear,2022.0,0.4238892679373635
Seychelles,2023,greenhouse_gas_emissions,0.35,measured,source_ingest,2023.0,
Seychelles,2023,hydro_electricity,0.0,measured,source_ingest,2023.0,
Seychelles,2023,low_carbon_share_elec,14.516,measured,source_ingest,2023.0,
Seychelles,2023,population,127961.0,measured,source_ingest,2023.0,
Seychelles,2023,renewables_electricity,0.09,measured,source_ingest,2023.0,
Seychelles,2023,renewables_share_elec,14.516,measured,source_ingest,2023.0,
Seychelles,2023,solar_electricity,0.08,measured,source_ingest,2023.0,
Seychelles,2023,wind_electricity,0.01,measured,source_ingest,2023.0,
Seychelles,2024,Access to Clean Fuels and Technologies for cooking (% of total population),100.0,estimated,linear_projection,2023.0,0.0
Seychelles,2024,Access to electricity (% of total population),100.0,measured,source_ingest,2024.0,
Seychelles,2024,Population growth (annual %),1.31136094801067,measured,source_ingest,2024.0,
Seychelles,2024,carbon_intensity_elec,555.56,measured,source_ingest,2024.0,
Seychelles,2024,electricity_demand (TWh),0.63,measured,source_ingest,2024.0,
Seychelles,2024,electricity_generation (TWh),0.63,measured,source_ingest,2024.0,
Seychelles,2024,energy_poverty_electricity (% of total population),0.0,derived,one_minus_access,2024.0,
Seychelles,2024,energy_poverty_electricity_rural (% of rural population),0.0,measured,source_ingest,2024.0,
Seychelles,2024,energy_poverty_electricity_urban (% of urban population),0.0,measured,source_ingest,2024.0,
Seychelles,2024,energy_poverty_multidimensional (% of total population),0.0,measured,source_ingest,2024.0,
Seychelles,2024,fossil_share_elec,84.127,measured,source_ingest,2024.0,
Seychelles,2024,gdp,3155379314.095435,estimated,dampened_exponential_log_linear,2022.0,0.4238892679373635
Seychelles,2024,greenhouse_gas_emissions,0.35,measured,source_ingest,2024.0,
Seychelles,2024,hydro_electricity,0.0,measured,source_ingest,2024.0,
Seychelles,2024,low_carbon_share_elec,15.873,measured,source_ingest,2024.0,
Seychelles,2024,population,130436.0,measured,source_ingest,2024.0,
Seychelles,2024,renewables_electricity,0.1,measured,source_ingest,2024.0,
Seychelles,2024,renewables_share_elec,15.873,measured,source_ingest,2024.0,
Seychelles,2024,solar_electricity,0.09,measured,source_ingest,2024.0,
Seychelles,2024,wind_electricity,0.01,measured,source_ingest,2024.0,
Seychelles,2025,Access to Clean Fuels and Technologies for cooking (% of total population),100.0,estimated,linear_projection,2023.0,0.0
Seychelles,2025,Access to electricity (% of total population),99.99999899999999,estimated,logistic_logit_linear,2024.0,0.0
Seychelles,2025,Population growth (annual %),1.12749264749076,measured,source_ingest,2025.0,
Seychelles,2025,carbon_intensity_elec,543.2045187222091,estimated,dampened_exponential_log_linear,2024.0,0.8480392675974716
Seychelles,2025,electricity_demand (TWh),0.6504149966326734,estimated,dampened_exponential_log_linear,2024.0,0.9259578448694555
Seychelles,2025,electricity_generation (TWh),0.6504149966326734,estimated,dampened_exponential_log_linear,2024.0,0.9259578448694555
Seychelles,2025,energy_poverty_electricity (% of total population),1.0000000116860974e-06,estimated,one_minus_access,2024.0,
Seychelles,2025,energy_poverty_electricity_rural (% of rural population),0.0,estimated,linear_projection,2024.0,0.0
Seychelles,2025,energy_poverty_electricity_urban (% of urban population),0.0,estimated,linear_projection,2024.0,0.0
Seychelles,2025,energy_poverty_multidimensional (% of total population),0.0,measured,source_ingest,2025.0,
Seychelles,2025,fossil_share_elec,80.38916666666682,estimated,linear_projection,2024.0,0.9018462105893126
Seychelles,2025,gdp,3160568405.444195,estimated,dampened_exponential_log_linear,2022.0,0.4238892679373635
Seychelles,2025,greenhouse_gas_emissions,0.35330526231787146,estimated,dampened_exponential_log_linear,2024.0,0.6747838602200882
Seychelles,2025,hydro_electricity,,missing,no_history,,
Seychelles,2025,low_carbon_share_elec,19.610833333333176,estimated,linear_projection,2024.0,0.9018462105893126
Seychelles,2025,population,131914.97832786723,estimated,limit_year_population_growth_rate_exponential,2024.0,
Seychelles,2025,renewables_electricity,0.1416459111474106,estimated,dampened_exponential_log_linear,2024.0,0.8360825294543532
Seychelles,2025,renewables_share_elec,19.610833333333176,estimated,linear_projection,2024.0,0.9018462105893126
Seychelles,2025,solar_electricity,0.10397292098304851,estimated,dampened_exponential_log_linear,2024.0,0.8488763963471242
Seychelles,2025,wind_electricity,0.01,estimated,dampened_exponential_log_linear,2024.0,0.0
Sierra Leone,2016,Access to Clean Fuels and Technologies for cooking (% of total population),0.6,measured,source_ingest,2016.0,
Sierra Leone,2016,Access to electricity (% of total population),20.3,measured,source_ingest,2016.0,
Sierra Leone,2016,Population growth (annual %),2.35457342669593,measured,source_ingest,2016.0,
Sierra Leone,2016,carbon_intensity_elec,238.1,measured,source_ingest,2016.0,
Sierra Leone,2016,electricity_demand (TWh),0.21,measured,source_ingest,2016.0,
Sierra Leone,2016,electricity_generation (TWh),0.21,measured,source_ingest,2016.0,
Sierra Leone,2016,energy_poverty_electricity (% of total population),79.7,derived,one_minus_access,2016.0,
Sierra Leone,2016,energy_poverty_electricity_rural (% of rural population),98.4,measured,source_ingest,2016.0,
Sierra Leone,2016,energy_poverty_electricity_urban (% of urban population),53.1,measured,source_ingest,2016.0,
Sierra Leone,2016,energy_poverty_multidimensional (% of total population),89.55,measured,source_ingest,2016.0,
Sierra Leone,2016,fossil_share_elec,38.095,measured,source_ingest,2016.0,
Sierra Leone,2016,gdp,9765347713.0,measured,source_ingest,2016.0,
Sierra Leone,2016,greenhouse_gas_emissions,0.05,measured,source_ingest,2016.0,
Sierra Leone,2016,hydro_electricity,0.13,measured,source_ingest,2016.0,
Sierra Leone,2016,low_carbon_share_elec,61.905,measured,source_ingest,2016.0,
Sierra Leone,2016,population,7205339.0,measured,source_ingest,2016.0,
Sierra Leone,2016,renewables_electricity,0.13,measured,source_ingest,2016.0,
Sierra Leone,2016,renewables_share_elec,61.905,measured,source_ingest,2016.0,
Sierra Leone,2016,solar_electricity,0.0,measured,source_ingest,2016.0,
Sierra Leone,2016,wind_electricity,0.0,measured,source_ingest,2016.0,
Sierra Leone,2017,Access to Clean Fuels and Technologies for cooking (% of total population),0.7,measured,source_ingest,2017.0,
Sierra Leone,2017,Access to electricity (% of total population),23.4,measured,source_ingest,2017.0,
Sierra Leone,2017,Population growth (annual %),2.38578952940087,measured,source_ingest,2017.0,
Sierra Leone,2017,carbon_intensity_elec,260.87,measured,source_ingest,2017.0,
Sierra Leone,2017,electricity_demand (TWh),0.23,measured,source_ingest,2017.0,
Sierra Leone,2017,electricity_generation (TWh),0.23,measured,source_ingest,2017.0,
Sierra Leone,2017,energy_poverty_electricity (% of total population),76.6,derived,one_minus_access,2017.0,
Sierra Leone,2017,energy_poverty_electricity_rural (% of rural population),94.6,measured,source_ingest,2017.0,
Sierra Leone,2017,energy_poverty_electricity_urban (% of urban population),51.3,measured,source_ingest,2017.0,
Sierra Leone,2017,energy_poverty_multidimensional (% of total population),87.95,measured,source_ingest,2017.0,
Sierra Leone,2017,fossil_share_elec,39.13,measured,source_ingest,2017.0,
Sierra Leone,2017,gdp,10128155156.0,measured,source_ingest,2017.0,
Sierra Leone,2017,greenhouse_gas_emissions,0.06,measured,source_ingest,2017.0,
Sierra Leone,2017,hydro_electricity,0.13,measured,source_ingest,2017.0,
Sierra Leone,2017,low_carbon_share_elec,60.87,measured,source_ingest,2017.0,
Sierra Leone,2017,population,7379300.0,measured,source_ingest,2017.0,
Sierra Leone,2017,renewables_electricity,0.14,measured,source_ingest,2017.0,
Sierra Leone,2017,renewables_share_elec,60.87,measured,source_ingest,2017.0,
Sierra Leone,2017,solar_electricity,0.01,measured,source_ingest,2017.0,
Sierra Leone,2017,wind_electricity,0.0,measured,source_ingest,2017.0,
Sierra Leone,2018,Access to Clean Fuels and Technologies for cooking (% of total population),0.7,measured,source_ingest,2018.0,
Sierra Leone,2018,Access to electricity (% of total population),26.1,measured,source_ingest,2018.0,
Sierra Leone,2018,Population growth (annual %),2.34731039123252,measured,source_ingest,2018.0,
Sierra Leone,2018,carbon_intensity_elec,222.22,measured,source_ingest,2018.0,
Sierra Leone,2018,electricity_demand (TWh),0.27,measured,source_ingest,2018.0,
Sierra Leone,2018,electricity_generation (TWh),0.27,measured,source_ingest,2018.0,
Sierra Leone,2018,energy_poverty_electricity (% of total population),73.9,derived,one_minus_access,2018.0,
Sierra Leone,2018,energy_poverty_electricity_rural (% of rural population),93.6,measured,source_ingest,2018.0,
Sierra Leone,2018,energy_poverty_electricity_urban (% of urban population),46.8,measured,source_ingest,2018.0,
Sierra Leone,2018,energy_poverty_multidimensional (% of total population),86.6,measured,source_ingest,2018.0,
Sierra Leone,2018,fossil_share_elec,33.333,measured,source_ingest,2018.0,
Sierra Leone,2018,gdp,10480967104.0,measured,source_ingest,2018.0,
Sierra Leone,2018,greenhouse_gas_emissions,0.06,measured,source_ingest,2018.0,
Sierra Leone,2018,hydro_electricity,0.17,measured,source_ingest,2018.0,
Sierra Leone,2018,low_carbon_share_elec,66.667,measured,source_ingest,2018.0,
Sierra Leone,2018,population,7554568.0,measured,source_ingest,2018.0,
Sierra Leone,2018,renewables_electricity,0.18,measured,source_ingest,2018.0,
Sierra Leone,2018,renewables_share_elec,66.667,measured,source_ingest,2018.0,
Sierra Leone,2018,solar_electricity,0.01,measured,source_ingest,2018.0,
Sierra Leone,2018,wind_electricity,0.0,measured,source_ingest,2018.0,
Sierra Leone,2019,Access to Clean Fuels and Technologies for cooking (% of total population),0.7,measured,source_ingest,2019.0,
Sierra Leone,2019,Access to electricity (% of total population),22.7,measured,source_ingest,2019.0,
Sierra Leone,2019,Population growth (annual %),2.32146457882717,measured,source_ingest,2019.0,
Sierra Leone,2019,carbon_intensity_elec,50.0,measured,source_ingest,2019.0,
Sierra Leone,2019,electricity_demand (TWh),0.2,measured,source_ingest,2019.0,
Sierra Leone,2019,electricity_generation (TWh),0.2,measured,source_ingest,2019.0,
Sierra Leone,2019,energy_poverty_electricity (% of total population),77.3,derived,one_minus_access,2019.0,
Sierra Leone,2019,energy_poverty_electricity_rural (% of rural population),98.5,measured,source_ingest,2019.0,
Sierra Leone,2019,energy_poverty_electricity_urban (% of urban population),48.6,measured,source_ingest,2019.0,
Sierra Leone,2019,energy_poverty_multidimensional (% of total population),88.3,measured,source_ingest,2019.0,
Sierra Leone,2019,fossil_share_elec,5.0,measured,source_ingest,2019.0,
Sierra Leone,2019,gdp,11031662186.0,measured,source_ingest,2019.0,
Sierra Leone,2019,greenhouse_gas_emissions,0.01,measured,source_ingest,2019.0,
Sierra Leone,2019,hydro_electricity,0.18,measured,source_ingest,2019.0,
Sierra Leone,2019,low_carbon_share_elec,95.0,measured,source_ingest,2019.0,
Sierra Leone,2019,population,7731994.0,measured,source_ingest,2019.0,
Sierra Leone,2019,renewables_electricity,0.19,measured,source_ingest,2019.0,
Sierra Leone,2019,renewables_share_elec,95.0,measured,source_ingest,2019.0,
Sierra Leone,2019,solar_electricity,0.01,measured,source_ingest,2019.0,
Sierra Leone,2019,wind_electricity,0.0,measured,source_ingest,2019.0,
Sierra Leone,2020,Access to Clean Fuels and Technologies for cooking (% of total population),0.8,measured,source_ingest,2020.0,
Sierra Leone,2020,Access to electricity (% of total population),26.3,measured,source_ingest,2020.0,
Sierra Leone,2020,Population growth (annual %),2.30847202655897,measured,source_ingest,2020.0,
Sierra Leone,2020,carbon_intensity_elec,50.0,measured,source_ingest,2020.0,
Sierra Leone,2020,electricity_demand (TWh),0.2,measured,source_ingest,2020.0,
Sierra Leone,2020,electricity_generation (TWh),0.2,measured,source_ingest,2020.0,
Sierra Leone,2020,energy_poverty_electricity (% of total population),73.7,derived,one_minus_access,2020.0,
Sierra Leone,2020,energy_poverty_electricity_rural (% of rural population),95.3,measured,source_ingest,2020.0,
Sierra Leone,2020,energy_poverty_electricity_urban (% of urban population),45.0,measured,source_ingest,2020.0,
Sierra Leone,2020,energy_poverty_multidimensional (% of total population),86.45,measured,source_ingest,2020.0,
Sierra Leone,2020,fossil_share_elec,5.0,measured,source_ingest,2020.0,
Sierra Leone,2020,gdp,10814455084.0,measured,source_ingest,2020.0,
Sierra Leone,2020,greenhouse_gas_emissions,0.01,measured,source_ingest,2020.0,
Sierra Leone,2020,hydro_electricity,0.18,measured,source_ingest,2020.0,
Sierra Leone,2020,low_carbon_share_elec,95.0,measured,source_ingest,2020.0,
Sierra Leone,2020,population,7912557.0,measured,source_ingest,2020.0,
Sierra Leone,2020,renewables_electricity,0.19,measured,source_ingest,2020.0,
Sierra Leone,2020,renewables_share_elec,95.0,measured,source_ingest,2020.0,
Sierra Leone,2020,solar_electricity,0.01,measured,source_ingest,2020.0,
Sierra Leone,2020,wind_electricity,0.0,measured,source_ingest,2020.0,
Sierra Leone,2021,Access to Clean Fuels and Technologies for cooking (% of total population),0.8,measured,source_ingest,2021.0,
Sierra Leone,2021,Access to electricity (% of total population),27.5,measured,source_ingest,2021.0,
Sierra Leone,2021,Population growth (annual %),2.27463021517533,measured,source_ingest,2021.0,
Sierra Leone,2021,carbon_intensity_elec,50.0,measured,source_ingest,2021.0,
Sierra Leone,2021,electricity_demand (TWh),0.2,measured,source_ingest,2021.0,
Sierra Leone,2021,electricity_generation (TWh),0.2,measured,source_ingest,2021.0,
Sierra Leone,2021,energy_poverty_electricity (% of total population),72.5,derived,one_minus_access,2021.0,
Sierra Leone,2021,energy_poverty_electricity_rural (% of rural population),95.1,measured,source_ingest,2021.0,
Sierra Leone,2021,energy_poverty_electricity_urban (% of urban population),43.0,measured,source_ingest,2021.0,
Sierra Leone,2021,energy_poverty_multidimensional (% of total population),85.85,measured,source_ingest,2021.0,
Sierra Leone,2021,fossil_share_elec,5.0,measured,source_ingest,2021.0,
Sierra Leone,2021,gdp,11258356071.0,measured,source_ingest,2021.0,
Sierra Leone,2021,greenhouse_gas_emissions,0.01,measured,source_ingest,2021.0,
Sierra Leone,2021,hydro_electricity,0.18,measured,source_ingest,2021.0,
Sierra Leone,2021,low_carbon_share_elec,95.0,measured,source_ingest,2021.0,
Sierra Leone,2021,population,8094603.0,measured,source_ingest,2021.0,
Sierra Leone,2021,renewables_electricity,0.19,measured,source_ingest,2021.0,
Sierra Leone,2021,renewables_share_elec,95.0,measured,source_ingest,2021.0,
Sierra Leone,2021,solar_electricity,0.01,measured,source_ingest,2021.0,
Sierra Leone,2021,wind_electricity,0.0,measured,source_ingest,2021.0,
Sierra Leone,2022,Access to Clean Fuels and Technologies for cooking (% of total population),0.8,measured,source_ingest,2022.0,
Sierra Leone,2022,Access to electricity (% of total population),29.4,measured,source_ingest,2022.0,
Sierra Leone,2022,Population growth (annual %),2.22598462352813,measured,source_ingest,2022.0,
Sierra Leone,2022,carbon_intensity_elec,50.0,measured,source_ingest,2022.0,
Sierra Leone,2022,electricity_demand (TWh),0.2,measured,source_ingest,2022.0,
Sierra Leone,2022,electricity_generation (TWh),0.2,measured,source_ingest,2022.0,
Sierra Leone,2022,energy_poverty_electricity (% of total population),70.6,derived,one_minus_access,2022.0,
Sierra Leone,2022,energy_poverty_electricity_rural (% of rural population),95.0,measured,source_ingest,2022.0,
Sierra Leone,2022,energy_poverty_electricity_urban (% of urban population),44.7,measured,source_ingest,2022.0,
Sierra Leone,2022,energy_poverty_multidimensional (% of total population),84.9,measured,source_ingest,2022.0,
Sierra Leone,2022,fossil_share_elec,5.0,measured,source_ingest,2022.0,
Sierra Leone,2022,gdp,11681270534.0,measured,source_ingest,2022.0,
Sierra Leone,2022,greenhouse_gas_emissions,0.01,measured,source_ingest,2022.0,
Sierra Leone,2022,hydro_electricity,0.18,measured,source_ingest,2022.0,
Sierra Leone,2022,low_carbon_share_elec,95.0,measured,source_ingest,2022.0,
Sierra Leone,2022,population,8276809.0,measured,source_ingest,2022.0,
Sierra Leone,2022,renewables_electricity,0.19,measured,source_ingest,2022.0,
Sierra Leone,2022,renewables_share_elec,95.0,measured,source_ingest,2022.0,
Sierra Leone,2022,solar_electricity,0.01,measured,source_ingest,2022.0,
Sierra Leone,2022,wind_electricity,0.0,measured,source_ingest,2022.0,
Sierra Leone,2023,Access to Clean Fuels and Technologies for cooking (% of total population),0.9,measured,source_ingest,2023.0,
Sierra Leone,2023,Access to electricity (% of total population),35.5,measured,source_ingest,2023.0,
Sierra Leone,2023,Population growth (annual %),2.19524258771884,measured,source_ingest,2023.0,
Sierra Leone,2023,carbon_intensity_elec,47.62,measured,source_ingest,2023.0,
Sierra Leone,2023,electricity_demand (TWh),0.21,measured,source_ingest,2023.0,
Sierra Leone,2023,electricity_generation (TWh),0.21,measured,source_ingest,2023.0,
Sierra Leone,2023,energy_poverty_electricity (% of total population),64.5,derived,one_minus_access,2023.0,
Sierra Leone,2023,energy_poverty_electricity_rural (% of rural population),81.0,measured,source_ingest,2023.0,
Sierra Leone,2023,energy_poverty_electricity_urban (% of urban population),43.7,measured,source_ingest,2023.0,
Sierra Leone,2023,energy_poverty_multidimensional (% of total population),81.8,measured,source_ingest,2023.0,
Sierra Leone,2023,fossil_share_elec,4.762,measured,source_ingest,2023.0,
Sierra Leone,2023,gdp,12011400320.647131,estimated,dampened_exponential_log_linear,2022.0,0.941173494997688
Sierra Leone,2023,greenhouse_gas_emissions,0.01,measured,source_ingest,2023.0,
Sierra Leone,2023,hydro_electricity,0.18,measured,source_ingest,2023.0,
Sierra Leone,2023,low_carbon_share_elec,95.238,measured,source_ingest,2023.0,
Sierra Leone,2023,population,8460523.0,measured,source_ingest,2023.0,
Sierra Leone,2023,renewables_electricity,0.2,measured,source_ingest,2023.0,
Sierra Leone,2023,renewables_share_elec,95.238,measured,source_ingest,2023.0,
Sierra Leone,2023,solar_electricity,0.02,measured,source_ingest,2023.0,
Sierra Leone,2023,wind_electricity,0.0,measured,source_ingest,2023.0,
Sierra Leone,2024,Access to Clean Fuels and Technologies for cooking (% of total population),0.9107142857142776,estimated,linear_projection,2023.0,0.8928571428571463
Sierra Leone,2024,Access to electricity (% of total population),39.2,measured,source_ingest,2024.0,
Sierra Leone,2024,Population growth (annual %),2.1226891332086,measured,source_ingest,2024.0,
Sierra Leone,2024,carbon_intensity_elec,47.62,measured,source_ingest,2024.0,
Sierra Leone,2024,electricity_demand (TWh),0.21,measured,source_ingest,2024.0,
Sierra Leone,2024,electricity_generation (TWh),0.21,measured,source_ingest,2024.0,
Sierra Leone,2024,energy_poverty_electricity (% of total population),60.8,derived,one_minus_access,2024.0,
Sierra Leone,2024,energy_poverty_electricity_rural (% of rural population),75.1,measured,source_ingest,2024.0,
Sierra Leone,2024,energy_poverty_electricity_urban (% of urban population),43.6,measured,source_ingest,2024.0,
Sierra Leone,2024,energy_poverty_multidimensional (% of total population),82.48214285714289,measured,source_ingest,2024.0,
Sierra Leone,2024,fossil_share_elec,4.762,measured,source_ingest,2024.0,
Sierra Leone,2024,gdp,12350860057.809015,estimated,dampened_exponential_log_linear,2022.0,0.941173494997688
Sierra Leone,2024,greenhouse_gas_emissions,0.01,measured,source_ingest,2024.0,
Sierra Leone,2024,hydro_electricity,0.18,measured,source_ingest,2024.0,
Sierra Leone,2024,low_carbon_share_elec,95.238,measured,source_ingest,2024.0,
Sierra Leone,2024,population,8642029.0,measured,source_ingest,2024.0,
Sierra Leone,2024,renewables_electricity,0.2,measured,source_ingest,2024.0,
Sierra Leone,2024,renewables_share_elec,95.238,measured,source_ingest,2024.0,
Sierra Leone,2024,solar_electricity,0.02,measured,source_ingest,2024.0,
Sierra Leone,2024,wind_electricity,0.0,measured,source_ingest,2024.0,
Sierra Leone,2025,Access to Clean Fuels and Technologies for cooking (% of total population),0.9464285714285694,estimated,linear_projection,2023.0,0.8928571428571463
Sierra Leone,2025,Access to electricity (% of total population),38.58891894658927,estimated,logistic_logit_linear,2024.0,0.8657618894127039
Sierra Leone,2025,Population growth (annual %),2.03619305233604,measured,source_ingest,2025.0,
Sierra Leone,2025,carbon_intensity_elec,37.38228826494623,estimated,dampened_exponential_log_linear,2024.0,0.6979957144697787
Sierra Leone,2025,electricity_demand (TWh),0.20696619182140116,estimated,dampened_exponential_log_linear,2024.0,0.16175061919496136
Sierra Leone,2025,electricity_generation (TWh),0.20696619182140116,estimated,dampened_exponential_log_linear,2024.0,0.16175061919496136
Sierra Leone,2025,energy_poverty_electricity (% of total population),61.41108105341073,estimated,one_minus_access,2024.0,
Sierra Leone,2025,energy_poverty_electricity_rural (% of rural population),80.62777777777774,estimated,linear_projection,2024.0,0.5714231044198632
Sierra Leone,2025,energy_poverty_electricity_urban (% of urban population),40.761111111111404,estimated,linear_projection,2024.0,0.7919056899546415
Sierra Leone,2025,energy_poverty_multidimensional (% of total population),81.60595238095243,measured,source_ingest,2025.0,
Sierra Leone,2025,fossil_share_elec,0.0,estimated,linear_projection,2024.0,0.6955618688649716
Sierra Leone,2025,gdp,12385329266.539843,estimated,dampened_exponential_log_linear,2022.0,0.941173494997688
Sierra Leone,2025,greenhouse_gas_emissions,0.007736705438639679,estimated,dampened_exponential_log_linear,2024.0,0.6568641349388269
Sierra Leone,2025,hydro_electricity,0.1873218158427207,estimated,dampened_exponential_log_linear,2024.0,0.5984994161265755
Sierra Leone,2025,low_carbon_share_elec,100.0,estimated,linear_projection,2024.0,0.6955618688649716
Sierra Leone,2025,population,8819801.143994542,estimated,limit_year_population_growth_rate_exponential,2024.0,
Sierra Leone,2025,renewables_electricity,0.20990860370450345,estimated,dampened_exponential_log_linear,2024.0,0.699841338701326
Sierra Leone,2025,renewables_share_elec,100.0,estimated,linear_projection,2024.0,0.6955618688649716
Sierra Leone,2025,solar_electricity,0.022081790273476246,estimated,dampened_exponential_log_linear,2024.0,0.5714285714285712
Sierra Leone,2025,wind_electricity,,missing,no_history,,
Somalia,2016,Access to Clean Fuels and Technologies for cooking (% of total population),2.3,measured,source_ingest,2016.0,
Somalia,2016,Access to electricity (% of total population),51.1,measured,source_ingest,2016.0,
Somalia,2016,Population growth (annual %),3.8489103342184,measured,source_ingest,2016.0,
Somalia,2016,carbon_intensity_elec,638.89,measured,source_ingest,2016.0,
Somalia,2016,electricity_demand (TWh),0.36,measured,source_ingest,2016.0,
Somalia,2016,electricity_generation (TWh),0.36,measured,source_ingest,2016.0,
Somalia,2016,energy_poverty_electricity (% of total population),48.9,derived,one_minus_access,2016.0,
Somalia,2016,energy_poverty_electricity_rural (% of rural population),62.7,measured,source_ingest,2016.0,
Somalia,2016,energy_poverty_electricity_urban (% of urban population),31.099999999999994,measured,source_ingest,2016.0,
Somalia,2016,energy_poverty_multidimensional (% of total population),73.3,measured,source_ingest,2016.0,
Somalia,2016,fossil_share_elec,97.222,measured,source_ingest,2016.0,
Somalia,2016,gdp,,missing,no_history,,
Somalia,2016,greenhouse_gas_emissions,0.23,measured,source_ingest,2016.0,
Somalia,2016,hydro_electricity,0.0,measured,source_ingest,2016.0,
Somalia,2016,low_carbon_share_elec,2.778,measured,source_ingest,2016.0,
Somalia,2016,population,14348741.0,measured,source_ingest,2016.0,
Somalia,2016,renewables_electricity,0.01,measured,source_ingest,2016.0,
Somalia,2016,renewables_share_elec,2.778,measured,source_ingest,2016.0,
Somalia,2016,solar_electricity,0.01,measured,source_ingest,2016.0,
Somalia,2016,wind_electricity,0.0,measured,source_ingest,2016.0,
Somalia,2017,Access to Clean Fuels and Technologies for cooking (% of total population),2.6,measured,source_ingest,2017.0,
Somalia,2017,Access to electricity (% of total population),52.1,measured,source_ingest,2017.0,
Somalia,2017,Population growth (annual %),3.88144974373944,measured,source_ingest,2017.0,
Somalia,2017,carbon_intensity_elec,621.62,measured,source_ingest,2017.0,
Somalia,2017,electricity_demand (TWh),0.37,measured,source_ingest,2017.0,
Somalia,2017,electricity_generation (TWh),0.37,measured,source_ingest,2017.0,
Somalia,2017,energy_poverty_electricity (% of total population),47.9,derived,one_minus_access,2017.0,
Somalia,2017,energy_poverty_electricity_rural (% of rural population),61.6,measured,source_ingest,2017.0,
Somalia,2017,energy_poverty_electricity_urban (% of urban population),30.700000000000003,measured,source_ingest,2017.0,
Somalia,2017,energy_poverty_multidimensional (% of total population),72.65,measured,source_ingest,2017.0,
Somalia,2017,fossil_share_elec,94.595,measured,source_ingest,2017.0,
Somalia,2017,gdp,,missing,no_history,,
Somalia,2017,greenhouse_gas_emissions,0.23,measured,source_ingest,2017.0,
Somalia,2017,hydro_electricity,0.0,measured,source_ingest,2017.0,
Somalia,2017,low_carbon_share_elec,5.405,measured,source_ingest,2017.0,
Somalia,2017,population,14916630.0,measured,source_ingest,2017.0,
Somalia,2017,renewables_electricity,0.02,measured,source_ingest,2017.0,
Somalia,2017,renewables_share_elec,5.405,measured,source_ingest,2017.0,
Somalia,2017,solar_electricity,0.01,measured,source_ingest,2017.0,
Somalia,2017,wind_electricity,0.01,measured,source_ingest,2017.0,
Somalia,2018,Access to Clean Fuels and Technologies for cooking (% of total population),3.0,measured,source_ingest,2018.0,
Somalia,2018,Access to electricity (% of total population),50.7,measured,source_ingest,2018.0,
Somalia,2018,Population growth (annual %),3.52933303532182,measured,source_ingest,2018.0,
Somalia,2018,carbon_intensity_elec,621.62,measured,source_ingest,2018.0,
Somalia,2018,electricity_demand (TWh),0.37,measured,source_ingest,2018.0,
Somalia,2018,electricity_generation (TWh),0.37,measured,source_ingest,2018.0,
Somalia,2018,energy_poverty_electricity (% of total population),49.3,derived,one_minus_access,2018.0,
Somalia,2018,energy_poverty_electricity_rural (% of rural population),64.7,measured,source_ingest,2018.0,
Somalia,2018,energy_poverty_electricity_urban (% of urban population),30.299999999999997,measured,source_ingest,2018.0,
Somalia,2018,energy_poverty_multidimensional (% of total population),73.15,measured,source_ingest,2018.0,
Somalia,2018,fossil_share_elec,94.595,measured,source_ingest,2018.0,
Somalia,2018,gdp,,missing,no_history,,
Somalia,2018,greenhouse_gas_emissions,0.23,measured,source_ingest,2018.0,
Somalia,2018,hydro_electricity,0.0,measured,source_ingest,2018.0,
Somalia,2018,low_carbon_share_elec,5.405,measured,source_ingest,2018.0,
Somalia,2018,population,15452489.0,measured,source_ingest,2018.0,
Somalia,2018,renewables_electricity,0.02,measured,source_ingest,2018.0,
Somalia,2018,renewables_share_elec,5.405,measured,source_ingest,2018.0,
Somalia,2018,solar_electricity,0.01,measured,source_ingest,2018.0,
Somalia,2018,wind_electricity,0.01,measured,source_ingest,2018.0,
Somalia,2019,Access to Clean Fuels and Technologies for cooking (% of total population),3.5,measured,source_ingest,2019.0,
Somalia,2019,Access to electricity (% of total population),49.2,measured,source_ingest,2019.0,
Somalia,2019,Population growth (annual %),3.67525774477084,measured,source_ingest,2019.0,
Somalia,2019,carbon_intensity_elec,621.62,measured,source_ingest,2019.0,
Somalia,2019,electricity_demand (TWh),0.37,measured,source_ingest,2019.0,
Somalia,2019,electricity_generation (TWh),0.37,measured,source_ingest,2019.0,
Somalia,2019,energy_poverty_electricity (% of total population),50.8,derived,one_minus_access,2019.0,
Somalia,2019,energy_poverty_electricity_rural (% of rural population),75.6,estimated,observed_or_carry,2024.0,
Somalia,2019,energy_poverty_electricity_urban (% of urban population),30.099999999999994,measured,source_ingest,2019.0,
Somalia,2019,energy_poverty_multidimensional (% of total population),73.65,measured,source_ingest,2019.0,
Somalia,2019,fossil_share_elec,94.595,measured,source_ingest,2019.0,
Somalia,2019,gdp,,missing,no_history,,
Somalia,2019,greenhouse_gas_emissions,0.23,measured,source_ingest,2019.0,
Somalia,2019,hydro_electricity,0.0,measured,source_ingest,2019.0,
Somalia,2019,low_carbon_share_elec,5.405,measured,source_ingest,2019.0,
Somalia,2019,population,16030969.0,measured,source_ingest,2019.0,
Somalia,2019,renewables_electricity,0.02,measured,source_ingest,2019.0,
Somalia,2019,renewables_share_elec,5.405,measured,source_ingest,2019.0,
Somalia,2019,solar_electricity,0.01,measured,source_ingest,2019.0,
Somalia,2019,wind_electricity,0.01,measured,source_ingest,2019.0,
Somalia,2020,Access to Clean Fuels and Technologies for cooking (% of total population),3.7,measured,source_ingest,2020.0,
Somalia,2020,Access to electricity (% of total population),49.9,measured,source_ingest,2020.0,
Somalia,2020,Population growth (annual %),3.79592066888979,measured,source_ingest,2020.0,
Somalia,2020,carbon_intensity_elec,594.6,measured,source_ingest,2020.0,
Somalia,2020,electricity_demand (TWh),0.37,measured,source_ingest,2020.0,
Somalia,2020,electricity_generation (TWh),0.37,measured,source_ingest,2020.0,
Somalia,2020,energy_poverty_electricity (% of total population),50.1,derived,one_minus_access,2020.0,
Somalia,2020,energy_poverty_electricity_rural (% of rural population),67.7,measured,source_ingest,2020.0,
Somalia,2020,energy_poverty_electricity_urban (% of urban population),29.700000000000003,measured,source_ingest,2020.0,
Somalia,2020,energy_poverty_multidimensional (% of total population),73.2,measured,source_ingest,2020.0,
Somalia,2020,fossil_share_elec,91.892,measured,source_ingest,2020.0,
Somalia,2020,gdp,,missing,no_history,,
Somalia,2020,greenhouse_gas_emissions,0.22,measured,source_ingest,2020.0,
Somalia,2020,hydro_electricity,0.0,measured,source_ingest,2020.0,
Somalia,2020,low_carbon_share_elec,8.108,measured,source_ingest,2020.0,
Somalia,2020,population,16651200.0,measured,source_ingest,2020.0,
Somalia,2020,renewables_electricity,0.03,measured,source_ingest,2020.0,
Somalia,2020,renewables_share_elec,8.108,measured,source_ingest,2020.0,
Somalia,2020,solar_electricity,0.02,measured,source_ingest,2020.0,
Somalia,2020,wind_electricity,0.01,measured,source_ingest,2020.0,
Somalia,2021,Access to Clean Fuels and Technologies for cooking (% of total population),4.3,measured,source_ingest,2021.0,
Somalia,2021,Access to electricity (% of total population),49.3,measured,source_ingest,2021.0,
Somalia,2021,Population growth (annual %),3.65720037777736,measured,source_ingest,2021.0,
Somalia,2021,carbon_intensity_elec,578.95,measured,source_ingest,2021.0,
Somalia,2021,electricity_demand (TWh),0.38,measured,source_ingest,2021.0,
Somalia,2021,electricity_generation (TWh),0.38,measured,source_ingest,2021.0,
Somalia,2021,energy_poverty_electricity (% of total population),50.7,derived,one_minus_access,2021.0,
Somalia,2021,energy_poverty_electricity_rural (% of rural population),69.4,measured,source_ingest,2021.0,
Somalia,2021,energy_poverty_electricity_urban (% of urban population),29.400000000000006,measured,source_ingest,2021.0,
Somalia,2021,energy_poverty_multidimensional (% of total population),73.2,measured,source_ingest,2021.0,
Somalia,2021,fossil_share_elec,89.474,measured,source_ingest,2021.0,
Somalia,2021,gdp,,missing,no_history,,
Somalia,2021,greenhouse_gas_emissions,0.22,measured,source_ingest,2021.0,
Somalia,2021,hydro_electricity,0.0,measured,source_ingest,2021.0,
Somalia,2021,low_carbon_share_elec,10.526,measured,source_ingest,2021.0,
Somalia,2021,population,17271435.0,measured,source_ingest,2021.0,
Somalia,2021,renewables_electricity,0.04,measured,source_ingest,2021.0,
Somalia,2021,renewables_share_elec,10.526,measured,source_ingest,2021.0,
Somalia,2021,solar_electricity,0.03,measured,source_ingest,2021.0,
Somalia,2021,wind_electricity,0.01,measured,source_ingest,2021.0,
Somalia,2022,Access to Clean Fuels and Technologies for cooking (% of total population),4.8,measured,source_ingest,2022.0,
Somalia,2022,Access to electricity (% of total population),48.9,measured,source_ingest,2022.0,
Somalia,2022,Population growth (annual %),3.0251275475745,measured,source_ingest,2022.0,
Somalia,2022,carbon_intensity_elec,523.81,measured,source_ingest,2022.0,
Somalia,2022,electricity_demand (TWh),0.42,measured,source_ingest,2022.0,
Somalia,2022,electricity_generation (TWh),0.42,measured,source_ingest,2022.0,
Somalia,2022,energy_poverty_electricity (% of total population),51.1,derived,one_minus_access,2022.0,
Somalia,2022,energy_poverty_electricity_rural (% of rural population),69.3,measured,source_ingest,2022.0,
Somalia,2022,energy_poverty_electricity_urban (% of urban population),23.299999999999997,measured,source_ingest,2022.0,
Somalia,2022,energy_poverty_multidimensional (% of total population),73.15,measured,source_ingest,2022.0,
Somalia,2022,fossil_share_elec,80.952,measured,source_ingest,2022.0,
Somalia,2022,gdp,,missing,no_history,,
Somalia,2022,greenhouse_gas_emissions,0.22,measured,source_ingest,2022.0,
Somalia,2022,hydro_electricity,0.0,measured,source_ingest,2022.0,
Somalia,2022,low_carbon_share_elec,19.048,measured,source_ingest,2022.0,
Somalia,2022,population,17801895.0,measured,source_ingest,2022.0,
Somalia,2022,renewables_electricity,0.08,measured,source_ingest,2022.0,
Somalia,2022,renewables_share_elec,19.048,measured,source_ingest,2022.0,
Somalia,2022,solar_electricity,0.07,measured,source_ingest,2022.0,
Somalia,2022,wind_electricity,0.01,measured,source_ingest,2022.0,
Somalia,2023,Access to Clean Fuels and Technologies for cooking (% of total population),5.4,measured,source_ingest,2023.0,
Somalia,2023,Access to electricity (% of total population),50.3,measured,source_ingest,2023.0,
Somalia,2023,Population growth (annual %),3.07939219638342,measured,source_ingest,2023.0,
Somalia,2023,carbon_intensity_elec,523.81,measured,source_ingest,2023.0,
Somalia,2023,electricity_demand (TWh),0.42,measured,source_ingest,2023.0,
Somalia,2023,electricity_generation (TWh),0.42,measured,source_ingest,2023.0,
Somalia,2023,energy_poverty_electricity (% of total population),49.7,derived,one_minus_access,2023.0,
Somalia,2023,energy_poverty_electricity_rural (% of rural population),76.1,measured,source_ingest,2023.0,
Somalia,2023,energy_poverty_electricity_urban (% of urban population),21.0,measured,source_ingest,2023.0,
Somalia,2023,energy_poverty_multidimensional (% of total population),72.15,measured,source_ingest,2023.0,
Somalia,2023,fossil_share_elec,80.952,measured,source_ingest,2023.0,
Somalia,2023,gdp,,missing,no_history,,
Somalia,2023,greenhouse_gas_emissions,0.22,measured,source_ingest,2023.0,
Somalia,2023,hydro_electricity,0.0,measured,source_ingest,2023.0,
Somalia,2023,low_carbon_share_elec,19.048,measured,source_ingest,2023.0,
Somalia,2023,population,18358622.0,measured,source_ingest,2023.0,
Somalia,2023,renewables_electricity,0.08,measured,source_ingest,2023.0,
Somalia,2023,renewables_share_elec,19.048,measured,source_ingest,2023.0,
Somalia,2023,solar_electricity,0.07,measured,source_ingest,2023.0,
Somalia,2023,wind_electricity,0.01,measured,source_ingest,2023.0,
Somalia,2024,Access to Clean Fuels and Technologies for cooking (% of total population),5.671428571428578,estimated,linear_projection,2023.0,0.9878618113912232
Somalia,2024,Access to electricity (% of total population),54.4,measured,source_ingest,2024.0,
Somalia,2024,Population growth (annual %),3.48215481810475,measured,source_ingest,2024.0,
Somalia,2024,carbon_intensity_elec,511.63,measured,source_ingest,2024.0,
Somalia,2024,electricity_demand (TWh),0.43,measured,source_ingest,2024.0,
Somalia,2024,electricity_generation (TWh),0.43,measured,source_ingest,2024.0,
Somalia,2024,energy_poverty_electricity (% of total population),45.6,derived,one_minus_access,2024.0,
Somalia,2024,energy_poverty_electricity_rural (% of rural population),75.6,measured,source_ingest,2024.0,
Somalia,2024,energy_poverty_electricity_urban (% of urban population),26.599999999999994,measured,source_ingest,2024.0,
Somalia,2024,energy_poverty_multidimensional (% of total population),72.74285714285713,measured,source_ingest,2024.0,
Somalia,2024,fossil_share_elec,79.07,measured,source_ingest,2024.0,
Somalia,2024,gdp,,missing,no_history,,
Somalia,2024,greenhouse_gas_emissions,0.22,measured,source_ingest,2024.0,
Somalia,2024,hydro_electricity,0.0,measured,source_ingest,2024.0,
Somalia,2024,low_carbon_share_elec,20.93,measured,source_ingest,2024.0,
Somalia,2024,population,19009155.0,measured,source_ingest,2024.0,
Somalia,2024,renewables_electricity,0.09,measured,source_ingest,2024.0,
Somalia,2024,renewables_share_elec,20.93,measured,source_ingest,2024.0,
Somalia,2024,solar_electricity,0.08,measured,source_ingest,2024.0,
Somalia,2024,wind_electricity,0.01,measured,source_ingest,2024.0,
Somalia,2025,Access to Clean Fuels and Technologies for cooking (% of total population),6.109523809523807,estimated,linear_projection,2023.0,0.9878618113912232
Somalia,2025,Access to electricity (% of total population),51.018547002327175,estimated,logistic_logit_linear,2024.0,0.01301334649074426
Somalia,2025,Population growth (annual %),3.3397984923678,measured,source_ingest,2025.0,
Somalia,2025,carbon_intensity_elec,496.37968353543295,estimated,dampened_exponential_log_linear,2024.0,0.9024781289007142
Somalia,2025,electricity_demand (TWh),0.43993972699406786,estimated,dampened_exponential_log_linear,2024.0,0.8218121044988874
Somalia,2025,electricity_generation (TWh),0.43993972699406786,estimated,dampened_exponential_log_linear,2024.0,0.8218121044988874
Somalia,2025,energy_poverty_electricity (% of total population),48.981452997672825,estimated,one_minus_access,2024.0,
Somalia,2025,energy_poverty_electricity_rural (% of rural population),77.10764331210157,estimated,linear_projection,2024.0,0.9151255709992288
Somalia,2025,energy_poverty_electricity_urban (% of urban population),22.872222222222263,estimated,linear_projection,2024.0,0.609155094315528
Somalia,2025,energy_poverty_multidimensional (% of total population),72.6732142857143,measured,source_ingest,2025.0,
Somalia,2025,fossil_share_elec,77.09877777777729,estimated,linear_projection,2024.0,0.8927635680186199
Somalia,2025,gdp,,missing,no_history,,
Somalia,2025,greenhouse_gas_emissions,0.2183761248095024,estimated,dampened_exponential_log_linear,2024.0,0.7500000000000014
Somalia,2025,hydro_electricity,,missing,no_history,,
Somalia,2025,low_carbon_share_elec,22.901222222222714,estimated,linear_projection,2024.0,0.89276356801862
Somalia,2025,population,19654743.135847837,estimated,limit_year_population_growth_rate_exponential,2024.0,
Somalia,2025,renewables_electricity,0.11831709806240963,estimated,dampened_exponential_log_linear,2024.0,0.9363333491571316
Somalia,2025,renewables_share_elec,22.901222222222714,estimated,linear_projection,2024.0,0.89276356801862
Somalia,2025,solar_electricity,0.11007098267078323,estimated,dampened_exponential_log_linear,2024.0,0.8868975236551895
Somalia,2025,wind_electricity,0.01,estimated,dampened_exponential_log_linear,2024.0,0.0
South Africa,2016,Access to Clean Fuels and Technologies for cooking (% of total population),85.0,measured,source_ingest,2016.0,
South Africa,2016,Access to electricity (% of total population),83.9,measured,source_ingest,2016.0,
South Africa,2016,Population growth (annual %),0.940521897823675,measured,source_ingest,2016.0,
South Africa,2016,carbon_intensity_elec,779.4,measured,source_ingest,2016.0,
South Africa,2016,electricity_demand (TWh),246.82,measured,source_ingest,2016.0,
South Africa,2016,electricity_generation (TWh),252.81,measured,source_ingest,2016.0,
South Africa,2016,energy_poverty_electricity (% of total population),16.099999999999994,derived,one_minus_access,2016.0,
South Africa,2016,energy_poverty_electricity_rural (% of rural population),22.099999999999994,measured,source_ingest,2016.0,
South Africa,2016,energy_poverty_electricity_urban (% of urban population),12.900000000000006,measured,source_ingest,2016.0,
South Africa,2016,energy_poverty_multidimensional (% of total population),15.549999999999995,measured,source_ingest,2016.0,
South Africa,2016,fossil_share_elec,90.823,measured,source_ingest,2016.0,
South Africa,2016,gdp,700558003750.0,measured,source_ingest,2016.0,
South Africa,2016,greenhouse_gas_emissions,197.04,measured,source_ingest,2016.0,
South Africa,2016,hydro_electricity,0.62,measured,source_ingest,2016.0,
South Africa,2016,low_carbon_share_elec,9.177,measured,source_ingest,2016.0,
South Africa,2016,population,57259550.0,measured,source_ingest,2016.0,
South Africa,2016,renewables_electricity,8.17,measured,source_ingest,2016.0,
South Africa,2016,renewables_share_elec,3.232,measured,source_ingest,2016.0,
South Africa,2016,solar_electricity,3.01,measured,source_ingest,2016.0,
South Africa,2016,wind_electricity,4.21,measured,source_ingest,2016.0,
South Africa,2017,Access to Clean Fuels and Technologies for cooking (% of total population),85.8,measured,source_ingest,2017.0,
South Africa,2017,Access to electricity (% of total population),84.4,measured,source_ingest,2017.0,
South Africa,2017,Population growth (annual %),0.653837462693277,measured,source_ingest,2017.0,
South Africa,2017,carbon_intensity_elec,768.91,measured,source_ingest,2017.0,
South Africa,2017,electricity_demand (TWh),248.51,measured,source_ingest,2017.0,
South Africa,2017,electricity_generation (TWh),255.14,measured,source_ingest,2017.0,
South Africa,2017,energy_poverty_electricity (% of total population),15.599999999999994,derived,one_minus_access,2017.0,
South Africa,2017,energy_poverty_electricity_rural (% of rural population),20.900000000000006,measured,source_ingest,2017.0,
South Africa,2017,energy_poverty_electricity_urban (% of urban population),12.799999999999997,measured,source_ingest,2017.0,
South Africa,2017,energy_poverty_multidimensional (% of total population),14.900000000000006,measured,source_ingest,2017.0,
South Africa,2017,fossil_share_elec,89.684,measured,source_ingest,2017.0,
South Africa,2017,gdp,708670169977.0,measured,source_ingest,2017.0,
South Africa,2017,greenhouse_gas_emissions,196.18,measured,source_ingest,2017.0,
South Africa,2017,hydro_electricity,0.78,measured,source_ingest,2017.0,
South Africa,2017,low_carbon_share_elec,10.316,measured,source_ingest,2017.0,
South Africa,2017,population,57635158.0,measured,source_ingest,2017.0,
South Africa,2017,renewables_electricity,12.13,measured,source_ingest,2017.0,
South Africa,2017,renewables_share_elec,4.754,measured,source_ingest,2017.0,
South Africa,2017,solar_electricity,3.94,measured,source_ingest,2017.0,
South Africa,2017,wind_electricity,7.02,measured,source_ingest,2017.0,
South Africa,2018,Access to Clean Fuels and Technologies for cooking (% of total population),86.6,measured,source_ingest,2018.0,
South Africa,2018,Access to electricity (% of total population),84.7,measured,source_ingest,2018.0,
South Africa,2018,Population growth (annual %),1.68236992028419,measured,source_ingest,2018.0,
South Africa,2018,carbon_intensity_elec,774.68,measured,source_ingest,2018.0,
South Africa,2018,electricity_demand (TWh),251.6,measured,source_ingest,2018.0,
South Africa,2018,electricity_generation (TWh),256.3,measured,source_ingest,2018.0,
South Africa,2018,energy_poverty_electricity (% of total population),15.299999999999997,derived,one_minus_access,2018.0,
South Africa,2018,energy_poverty_electricity_rural (% of rural population),20.299999999999997,measured,source_ingest,2018.0,
South Africa,2018,energy_poverty_electricity_urban (% of urban population),12.799999999999997,measured,source_ingest,2018.0,
South Africa,2018,energy_poverty_multidimensional (% of total population),14.349999999999994,measured,source_ingest,2018.0,
South Africa,2018,fossil_share_elec,90.613,measured,source_ingest,2018.0,
South Africa,2018,gdp,719458334697.0,measured,source_ingest,2018.0,
South Africa,2018,greenhouse_gas_emissions,198.55,measured,source_ingest,2018.0,
South Africa,2018,hydro_electricity,1.1,measured,source_ingest,2018.0,
South Africa,2018,low_carbon_share_elec,9.387,measured,source_ingest,2018.0,
South Africa,2018,population,58613001.0,measured,source_ingest,2018.0,
South Africa,2018,renewables_electricity,12.48,measured,source_ingest,2018.0,
South Africa,2018,renewables_share_elec,4.869,measured,source_ingest,2018.0,
South Africa,2018,solar_electricity,4.54,measured,source_ingest,2018.0,
South Africa,2018,wind_electricity,6.41,measured,source_ingest,2018.0,
South Africa,2019,Access to Clean Fuels and Technologies for cooking (% of total population),87.3,measured,source_ingest,2019.0,
South Africa,2019,Access to electricity (% of total population),85.0,measured,source_ingest,2019.0,
South Africa,2019,Population growth (annual %),1.64957495527878,measured,source_ingest,2019.0,
South Africa,2019,carbon_intensity_elec,764.26,measured,source_ingest,2019.0,
South Africa,2019,electricity_demand (TWh),247.9,measured,source_ingest,2019.0,
South Africa,2019,electricity_generation (TWh),253.07,measured,source_ingest,2019.0,
South Africa,2019,energy_poverty_electricity (% of total population),15.0,derived,one_minus_access,2019.0,
South Africa,2019,energy_poverty_electricity_rural (% of rural population),19.599999999999994,measured,source_ingest,2019.0,
South Africa,2019,energy_poverty_electricity_urban (% of urban population),12.700000000000003,measured,source_ingest,2019.0,
South Africa,2019,energy_poverty_multidimensional (% of total population),13.849999999999994,measured,source_ingest,2019.0,
South Africa,2019,fossil_share_elec,89.548,measured,source_ingest,2019.0,
South Africa,2019,gdp,721641639539.0,measured,source_ingest,2019.0,
South Africa,2019,greenhouse_gas_emissions,193.41,measured,source_ingest,2019.0,
South Africa,2019,hydro_electricity,0.74,measured,source_ingest,2019.0,
South Africa,2019,low_carbon_share_elec,10.452,measured,source_ingest,2019.0,
South Africa,2019,population,59587880.0,measured,source_ingest,2019.0,
South Africa,2019,renewables_electricity,13.2,measured,source_ingest,2019.0,
South Africa,2019,renewables_share_elec,5.216,measured,source_ingest,2019.0,
South Africa,2019,solar_electricity,5.4,measured,source_ingest,2019.0,
South Africa,2019,wind_electricity,6.63,measured,source_ingest,2019.0,
South Africa,2020,Access to Clean Fuels and Technologies for cooking (% of total population),88.1,measured,source_ingest,2020.0,
South Africa,2020,Access to electricity (% of total population),90.0,measured,source_ingest,2020.0,
South Africa,2020,Population growth (annual %),1.62216431400652,measured,source_ingest,2020.0,
South Africa,2020,carbon_intensity_elec,763.15,measured,source_ingest,2020.0,
South Africa,2020,electricity_demand (TWh),236.92,measured,source_ingest,2020.0,
South Africa,2020,electricity_generation (TWh),240.74,measured,source_ingest,2020.0,
South Africa,2020,energy_poverty_electricity (% of total population),10.0,derived,one_minus_access,2020.0,
South Africa,2020,energy_poverty_electricity_rural (% of rural population),4.5,measured,source_ingest,2020.0,
South Africa,2020,energy_poverty_electricity_urban (% of urban population),12.700000000000003,measured,source_ingest,2020.0,
South Africa,2020,energy_poverty_multidimensional (% of total population),10.950000000000005,measured,source_ingest,2020.0,
South Africa,2020,fossil_share_elec,89.545,measured,source_ingest,2020.0,
South Africa,2020,gdp,675871755463.0,measured,source_ingest,2020.0,
South Africa,2020,greenhouse_gas_emissions,183.72,measured,source_ingest,2020.0,
South Africa,2020,hydro_electricity,1.47,measured,source_ingest,2020.0,
South Africa,2020,low_carbon_share_elec,10.455,measured,source_ingest,2020.0,
South Africa,2020,population,60562374.0,measured,source_ingest,2020.0,
South Africa,2020,renewables_electricity,15.27,measured,source_ingest,2020.0,
South Africa,2020,renewables_share_elec,6.343,measured,source_ingest,2020.0,
South Africa,2020,solar_electricity,6.98,measured,source_ingest,2020.0,
South Africa,2020,wind_electricity,6.41,measured,source_ingest,2020.0,
South Africa,2021,Access to Clean Fuels and Technologies for cooking (% of total population),88.7,measured,source_ingest,2021.0,
South Africa,2021,Access to electricity (% of total population),89.3,measured,source_ingest,2021.0,
South Africa,2021,Population growth (annual %),1.54055743832642,measured,source_ingest,2021.0,
South Africa,2021,carbon_intensity_elec,741.51,measured,source_ingest,2021.0,
South Africa,2021,electricity_demand (TWh),241.89,measured,source_ingest,2021.0,
South Africa,2021,electricity_generation (TWh),245.46,measured,source_ingest,2021.0,
South Africa,2021,energy_poverty_electricity (% of total population),10.700000000000003,derived,one_minus_access,2021.0,
South Africa,2021,energy_poverty_electricity_rural (% of rural population),6.599999999999994,measured,source_ingest,2021.0,
South Africa,2021,energy_poverty_electricity_urban (% of urban population),12.599999999999994,measured,source_ingest,2021.0,
South Africa,2021,energy_poverty_multidimensional (% of total population),11.0,measured,source_ingest,2021.0,
South Africa,2021,fossil_share_elec,87.261,measured,source_ingest,2021.0,
South Africa,2021,gdp,709077881289.0,measured,source_ingest,2021.0,
South Africa,2021,greenhouse_gas_emissions,182.01,measured,source_ingest,2021.0,
South Africa,2021,hydro_electricity,2.02,measured,source_ingest,2021.0,
South Africa,2021,low_carbon_share_elec,12.739,measured,source_ingest,2021.0,
South Africa,2021,population,61502602.0,measured,source_ingest,2021.0,
South Africa,2021,renewables_electricity,18.92,measured,source_ingest,2021.0,
South Africa,2021,renewables_share_elec,7.708,measured,source_ingest,2021.0,
South Africa,2021,solar_electricity,7.84,measured,source_ingest,2021.0,
South Africa,2021,wind_electricity,8.65,measured,source_ingest,2021.0,
South Africa,2022,Access to Clean Fuels and Technologies for cooking (% of total population),89.2,measured,source_ingest,2022.0,
South Africa,2022,Access to electricity (% of total population),86.5,measured,source_ingest,2022.0,
South Africa,2022,Population growth (annual %),1.41397227960081,measured,source_ingest,2022.0,
South Africa,2022,carbon_intensity_elec,729.02,measured,source_ingest,2022.0,
South Africa,2022,electricity_demand (TWh),237.66,measured,source_ingest,2022.0,
South Africa,2022,electricity_generation (TWh),239.17,measured,source_ingest,2022.0,
South Africa,2022,energy_poverty_electricity (% of total population),13.5,derived,one_minus_access,2022.0,
South Africa,2022,energy_poverty_electricity_rural (% of rural population),6.599999999999994,measured,source_ingest,2022.0,
South Africa,2022,energy_poverty_electricity_urban (% of urban population),12.900000000000006,measured,source_ingest,2022.0,
South Africa,2022,energy_poverty_multidimensional (% of total population),12.150000000000006,measured,source_ingest,2022.0,
South Africa,2022,fossil_share_elec,85.901,measured,source_ingest,2022.0,
South Africa,2022,gdp,723559323969.0,measured,source_ingest,2022.0,
South Africa,2022,greenhouse_gas_emissions,174.36,measured,source_ingest,2022.0,
South Africa,2022,hydro_electricity,3.1,measured,source_ingest,2022.0,
South Africa,2022,low_carbon_share_elec,14.099,measured,source_ingest,2022.0,
South Africa,2022,population,62378417.0,measured,source_ingest,2022.0,
South Africa,2022,renewables_electricity,23.62,measured,source_ingest,2022.0,
South Africa,2022,renewables_share_elec,9.876,measured,source_ingest,2022.0,
South Africa,2022,solar_electricity,10.46,measured,source_ingest,2022.0,
South Africa,2022,wind_electricity,9.7,measured,source_ingest,2022.0,
South Africa,2023,Access to Clean Fuels and Technologies for cooking (% of total population),89.8,measured,source_ingest,2023.0,
South Africa,2023,Access to electricity (% of total population),87.7,measured,source_ingest,2023.0,
South Africa,2023,Population growth (annual %),1.32810094082844,measured,source_ingest,2023.0,
South Africa,2023,carbon_intensity_elec,714.4,measured,source_ingest,2023.0,
South Africa,2023,electricity_demand (TWh),232.4,measured,source_ingest,2023.0,
South Africa,2023,electricity_generation (TWh),232.95,measured,source_ingest,2023.0,
South Africa,2023,energy_poverty_electricity (% of total population),12.299999999999997,derived,one_minus_access,2023.0,
South Africa,2023,energy_poverty_electricity_rural (% of rural population),6.0,measured,source_ingest,2023.0,
South Africa,2023,energy_poverty_electricity_urban (% of urban population),4.0,measured,source_ingest,2023.0,
South Africa,2023,energy_poverty_multidimensional (% of total population),11.25,measured,source_ingest,2023.0,
South Africa,2023,fossil_share_elec,84.125,measured,source_ingest,2023.0,
South Africa,2023,gdp,724479116738.8302,estimated,dampened_exponential_log_linear,2022.0,0.013427845059671317
South Africa,2023,greenhouse_gas_emissions,166.42,measured,source_ingest,2023.0,
South Africa,2023,hydro_electricity,2.0,measured,source_ingest,2023.0,
South Africa,2023,low_carbon_share_elec,15.875,measured,source_ingest,2023.0,
South Africa,2023,population,63212386.0,measured,source_ingest,2023.0,
South Africa,2023,renewables_electricity,28.88,measured,source_ingest,2023.0,
South Africa,2023,renewables_share_elec,12.398,measured,source_ingest,2023.0,
South Africa,2023,solar_electricity,14.81,measured,source_ingest,2023.0,
South Africa,2023,wind_electricity,11.6,measured,source_ingest,2023.0,
South Africa,2024,Access to Clean Fuels and Technologies for cooking (% of total population),90.65357142857147,estimated,linear_projection,2023.0,0.9939039498941701
South Africa,2024,Access to electricity (% of total population),90.2,measured,source_ingest,2024.0,
South Africa,2024,Population growth (annual %),1.24951426055192,measured,source_ingest,2024.0,
South Africa,2024,carbon_intensity_elec,717.36,measured,source_ingest,2024.0,
South Africa,2024,electricity_demand (TWh),246.22,measured,source_ingest,2024.0,
South Africa,2024,electricity_generation (TWh),247.52,measured,source_ingest,2024.0,
South Africa,2024,energy_poverty_electricity (% of total population),9.799999999999997,derived,one_minus_access,2024.0,
South Africa,2024,energy_poverty_electricity_rural (% of rural population),13.700000000000003,measured,source_ingest,2024.0,
South Africa,2024,energy_poverty_electricity_urban (% of urban population),7.599999999999994,measured,source_ingest,2024.0,
South Africa,2024,energy_poverty_multidimensional (% of total population),9.957142857143026,measured,source_ingest,2024.0,
South Africa,2024,fossil_share_elec,84.337,measured,source_ingest,2024.0,
South Africa,2024,gdp,725400078754.514,estimated,dampened_exponential_log_linear,2022.0,0.013427845059671317
South Africa,2024,greenhouse_gas_emissions,177.56,measured,source_ingest,2024.0,
South Africa,2024,hydro_electricity,1.1,measured,source_ingest,2024.0,
South Africa,2024,low_carbon_share_elec,15.663,measured,source_ingest,2024.0,
South Africa,2024,population,64007187.0,measured,source_ingest,2024.0,
South Africa,2024,renewables_electricity,30.97,measured,source_ingest,2024.0,
South Africa,2024,renewables_share_elec,12.512,measured,source_ingest,2024.0,
South Africa,2024,solar_electricity,18.3,measured,source_ingest,2024.0,
South Africa,2024,wind_electricity,11.1,measured,source_ingest,2024.0,
South Africa,2025,Access to Clean Fuels and Technologies for cooking (% of total population),91.34047619047624,estimated,linear_projection,2023.0,0.9939039498941701
South Africa,2025,Access to electricity (% of total population),90.2056818078782,estimated,logistic_logit_linear,2024.0,0.574313076265424
South Africa,2025,Population growth (annual %),1.14969203871645,measured,source_ingest,2025.0,
South Africa,2025,carbon_intensity_elec,699.29,measured,source_ingest,2025.0,
South Africa,2025,electricity_demand (TWh),236.84,measured,source_ingest,2025.0,
South Africa,2025,electricity_generation (TWh),242.76,measured,source_ingest,2025.0,
South Africa,2025,energy_poverty_electricity (% of total population),9.794318192121807,estimated,one_minus_access,2024.0,
South Africa,2025,energy_poverty_electricity_rural (% of rural population),3.474999999999909,estimated,linear_projection,2024.0,0.5282735684933502
South Africa,2025,energy_poverty_electricity_urban (% of urban population),7.263888888888687,estimated,linear_projection,2024.0,0.45771909656477017
South Africa,2025,energy_poverty_multidimensional (% of total population),9.280952380952384,measured,source_ingest,2025.0,
South Africa,2025,fossil_share_elec,82.159,measured,source_ingest,2025.0,
South Africa,2025,gdp,725492239321.8127,estimated,dampened_exponential_log_linear,2022.0,0.013427845059671317
South Africa,2025,greenhouse_gas_emissions,169.76,measured,source_ingest,2025.0,
South Africa,2025,hydro_electricity,1.83,measured,source_ingest,2025.0,
South Africa,2025,low_carbon_share_elec,17.841,measured,source_ingest,2025.0,
South Africa,2025,population,64747319.0,measured,source_ingest,2025.0,
South Africa,2025,renewables_electricity,33.1,measured,source_ingest,2025.0,
South Africa,2025,renewables_share_elec,13.635,measured,source_ingest,2025.0,
South Africa,2025,solar_electricity,19.48,measured,source_ingest,2025.0,
South Africa,2025,wind_electricity,11.32,measured,source_ingest,2025.0,
South Sudan,2016,Access to Clean Fuels and Technologies for cooking (% of total population),0.0,measured,source_ingest,2016.0,
South Sudan,2016,Access to electricity (% of total population),5.3,measured,source_ingest,2016.0,
South Sudan,2016,Population growth (annual %),-2.52965683465808,measured,source_ingest,2016.0,
South Sudan,2016,carbon_intensity_elec,653.85,measured,source_ingest,2016.0,
South Sudan,2016,electricity_demand (TWh),0.52,measured,source_ingest,2016.0,
South Sudan,2016,electricity_generation (TWh),0.52,measured,source_ingest,2016.0,
South Sudan,2016,energy_poverty_electricity (% of total population),94.7,derived,one_minus_access,2016.0,
South Sudan,2016,energy_poverty_electricity_rural (% of rural population),96.3,measured,source_ingest,2016.0,
South Sudan,2016,energy_poverty_electricity_urban (% of urban population),87.9,measured,source_ingest,2016.0,
South Sudan,2016,energy_poverty_multidimensional (% of total population),97.35,measured,source_ingest,2016.0,
South Sudan,2016,fossil_share_elec,100.0,measured,source_ingest,2016.0,
South Sudan,2016,gdp,,missing,no_history,,
South Sudan,2016,greenhouse_gas_emissions,0.34,measured,source_ingest,2016.0,
South Sudan,2016,hydro_electricity,0.0,measured,source_ingest,2016.0,
South Sudan,2016,low_carbon_share_elec,0.0,measured,source_ingest,2016.0,
South Sudan,2016,population,10830108.0,measured,source_ingest,2016.0,
South Sudan,2016,renewables_electricity,0.0,measured,source_ingest,2016.0,
South Sudan,2016,renewables_share_elec,0.0,measured,source_ingest,2016.0,
South Sudan,2016,solar_electricity,0.0,measured,source_ingest,2016.0,
South Sudan,2016,wind_electricity,0.0,measured,source_ingest,2016.0,
South Sudan,2017,Access to Clean Fuels and Technologies for cooking (% of total population),0.0,measured,source_ingest,2017.0,
South Sudan,2017,Access to electricity (% of total population),4.2,measured,source_ingest,2017.0,
South Sudan,2017,Population growth (annual %),-5.41590990485178,measured,source_ingest,2017.0,
South Sudan,2017,carbon_intensity_elec,666.67,measured,source_ingest,2017.0,
South Sudan,2017,electricity_demand (TWh),0.54,measured,source_ingest,2017.0,
South Sudan,2017,electricity_generation (TWh),0.54,measured,source_ingest,2017.0,
South Sudan,2017,energy_poverty_electricity (% of total population),95.8,derived,one_minus_access,2017.0,
South Sudan,2017,energy_poverty_electricity_rural (% of rural population),97.1,measured,source_ingest,2017.0,
South Sudan,2017,energy_poverty_electricity_urban (% of urban population),90.4,measured,source_ingest,2017.0,
South Sudan,2017,energy_poverty_multidimensional (% of total population),97.9,measured,source_ingest,2017.0,
South Sudan,2017,fossil_share_elec,100.0,measured,source_ingest,2017.0,
South Sudan,2017,gdp,,missing,no_history,,
South Sudan,2017,greenhouse_gas_emissions,0.36,measured,source_ingest,2017.0,
South Sudan,2017,hydro_electricity,0.0,measured,source_ingest,2017.0,
South Sudan,2017,low_carbon_share_elec,0.0,measured,source_ingest,2017.0,
South Sudan,2017,population,10259150.0,measured,source_ingest,2017.0,
South Sudan,2017,renewables_electricity,0.0,measured,source_ingest,2017.0,
South Sudan,2017,renewables_share_elec,0.0,measured,source_ingest,2017.0,
South Sudan,2017,solar_electricity,0.0,measured,source_ingest,2017.0,
South Sudan,2017,wind_electricity,0.0,measured,source_ingest,2017.0,
South Sudan,2018,Access to Clean Fuels and Technologies for cooking (% of total population),0.0,measured,source_ingest,2018.0,
South Sudan,2018,Access to electricity (% of total population),6.3,measured,source_ingest,2018.0,
South Sudan,2018,Population growth (annual %),-1.33625896422837,measured,source_ingest,2018.0,
South Sudan,2018,carbon_intensity_elec,666.67,measured,source_ingest,2018.0,
South Sudan,2018,electricity_demand (TWh),0.54,measured,source_ingest,2018.0,
South Sudan,2018,electricity_generation (TWh),0.54,measured,source_ingest,2018.0,
South Sudan,2018,energy_poverty_electricity (% of total population),93.7,derived,one_minus_access,2018.0,
South Sudan,2018,energy_poverty_electricity_rural (% of rural population),95.2,measured,source_ingest,2018.0,
South Sudan,2018,energy_poverty_electricity_urban (% of urban population),87.4,measured,source_ingest,2018.0,
South Sudan,2018,energy_poverty_multidimensional (% of total population),96.85,measured,source_ingest,2018.0,
South Sudan,2018,fossil_share_elec,100.0,measured,source_ingest,2018.0,
South Sudan,2018,gdp,,missing,no_history,,
South Sudan,2018,greenhouse_gas_emissions,0.36,measured,source_ingest,2018.0,
South Sudan,2018,hydro_electricity,0.0,measured,source_ingest,2018.0,
South Sudan,2018,low_carbon_share_elec,0.0,measured,source_ingest,2018.0,
South Sudan,2018,population,10122983.0,measured,source_ingest,2018.0,
South Sudan,2018,renewables_electricity,0.0,measured,source_ingest,2018.0,
South Sudan,2018,renewables_share_elec,0.0,measured,source_ingest,2018.0,
South Sudan,2018,solar_electricity,0.0,measured,source_ingest,2018.0,
South Sudan,2018,wind_electricity,0.0,measured,source_ingest,2018.0,
South Sudan,2019,Access to Clean Fuels and Technologies for cooking (% of total population),0.0,measured,source_ingest,2019.0,
South Sudan,2019,Access to electricity (% of total population),6.8,measured,source_ingest,2019.0,
South Sudan,2019,Population growth (annual %),2.92439531185626,measured,source_ingest,2019.0,
South Sudan,2019,carbon_intensity_elec,654.55,measured,source_ingest,2019.0,
South Sudan,2019,electricity_demand (TWh),0.55,measured,source_ingest,2019.0,
South Sudan,2019,electricity_generation (TWh),0.55,measured,source_ingest,2019.0,
South Sudan,2019,energy_poverty_electricity (% of total population),93.2,derived,one_minus_access,2019.0,
South Sudan,2019,energy_poverty_electricity_rural (% of rural population),94.9,measured,source_ingest,2019.0,
South Sudan,2019,energy_poverty_electricity_urban (% of urban population),86.4,measured,source_ingest,2019.0,
South Sudan,2019,energy_poverty_multidimensional (% of total population),96.6,measured,source_ingest,2019.0,
South Sudan,2019,fossil_share_elec,100.0,measured,source_ingest,2019.0,
South Sudan,2019,gdp,,missing,no_history,,
South Sudan,2019,greenhouse_gas_emissions,0.36,measured,source_ingest,2019.0,
South Sudan,2019,hydro_electricity,0.0,measured,source_ingest,2019.0,
South Sudan,2019,low_carbon_share_elec,0.0,measured,source_ingest,2019.0,
South Sudan,2019,population,10423382.0,measured,source_ingest,2019.0,
South Sudan,2019,renewables_electricity,0.0,measured,source_ingest,2019.0,
South Sudan,2019,renewables_share_elec,0.0,measured,source_ingest,2019.0,
South Sudan,2019,solar_electricity,0.0,measured,source_ingest,2019.0,
South Sudan,2019,wind_electricity,0.0,measured,source_ingest,2019.0,
South Sudan,2020,Access to Clean Fuels and Technologies for cooking (% of total population),0.0,measured,source_ingest,2020.0,
South Sudan,2020,Access to electricity (% of total population),7.3,measured,source_ingest,2020.0,
South Sudan,2020,Population growth (annual %),2.60487164966918,measured,source_ingest,2020.0,
South Sudan,2020,carbon_intensity_elec,642.86,measured,source_ingest,2020.0,
South Sudan,2020,electricity_demand (TWh),0.56,measured,source_ingest,2020.0,
South Sudan,2020,electricity_generation (TWh),0.56,measured,source_ingest,2020.0,
South Sudan,2020,energy_poverty_electricity (% of total population),92.7,derived,one_minus_access,2020.0,
South Sudan,2020,energy_poverty_electricity_rural (% of rural population),94.6,measured,source_ingest,2020.0,
South Sudan,2020,energy_poverty_electricity_urban (% of urban population),85.4,measured,source_ingest,2020.0,
South Sudan,2020,energy_poverty_multidimensional (% of total population),96.35,measured,source_ingest,2020.0,
South Sudan,2020,fossil_share_elec,98.214,measured,source_ingest,2020.0,
South Sudan,2020,gdp,,missing,no_history,,
South Sudan,2020,greenhouse_gas_emissions,0.36,measured,source_ingest,2020.0,
South Sudan,2020,hydro_electricity,0.0,measured,source_ingest,2020.0,
South Sudan,2020,low_carbon_share_elec,1.786,measured,source_ingest,2020.0,
South Sudan,2020,population,10698471.0,measured,source_ingest,2020.0,
South Sudan,2020,renewables_electricity,0.01,measured,source_ingest,2020.0,
South Sudan,2020,renewables_share_elec,1.786,measured,source_ingest,2020.0,
South Sudan,2020,solar_electricity,0.01,measured,source_ingest,2020.0,
South Sudan,2020,wind_electricity,0.0,measured,source_ingest,2020.0,
South Sudan,2021,Access to Clean Fuels and Technologies for cooking (% of total population),0.0,measured,source_ingest,2021.0,
South Sudan,2021,Access to electricity (% of total population),7.7,measured,source_ingest,2021.0,
South Sudan,2021,Population growth (annual %),1.55179411079181,measured,source_ingest,2021.0,
South Sudan,2021,carbon_intensity_elec,649.12,measured,source_ingest,2021.0,
South Sudan,2021,electricity_demand (TWh),0.57,measured,source_ingest,2021.0,
South Sudan,2021,electricity_generation (TWh),0.57,measured,source_ingest,2021.0,
South Sudan,2021,energy_poverty_electricity (% of total population),92.3,derived,one_minus_access,2021.0,
South Sudan,2021,energy_poverty_electricity_rural (% of rural population),94.3,measured,source_ingest,2021.0,
South Sudan,2021,energy_poverty_electricity_urban (% of urban population),84.4,measured,source_ingest,2021.0,
South Sudan,2021,energy_poverty_multidimensional (% of total population),96.15,measured,source_ingest,2021.0,
South Sudan,2021,fossil_share_elec,98.246,measured,source_ingest,2021.0,
South Sudan,2021,gdp,,missing,no_history,,
South Sudan,2021,greenhouse_gas_emissions,0.37,measured,source_ingest,2021.0,
South Sudan,2021,hydro_electricity,0.0,measured,source_ingest,2021.0,
South Sudan,2021,low_carbon_share_elec,1.754,measured,source_ingest,2021.0,
South Sudan,2021,population,10865786.0,measured,source_ingest,2021.0,
South Sudan,2021,renewables_electricity,0.01,measured,source_ingest,2021.0,
South Sudan,2021,renewables_share_elec,1.754,measured,source_ingest,2021.0,
South Sudan,2021,solar_electricity,0.01,measured,source_ingest,2021.0,
South Sudan,2021,wind_electricity,0.0,measured,source_ingest,2021.0,
South Sudan,2022,Access to Clean Fuels and Technologies for cooking (% of total population),0.0,measured,source_ingest,2022.0,
South Sudan,2022,Access to electricity (% of total population),8.4,measured,source_ingest,2022.0,
South Sudan,2022,Population growth (annual %),1.42002025455897,measured,source_ingest,2022.0,
South Sudan,2022,carbon_intensity_elec,647.06,measured,source_ingest,2022.0,
South Sudan,2022,electricity_demand (TWh),0.51,measured,source_ingest,2022.0,
South Sudan,2022,electricity_generation (TWh),0.51,measured,source_ingest,2022.0,
South Sudan,2022,energy_poverty_electricity (% of total population),91.6,derived,one_minus_access,2022.0,
South Sudan,2022,energy_poverty_electricity_rural (% of rural population),98.3,measured,source_ingest,2022.0,
South Sudan,2022,energy_poverty_electricity_urban (% of urban population),85.0,measured,source_ingest,2022.0,
South Sudan,2022,energy_poverty_multidimensional (% of total population),95.8,measured,source_ingest,2022.0,
South Sudan,2022,fossil_share_elec,98.039,measured,source_ingest,2022.0,
South Sudan,2022,gdp,,missing,no_history,,
South Sudan,2022,greenhouse_gas_emissions,0.33,measured,source_ingest,2022.0,
South Sudan,2022,hydro_electricity,0.0,measured,source_ingest,2022.0,
South Sudan,2022,low_carbon_share_elec,1.961,measured,source_ingest,2022.0,
South Sudan,2022,population,11021175.0,measured,source_ingest,2022.0,
South Sudan,2022,renewables_electricity,0.01,measured,source_ingest,2022.0,
South Sudan,2022,renewables_share_elec,1.961,measured,source_ingest,2022.0,
South Sudan,2022,solar_electricity,0.01,measured,source_ingest,2022.0,
South Sudan,2022,wind_electricity,0.0,measured,source_ingest,2022.0,
South Sudan,2023,Access to Clean Fuels and Technologies for cooking (% of total population),0.0,measured,source_ingest,2023.0,
South Sudan,2023,Access to electricity (% of total population),5.4,measured,source_ingest,2023.0,
South Sudan,2023,Population growth (annual %),4.10816463205266,measured,source_ingest,2023.0,
South Sudan,2023,carbon_intensity_elec,642.86,measured,source_ingest,2023.0,
South Sudan,2023,electricity_demand (TWh),0.56,measured,source_ingest,2023.0,
South Sudan,2023,electricity_generation (TWh),0.56,measured,source_ingest,2023.0,
South Sudan,2023,energy_poverty_electricity (% of total population),94.6,derived,one_minus_access,2023.0,
South Sudan,2023,energy_poverty_electricity_rural (% of rural population),98.2,measured,source_ingest,2023.0,
South Sudan,2023,energy_poverty_electricity_urban (% of urban population),80.9,measured,source_ingest,2023.0,
South Sudan,2023,energy_poverty_multidimensional (% of total population),97.3,measured,source_ingest,2023.0,
South Sudan,2023,fossil_share_elec,98.214,measured,source_ingest,2023.0,
South Sudan,2023,gdp,,missing,no_history,,
South Sudan,2023,greenhouse_gas_emissions,0.36,measured,source_ingest,2023.0,
South Sudan,2023,hydro_electricity,0.0,measured,source_ingest,2023.0,
South Sudan,2023,low_carbon_share_elec,1.786,measured,source_ingest,2023.0,
South Sudan,2023,population,11483370.0,measured,source_ingest,2023.0,
South Sudan,2023,renewables_electricity,0.01,measured,source_ingest,2023.0,
South Sudan,2023,renewables_share_elec,1.786,measured,source_ingest,2023.0,
South Sudan,2023,solar_electricity,0.01,measured,source_ingest,2023.0,
South Sudan,2023,wind_electricity,0.0,measured,source_ingest,2023.0,
South Sudan,2024,Access to Clean Fuels and Technologies for cooking (% of total population),0.0,estimated,linear_projection,2023.0,0.0
South Sudan,2024,Access to electricity (% of total population),5.4,measured,source_ingest,2024.0,
South Sudan,2024,Population growth (annual %),3.92792442239756,measured,source_ingest,2024.0,
South Sudan,2024,carbon_intensity_elec,642.86,measured,source_ingest,2024.0,
South Sudan,2024,electricity_demand (TWh),0.56,measured,source_ingest,2024.0,
South Sudan,2024,electricity_generation (TWh),0.56,measured,source_ingest,2024.0,
South Sudan,2024,energy_poverty_electricity (% of total population),94.6,derived,one_minus_access,2024.0,
South Sudan,2024,energy_poverty_electricity_rural (% of rural population),99.3,measured,source_ingest,2024.0,
South Sudan,2024,energy_poverty_electricity_urban (% of urban population),77.2,measured,source_ingest,2024.0,
South Sudan,2024,energy_poverty_multidimensional (% of total population),96.08035714285712,measured,source_ingest,2024.0,
South Sudan,2024,fossil_share_elec,98.214,measured,source_ingest,2024.0,
South Sudan,2024,gdp,,missing,no_history,,
South Sudan,2024,greenhouse_gas_emissions,0.36,measured,source_ingest,2024.0,
South Sudan,2024,hydro_electricity,0.0,measured,source_ingest,2024.0,
South Sudan,2024,low_carbon_share_elec,1.786,measured,source_ingest,2024.0,
South Sudan,2024,population,11943410.0,measured,source_ingest,2024.0,
South Sudan,2024,renewables_electricity,0.01,measured,source_ingest,2024.0,
South Sudan,2024,renewables_share_elec,1.786,measured,source_ingest,2024.0,
South Sudan,2024,solar_electricity,0.01,measured,source_ingest,2024.0,
South Sudan,2024,wind_electricity,0.0,measured,source_ingest,2024.0,
South Sudan,2025,Access to Clean Fuels and Technologies for cooking (% of total population),0.0,estimated,linear_projection,2023.0,0.0
South Sudan,2025,Access to electricity (% of total population),7.022239045337667,estimated,logistic_logit_linear,2024.0,0.09977841712019397
South Sudan,2025,Population growth (annual %),2.0337018417734,measured,source_ingest,2025.0,
South Sudan,2025,carbon_intensity_elec,640.2408606284697,estimated,dampened_exponential_log_linear,2024.0,0.5925317157302099
South Sudan,2025,electricity_demand (TWh),0.5630597319455881,estimated,dampened_exponential_log_linear,2024.0,0.16070108856996324
South Sudan,2025,electricity_generation (TWh),0.5630597319455881,estimated,dampened_exponential_log_linear,2024.0,0.16070108856996324
South Sudan,2025,energy_poverty_electricity (% of total population),92.97776095466233,estimated,one_minus_access,2024.0,
South Sudan,2025,energy_poverty_electricity_rural (% of rural population),98.20833333333337,estimated,linear_projection,2024.0,0.26903794037941064
South Sudan,2025,energy_poverty_electricity_urban (% of urban population),78.49166666666679,estimated,linear_projection,2024.0,0.8234259409255421
South Sudan,2025,energy_poverty_multidimensional (% of total population),95.92321428571428,measured,source_ingest,2025.0,
South Sudan,2025,fossil_share_elec,97.47705555555558,estimated,linear_projection,2024.0,0.7498234677330856
South Sudan,2025,gdp,,missing,no_history,,
South Sudan,2025,greenhouse_gas_emissions,0.36049239568766195,estimated,dampened_exponential_log_linear,2024.0,0.011127334643487585
South Sudan,2025,hydro_electricity,,missing,no_history,,
South Sudan,2025,low_carbon_share_elec,2.52294444444442,estimated,linear_projection,2024.0,0.7498234677330857
South Sudan,2025,population,12188790.04109045,estimated,limit_year_population_growth_rate_exponential,2024.0,
South Sudan,2025,renewables_electricity,0.01,estimated,dampened_exponential_log_linear,2024.0,0.0
South Sudan,2025,renewables_share_elec,2.52294444444442,estimated,linear_projection,2024.0,0.7498234677330857
South Sudan,2025,solar_electricity,0.01,estimated,dampened_exponential_log_linear,2024.0,0.0
South Sudan,2025,wind_electricity,,missing,no_history,,
Sudan,2016,Access to Clean Fuels and Technologies for cooking (% of total population),51.85,measured,source_ingest,2016.0,
Sudan,2016,Access to electricity (% of total population),50.5,measured,source_ingest,2016.0,
Sudan,2016,Population growth (annual %),3.04008474256183,measured,source_ingest,2016.0,
Sudan,2016,carbon_intensity_elec,303.36,measured,source_ingest,2016.0,
Sudan,2016,electricity_demand (TWh),15.01,measured,source_ingest,2016.0,
Sudan,2016,electricity_generation (TWh),14.57,measured,source_ingest,2016.0,
Sudan,2016,energy_poverty_electricity (% of total population),49.5,derived,one_minus_access,2016.0,
Sudan,2016,energy_poverty_electricity_rural (% of rural population),64.2,measured,source_ingest,2016.0,
Sudan,2016,energy_poverty_electricity_urban (% of urban population),21.099999999999994,measured,source_ingest,2016.0,
Sudan,2016,energy_poverty_multidimensional (% of total population),48.825,measured,source_ingest,2016.0,
Sudan,2016,fossil_share_elec,43.789,measured,source_ingest,2016.0,
Sudan,2016,gdp,,missing,no_history,,
Sudan,2016,greenhouse_gas_emissions,4.42,measured,source_ingest,2016.0,
Sudan,2016,hydro_electricity,8.05,measured,source_ingest,2016.0,
Sudan,2016,low_carbon_share_elec,56.211,measured,source_ingest,2016.0,
Sudan,2016,population,41259892.0,measured,source_ingest,2016.0,
Sudan,2016,renewables_electricity,8.19,measured,source_ingest,2016.0,
Sudan,2016,renewables_share_elec,56.211,measured,source_ingest,2016.0,
Sudan,2016,solar_electricity,0.02,measured,source_ingest,2016.0,
Sudan,2016,wind_electricity,0.0,measured,source_ingest,2016.0,
Sudan,2017,Access to Clean Fuels and Technologies for cooking (% of total population),55.2,measured,source_ingest,2017.0,
Sudan,2017,Access to electricity (% of total population),53.0,measured,source_ingest,2017.0,
Sudan,2017,Population growth (annual %),3.46430091592296,measured,source_ingest,2017.0,
Sudan,2017,carbon_intensity_elec,275.8,measured,source_ingest,2017.0,
Sudan,2017,electricity_demand (TWh),16.59,measured,source_ingest,2017.0,
Sudan,2017,electricity_generation (TWh),15.7,measured,source_ingest,2017.0,
Sudan,2017,energy_poverty_electricity (% of total population),47.0,derived,one_minus_access,2017.0,
Sudan,2017,energy_poverty_electricity_rural (% of rural population),61.2,measured,source_ingest,2017.0,
Sudan,2017,energy_poverty_electricity_urban (% of urban population),20.0,measured,source_ingest,2017.0,
Sudan,2017,energy_poverty_multidimensional (% of total population),45.9,measured,source_ingest,2017.0,
Sudan,2017,fossil_share_elec,39.49,measured,source_ingest,2017.0,
Sudan,2017,gdp,,missing,no_history,,
Sudan,2017,greenhouse_gas_emissions,4.33,measured,source_ingest,2017.0,
Sudan,2017,hydro_electricity,9.35,measured,source_ingest,2017.0,
Sudan,2017,low_carbon_share_elec,60.51,measured,source_ingest,2017.0,
Sudan,2017,population,42714311.0,measured,source_ingest,2017.0,
Sudan,2017,renewables_electricity,9.5,measured,source_ingest,2017.0,
Sudan,2017,renewables_share_elec,60.51,measured,source_ingest,2017.0,
Sudan,2017,solar_electricity,0.02,measured,source_ingest,2017.0,
Sudan,2017,wind_electricity,0.0,measured,source_ingest,2017.0,
Sudan,2018,Access to Clean Fuels and Technologies for cooking (% of total population),57.6,measured,source_ingest,2018.0,
Sudan,2018,Access to electricity (% of total population),55.3,measured,source_ingest,2018.0,
Sudan,2018,Population growth (annual %),3.48828675547566,measured,source_ingest,2018.0,
Sudan,2018,carbon_intensity_elec,280.49,measured,source_ingest,2018.0,
Sudan,2018,electricity_demand (TWh),17.2,measured,source_ingest,2018.0,
Sudan,2018,electricity_generation (TWh),16.4,measured,source_ingest,2018.0,
Sudan,2018,energy_poverty_electricity (% of total population),44.7,derived,one_minus_access,2018.0,
Sudan,2018,energy_poverty_electricity_rural (% of rural population),58.3,measured,source_ingest,2018.0,
Sudan,2018,energy_poverty_electricity_urban (% of urban population),18.900000000000006,measured,source_ingest,2018.0,
Sudan,2018,energy_poverty_multidimensional (% of total population),43.55,measured,source_ingest,2018.0,
Sudan,2018,fossil_share_elec,40.244,measured,source_ingest,2018.0,
Sudan,2018,gdp,,missing,no_history,,
Sudan,2018,greenhouse_gas_emissions,4.6,measured,source_ingest,2018.0,
Sudan,2018,hydro_electricity,9.66,measured,source_ingest,2018.0,
Sudan,2018,low_carbon_share_elec,59.756,measured,source_ingest,2018.0,
Sudan,2018,population,44230597.0,measured,source_ingest,2018.0,
Sudan,2018,renewables_electricity,9.8,measured,source_ingest,2018.0,
Sudan,2018,renewables_share_elec,59.756,measured,source_ingest,2018.0,
Sudan,2018,solar_electricity,0.02,measured,source_ingest,2018.0,
Sudan,2018,wind_electricity,0.0,measured,source_ingest,2018.0,
Sudan,2019,Access to Clean Fuels and Technologies for cooking (% of total population),60.8,measured,source_ingest,2019.0,
Sudan,2019,Access to electricity (% of total population),57.6,measured,source_ingest,2019.0,
Sudan,2019,Population growth (annual %),2.93537902352139,measured,source_ingest,2019.0,
Sudan,2019,carbon_intensity_elec,254.62,measured,source_ingest,2019.0,
Sudan,2019,electricity_demand (TWh),16.43,measured,source_ingest,2019.0,
Sudan,2019,electricity_generation (TWh),16.22,measured,source_ingest,2019.0,
Sudan,2019,energy_poverty_electricity (% of total population),42.4,derived,one_minus_access,2019.0,
Sudan,2019,energy_poverty_electricity_rural (% of rural population),55.6,measured,source_ingest,2019.0,
Sudan,2019,energy_poverty_electricity_urban (% of urban population),17.799999999999997,measured,source_ingest,2019.0,
Sudan,2019,energy_poverty_multidimensional (% of total population),40.8,measured,source_ingest,2019.0,
Sudan,2019,fossil_share_elec,36.252,measured,source_ingest,2019.0,
Sudan,2019,gdp,,missing,no_history,,
Sudan,2019,greenhouse_gas_emissions,4.13,measured,source_ingest,2019.0,
Sudan,2019,hydro_electricity,10.21,measured,source_ingest,2019.0,
Sudan,2019,low_carbon_share_elec,63.748,measured,source_ingest,2019.0,
Sudan,2019,population,45548179.0,measured,source_ingest,2019.0,
Sudan,2019,renewables_electricity,10.34,measured,source_ingest,2019.0,
Sudan,2019,renewables_share_elec,63.748,measured,source_ingest,2019.0,
Sudan,2019,solar_electricity,0.02,measured,source_ingest,2019.0,
Sudan,2019,wind_electricity,0.0,measured,source_ingest,2019.0,
Sudan,2020,Access to Clean Fuels and Technologies for cooking (% of total population),63.4,measured,source_ingest,2020.0,
Sudan,2020,Access to electricity (% of total population),59.7,measured,source_ingest,2020.0,
Sudan,2020,Population growth (annual %),2.6882512565735,measured,source_ingest,2020.0,
Sudan,2020,carbon_intensity_elec,247.67,measured,source_ingest,2020.0,
Sudan,2020,electricity_demand (TWh),17.93,measured,source_ingest,2020.0,
Sudan,2020,electricity_generation (TWh),17.2,measured,source_ingest,2020.0,
Sudan,2020,energy_poverty_electricity (% of total population),40.3,derived,one_minus_access,2020.0,
Sudan,2020,energy_poverty_electricity_rural (% of rural population),53.1,measured,source_ingest,2020.0,
Sudan,2020,energy_poverty_electricity_urban (% of urban population),16.799999999999997,measured,source_ingest,2020.0,
Sudan,2020,energy_poverty_multidimensional (% of total population),38.45,measured,source_ingest,2020.0,
Sudan,2020,fossil_share_elec,35.174,measured,source_ingest,2020.0,
Sudan,2020,gdp,,missing,no_history,,
Sudan,2020,greenhouse_gas_emissions,4.26,measured,source_ingest,2020.0,
Sudan,2020,hydro_electricity,11.01,measured,source_ingest,2020.0,
Sudan,2020,low_carbon_share_elec,64.826,measured,source_ingest,2020.0,
Sudan,2020,population,46789237.0,measured,source_ingest,2020.0,
Sudan,2020,renewables_electricity,11.15,measured,source_ingest,2020.0,
Sudan,2020,renewables_share_elec,64.826,measured,source_ingest,2020.0,
Sudan,2020,solar_electricity,0.03,measured,source_ingest,2020.0,
Sudan,2020,wind_electricity,0.0,measured,source_ingest,2020.0,
Sudan,2021,Access to Clean Fuels and Technologies for cooking (% of total population),65.7,measured,source_ingest,2021.0,
Sudan,2021,Access to electricity (% of total population),61.8,measured,source_ingest,2021.0,
Sudan,2021,Population growth (annual %),2.6941220236505,measured,source_ingest,2021.0,
Sudan,2021,carbon_intensity_elec,261.58,measured,source_ingest,2021.0,
Sudan,2021,electricity_demand (TWh),18.63,measured,source_ingest,2021.0,
Sudan,2021,electricity_generation (TWh),17.7,measured,source_ingest,2021.0,
Sudan,2021,energy_poverty_electricity (% of total population),38.2,derived,one_minus_access,2021.0,
Sudan,2021,energy_poverty_electricity_rural (% of rural population),50.6,measured,source_ingest,2021.0,
Sudan,2021,energy_poverty_electricity_urban (% of urban population),15.799999999999997,measured,source_ingest,2021.0,
Sudan,2021,energy_poverty_multidimensional (% of total population),36.25,measured,source_ingest,2021.0,
Sudan,2021,fossil_share_elec,37.345,measured,source_ingest,2021.0,
Sudan,2021,gdp,,missing,no_history,,
Sudan,2021,greenhouse_gas_emissions,4.63,measured,source_ingest,2021.0,
Sudan,2021,hydro_electricity,10.95,measured,source_ingest,2021.0,
Sudan,2021,low_carbon_share_elec,62.655,measured,source_ingest,2021.0,
Sudan,2021,population,48066930.0,measured,source_ingest,2021.0,
Sudan,2021,renewables_electricity,11.09,measured,source_ingest,2021.0,
Sudan,2021,renewables_share_elec,62.655,measured,source_ingest,2021.0,
Sudan,2021,solar_electricity,0.03,measured,source_ingest,2021.0,
Sudan,2021,wind_electricity,0.0,measured,source_ingest,2021.0,
Sudan,2022,Access to Clean Fuels and Technologies for cooking (% of total population),68.2,measured,source_ingest,2022.0,
Sudan,2022,Access to electricity (% of total population),63.2,measured,source_ingest,2022.0,
Sudan,2022,Population growth (annual %),2.70189520043666,measured,source_ingest,2022.0,
Sudan,2022,carbon_intensity_elec,204.41,measured,source_ingest,2022.0,
Sudan,2022,electricity_demand (TWh),17.66,measured,source_ingest,2022.0,
Sudan,2022,electricity_generation (TWh),16.78,measured,source_ingest,2022.0,
Sudan,2022,energy_poverty_electricity (% of total population),36.8,derived,one_minus_access,2022.0,
Sudan,2022,energy_poverty_electricity_rural (% of rural population),50.5,measured,source_ingest,2022.0,
Sudan,2022,energy_poverty_electricity_urban (% of urban population),16.0,measured,source_ingest,2022.0,
Sudan,2022,energy_poverty_multidimensional (% of total population),34.3,measured,source_ingest,2022.0,
Sudan,2022,fossil_share_elec,28.248,measured,source_ingest,2022.0,
Sudan,2022,gdp,,missing,no_history,,
Sudan,2022,greenhouse_gas_emissions,3.43,measured,source_ingest,2022.0,
Sudan,2022,hydro_electricity,11.8,measured,source_ingest,2022.0,
Sudan,2022,low_carbon_share_elec,71.752,measured,source_ingest,2022.0,
Sudan,2022,population,49383344.0,measured,source_ingest,2022.0,
Sudan,2022,renewables_electricity,12.04,measured,source_ingest,2022.0,
Sudan,2022,renewables_share_elec,71.752,measured,source_ingest,2022.0,
Sudan,2022,solar_electricity,0.13,measured,source_ingest,2022.0,
Sudan,2022,wind_electricity,0.0,measured,source_ingest,2022.0,
Sudan,2023,Access to Clean Fuels and Technologies for cooking (% of total population),70.55,measured,source_ingest,2023.0,
Sudan,2023,Access to electricity (% of total population),66.0,measured,source_ingest,2023.0,
Sudan,2023,Population growth (annual %),1.32652175747925,measured,source_ingest,2023.0,
Sudan,2023,carbon_intensity_elec,146.11,measured,source_ingest,2023.0,
Sudan,2023,electricity_demand (TWh),15.16,measured,source_ingest,2023.0,
Sudan,2023,electricity_generation (TWh),14.51,measured,source_ingest,2023.0,
Sudan,2023,energy_poverty_electricity (% of total population),34.0,derived,one_minus_access,2023.0,
Sudan,2023,energy_poverty_electricity_rural (% of rural population),46.0,measured,source_ingest,2023.0,
Sudan,2023,energy_poverty_electricity_urban (% of urban population),13.0,measured,source_ingest,2023.0,
Sudan,2023,energy_poverty_multidimensional (% of total population),31.724999999999994,measured,source_ingest,2023.0,
Sudan,2023,fossil_share_elec,19.021,measured,source_ingest,2023.0,
Sudan,2023,gdp,,missing,no_history,,
Sudan,2023,greenhouse_gas_emissions,2.12,measured,source_ingest,2023.0,
Sudan,2023,hydro_electricity,11.5,measured,source_ingest,2023.0,
Sudan,2023,low_carbon_share_elec,80.979,measured,source_ingest,2023.0,
Sudan,2023,population,50042800.0,measured,source_ingest,2023.0,
Sudan,2023,renewables_electricity,11.75,measured,source_ingest,2023.0,
Sudan,2023,renewables_share_elec,80.979,measured,source_ingest,2023.0,
Sudan,2023,solar_electricity,0.14,measured,source_ingest,2023.0,
Sudan,2023,wind_electricity,0.0,measured,source_ingest,2023.0,
Sudan,2024,Access to Clean Fuels and Technologies for cooking (% of total population),73.59821428571377,estimated,linear_projection,2023.0,0.9970692417006866
Sudan,2024,Access to electricity (% of total population),66.0,measured,source_ingest,2024.0,
Sudan,2024,Population growth (annual %),0.808373216038761,measured,source_ingest,2024.0,
Sudan,2024,carbon_intensity_elec,153.69,measured,source_ingest,2024.0,
Sudan,2024,electricity_demand (TWh),15.57,measured,source_ingest,2024.0,
Sudan,2024,electricity_generation (TWh),14.77,measured,source_ingest,2024.0,
Sudan,2024,energy_poverty_electricity (% of total population),34.0,derived,one_minus_access,2024.0,
Sudan,2024,energy_poverty_electricity_rural (% of rural population),45.8,measured,source_ingest,2024.0,
Sudan,2024,energy_poverty_electricity_urban (% of urban population),12.099999999999994,measured,source_ingest,2024.0,
Sudan,2024,energy_poverty_multidimensional (% of total population),29.15625,measured,source_ingest,2024.0,
Sudan,2024,fossil_share_elec,20.311,measured,source_ingest,2024.0,
Sudan,2024,gdp,,missing,no_history,,
Sudan,2024,greenhouse_gas_emissions,2.27,measured,source_ingest,2024.0,
Sudan,2024,hydro_electricity,11.5,measured,source_ingest,2024.0,
Sudan,2024,low_carbon_share_elec,79.689,measured,source_ingest,2024.0,
Sudan,2024,population,50448960.0,measured,source_ingest,2024.0,
Sudan,2024,renewables_electricity,11.77,measured,source_ingest,2024.0,
Sudan,2024,renewables_share_elec,79.689,measured,source_ingest,2024.0,
Sudan,2024,solar_electricity,0.16,measured,source_ingest,2024.0,
Sudan,2024,wind_electricity,0.0,measured,source_ingest,2024.0,
Sudan,2025,Access to Clean Fuels and Technologies for cooking (% of total population),76.25059523809523,estimated,linear_projection,2023.0,0.9970692417006866
Sudan,2025,Access to electricity (% of total population),68.93980713606362,estimated,logistic_logit_linear,2024.0,0.988359773213091
Sudan,2025,Population growth (annual %),2.3763155422004,measured,source_ingest,2025.0,
Sudan,2025,carbon_intensity_elec,140.85655845883866,estimated,dampened_exponential_log_linear,2024.0,0.8093317356360867
Sudan,2025,electricity_demand (TWh),15.584161659088133,estimated,dampened_exponential_log_linear,2024.0,0.0010582222590022061
Sudan,2025,electricity_generation (TWh),14.757991530560213,estimated,dampened_exponential_log_linear,2024.0,0.0009133619309746877
Sudan,2025,energy_poverty_electricity (% of total population),31.06019286393638,estimated,one_minus_access,2024.0,
Sudan,2025,energy_poverty_electricity_rural (% of rural population),42.27222222222281,estimated,linear_projection,2024.0,0.9789575972911474
Sudan,2025,energy_poverty_electricity_urban (% of urban population),11.433333333333849,estimated,linear_projection,2024.0,0.9679668049792489
Sudan,2025,energy_poverty_multidimensional (% of total population),26.75208333333376,measured,source_ingest,2025.0,
Sudan,2025,fossil_share_elec,18.467833333333147,estimated,linear_projection,2024.0,0.849334057865223
Sudan,2025,gdp,,missing,no_history,,
Sudan,2025,greenhouse_gas_emissions,2.0787561793088085,estimated,dampened_exponential_log_linear,2024.0,0.6283911869667527
Sudan,2025,hydro_electricity,11.992845848908884,estimated,dampened_exponential_log_linear,2024.0,0.8469202459079058
Sudan,2025,low_carbon_share_elec,81.53216666666685,estimated,linear_projection,2024.0,0.849334057865223
Sudan,2025,population,51662143.92785676,estimated,limit_year_population_growth_rate_exponential,2024.0,
Sudan,2025,renewables_electricity,12.28509569606177,estimated,dampened_exponential_log_linear,2024.0,0.86315154387444
Sudan,2025,renewables_share_elec,81.53216666666685,estimated,linear_projection,2024.0,0.849334057865223
Sudan,2025,solar_electricity,0.2170765196497962,estimated,dampened_exponential_log_linear,2024.0,0.8042732235959836
Sudan,2025,wind_electricity,,missing,no_history,,
Tanzania,2016,Access to Clean Fuels and Technologies for cooking (% of total population),4.0,measured,source_ingest,2016.0,
Tanzania,2016,Access to electricity (% of total population),32.8,measured,source_ingest,2016.0,
Tanzania,2016,Population growth (annual %),3.40729531415315,measured,source_ingest,2016.0,
Tanzania,2016,carbon_intensity_elec,328.45,measured,source_ingest,2016.0,
Tanzania,2016,electricity_demand (TWh),6.92,measured,source_ingest,2016.0,
Tanzania,2016,electricity_generation (TWh),6.82,measured,source_ingest,2016.0,
Tanzania,2016,energy_poverty_electricity (% of total population),67.2,derived,one_minus_access,2016.0,
Tanzania,2016,energy_poverty_electricity_rural (% of rural population),82.7,measured,source_ingest,2016.0,
Tanzania,2016,energy_poverty_electricity_urban (% of urban population),34.7,measured,source_ingest,2016.0,
Tanzania,2016,energy_poverty_multidimensional (% of total population),81.6,measured,source_ingest,2016.0,
Tanzania,2016,fossil_share_elec,63.783,measured,source_ingest,2016.0,
Tanzania,2016,gdp,140875654933.0,measured,source_ingest,2016.0,
Tanzania,2016,greenhouse_gas_emissions,2.24,measured,source_ingest,2016.0,
Tanzania,2016,hydro_electricity,2.37,measured,source_ingest,2016.0,
Tanzania,2016,low_carbon_share_elec,36.217,measured,source_ingest,2016.0,
Tanzania,2016,population,53824012.0,measured,source_ingest,2016.0,
Tanzania,2016,renewables_electricity,2.47,measured,source_ingest,2016.0,
Tanzania,2016,renewables_share_elec,36.217,measured,source_ingest,2016.0,
Tanzania,2016,solar_electricity,0.03,measured,source_ingest,2016.0,
Tanzania,2016,wind_electricity,0.0,measured,source_ingest,2016.0,
Tanzania,2017,Access to Clean Fuels and Technologies for cooking (% of total population),4.6,measured,source_ingest,2017.0,
Tanzania,2017,Access to electricity (% of total population),32.1,measured,source_ingest,2017.0,
Tanzania,2017,Population growth (annual %),3.3414302210835,measured,source_ingest,2017.0,
Tanzania,2017,carbon_intensity_elec,336.63,measured,source_ingest,2017.0,
Tanzania,2017,electricity_demand (TWh),7.18,measured,source_ingest,2017.0,
Tanzania,2017,electricity_generation (TWh),7.07,measured,source_ingest,2017.0,
Tanzania,2017,energy_poverty_electricity (% of total population),67.9,derived,one_minus_access,2017.0,
Tanzania,2017,energy_poverty_electricity_rural (% of rural population),84.0,measured,source_ingest,2017.0,
Tanzania,2017,energy_poverty_electricity_urban (% of urban population),35.2,measured,source_ingest,2017.0,
Tanzania,2017,energy_poverty_multidimensional (% of total population),81.65,measured,source_ingest,2017.0,
Tanzania,2017,fossil_share_elec,65.205,measured,source_ingest,2017.0,
Tanzania,2017,gdp,150417154803.0,measured,source_ingest,2017.0,
Tanzania,2017,greenhouse_gas_emissions,2.38,measured,source_ingest,2017.0,
Tanzania,2017,hydro_electricity,2.35,measured,source_ingest,2017.0,
Tanzania,2017,low_carbon_share_elec,34.795,measured,source_ingest,2017.0,
Tanzania,2017,population,55652888.0,measured,source_ingest,2017.0,
Tanzania,2017,renewables_electricity,2.46,measured,source_ingest,2017.0,
Tanzania,2017,renewables_share_elec,34.795,measured,source_ingest,2017.0,
Tanzania,2017,solar_electricity,0.04,measured,source_ingest,2017.0,
Tanzania,2017,wind_electricity,0.0,measured,source_ingest,2017.0,
Tanzania,2018,Access to Clean Fuels and Technologies for cooking (% of total population),5.4,measured,source_ingest,2018.0,
Tanzania,2018,Access to electricity (% of total population),34.9,measured,source_ingest,2018.0,
Tanzania,2018,Population growth (annual %),3.15572113764533,measured,source_ingest,2018.0,
Tanzania,2018,carbon_intensity_elec,344.73,measured,source_ingest,2018.0,
Tanzania,2018,electricity_demand (TWh),7.43,measured,source_ingest,2018.0,
Tanzania,2018,electricity_generation (TWh),7.31,measured,source_ingest,2018.0,
Tanzania,2018,energy_poverty_electricity (% of total population),65.1,derived,one_minus_access,2018.0,
Tanzania,2018,energy_poverty_electricity_rural (% of rural population),81.9,measured,source_ingest,2018.0,
Tanzania,2018,energy_poverty_electricity_urban (% of urban population),32.099999999999994,measured,source_ingest,2018.0,
Tanzania,2018,energy_poverty_multidimensional (% of total population),79.85,measured,source_ingest,2018.0,
Tanzania,2018,fossil_share_elec,68.263,measured,source_ingest,2018.0,
Tanzania,2018,gdp,160884699826.0,measured,source_ingest,2018.0,
Tanzania,2018,greenhouse_gas_emissions,2.52,measured,source_ingest,2018.0,
Tanzania,2018,hydro_electricity,2.23,measured,source_ingest,2018.0,
Tanzania,2018,low_carbon_share_elec,31.737,measured,source_ingest,2018.0,
Tanzania,2018,population,57437134.0,measured,source_ingest,2018.0,
Tanzania,2018,renewables_electricity,2.32,measured,source_ingest,2018.0,
Tanzania,2018,renewables_share_elec,31.737,measured,source_ingest,2018.0,
Tanzania,2018,solar_electricity,0.03,measured,source_ingest,2018.0,
Tanzania,2018,wind_electricity,0.0,measured,source_ingest,2018.0,
Tanzania,2019,Access to Clean Fuels and Technologies for cooking (% of total population),6.0,measured,source_ingest,2019.0,
Tanzania,2019,Access to electricity (% of total population),37.7,measured,source_ingest,2019.0,
Tanzania,2019,Population growth (annual %),2.98060939385811,measured,source_ingest,2019.0,
Tanzania,2019,carbon_intensity_elec,337.19,measured,source_ingest,2019.0,
Tanzania,2019,electricity_demand (TWh),7.88,measured,source_ingest,2019.0,
Tanzania,2019,electricity_generation (TWh),7.77,measured,source_ingest,2019.0,
Tanzania,2019,energy_poverty_electricity (% of total population),62.3,derived,one_minus_access,2019.0,
Tanzania,2019,energy_poverty_electricity_rural (% of rural population),81.0,measured,source_ingest,2019.0,
Tanzania,2019,energy_poverty_electricity_urban (% of urban population),26.799999999999997,measured,source_ingest,2019.0,
Tanzania,2019,energy_poverty_multidimensional (% of total population),78.15,measured,source_ingest,2019.0,
Tanzania,2019,fossil_share_elec,66.795,measured,source_ingest,2019.0,
Tanzania,2019,gdp,172128919031.0,measured,source_ingest,2019.0,
Tanzania,2019,greenhouse_gas_emissions,2.62,measured,source_ingest,2019.0,
Tanzania,2019,hydro_electricity,2.48,measured,source_ingest,2019.0,
Tanzania,2019,low_carbon_share_elec,33.205,measured,source_ingest,2019.0,
Tanzania,2019,population,59174889.0,measured,source_ingest,2019.0,
Tanzania,2019,renewables_electricity,2.58,measured,source_ingest,2019.0,
Tanzania,2019,renewables_share_elec,33.205,measured,source_ingest,2019.0,
Tanzania,2019,solar_electricity,0.03,measured,source_ingest,2019.0,
Tanzania,2019,wind_electricity,0.0,measured,source_ingest,2019.0,
Tanzania,2020,Access to Clean Fuels and Technologies for cooking (% of total population),6.9,measured,source_ingest,2020.0,
Tanzania,2020,Access to electricity (% of total population),39.9,measured,source_ingest,2020.0,
Tanzania,2020,Population growth (annual %),2.99305168844906,measured,source_ingest,2020.0,
Tanzania,2020,carbon_intensity_elec,298.85,measured,source_ingest,2020.0,
Tanzania,2020,electricity_demand (TWh),7.94,measured,source_ingest,2020.0,
Tanzania,2020,electricity_generation (TWh),7.83,measured,source_ingest,2020.0,
Tanzania,2020,energy_poverty_electricity (% of total population),60.1,derived,one_minus_access,2020.0,
Tanzania,2020,energy_poverty_electricity_rural (% of rural population),78.0,measured,source_ingest,2020.0,
Tanzania,2020,energy_poverty_electricity_urban (% of urban population),27.099999999999994,measured,source_ingest,2020.0,
Tanzania,2020,energy_poverty_multidimensional (% of total population),76.6,measured,source_ingest,2020.0,
Tanzania,2020,fossil_share_elec,58.621,measured,source_ingest,2020.0,
Tanzania,2020,gdp,180418650860.0,measured,source_ingest,2020.0,
Tanzania,2020,greenhouse_gas_emissions,2.34,measured,source_ingest,2020.0,
Tanzania,2020,hydro_electricity,3.14,measured,source_ingest,2020.0,
Tanzania,2020,low_carbon_share_elec,41.379,measured,source_ingest,2020.0,
Tanzania,2020,population,60972803.0,measured,source_ingest,2020.0,
Tanzania,2020,renewables_electricity,3.24,measured,source_ingest,2020.0,
Tanzania,2020,renewables_share_elec,41.379,measured,source_ingest,2020.0,
Tanzania,2020,solar_electricity,0.03,measured,source_ingest,2020.0,
Tanzania,2020,wind_electricity,0.0,measured,source_ingest,2020.0,
Tanzania,2021,Access to Clean Fuels and Technologies for cooking (% of total population),7.8,measured,source_ingest,2021.0,
Tanzania,2021,Access to electricity (% of total population),42.7,measured,source_ingest,2021.0,
Tanzania,2021,Population growth (annual %),3.00113934816488,measured,source_ingest,2021.0,
Tanzania,2021,carbon_intensity_elec,320.23,measured,source_ingest,2021.0,
Tanzania,2021,electricity_demand (TWh),8.79,measured,source_ingest,2021.0,
Tanzania,2021,electricity_generation (TWh),8.65,measured,source_ingest,2021.0,
Tanzania,2021,energy_poverty_electricity (% of total population),57.3,derived,one_minus_access,2021.0,
Tanzania,2021,energy_poverty_electricity_rural (% of rural population),76.7,measured,source_ingest,2021.0,
Tanzania,2021,energy_poverty_electricity_urban (% of urban population),22.700000000000003,measured,source_ingest,2021.0,
Tanzania,2021,energy_poverty_multidimensional (% of total population),74.75,measured,source_ingest,2021.0,
Tanzania,2021,fossil_share_elec,63.121,measured,source_ingest,2021.0,
Tanzania,2021,gdp,189343959556.0,measured,source_ingest,2021.0,
Tanzania,2021,greenhouse_gas_emissions,2.77,measured,source_ingest,2021.0,
Tanzania,2021,hydro_electricity,3.09,measured,source_ingest,2021.0,
Tanzania,2021,low_carbon_share_elec,36.879,measured,source_ingest,2021.0,
Tanzania,2021,population,62830410.0,measured,source_ingest,2021.0,
Tanzania,2021,renewables_electricity,3.19,measured,source_ingest,2021.0,
Tanzania,2021,renewables_share_elec,36.879,measured,source_ingest,2021.0,
Tanzania,2021,solar_electricity,0.03,measured,source_ingest,2021.0,
Tanzania,2021,wind_electricity,0.0,measured,source_ingest,2021.0,
Tanzania,2022,Access to Clean Fuels and Technologies for cooking (% of total population),8.7,measured,source_ingest,2022.0,
Tanzania,2022,Access to electricity (% of total population),45.8,measured,source_ingest,2022.0,
Tanzania,2022,Population growth (annual %),2.95046658393064,measured,source_ingest,2022.0,
Tanzania,2022,carbon_intensity_elec,349.27,measured,source_ingest,2022.0,
Tanzania,2022,electricity_demand (TWh),9.77,measured,source_ingest,2022.0,
Tanzania,2022,electricity_generation (TWh),9.62,measured,source_ingest,2022.0,
Tanzania,2022,energy_poverty_electricity (% of total population),54.2,derived,one_minus_access,2022.0,
Tanzania,2022,energy_poverty_electricity_rural (% of rural population),64.0,measured,source_ingest,2022.0,
Tanzania,2022,energy_poverty_electricity_urban (% of urban population),25.299999999999997,measured,source_ingest,2022.0,
Tanzania,2022,energy_poverty_multidimensional (% of total population),72.75,measured,source_ingest,2022.0,
Tanzania,2022,fossil_share_elec,69.647,measured,source_ingest,2022.0,
Tanzania,2022,gdp,198220407805.0,measured,source_ingest,2022.0,
Tanzania,2022,greenhouse_gas_emissions,3.36,measured,source_ingest,2022.0,
Tanzania,2022,hydro_electricity,2.82,measured,source_ingest,2022.0,
Tanzania,2022,low_carbon_share_elec,30.353,measured,source_ingest,2022.0,
Tanzania,2022,population,64711822.0,measured,source_ingest,2022.0,
Tanzania,2022,renewables_electricity,2.92,measured,source_ingest,2022.0,
Tanzania,2022,renewables_share_elec,30.353,measured,source_ingest,2022.0,
Tanzania,2022,solar_electricity,0.03,measured,source_ingest,2022.0,
Tanzania,2022,wind_electricity,0.0,measured,source_ingest,2022.0,
Tanzania,2023,Access to Clean Fuels and Technologies for cooking (% of total population),9.8,measured,source_ingest,2023.0,
Tanzania,2023,Access to electricity (% of total population),48.3,measured,source_ingest,2023.0,
Tanzania,2023,Population growth (annual %),2.90250073555304,measured,source_ingest,2023.0,
Tanzania,2023,carbon_intensity_elec,372.75,measured,source_ingest,2023.0,
Tanzania,2023,electricity_demand (TWh),10.76,measured,source_ingest,2023.0,
Tanzania,2023,electricity_generation (TWh),10.57,measured,source_ingest,2023.0,
Tanzania,2023,energy_poverty_electricity (% of total population),51.7,derived,one_minus_access,2023.0,
Tanzania,2023,energy_poverty_electricity_rural (% of rural population),72.1,measured,source_ingest,2023.0,
Tanzania,2023,energy_poverty_electricity_urban (% of urban population),17.599999999999994,measured,source_ingest,2023.0,
Tanzania,2023,energy_poverty_multidimensional (% of total population),70.95,measured,source_ingest,2023.0,
Tanzania,2023,fossil_share_elec,73.51,measured,source_ingest,2023.0,
Tanzania,2023,gdp,209872695584.438,estimated,dampened_exponential_log_linear,2022.0,0.9922290619158755
Tanzania,2023,greenhouse_gas_emissions,3.94,measured,source_ingest,2023.0,
Tanzania,2023,hydro_electricity,2.7,measured,source_ingest,2023.0,
Tanzania,2023,low_carbon_share_elec,26.49,measured,source_ingest,2023.0,
Tanzania,2023,population,66617607.0,measured,source_ingest,2023.0,
Tanzania,2023,renewables_electricity,2.8,measured,source_ingest,2023.0,
Tanzania,2023,renewables_share_elec,26.49,measured,source_ingest,2023.0,
Tanzania,2023,solar_electricity,0.03,measured,source_ingest,2023.0,
Tanzania,2023,wind_electricity,0.0,measured,source_ingest,2023.0,
Tanzania,2024,Access to Clean Fuels and Technologies for cooking (% of total population),10.357142857143117,estimated,linear_projection,2023.0,0.9924724764557645
Tanzania,2024,Access to electricity (% of total population),52.4,measured,source_ingest,2024.0,
Tanzania,2024,Population growth (annual %),2.87426672866542,measured,source_ingest,2024.0,
Tanzania,2024,carbon_intensity_elec,345.02,measured,source_ingest,2024.0,
Tanzania,2024,electricity_demand (TWh),9.03,measured,source_ingest,2024.0,
Tanzania,2024,electricity_generation (TWh),8.84,measured,source_ingest,2024.0,
Tanzania,2024,energy_poverty_electricity (% of total population),47.6,derived,one_minus_access,2024.0,
Tanzania,2024,energy_poverty_electricity_rural (% of rural population),66.3,measured,source_ingest,2024.0,
Tanzania,2024,energy_poverty_electricity_urban (% of urban population),14.799999999999997,measured,source_ingest,2024.0,
Tanzania,2024,energy_poverty_multidimensional (% of total population),69.75714285714321,measured,source_ingest,2024.0,
Tanzania,2024,fossil_share_elec,67.081,measured,source_ingest,2024.0,
Tanzania,2024,gdp,222209957287.59225,estimated,dampened_exponential_log_linear,2022.0,0.9922290619158755
Tanzania,2024,greenhouse_gas_emissions,3.05,measured,source_ingest,2024.0,
Tanzania,2024,hydro_electricity,2.8,measured,source_ingest,2024.0,
Tanzania,2024,low_carbon_share_elec,32.919,measured,source_ingest,2024.0,
Tanzania,2024,population,68560162.0,measured,source_ingest,2024.0,
Tanzania,2024,renewables_electricity,2.91,measured,source_ingest,2024.0,
Tanzania,2024,renewables_share_elec,32.919,measured,source_ingest,2024.0,
Tanzania,2024,solar_electricity,0.04,measured,source_ingest,2024.0,
Tanzania,2024,wind_electricity,0.0,measured,source_ingest,2024.0,
Tanzania,2025,Access to Clean Fuels and Technologies for cooking (% of total population),11.180952380952476,estimated,linear_projection,2023.0,0.9924724764557645
Tanzania,2025,Access to electricity (% of total population),53.8120727930068,estimated,logistic_logit_linear,2024.0,0.9781089655168628
Tanzania,2025,Population growth (annual %),2.85515014149945,measured,source_ingest,2025.0,
Tanzania,2025,carbon_intensity_elec,347.7750127481752,estimated,dampened_exponential_log_linear,2024.0,0.12571771138692112
Tanzania,2025,electricity_demand (TWh),9.482703133062516,estimated,dampened_exponential_log_linear,2024.0,0.8191743784168442
Tanzania,2025,electricity_generation (TWh),9.277865614817332,estimated,dampened_exponential_log_linear,2024.0,0.8122833970658362
Tanzania,2025,energy_poverty_electricity (% of total population),46.1879272069932,estimated,one_minus_access,2024.0,
Tanzania,2025,energy_poverty_electricity_rural (% of rural population),64.51666666666642,estimated,linear_projection,2024.0,0.7828243437950262
Tanzania,2025,energy_poverty_electricity_urban (% of urban population),13.747222222221353,estimated,linear_projection,2024.0,0.9244623376481218
Tanzania,2025,energy_poverty_multidimensional (% of total population),68.13928571428596,measured,source_ingest,2025.0,
Tanzania,2025,fossil_share_elec,69.3251944444446,estimated,linear_projection,2024.0,0.15967431648150976
Tanzania,2025,gdp,223482887200.16812,estimated,dampened_exponential_log_linear,2022.0,0.9922290619158755
Tanzania,2025,greenhouse_gas_emissions,3.2266375963139735,estimated,dampened_exponential_log_linear,2024.0,0.6812874783101053
Tanzania,2025,hydro_electricity,2.883965496890556,estimated,dampened_exponential_log_linear,2024.0,0.4340075033616405
Tanzania,2025,low_carbon_share_elec,30.674805555555395,estimated,linear_projection,2024.0,0.15967431648150965
Tanzania,2025,population,70545870.14481501,estimated,limit_year_population_growth_rate_exponential,2024.0,
Tanzania,2025,renewables_electricity,2.994446439385359,estimated,dampened_exponential_log_linear,2024.0,0.43463824452185673
Tanzania,2025,renewables_share_elec,30.674805555555395,estimated,linear_projection,2024.0,0.15967431648150965
Tanzania,2025,solar_electricity,0.040192248567217266,estimated,dampened_exponential_log_linear,2024.0,0.010714285714286342
Tanzania,2025,wind_electricity,,missing,no_history,,
Togo,2016,Access to Clean Fuels and Technologies for cooking (% of total population),7.5,measured,source_ingest,2016.0,
Togo,2016,Access to electricity (% of total population),46.8,measured,source_ingest,2016.0,
Togo,2016,Population growth (annual %),1.81308919594096,measured,source_ingest,2016.0,
Togo,2016,carbon_intensity_elec,521.28,measured,source_ingest,2016.0,
Togo,2016,electricity_demand (TWh),1.69,measured,source_ingest,2016.0,
Togo,2016,electricity_generation (TWh),0.94,measured,source_ingest,2016.0,
Togo,2016,energy_poverty_electricity (% of total population),53.2,derived,one_minus_access,2016.0,
Togo,2016,energy_poverty_electricity_rural (% of rural population),79.0,measured,source_ingest,2016.0,
Togo,2016,energy_poverty_electricity_urban (% of urban population),15.599999999999994,measured,source_ingest,2016.0,
Togo,2016,energy_poverty_multidimensional (% of total population),72.85,measured,source_ingest,2016.0,
Togo,2016,fossil_share_elec,78.723,measured,source_ingest,2016.0,
Togo,2016,gdp,10960546310.0,measured,source_ingest,2016.0,
Togo,2016,greenhouse_gas_emissions,0.49,measured,source_ingest,2016.0,
Togo,2016,hydro_electricity,0.2,measured,source_ingest,2016.0,
Togo,2016,low_carbon_share_elec,21.277,measured,source_ingest,2016.0,
Togo,2016,population,7200883.0,measured,source_ingest,2016.0,
Togo,2016,renewables_electricity,0.2,measured,source_ingest,2016.0,
Togo,2016,renewables_share_elec,21.277,measured,source_ingest,2016.0,
Togo,2016,solar_electricity,0.0,measured,source_ingest,2016.0,
Togo,2016,wind_electricity,0.0,measured,source_ingest,2016.0,
Togo,2017,Access to Clean Fuels and Technologies for cooking (% of total population),8.1,measured,source_ingest,2017.0,
Togo,2017,Access to electricity (% of total population),48.0,measured,source_ingest,2017.0,
Togo,2017,Population growth (annual %),1.70055326010166,measured,source_ingest,2017.0,
Togo,2017,carbon_intensity_elec,481.48,measured,source_ingest,2017.0,
Togo,2017,electricity_demand (TWh),1.55,measured,source_ingest,2017.0,
Togo,2017,electricity_generation (TWh),0.81,measured,source_ingest,2017.0,
Togo,2017,energy_poverty_electricity (% of total population),52.0,derived,one_minus_access,2017.0,
Togo,2017,energy_poverty_electricity_rural (% of rural population),80.5,measured,source_ingest,2017.0,
Togo,2017,energy_poverty_electricity_urban (% of urban population),11.200000000000003,measured,source_ingest,2017.0,
Togo,2017,energy_poverty_multidimensional (% of total population),71.95,measured,source_ingest,2017.0,
Togo,2017,fossil_share_elec,74.074,measured,source_ingest,2017.0,
Togo,2017,gdp,11420230383.0,measured,source_ingest,2017.0,
Togo,2017,greenhouse_gas_emissions,0.39,measured,source_ingest,2017.0,
Togo,2017,hydro_electricity,0.21,measured,source_ingest,2017.0,
Togo,2017,low_carbon_share_elec,25.926,measured,source_ingest,2017.0,
Togo,2017,population,7324379.0,measured,source_ingest,2017.0,
Togo,2017,renewables_electricity,0.21,measured,source_ingest,2017.0,
Togo,2017,renewables_share_elec,25.926,measured,source_ingest,2017.0,
Togo,2017,solar_electricity,0.0,measured,source_ingest,2017.0,
Togo,2017,wind_electricity,0.0,measured,source_ingest,2017.0,
Togo,2018,Access to Clean Fuels and Technologies for cooking (% of total population),9.0,measured,source_ingest,2018.0,
Togo,2018,Access to electricity (% of total population),50.0,measured,source_ingest,2018.0,
Togo,2018,Population growth (annual %),1.81055738571426,measured,source_ingest,2018.0,
Togo,2018,carbon_intensity_elec,400.0,measured,source_ingest,2018.0,
Togo,2018,electricity_demand (TWh),1.48,measured,source_ingest,2018.0,
Togo,2018,electricity_generation (TWh),0.6,measured,source_ingest,2018.0,
Togo,2018,energy_poverty_electricity (% of total population),50.0,derived,one_minus_access,2018.0,
Togo,2018,energy_poverty_electricity_rural (% of rural population),73.7,measured,source_ingest,2018.0,
Togo,2018,energy_poverty_electricity_urban (% of urban population),16.900000000000006,measured,source_ingest,2018.0,
Togo,2018,energy_poverty_multidimensional (% of total population),70.5,measured,source_ingest,2018.0,
Togo,2018,fossil_share_elec,65.0,measured,source_ingest,2018.0,
Togo,2018,gdp,11989462252.0,measured,source_ingest,2018.0,
Togo,2018,greenhouse_gas_emissions,0.24,measured,source_ingest,2018.0,
Togo,2018,hydro_electricity,0.2,measured,source_ingest,2018.0,
Togo,2018,low_carbon_share_elec,35.0,measured,source_ingest,2018.0,
Togo,2018,population,7458205.0,measured,source_ingest,2018.0,
Togo,2018,renewables_electricity,0.21,measured,source_ingest,2018.0,
Togo,2018,renewables_share_elec,35.0,measured,source_ingest,2018.0,
Togo,2018,solar_electricity,0.01,measured,source_ingest,2018.0,
Togo,2018,wind_electricity,0.0,measured,source_ingest,2018.0,
Togo,2019,Access to Clean Fuels and Technologies for cooking (% of total population),9.7,measured,source_ingest,2019.0,
Togo,2019,Access to electricity (% of total population),52.5,measured,source_ingest,2019.0,
Togo,2019,Population growth (annual %),2.14516244090598,measured,source_ingest,2019.0,
Togo,2019,carbon_intensity_elec,459.02,measured,source_ingest,2019.0,
Togo,2019,electricity_demand (TWh),1.45,measured,source_ingest,2019.0,
Togo,2019,electricity_generation (TWh),0.61,measured,source_ingest,2019.0,
Togo,2019,energy_poverty_electricity (% of total population),47.5,derived,one_minus_access,2019.0,
Togo,2019,energy_poverty_electricity_rural (% of rural population),76.1,measured,source_ingest,2019.0,
Togo,2019,energy_poverty_electricity_urban (% of urban population),8.400000000000006,measured,source_ingest,2019.0,
Togo,2019,energy_poverty_multidimensional (% of total population),68.9,measured,source_ingest,2019.0,
Togo,2019,fossil_share_elec,78.689,measured,source_ingest,2019.0,
Togo,2019,gdp,12579682405.0,measured,source_ingest,2019.0,
Togo,2019,greenhouse_gas_emissions,0.28,measured,source_ingest,2019.0,
Togo,2019,hydro_electricity,0.12,measured,source_ingest,2019.0,
Togo,2019,low_carbon_share_elec,21.311,measured,source_ingest,2019.0,
Togo,2019,population,7619916.0,measured,source_ingest,2019.0,
Togo,2019,renewables_electricity,0.13,measured,source_ingest,2019.0,
Togo,2019,renewables_share_elec,21.311,measured,source_ingest,2019.0,
Togo,2019,solar_electricity,0.01,measured,source_ingest,2019.0,
Togo,2019,wind_electricity,0.0,measured,source_ingest,2019.0,
Togo,2020,Access to Clean Fuels and Technologies for cooking (% of total population),10.6,measured,source_ingest,2020.0,
Togo,2020,Access to electricity (% of total population),54.1,measured,source_ingest,2020.0,
Togo,2020,Population growth (annual %),2.18244940997049,measured,source_ingest,2020.0,
Togo,2020,carbon_intensity_elec,508.2,measured,source_ingest,2020.0,
Togo,2020,electricity_demand (TWh),1.42,measured,source_ingest,2020.0,
Togo,2020,electricity_generation (TWh),0.61,measured,source_ingest,2020.0,
Togo,2020,energy_poverty_electricity (% of total population),45.9,derived,one_minus_access,2020.0,
Togo,2020,energy_poverty_electricity_rural (% of rural population),75.7,measured,source_ingest,2020.0,
Togo,2020,energy_poverty_electricity_urban (% of urban population),6.0,measured,source_ingest,2020.0,
Togo,2020,energy_poverty_multidimensional (% of total population),67.65,measured,source_ingest,2020.0,
Togo,2020,fossil_share_elec,85.246,measured,source_ingest,2020.0,
Togo,2020,gdp,12720130961.0,measured,source_ingest,2020.0,
Togo,2020,greenhouse_gas_emissions,0.31,measured,source_ingest,2020.0,
Togo,2020,hydro_electricity,0.08,measured,source_ingest,2020.0,
Togo,2020,low_carbon_share_elec,14.754,measured,source_ingest,2020.0,
Togo,2020,population,7788058.0,measured,source_ingest,2020.0,
Togo,2020,renewables_electricity,0.09,measured,source_ingest,2020.0,
Togo,2020,renewables_share_elec,14.754,measured,source_ingest,2020.0,
Togo,2020,solar_electricity,0.01,measured,source_ingest,2020.0,
Togo,2020,wind_electricity,0.0,measured,source_ingest,2020.0,
Togo,2021,Access to Clean Fuels and Technologies for cooking (% of total population),11.4,measured,source_ingest,2021.0,
Togo,2021,Access to electricity (% of total population),55.7,measured,source_ingest,2021.0,
Togo,2021,Population growth (annual %),1.88405259258743,measured,source_ingest,2021.0,
Togo,2021,carbon_intensity_elec,464.79,measured,source_ingest,2021.0,
Togo,2021,electricity_demand (TWh),1.51,measured,source_ingest,2021.0,
Togo,2021,electricity_generation (TWh),0.71,measured,source_ingest,2021.0,
Togo,2021,energy_poverty_electricity (% of total population),44.3,derived,one_minus_access,2021.0,
Togo,2021,energy_poverty_electricity_rural (% of rural population),75.3,measured,source_ingest,2021.0,
Togo,2021,energy_poverty_electricity_urban (% of urban population),3.700000000000003,measured,source_ingest,2021.0,
Togo,2021,energy_poverty_multidimensional (% of total population),66.44999999999999,measured,source_ingest,2021.0,
Togo,2021,fossil_share_elec,77.465,measured,source_ingest,2021.0,
Togo,2021,gdp,13482266787.0,measured,source_ingest,2021.0,
Togo,2021,greenhouse_gas_emissions,0.33,measured,source_ingest,2021.0,
Togo,2021,hydro_electricity,0.09,measured,source_ingest,2021.0,
Togo,2021,low_carbon_share_elec,22.535,measured,source_ingest,2021.0,
Togo,2021,population,7936185.0,measured,source_ingest,2021.0,
Togo,2021,renewables_electricity,0.16,measured,source_ingest,2021.0,
Togo,2021,renewables_share_elec,22.535,measured,source_ingest,2021.0,
Togo,2021,solar_electricity,0.07,measured,source_ingest,2021.0,
Togo,2021,wind_electricity,0.0,measured,source_ingest,2021.0,
Togo,2022,Access to Clean Fuels and Technologies for cooking (% of total population),12.3,measured,source_ingest,2022.0,
Togo,2022,Access to electricity (% of total population),57.2,measured,source_ingest,2022.0,
Togo,2022,Population growth (annual %),1.65504210377245,measured,source_ingest,2022.0,
Togo,2022,carbon_intensity_elec,477.78,measured,source_ingest,2022.0,
Togo,2022,electricity_demand (TWh),2.03,measured,source_ingest,2022.0,
Togo,2022,electricity_generation (TWh),0.9,measured,source_ingest,2022.0,
Togo,2022,energy_poverty_electricity (% of total population),42.8,derived,one_minus_access,2022.0,
Togo,2022,energy_poverty_electricity_rural (% of rural population),74.1,measured,source_ingest,2022.0,
Togo,2022,energy_poverty_electricity_urban (% of urban population),3.5,measured,source_ingest,2022.0,
Togo,2022,energy_poverty_multidimensional (% of total population),65.25,measured,source_ingest,2022.0,
Togo,2022,fossil_share_elec,80.0,measured,source_ingest,2022.0,
Togo,2022,gdp,14265660408.0,measured,source_ingest,2022.0,
Togo,2022,greenhouse_gas_emissions,0.43,measured,source_ingest,2022.0,
Togo,2022,hydro_electricity,0.08,measured,source_ingest,2022.0,
Togo,2022,low_carbon_share_elec,20.0,measured,source_ingest,2022.0,
Togo,2022,population,8068616.0,measured,source_ingest,2022.0,
Togo,2022,renewables_electricity,0.18,measured,source_ingest,2022.0,
Togo,2022,renewables_share_elec,20.0,measured,source_ingest,2022.0,
Togo,2022,solar_electricity,0.1,measured,source_ingest,2022.0,
Togo,2022,wind_electricity,0.0,measured,source_ingest,2022.0,
Togo,2023,Access to Clean Fuels and Technologies for cooking (% of total population),13.2,measured,source_ingest,2023.0,
Togo,2023,Access to electricity (% of total population),59.2,measured,source_ingest,2023.0,
Togo,2023,Population growth (annual %),1.90565010531245,measured,source_ingest,2023.0,
Togo,2023,carbon_intensity_elec,436.62,measured,source_ingest,2023.0,
Togo,2023,electricity_demand (TWh),2.25,measured,source_ingest,2023.0,
Togo,2023,electricity_generation (TWh),0.71,measured,source_ingest,2023.0,
Togo,2023,energy_poverty_electricity (% of total population),40.8,derived,one_minus_access,2023.0,
Togo,2023,energy_poverty_electricity_rural (% of rural population),69.5,measured,source_ingest,2023.0,
Togo,2023,energy_poverty_electricity_urban (% of urban population),5.0,measured,source_ingest,2023.0,
Togo,2023,energy_poverty_multidimensional (% of total population),63.8,measured,source_ingest,2023.0,
Togo,2023,fossil_share_elec,73.239,measured,source_ingest,2023.0,
Togo,2023,gdp,14880657889.79183,estimated,dampened_exponential_log_linear,2022.0,0.9866799815401827
Togo,2023,greenhouse_gas_emissions,0.31,measured,source_ingest,2023.0,
Togo,2023,hydro_electricity,0.08,measured,source_ingest,2023.0,
Togo,2023,low_carbon_share_elec,26.761,measured,source_ingest,2023.0,
Togo,2023,population,8223853.0,measured,source_ingest,2023.0,
Togo,2023,renewables_electricity,0.19,measured,source_ingest,2023.0,
Togo,2023,renewables_share_elec,26.761,measured,source_ingest,2023.0,
Togo,2023,solar_electricity,0.11,measured,source_ingest,2023.0,
Togo,2023,wind_electricity,0.0,measured,source_ingest,2023.0,
Togo,2024,Access to Clean Fuels and Technologies for cooking (% of total population),13.92142857142835,estimated,linear_projection,2023.0,0.9980378839332898
Togo,2024,Access to electricity (% of total population),61.1,measured,source_ingest,2024.0,
Togo,2024,Population growth (annual %),2.197364628925,measured,source_ingest,2024.0,
Togo,2024,carbon_intensity_elec,422.54,measured,source_ingest,2024.0,
Togo,2024,electricity_demand (TWh),2.21,measured,source_ingest,2024.0,
Togo,2024,electricity_generation (TWh),0.71,measured,source_ingest,2024.0,
Togo,2024,energy_poverty_electricity (% of total population),38.9,derived,one_minus_access,2024.0,
Togo,2024,energy_poverty_electricity_rural (% of rural population),66.1,measured,source_ingest,2024.0,
Togo,2024,energy_poverty_electricity_urban (% of urban population),4.0,measured,source_ingest,2024.0,
Togo,2024,energy_poverty_multidimensional (% of total population),62.51249999999982,measured,source_ingest,2024.0,
Togo,2024,fossil_share_elec,70.423,measured,source_ingest,2024.0,
Togo,2024,gdp,15522168122.609068,estimated,dampened_exponential_log_linear,2022.0,0.9866799815401827
Togo,2024,greenhouse_gas_emissions,0.3,measured,source_ingest,2024.0,
Togo,2024,hydro_electricity,0.08,measured,source_ingest,2024.0,
Togo,2024,low_carbon_share_elec,29.577,measured,source_ingest,2024.0,
Togo,2024,population,8406554.0,measured,source_ingest,2024.0,
Togo,2024,renewables_electricity,0.21,measured,source_ingest,2024.0,
Togo,2024,renewables_share_elec,29.577,measured,source_ingest,2024.0,
Togo,2024,solar_electricity,0.13,measured,source_ingest,2024.0,
Togo,2024,wind_electricity,0.0,measured,source_ingest,2024.0,
Togo,2025,Access to Clean Fuels and Technologies for cooking (% of total population),14.74285714285702,estimated,linear_projection,2023.0,0.9980378839332898
Togo,2025,Access to electricity (% of total population),62.73406320466225,estimated,logistic_logit_linear,2024.0,0.9969691319610774
Togo,2025,Population growth (annual %),2.17758924189303,measured,source_ingest,2025.0,
Togo,2025,carbon_intensity_elec,417.1829648907579,estimated,dampened_exponential_log_linear,2024.0,0.1669776379087905
Togo,2025,electricity_demand (TWh),2.3180340572299145,estimated,dampened_exponential_log_linear,2024.0,0.49106576676767766
Togo,2025,electricity_generation (TWh),0.7034624151579691,estimated,dampened_exponential_log_linear,2024.0,0.0229968729505311
Togo,2025,energy_poverty_electricity (% of total population),37.26593679533775,estimated,one_minus_access,2024.0,
Togo,2025,energy_poverty_electricity_rural (% of rural population),67.39444444444416,estimated,linear_projection,2024.0,0.7587095406360318
Togo,2025,energy_poverty_electricity_urban (% of urban population),0.21388888888895963,estimated,linear_projection,2024.0,0.7234875951727333
Togo,2025,energy_poverty_multidimensional (% of total population),61.19999999999982,measured,source_ingest,2025.0,
Togo,2025,fossil_share_elec,75.29580555555555,estimated,linear_projection,2024.0,0.002841854580376113
Togo,2025,gdp,15587820931.700062,estimated,dampened_exponential_log_linear,2022.0,0.9866799815401827
Togo,2025,greenhouse_gas_emissions,0.29346904107386634,estimated,dampened_exponential_log_linear,2024.0,0.07306192228021646
Togo,2025,hydro_electricity,0.06922408252698584,estimated,dampened_exponential_log_linear,2024.0,0.8032875804416967
Togo,2025,low_carbon_share_elec,24.704194444444454,estimated,linear_projection,2024.0,0.0028418545803746698
Togo,2025,population,8591621.91194113,estimated,limit_year_population_growth_rate_exponential,2024.0,
Togo,2025,renewables_electricity,0.20928110232617658,estimated,dampened_exponential_log_linear,2024.0,0.0010753434650597749
Togo,2025,renewables_share_elec,24.704194444444454,estimated,linear_projection,2024.0,0.0028418545803746698
Togo,2025,solar_electricity,0.22049254145297334,estimated,dampened_exponential_log_linear,2024.0,0.84075201620857
Togo,2025,wind_electricity,,missing,no_history,,
Tunisia,2016,Access to Clean Fuels and Technologies for cooking (% of total population),99.8,measured,source_ingest,2016.0,
Tunisia,2016,Access to electricity (% of total population),100.0,measured,source_ingest,2016.0,
Tunisia,2016,Population growth (annual %),1.10253911569433,measured,source_ingest,2016.0,
Tunisia,2016,carbon_intensity_elec,563.42,measured,source_ingest,2016.0,
Tunisia,2016,electricity_demand (TWh),19.51,measured,source_ingest,2016.0,
Tunisia,2016,electricity_generation (TWh),19.63,measured,source_ingest,2016.0,
Tunisia,2016,energy_poverty_electricity (% of total population),0.0,derived,one_minus_access,2016.0,
Tunisia,2016,energy_poverty_electricity_rural (% of rural population),0.0,measured,source_ingest,2016.0,
Tunisia,2016,energy_poverty_electricity_urban (% of urban population),0.0,measured,source_ingest,2016.0,
Tunisia,2016,energy_poverty_multidimensional (% of total population),0.0999999999999943,measured,source_ingest,2016.0,
Tunisia,2016,fossil_share_elec,96.791,measured,source_ingest,2016.0,
Tunisia,2016,gdp,124443824545.0,measured,source_ingest,2016.0,
Tunisia,2016,greenhouse_gas_emissions,11.06,measured,source_ingest,2016.0,
Tunisia,2016,hydro_electricity,0.05,measured,source_ingest,2016.0,
Tunisia,2016,low_carbon_share_elec,3.209,measured,source_ingest,2016.0,
Tunisia,2016,population,11528676.0,measured,source_ingest,2016.0,
Tunisia,2016,renewables_electricity,0.63,measured,source_ingest,2016.0,
Tunisia,2016,renewables_share_elec,3.209,measured,source_ingest,2016.0,
Tunisia,2016,solar_electricity,0.11,measured,source_ingest,2016.0,
Tunisia,2016,wind_electricity,0.47,measured,source_ingest,2016.0,
Tunisia,2017,Access to Clean Fuels and Technologies for cooking (% of total population),99.9,measured,source_ingest,2017.0,
Tunisia,2017,Access to electricity (% of total population),100.0,measured,source_ingest,2017.0,
Tunisia,2017,Population growth (annual %),1.05116025482594,measured,source_ingest,2017.0,
Tunisia,2017,carbon_intensity_elec,566.08,measured,source_ingest,2017.0,
Tunisia,2017,electricity_demand (TWh),20.55,measured,source_ingest,2017.0,
Tunisia,2017,electricity_generation (TWh),20.58,measured,source_ingest,2017.0,
Tunisia,2017,energy_poverty_electricity (% of total population),0.0,derived,one_minus_access,2017.0,
Tunisia,2017,energy_poverty_electricity_rural (% of rural population),0.0,measured,source_ingest,2017.0,
Tunisia,2017,energy_poverty_electricity_urban (% of urban population),0.0,measured,source_ingest,2017.0,
Tunisia,2017,energy_poverty_multidimensional (% of total population),0.0499999999999971,measured,source_ingest,2017.0,
Tunisia,2017,fossil_share_elec,97.085,measured,source_ingest,2017.0,
Tunisia,2017,gdp,127228891219.0,measured,source_ingest,2017.0,
Tunisia,2017,greenhouse_gas_emissions,11.65,measured,source_ingest,2017.0,
Tunisia,2017,hydro_electricity,0.02,measured,source_ingest,2017.0,
Tunisia,2017,low_carbon_share_elec,2.915,measured,source_ingest,2017.0,
Tunisia,2017,population,11650504.0,measured,source_ingest,2017.0,
Tunisia,2017,renewables_electricity,0.6,measured,source_ingest,2017.0,
Tunisia,2017,renewables_share_elec,2.915,measured,source_ingest,2017.0,
Tunisia,2017,solar_electricity,0.13,measured,source_ingest,2017.0,
Tunisia,2017,wind_electricity,0.45,measured,source_ingest,2017.0,
Tunisia,2018,Access to Clean Fuels and Technologies for cooking (% of total population),99.9,measured,source_ingest,2018.0,
Tunisia,2018,Access to electricity (% of total population),99.8,measured,source_ingest,2018.0,
Tunisia,2018,Population growth (annual %),0.982378425356264,measured,source_ingest,2018.0,
Tunisia,2018,carbon_intensity_elec,567.4,measured,source_ingest,2018.0,
Tunisia,2018,electricity_demand (TWh),20.82,measured,source_ingest,2018.0,
Tunisia,2018,electricity_generation (TWh),20.92,measured,source_ingest,2018.0,
Tunisia,2018,energy_poverty_electricity (% of total population),0.20000000000000284,derived,one_minus_access,2018.0,
Tunisia,2018,energy_poverty_electricity_rural (% of rural population),0.4000000000000057,measured,source_ingest,2018.0,
Tunisia,2018,energy_poverty_electricity_urban (% of urban population),0.09999999999999432,measured,source_ingest,2018.0,
Tunisia,2018,energy_poverty_multidimensional (% of total population),0.1500000000000056,measured,source_ingest,2018.0,
Tunisia,2018,fossil_share_elec,97.371,measured,source_ingest,2018.0,
Tunisia,2018,gdp,130568635947.0,measured,source_ingest,2018.0,
Tunisia,2018,greenhouse_gas_emissions,11.87,measured,source_ingest,2018.0,
Tunisia,2018,hydro_electricity,0.02,measured,source_ingest,2018.0,
Tunisia,2018,low_carbon_share_elec,2.629,measured,source_ingest,2018.0,
Tunisia,2018,population,11765515.0,measured,source_ingest,2018.0,
Tunisia,2018,renewables_electricity,0.55,measured,source_ingest,2018.0,
Tunisia,2018,renewables_share_elec,2.629,measured,source_ingest,2018.0,
Tunisia,2018,solar_electricity,0.08,measured,source_ingest,2018.0,
Tunisia,2018,wind_electricity,0.45,measured,source_ingest,2018.0,
Tunisia,2019,Access to Clean Fuels and Technologies for cooking (% of total population),99.9,measured,source_ingest,2019.0,
Tunisia,2019,Access to electricity (% of total population),100.0,measured,source_ingest,2019.0,
Tunisia,2019,Population growth (annual %),0.926946081730267,measured,source_ingest,2019.0,
Tunisia,2019,carbon_intensity_elec,564.94,measured,source_ingest,2019.0,
Tunisia,2019,electricity_demand (TWh),21.86,measured,source_ingest,2019.0,
Tunisia,2019,electricity_generation (TWh),22.02,measured,source_ingest,2019.0,
Tunisia,2019,energy_poverty_electricity (% of total population),0.0,derived,one_minus_access,2019.0,
Tunisia,2019,energy_poverty_electricity_rural (% of rural population),0.0,measured,source_ingest,2019.0,
Tunisia,2019,energy_poverty_electricity_urban (% of urban population),0.0,measured,source_ingest,2019.0,
Tunisia,2019,energy_poverty_multidimensional (% of total population),0.0499999999999971,measured,source_ingest,2019.0,
Tunisia,2019,fossil_share_elec,96.866,measured,source_ingest,2019.0,
Tunisia,2019,gdp,132642060864.0,measured,source_ingest,2019.0,
Tunisia,2019,greenhouse_gas_emissions,12.44,measured,source_ingest,2019.0,
Tunisia,2019,hydro_electricity,0.07,measured,source_ingest,2019.0,
Tunisia,2019,low_carbon_share_elec,3.134,measured,source_ingest,2019.0,
Tunisia,2019,population,11875084.0,measured,source_ingest,2019.0,
Tunisia,2019,renewables_electricity,0.69,measured,source_ingest,2019.0,
Tunisia,2019,renewables_share_elec,3.134,measured,source_ingest,2019.0,
Tunisia,2019,solar_electricity,0.12,measured,source_ingest,2019.0,
Tunisia,2019,wind_electricity,0.5,measured,source_ingest,2019.0,
Tunisia,2020,Access to Clean Fuels and Technologies for cooking (% of total population),99.9,measured,source_ingest,2020.0,
Tunisia,2020,Access to electricity (% of total population),99.9,measured,source_ingest,2020.0,
Tunisia,2020,Population growth (annual %),0.830022185577052,measured,source_ingest,2020.0,
Tunisia,2020,carbon_intensity_elec,564.55,measured,source_ingest,2020.0,
Tunisia,2020,electricity_demand (TWh),20.78,measured,source_ingest,2020.0,
Tunisia,2020,electricity_generation (TWh),21.38,measured,source_ingest,2020.0,
Tunisia,2020,energy_poverty_electricity (% of total population),0.09999999999999432,derived,one_minus_access,2020.0,
Tunisia,2020,energy_poverty_electricity_rural (% of rural population),0.29999999999999716,measured,source_ingest,2020.0,
Tunisia,2020,energy_poverty_electricity_urban (% of urban population),0.0,measured,source_ingest,2020.0,
Tunisia,2020,energy_poverty_multidimensional (% of total population),0.0999999999999943,measured,source_ingest,2020.0,
Tunisia,2020,fossil_share_elec,96.866,measured,source_ingest,2020.0,
Tunisia,2020,gdp,120945694784.0,measured,source_ingest,2020.0,
Tunisia,2020,greenhouse_gas_emissions,12.07,measured,source_ingest,2020.0,
Tunisia,2020,hydro_electricity,0.05,measured,source_ingest,2020.0,
Tunisia,2020,low_carbon_share_elec,3.134,measured,source_ingest,2020.0,
Tunisia,2020,population,11974058.0,measured,source_ingest,2020.0,
Tunisia,2020,renewables_electricity,0.67,measured,source_ingest,2020.0,
Tunisia,2020,renewables_share_elec,3.134,measured,source_ingest,2020.0,
Tunisia,2020,solar_electricity,0.15,measured,source_ingest,2020.0,
Tunisia,2020,wind_electricity,0.47,measured,source_ingest,2020.0,
Tunisia,2021,Access to Clean Fuels and Technologies for cooking (% of total population),99.9,measured,source_ingest,2021.0,
Tunisia,2021,Access to electricity (% of total population),99.9,measured,source_ingest,2021.0,
Tunisia,2021,Population growth (annual %),0.620790374510459,measured,source_ingest,2021.0,
Tunisia,2021,carbon_intensity_elec,564.38,measured,source_ingest,2021.0,
Tunisia,2021,electricity_demand (TWh),22.93,measured,source_ingest,2021.0,
Tunisia,2021,electricity_generation (TWh),21.9,measured,source_ingest,2021.0,
Tunisia,2021,energy_poverty_electricity (% of total population),0.09999999999999432,derived,one_minus_access,2021.0,
Tunisia,2021,energy_poverty_electricity_rural (% of rural population),0.29999999999999716,measured,source_ingest,2021.0,
Tunisia,2021,energy_poverty_electricity_urban (% of urban population),0.0,measured,source_ingest,2021.0,
Tunisia,2021,energy_poverty_multidimensional (% of total population),0.0999999999999943,measured,source_ingest,2021.0,
Tunisia,2021,fossil_share_elec,96.895,measured,source_ingest,2021.0,
Tunisia,2021,gdp,126273349199.0,measured,source_ingest,2021.0,
Tunisia,2021,greenhouse_gas_emissions,12.36,measured,source_ingest,2021.0,
Tunisia,2021,hydro_electricity,0.03,measured,source_ingest,2021.0,
Tunisia,2021,low_carbon_share_elec,3.105,measured,source_ingest,2021.0,
Tunisia,2021,population,12048625.0,measured,source_ingest,2021.0,
Tunisia,2021,renewables_electricity,0.68,measured,source_ingest,2021.0,
Tunisia,2021,renewables_share_elec,3.105,measured,source_ingest,2021.0,
Tunisia,2021,solar_electricity,0.22,measured,source_ingest,2021.0,
Tunisia,2021,wind_electricity,0.43,measured,source_ingest,2021.0,
Tunisia,2022,Access to Clean Fuels and Technologies for cooking (% of total population),99.9,measured,source_ingest,2022.0,
Tunisia,2022,Access to electricity (% of total population),100.0,measured,source_ingest,2022.0,
Tunisia,2022,Population growth (annual %),0.585173208533683,measured,source_ingest,2022.0,
Tunisia,2022,carbon_intensity_elec,565.62,measured,source_ingest,2022.0,
Tunisia,2022,electricity_demand (TWh),23.98,measured,source_ingest,2022.0,
Tunisia,2022,electricity_generation (TWh),21.41,measured,source_ingest,2022.0,
Tunisia,2022,energy_poverty_electricity (% of total population),0.0,derived,one_minus_access,2022.0,
Tunisia,2022,energy_poverty_electricity_rural (% of rural population),0.0,measured,source_ingest,2022.0,
Tunisia,2022,energy_poverty_electricity_urban (% of urban population),0.0,measured,source_ingest,2022.0,
Tunisia,2022,energy_poverty_multidimensional (% of total population),0.0499999999999971,measured,source_ingest,2022.0,
Tunisia,2022,fossil_share_elec,96.964,measured,source_ingest,2022.0,
Tunisia,2022,gdp,129457959410.0,measured,source_ingest,2022.0,
Tunisia,2022,greenhouse_gas_emissions,12.11,measured,source_ingest,2022.0,
Tunisia,2022,hydro_electricity,0.01,measured,source_ingest,2022.0,
Tunisia,2022,low_carbon_share_elec,3.036,measured,source_ingest,2022.0,
Tunisia,2022,population,12119338.0,measured,source_ingest,2022.0,
Tunisia,2022,renewables_electricity,0.65,measured,source_ingest,2022.0,
Tunisia,2022,renewables_share_elec,3.036,measured,source_ingest,2022.0,
Tunisia,2022,solar_electricity,0.32,measured,source_ingest,2022.0,
Tunisia,2022,wind_electricity,0.32,measured,source_ingest,2022.0,
Tunisia,2023,Access to Clean Fuels and Technologies for cooking (% of total population),99.9,measured,source_ingest,2023.0,
Tunisia,2023,Access to electricity (% of total population),100.0,measured,source_ingest,2023.0,
Tunisia,2023,Population growth (annual %),0.666925034776371,measured,source_ingest,2023.0,
Tunisia,2023,carbon_intensity_elec,560.15,measured,source_ingest,2023.0,
Tunisia,2023,electricity_demand (TWh),23.78,measured,source_ingest,2023.0,
Tunisia,2023,electricity_generation (TWh),21.28,measured,source_ingest,2023.0,
Tunisia,2023,energy_poverty_electricity (% of total population),0.0,derived,one_minus_access,2023.0,
Tunisia,2023,energy_poverty_electricity_rural (% of rural population),0.0,measured,source_ingest,2023.0,
Tunisia,2023,energy_poverty_electricity_urban (% of urban population),0.0,measured,source_ingest,2023.0,
Tunisia,2023,energy_poverty_multidimensional (% of total population),0.0499999999999971,measured,source_ingest,2023.0,
Tunisia,2023,fossil_share_elec,96.053,measured,source_ingest,2023.0,
Tunisia,2023,gdp,129582254471.51288,estimated,dampened_exponential_log_linear,2022.0,0.0044323061292472765
Tunisia,2023,greenhouse_gas_emissions,11.92,measured,source_ingest,2023.0,
Tunisia,2023,hydro_electricity,0.01,measured,source_ingest,2023.0,
Tunisia,2023,low_carbon_share_elec,3.947,measured,source_ingest,2023.0,
Tunisia,2023,population,12200434.0,measured,source_ingest,2023.0,
Tunisia,2023,renewables_electricity,0.84,measured,source_ingest,2023.0,
Tunisia,2023,renewables_share_elec,3.947,measured,source_ingest,2023.0,
Tunisia,2023,solar_electricity,0.49,measured,source_ingest,2023.0,
Tunisia,2023,wind_electricity,0.34,measured,source_ingest,2023.0,
Tunisia,2024,Access to Clean Fuels and Technologies for cooking (% of total population),99.92500000000001,estimated,linear_projection,2023.0,0.33333333333341475
Tunisia,2024,Access to electricity (% of total population),100.0,measured,source_ingest,2024.0,
Tunisia,2024,Population growth (annual %),0.626519256572759,measured,source_ingest,2024.0,
Tunisia,2024,carbon_intensity_elec,558.26,measured,source_ingest,2024.0,
Tunisia,2024,electricity_demand (TWh),23.96,measured,source_ingest,2024.0,
Tunisia,2024,electricity_generation (TWh),21.37,measured,source_ingest,2024.0,
Tunisia,2024,energy_poverty_electricity (% of total population),0.0,derived,one_minus_access,2024.0,
Tunisia,2024,energy_poverty_electricity_rural (% of rural population),0.0,measured,source_ingest,2024.0,
Tunisia,2024,energy_poverty_electricity_urban (% of urban population),0.0,measured,source_ingest,2024.0,
Tunisia,2024,energy_poverty_multidimensional (% of total population),0.0571428571428533,measured,source_ingest,2024.0,
Tunisia,2024,fossil_share_elec,95.601,measured,source_ingest,2024.0,
Tunisia,2024,gdp,129706668871.0903,estimated,dampened_exponential_log_linear,2022.0,0.0044323061292472765
Tunisia,2024,greenhouse_gas_emissions,11.93,measured,source_ingest,2024.0,
Tunisia,2024,hydro_electricity,0.01,measured,source_ingest,2024.0,
Tunisia,2024,low_carbon_share_elec,4.399,measured,source_ingest,2024.0,
Tunisia,2024,population,12277103.0,measured,source_ingest,2024.0,
Tunisia,2024,renewables_electricity,0.94,measured,source_ingest,2024.0,
Tunisia,2024,renewables_share_elec,4.399,measured,source_ingest,2024.0,
Tunisia,2024,solar_electricity,0.56,measured,source_ingest,2024.0,
Tunisia,2024,wind_electricity,0.37,measured,source_ingest,2024.0,
Tunisia,2025,Access to Clean Fuels and Technologies for cooking (% of total population),99.93333333333334,estimated,linear_projection,2023.0,0.33333333333341475
Tunisia,2025,Access to electricity (% of total population),99.99998288564629,estimated,logistic_logit_linear,2024.0,0.010044160352852272
Tunisia,2025,Population growth (annual %),0.580403828948731,measured,source_ingest,2025.0,
Tunisia,2025,carbon_intensity_elec,560.29,measured,source_ingest,2025.0,
Tunisia,2025,electricity_demand (TWh),24.9,measured,source_ingest,2025.0,
Tunisia,2025,electricity_generation (TWh),22.31,measured,source_ingest,2025.0,
Tunisia,2025,energy_poverty_electricity (% of total population),1.7114353710212526e-05,estimated,one_minus_access,2024.0,
Tunisia,2025,energy_poverty_electricity_rural (% of rural population),0.06944444444444287,estimated,linear_projection,2024.0,0.018203883495148454
Tunisia,2025,energy_poverty_electricity_urban (% of urban population),0.0,estimated,linear_projection,2024.0,0.07500000000000262
Tunisia,2025,energy_poverty_multidimensional (% of total population),0.0517857142857103,measured,source_ingest,2025.0,
Tunisia,2025,fossil_share_elec,95.966,measured,source_ingest,2025.0,
Tunisia,2025,gdp,129719116879.05193,estimated,dampened_exponential_log_linear,2022.0,0.0044323061292472765
Tunisia,2025,greenhouse_gas_emissions,12.5,measured,source_ingest,2025.0,
Tunisia,2025,hydro_electricity,0.01,measured,source_ingest,2025.0,
Tunisia,2025,low_carbon_share_elec,4.034,measured,source_ingest,2025.0,
Tunisia,2025,population,12348576.0,measured,source_ingest,2025.0,
Tunisia,2025,renewables_electricity,0.9,measured,source_ingest,2025.0,
Tunisia,2025,renewables_share_elec,4.034,measured,source_ingest,2025.0,
Tunisia,2025,solar_electricity,0.56,measured,source_ingest,2025.0,
Tunisia,2025,wind_electricity,0.33,measured,source_ingest,2025.0,
Uganda,2016,Access to Clean Fuels and Technologies for cooking (% of total population),1.1,measured,source_ingest,2016.0,
Uganda,2016,Access to electricity (% of total population),26.7,measured,source_ingest,2016.0,
Uganda,2016,Population growth (annual %),3.32192491389275,measured,source_ingest,2016.0,
Uganda,2016,carbon_intensity_elec,55.7,measured,source_ingest,2016.0,
Uganda,2016,electricity_demand (TWh),3.65,measured,source_ingest,2016.0,
Uganda,2016,electricity_generation (TWh),3.77,measured,source_ingest,2016.0,
Uganda,2016,energy_poverty_electricity (% of total population),73.3,derived,one_minus_access,2016.0,
Uganda,2016,energy_poverty_electricity_rural (% of rural population),82.3,measured,source_ingest,2016.0,
Uganda,2016,energy_poverty_electricity_urban (% of urban population),42.5,measured,source_ingest,2016.0,
Uganda,2016,energy_poverty_multidimensional (% of total population),86.1,measured,source_ingest,2016.0,
Uganda,2016,fossil_share_elec,1.857,measured,source_ingest,2016.0,
Uganda,2016,gdp,76477462940.0,measured,source_ingest,2016.0,
Uganda,2016,greenhouse_gas_emissions,0.21,measured,source_ingest,2016.0,
Uganda,2016,hydro_electricity,3.3,measured,source_ingest,2016.0,
Uganda,2016,low_carbon_share_elec,98.143,measured,source_ingest,2016.0,
Uganda,2016,population,38799153.0,measured,source_ingest,2016.0,
Uganda,2016,renewables_electricity,3.7,measured,source_ingest,2016.0,
Uganda,2016,renewables_share_elec,98.143,measured,source_ingest,2016.0,
Uganda,2016,solar_electricity,0.04,measured,source_ingest,2016.0,
Uganda,2016,wind_electricity,0.0,measured,source_ingest,2016.0,
Uganda,2017,Access to Clean Fuels and Technologies for cooking (% of total population),1.1,measured,source_ingest,2017.0,
Uganda,2017,Access to electricity (% of total population),32.4,measured,source_ingest,2017.0,
Uganda,2017,Population growth (annual %),3.49059590870242,measured,source_ingest,2017.0,
Uganda,2017,carbon_intensity_elec,47.62,measured,source_ingest,2017.0,
Uganda,2017,electricity_demand (TWh),3.49,measured,source_ingest,2017.0,
Uganda,2017,electricity_generation (TWh),3.78,measured,source_ingest,2017.0,
Uganda,2017,energy_poverty_electricity (% of total population),67.6,derived,one_minus_access,2017.0,
Uganda,2017,energy_poverty_electricity_rural (% of rural population),77.0,measured,source_ingest,2017.0,
Uganda,2017,energy_poverty_electricity_urban (% of urban population),36.6,measured,source_ingest,2017.0,
Uganda,2017,energy_poverty_multidimensional (% of total population),83.25,measured,source_ingest,2017.0,
Uganda,2017,fossil_share_elec,1.852,measured,source_ingest,2017.0,
Uganda,2017,gdp,81700865546.0,measured,source_ingest,2017.0,
Uganda,2017,greenhouse_gas_emissions,0.18,measured,source_ingest,2017.0,
Uganda,2017,hydro_electricity,3.44,measured,source_ingest,2017.0,
Uganda,2017,low_carbon_share_elec,98.148,measured,source_ingest,2017.0,
Uganda,2017,population,40177384.0,measured,source_ingest,2017.0,
Uganda,2017,renewables_electricity,3.71,measured,source_ingest,2017.0,
Uganda,2017,renewables_share_elec,98.148,measured,source_ingest,2017.0,
Uganda,2017,solar_electricity,0.06,measured,source_ingest,2017.0,
Uganda,2017,wind_electricity,0.0,measured,source_ingest,2017.0,
Uganda,2018,Access to Clean Fuels and Technologies for cooking (% of total population),1.2,measured,source_ingest,2018.0,
Uganda,2018,Access to electricity (% of total population),41.9,measured,source_ingest,2018.0,
Uganda,2018,Population growth (annual %),3.39741097582772,measured,source_ingest,2018.0,
Uganda,2018,carbon_intensity_elec,81.4,measured,source_ingest,2018.0,
Uganda,2018,electricity_demand (TWh),4.1,measured,source_ingest,2018.0,
Uganda,2018,electricity_generation (TWh),4.3,measured,source_ingest,2018.0,
Uganda,2018,energy_poverty_electricity (% of total population),58.1,derived,one_minus_access,2018.0,
Uganda,2018,energy_poverty_electricity_rural (% of rural population),67.5,measured,source_ingest,2018.0,
Uganda,2018,energy_poverty_electricity_urban (% of urban population),28.0,measured,source_ingest,2018.0,
Uganda,2018,energy_poverty_multidimensional (% of total population),78.45,measured,source_ingest,2018.0,
Uganda,2018,fossil_share_elec,7.209,measured,source_ingest,2018.0,
Uganda,2018,gdp,86196050499.0,measured,source_ingest,2018.0,
Uganda,2018,greenhouse_gas_emissions,0.35,measured,source_ingest,2018.0,
Uganda,2018,hydro_electricity,3.64,measured,source_ingest,2018.0,
Uganda,2018,low_carbon_share_elec,92.791,measured,source_ingest,2018.0,
Uganda,2018,population,41565839.0,measured,source_ingest,2018.0,
Uganda,2018,renewables_electricity,3.99,measured,source_ingest,2018.0,
Uganda,2018,renewables_share_elec,92.791,measured,source_ingest,2018.0,
Uganda,2018,solar_electricity,0.07,measured,source_ingest,2018.0,
Uganda,2018,wind_electricity,0.0,measured,source_ingest,2018.0,
Uganda,2019,Access to Clean Fuels and Technologies for cooking (% of total population),1.3,measured,source_ingest,2019.0,
Uganda,2019,Access to electricity (% of total population),41.3,measured,source_ingest,2019.0,
Uganda,2019,Population growth (annual %),3.39132142318772,measured,source_ingest,2019.0,
Uganda,2019,carbon_intensity_elec,56.77,measured,source_ingest,2019.0,
Uganda,2019,electricity_demand (TWh),4.3,measured,source_ingest,2019.0,
Uganda,2019,electricity_generation (TWh),4.58,measured,source_ingest,2019.0,
Uganda,2019,energy_poverty_electricity (% of total population),58.7,derived,one_minus_access,2019.0,
Uganda,2019,energy_poverty_electricity_rural (% of rural population),68.2,measured,source_ingest,2019.0,
Uganda,2019,energy_poverty_electricity_urban (% of urban population),29.200000000000003,measured,source_ingest,2019.0,
Uganda,2019,energy_poverty_multidimensional (% of total population),78.7,measured,source_ingest,2019.0,
Uganda,2019,fossil_share_elec,3.057,measured,source_ingest,2019.0,
Uganda,2019,gdp,92903828922.0,measured,source_ingest,2019.0,
Uganda,2019,greenhouse_gas_emissions,0.26,measured,source_ingest,2019.0,
Uganda,2019,hydro_electricity,4.04,measured,source_ingest,2019.0,
Uganda,2019,low_carbon_share_elec,96.943,measured,source_ingest,2019.0,
Uganda,2019,population,42999636.0,measured,source_ingest,2019.0,
Uganda,2019,renewables_electricity,4.44,measured,source_ingest,2019.0,
Uganda,2019,renewables_share_elec,96.943,measured,source_ingest,2019.0,
Uganda,2019,solar_electricity,0.13,measured,source_ingest,2019.0,
Uganda,2019,wind_electricity,0.0,measured,source_ingest,2019.0,
Uganda,2020,Access to Clean Fuels and Technologies for cooking (% of total population),1.4,measured,source_ingest,2020.0,
Uganda,2020,Access to electricity (% of total population),42.1,measured,source_ingest,2020.0,
Uganda,2020,Population growth (annual %),3.33341751069644,measured,source_ingest,2020.0,
Uganda,2020,carbon_intensity_elec,54.35,measured,source_ingest,2020.0,
Uganda,2020,electricity_demand (TWh),4.4,measured,source_ingest,2020.0,
Uganda,2020,electricity_generation (TWh),4.6,measured,source_ingest,2020.0,
Uganda,2020,energy_poverty_electricity (% of total population),57.9,derived,one_minus_access,2020.0,
Uganda,2020,energy_poverty_electricity_rural (% of rural population),67.2,measured,source_ingest,2020.0,
Uganda,2020,energy_poverty_electricity_urban (% of urban population),29.900000000000006,measured,source_ingest,2020.0,
Uganda,2020,energy_poverty_multidimensional (% of total population),78.25,measured,source_ingest,2020.0,
Uganda,2020,fossil_share_elec,2.609,measured,source_ingest,2020.0,
Uganda,2020,gdp,91695146192.0,measured,source_ingest,2020.0,
Uganda,2020,greenhouse_gas_emissions,0.25,measured,source_ingest,2020.0,
Uganda,2020,hydro_electricity,4.08,measured,source_ingest,2020.0,
Uganda,2020,low_carbon_share_elec,97.391,measured,source_ingest,2020.0,
Uganda,2020,population,44457148.0,measured,source_ingest,2020.0,
Uganda,2020,renewables_electricity,4.48,measured,source_ingest,2020.0,
Uganda,2020,renewables_share_elec,97.391,measured,source_ingest,2020.0,
Uganda,2020,solar_electricity,0.14,measured,source_ingest,2020.0,
Uganda,2020,wind_electricity,0.0,measured,source_ingest,2020.0,
Uganda,2021,Access to Clean Fuels and Technologies for cooking (% of total population),1.5,measured,source_ingest,2021.0,
Uganda,2021,Access to electricity (% of total population),45.2,measured,source_ingest,2021.0,
Uganda,2021,Population growth (annual %),3.21773661761443,measured,source_ingest,2021.0,
Uganda,2021,carbon_intensity_elec,55.03,measured,source_ingest,2021.0,
Uganda,2021,electricity_demand (TWh),4.9,measured,source_ingest,2021.0,
Uganda,2021,electricity_generation (TWh),5.27,measured,source_ingest,2021.0,
Uganda,2021,energy_poverty_electricity (% of total population),54.8,derived,one_minus_access,2021.0,
Uganda,2021,energy_poverty_electricity_rural (% of rural population),64.1,measured,source_ingest,2021.0,
Uganda,2021,energy_poverty_electricity_urban (% of urban population),27.700000000000003,measured,source_ingest,2021.0,
Uganda,2021,energy_poverty_multidimensional (% of total population),76.65,measured,source_ingest,2021.0,
Uganda,2021,fossil_share_elec,2.467,measured,source_ingest,2021.0,
Uganda,2021,gdp,97200521048.0,measured,source_ingest,2021.0,
Uganda,2021,greenhouse_gas_emissions,0.29,measured,source_ingest,2021.0,
Uganda,2021,hydro_electricity,4.64,measured,source_ingest,2021.0,
Uganda,2021,low_carbon_share_elec,97.533,measured,source_ingest,2021.0,
Uganda,2021,population,45910931.0,measured,source_ingest,2021.0,
Uganda,2021,renewables_electricity,5.14,measured,source_ingest,2021.0,
Uganda,2021,renewables_share_elec,97.533,measured,source_ingest,2021.0,
Uganda,2021,solar_electricity,0.13,measured,source_ingest,2021.0,
Uganda,2021,wind_electricity,0.0,measured,source_ingest,2021.0,
Uganda,2022,Access to Clean Fuels and Technologies for cooking (% of total population),1.6,measured,source_ingest,2022.0,
Uganda,2022,Access to electricity (% of total population),47.1,measured,source_ingest,2022.0,
Uganda,2022,Population growth (annual %),3.00759449042677,measured,source_ingest,2022.0,
Uganda,2022,carbon_intensity_elec,57.39,measured,source_ingest,2022.0,
Uganda,2022,electricity_demand (TWh),5.34,measured,source_ingest,2022.0,
Uganda,2022,electricity_generation (TWh),5.75,measured,source_ingest,2022.0,
Uganda,2022,energy_poverty_electricity (% of total population),52.9,derived,one_minus_access,2022.0,
Uganda,2022,energy_poverty_electricity_rural (% of rural population),64.1,measured,source_ingest,2022.0,
Uganda,2022,energy_poverty_electricity_urban (% of urban population),28.0,measured,source_ingest,2022.0,
Uganda,2022,energy_poverty_multidimensional (% of total population),75.65,measured,source_ingest,2022.0,
Uganda,2022,fossil_share_elec,2.609,measured,source_ingest,2022.0,
Uganda,2022,gdp,101995416951.0,measured,source_ingest,2022.0,
Uganda,2022,greenhouse_gas_emissions,0.33,measured,source_ingest,2022.0,
Uganda,2022,hydro_electricity,4.98,measured,source_ingest,2022.0,
Uganda,2022,low_carbon_share_elec,97.391,measured,source_ingest,2022.0,
Uganda,2022,population,47312718.0,measured,source_ingest,2022.0,
Uganda,2022,renewables_electricity,5.6,measured,source_ingest,2022.0,
Uganda,2022,renewables_share_elec,97.391,measured,source_ingest,2022.0,
Uganda,2022,solar_electricity,0.15,measured,source_ingest,2022.0,
Uganda,2022,wind_electricity,0.0,measured,source_ingest,2022.0,
Uganda,2023,Access to Clean Fuels and Technologies for cooking (% of total population),1.8,measured,source_ingest,2023.0,
Uganda,2023,Access to electricity (% of total population),51.5,measured,source_ingest,2023.0,
Uganda,2023,Population growth (annual %),2.80083228962433,measured,source_ingest,2023.0,
Uganda,2023,carbon_intensity_elec,58.93,measured,source_ingest,2023.0,
Uganda,2023,electricity_demand (TWh),5.33,measured,source_ingest,2023.0,
Uganda,2023,electricity_generation (TWh),5.77,measured,source_ingest,2023.0,
Uganda,2023,energy_poverty_electricity (% of total population),48.5,derived,one_minus_access,2023.0,
Uganda,2023,energy_poverty_electricity_rural (% of rural population),57.6,measured,source_ingest,2023.0,
Uganda,2023,energy_poverty_electricity_urban (% of urban population),23.599999999999994,measured,source_ingest,2023.0,
Uganda,2023,energy_poverty_multidimensional (% of total population),73.35,measured,source_ingest,2023.0,
Uganda,2023,fossil_share_elec,2.946,measured,source_ingest,2023.0,
Uganda,2023,gdp,106739835549.91548,estimated,dampened_exponential_log_linear,2022.0,0.9597830458654522
Uganda,2023,greenhouse_gas_emissions,0.34,measured,source_ingest,2023.0,
Uganda,2023,hydro_electricity,4.98,measured,source_ingest,2023.0,
Uganda,2023,low_carbon_share_elec,97.054,measured,source_ingest,2023.0,
Uganda,2023,population,48656606.0,measured,source_ingest,2023.0,
Uganda,2023,renewables_electricity,5.6,measured,source_ingest,2023.0,
Uganda,2023,renewables_share_elec,97.054,measured,source_ingest,2023.0,
Uganda,2023,solar_electricity,0.15,measured,source_ingest,2023.0,
Uganda,2023,wind_electricity,0.0,measured,source_ingest,2023.0,
Uganda,2024,Access to Clean Fuels and Technologies for cooking (% of total population),1.8249999999999886,estimated,linear_projection,2023.0,0.9655172413793136
Uganda,2024,Access to electricity (% of total population),55.3,measured,source_ingest,2024.0,
Uganda,2024,Population growth (annual %),2.75373170025335,measured,source_ingest,2024.0,
Uganda,2024,carbon_intensity_elec,58.52,measured,source_ingest,2024.0,
Uganda,2024,electricity_demand (TWh),5.37,measured,source_ingest,2024.0,
Uganda,2024,electricity_generation (TWh),5.81,measured,source_ingest,2024.0,
Uganda,2024,energy_poverty_electricity (% of total population),44.7,derived,one_minus_access,2024.0,
Uganda,2024,energy_poverty_electricity_rural (% of rural population),55.2,measured,source_ingest,2024.0,
Uganda,2024,energy_poverty_electricity_urban (% of urban population),21.700000000000003,measured,source_ingest,2024.0,
Uganda,2024,energy_poverty_multidimensional (% of total population),71.66964285714312,measured,source_ingest,2024.0,
Uganda,2024,fossil_share_elec,2.926,measured,source_ingest,2024.0,
Uganda,2024,gdp,111704945514.33171,estimated,dampened_exponential_log_linear,2022.0,0.9597830458654522
Uganda,2024,greenhouse_gas_emissions,0.34,measured,source_ingest,2024.0,
Uganda,2024,hydro_electricity,5.0,measured,source_ingest,2024.0,
Uganda,2024,low_carbon_share_elec,97.074,measured,source_ingest,2024.0,
Uganda,2024,population,50015091.0,measured,source_ingest,2024.0,
Uganda,2024,renewables_electricity,5.64,measured,source_ingest,2024.0,
Uganda,2024,renewables_share_elec,97.074,measured,source_ingest,2024.0,
Uganda,2024,solar_electricity,0.17,measured,source_ingest,2024.0,
Uganda,2024,wind_electricity,0.0,measured,source_ingest,2024.0,
Uganda,2025,Access to Clean Fuels and Technologies for cooking (% of total population),1.924999999999983,estimated,linear_projection,2023.0,0.9655172413793136
Uganda,2025,Access to electricity (% of total population),58.56708299787663,estimated,logistic_logit_linear,2024.0,0.907020175475258
Uganda,2025,Population growth (annual %),2.70194383324801,measured,source_ingest,2025.0,
Uganda,2025,carbon_intensity_elec,58.62416667645301,estimated,dampened_exponential_log_linear,2024.0,0.0011626151695748321
Uganda,2025,electricity_demand (TWh),5.690086169394963,estimated,dampened_exponential_log_linear,2024.0,0.9309132274011104
Uganda,2025,electricity_generation (TWh),6.181659087365905,estimated,dampened_exponential_log_linear,2024.0,0.9489366271732289
Uganda,2025,energy_poverty_electricity (% of total population),41.43291700212337,estimated,one_minus_access,2024.0,
Uganda,2025,energy_poverty_electricity_rural (% of rural population),52.23055555555584,estimated,linear_projection,2024.0,0.9049844699087769
Uganda,2025,energy_poverty_electricity_urban (% of urban population),19.380555555555475,estimated,linear_projection,2024.0,0.7902241647616118
Uganda,2025,energy_poverty_multidimensional (% of total population),70.08511904761917,measured,source_ingest,2025.0,
Uganda,2025,fossil_share_elec,2.8731111111111005,estimated,linear_projection,2024.0,0.003970831503850802
Uganda,2025,gdp,112213985699.53322,estimated,dampened_exponential_log_linear,2022.0,0.9597830458654522
Uganda,2025,greenhouse_gas_emissions,0.3623919037490827,estimated,dampened_exponential_log_linear,2024.0,0.5442402575094842
Uganda,2025,hydro_electricity,5.303637457548168,estimated,dampened_exponential_log_linear,2024.0,0.9520738788749519
Uganda,2025,low_carbon_share_elec,97.12688888888889,estimated,linear_projection,2024.0,0.0039708315038509134
Uganda,2025,population,51384892.97261223,estimated,limit_year_population_growth_rate_exponential,2024.0,
Uganda,2025,renewables_electricity,6.003324356647641,estimated,dampened_exponential_log_linear,2024.0,0.9485851269450232
Uganda,2025,renewables_share_elec,97.12688888888889,estimated,linear_projection,2024.0,0.0039708315038509134
Uganda,2025,solar_electricity,0.20103497694552216,estimated,dampened_exponential_log_linear,2024.0,0.8151754397741311
Uganda,2025,wind_electricity,,missing,no_history,,
Zambia,2016,Access to Clean Fuels and Technologies for cooking (% of total population),13.3,measured,source_ingest,2016.0,
Zambia,2016,Access to electricity (% of total population),35.4,measured,source_ingest,2016.0,
Zambia,2016,Population growth (annual %),3.09409054089327,measured,source_ingest,2016.0,
Zambia,2016,carbon_intensity_elec,65.42,measured,source_ingest,2016.0,
Zambia,2016,electricity_demand (TWh),13.16,measured,source_ingest,2016.0,
Zambia,2016,electricity_generation (TWh),11.77,measured,source_ingest,2016.0,
Zambia,2016,energy_poverty_electricity (% of total population),64.6,derived,one_minus_access,2016.0,
Zambia,2016,energy_poverty_electricity_rural (% of rural population),90.1,measured,source_ingest,2016.0,
Zambia,2016,energy_poverty_electricity_urban (% of urban population),30.099999999999994,measured,source_ingest,2016.0,
Zambia,2016,energy_poverty_multidimensional (% of total population),75.65,measured,source_ingest,2016.0,
Zambia,2016,fossil_share_elec,5.692,measured,source_ingest,2016.0,
Zambia,2016,gdp,59592851316.0,measured,source_ingest,2016.0,
Zambia,2016,greenhouse_gas_emissions,0.77,measured,source_ingest,2016.0,
Zambia,2016,hydro_electricity,11.02,measured,source_ingest,2016.0,
Zambia,2016,low_carbon_share_elec,94.308,measured,source_ingest,2016.0,
Zambia,2016,population,16914428.0,measured,source_ingest,2016.0,
Zambia,2016,renewables_electricity,11.1,measured,source_ingest,2016.0,
Zambia,2016,renewables_share_elec,94.308,measured,source_ingest,2016.0,
Zambia,2016,solar_electricity,0.0,measured,source_ingest,2016.0,
Zambia,2016,wind_electricity,0.0,measured,source_ingest,2016.0,
Zambia,2017,Access to Clean Fuels and Technologies for cooking (% of total population),12.8,measured,source_ingest,2017.0,
Zambia,2017,Access to electricity (% of total population),40.3,measured,source_ingest,2017.0,
Zambia,2017,Population growth (annual %),3.06754137743233,measured,source_ingest,2017.0,
Zambia,2017,carbon_intensity_elec,125.0,measured,source_ingest,2017.0,
Zambia,2017,electricity_demand (TWh),14.25,measured,source_ingest,2017.0,
Zambia,2017,electricity_generation (TWh),14.56,measured,source_ingest,2017.0,
Zambia,2017,energy_poverty_electricity (% of total population),59.7,derived,one_minus_access,2017.0,
Zambia,2017,energy_poverty_electricity_rural (% of rural population),86.0,measured,source_ingest,2017.0,
Zambia,2017,energy_poverty_electricity_urban (% of urban population),24.799999999999997,measured,source_ingest,2017.0,
Zambia,2017,energy_poverty_multidimensional (% of total population),73.45,measured,source_ingest,2017.0,
Zambia,2017,fossil_share_elec,13.668,measured,source_ingest,2017.0,
Zambia,2017,gdp,61680980857.0,measured,source_ingest,2017.0,
Zambia,2017,greenhouse_gas_emissions,1.82,measured,source_ingest,2017.0,
Zambia,2017,hydro_electricity,12.49,measured,source_ingest,2017.0,
Zambia,2017,low_carbon_share_elec,86.332,measured,source_ingest,2017.0,
Zambia,2017,population,17441328.0,measured,source_ingest,2017.0,
Zambia,2017,renewables_electricity,12.57,measured,source_ingest,2017.0,
Zambia,2017,renewables_share_elec,86.332,measured,source_ingest,2017.0,
Zambia,2017,solar_electricity,0.0,measured,source_ingest,2017.0,
Zambia,2017,wind_electricity,0.0,measured,source_ingest,2017.0,
Zambia,2018,Access to Clean Fuels and Technologies for cooking (% of total population),12.1,measured,source_ingest,2018.0,
Zambia,2018,Access to electricity (% of total population),40.2,measured,source_ingest,2018.0,
Zambia,2018,Population growth (annual %),3.0060186177754,measured,source_ingest,2018.0,
Zambia,2018,carbon_intensity_elec,140.66,measured,source_ingest,2018.0,
Zambia,2018,electricity_demand (TWh),15.21,measured,source_ingest,2018.0,
Zambia,2018,electricity_generation (TWh),16.28,measured,source_ingest,2018.0,
Zambia,2018,energy_poverty_electricity (% of total population),59.8,derived,one_minus_access,2018.0,
Zambia,2018,energy_poverty_electricity_rural (% of rural population),87.6,measured,source_ingest,2018.0,
Zambia,2018,energy_poverty_electricity_urban (% of urban population),23.700000000000003,measured,source_ingest,2018.0,
Zambia,2018,energy_poverty_multidimensional (% of total population),73.85,measured,source_ingest,2018.0,
Zambia,2018,fossil_share_elec,15.356,measured,source_ingest,2018.0,
Zambia,2018,gdp,64169815579.0,measured,source_ingest,2018.0,
Zambia,2018,greenhouse_gas_emissions,2.29,measured,source_ingest,2018.0,
Zambia,2018,hydro_electricity,13.71,measured,source_ingest,2018.0,
Zambia,2018,low_carbon_share_elec,84.644,measured,source_ingest,2018.0,
Zambia,2018,population,17973574.0,measured,source_ingest,2018.0,
Zambia,2018,renewables_electricity,13.78,measured,source_ingest,2018.0,
Zambia,2018,renewables_share_elec,84.644,measured,source_ingest,2018.0,
Zambia,2018,solar_electricity,0.0,measured,source_ingest,2018.0,
Zambia,2018,wind_electricity,0.0,measured,source_ingest,2018.0,
Zambia,2019,Access to Clean Fuels and Technologies for cooking (% of total population),11.5,measured,source_ingest,2019.0,
Zambia,2019,Access to electricity (% of total population),43.0,measured,source_ingest,2019.0,
Zambia,2019,Population growth (annual %),2.96162166175699,measured,source_ingest,2019.0,
Zambia,2019,carbon_intensity_elec,138.61,measured,source_ingest,2019.0,
Zambia,2019,electricity_demand (TWh),14.01,measured,source_ingest,2019.0,
Zambia,2019,electricity_generation (TWh),14.79,measured,source_ingest,2019.0,
Zambia,2019,energy_poverty_electricity (% of total population),57.0,derived,one_minus_access,2019.0,
Zambia,2019,energy_poverty_electricity_rural (% of rural population),85.8,measured,source_ingest,2019.0,
Zambia,2019,energy_poverty_electricity_urban (% of urban population),20.5,measured,source_ingest,2019.0,
Zambia,2019,energy_poverty_multidimensional (% of total population),72.75,measured,source_ingest,2019.0,
Zambia,2019,fossil_share_elec,15.348,measured,source_ingest,2019.0,
Zambia,2019,gdp,65094496543.0,measured,source_ingest,2019.0,
Zambia,2019,greenhouse_gas_emissions,2.05,measured,source_ingest,2019.0,
Zambia,2019,hydro_electricity,12.33,measured,source_ingest,2019.0,
Zambia,2019,low_carbon_share_elec,84.652,measured,source_ingest,2019.0,
Zambia,2019,population,18513839.0,measured,source_ingest,2019.0,
Zambia,2019,renewables_electricity,12.52,measured,source_ingest,2019.0,
Zambia,2019,renewables_share_elec,84.652,measured,source_ingest,2019.0,
Zambia,2019,solar_electricity,0.12,measured,source_ingest,2019.0,
Zambia,2019,wind_electricity,0.0,measured,source_ingest,2019.0,
Zambia,2020,Access to Clean Fuels and Technologies for cooking (% of total population),10.9,measured,source_ingest,2020.0,
Zambia,2020,Access to electricity (% of total population),44.6,measured,source_ingest,2020.0,
Zambia,2020,Population growth (annual %),2.9041649369132,measured,source_ingest,2020.0,
Zambia,2020,carbon_intensity_elec,135.26,measured,source_ingest,2020.0,
Zambia,2020,electricity_demand (TWh),14.02,measured,source_ingest,2020.0,
Zambia,2020,electricity_generation (TWh),15.23,measured,source_ingest,2020.0,
Zambia,2020,energy_poverty_electricity (% of total population),55.4,derived,one_minus_access,2020.0,
Zambia,2020,energy_poverty_electricity_rural (% of rural population),86.0,measured,source_ingest,2020.0,
Zambia,2020,energy_poverty_electricity_urban (% of urban population),17.400000000000006,measured,source_ingest,2020.0,
Zambia,2020,energy_poverty_multidimensional (% of total population),72.25,measured,source_ingest,2020.0,
Zambia,2020,fossil_share_elec,14.511,measured,source_ingest,2020.0,
Zambia,2020,gdp,63281615083.0,measured,source_ingest,2020.0,
Zambia,2020,greenhouse_gas_emissions,2.06,measured,source_ingest,2020.0,
Zambia,2020,hydro_electricity,12.79,measured,source_ingest,2020.0,
Zambia,2020,low_carbon_share_elec,85.489,measured,source_ingest,2020.0,
Zambia,2020,population,19059394.0,measured,source_ingest,2020.0,
Zambia,2020,renewables_electricity,13.02,measured,source_ingest,2020.0,
Zambia,2020,renewables_share_elec,85.489,measured,source_ingest,2020.0,
Zambia,2020,solar_electricity,0.15,measured,source_ingest,2020.0,
Zambia,2020,wind_electricity,0.0,measured,source_ingest,2020.0,
Zambia,2021,Access to Clean Fuels and Technologies for cooking (% of total population),10.2,measured,source_ingest,2021.0,
Zambia,2021,Access to electricity (% of total population),46.7,measured,source_ingest,2021.0,
Zambia,2021,Population growth (annual %),2.81534240626742,measured,source_ingest,2021.0,
Zambia,2021,carbon_intensity_elec,86.91,measured,source_ingest,2021.0,
Zambia,2021,electricity_demand (TWh),15.59,measured,source_ingest,2021.0,
Zambia,2021,electricity_generation (TWh),17.72,measured,source_ingest,2021.0,
Zambia,2021,energy_poverty_electricity (% of total population),53.3,derived,one_minus_access,2021.0,
Zambia,2021,energy_poverty_electricity_rural (% of rural population),85.5,measured,source_ingest,2021.0,
Zambia,2021,energy_poverty_electricity_urban (% of urban population),14.299999999999997,measured,source_ingest,2021.0,
Zambia,2021,energy_poverty_multidimensional (% of total population),71.55,measured,source_ingest,2021.0,
Zambia,2021,fossil_share_elec,8.014,measured,source_ingest,2021.0,
Zambia,2021,gdp,66191936884.0,measured,source_ingest,2021.0,
Zambia,2021,greenhouse_gas_emissions,1.54,measured,source_ingest,2021.0,
Zambia,2021,hydro_electricity,16.07,measured,source_ingest,2021.0,
Zambia,2021,low_carbon_share_elec,91.986,measured,source_ingest,2021.0,
Zambia,2021,population,19603610.0,measured,source_ingest,2021.0,
Zambia,2021,renewables_electricity,16.3,measured,source_ingest,2021.0,
Zambia,2021,renewables_share_elec,91.986,measured,source_ingest,2021.0,
Zambia,2021,solar_electricity,0.15,measured,source_ingest,2021.0,
Zambia,2021,wind_electricity,0.0,measured,source_ingest,2021.0,
Zambia,2022,Access to Clean Fuels and Technologies for cooking (% of total population),9.7,measured,source_ingest,2022.0,
Zambia,2022,Access to electricity (% of total population),47.8,measured,source_ingest,2022.0,
Zambia,2022,Population growth (annual %),2.76365042984169,measured,source_ingest,2022.0,
Zambia,2022,carbon_intensity_elec,111.97,measured,source_ingest,2022.0,
Zambia,2022,electricity_demand (TWh),16.43,measured,source_ingest,2022.0,
Zambia,2022,electricity_generation (TWh),19.47,measured,source_ingest,2022.0,
Zambia,2022,energy_poverty_electricity (% of total population),52.2,derived,one_minus_access,2022.0,
Zambia,2022,energy_poverty_electricity_rural (% of rural population),85.0,measured,source_ingest,2022.0,
Zambia,2022,energy_poverty_electricity_urban (% of urban population),13.0,measured,source_ingest,2022.0,
Zambia,2022,energy_poverty_multidimensional (% of total population),71.25,measured,source_ingest,2022.0,
Zambia,2022,fossil_share_elec,11.094,measured,source_ingest,2022.0,
Zambia,2022,gdp,68469600029.0,measured,source_ingest,2022.0,
Zambia,2022,greenhouse_gas_emissions,2.18,measured,source_ingest,2022.0,
Zambia,2022,hydro_electricity,17.09,measured,source_ingest,2022.0,
Zambia,2022,low_carbon_share_elec,88.906,measured,source_ingest,2022.0,
Zambia,2022,population,20152935.0,measured,source_ingest,2022.0,
Zambia,2022,renewables_electricity,17.31,measured,source_ingest,2022.0,
Zambia,2022,renewables_share_elec,88.906,measured,source_ingest,2022.0,
Zambia,2022,solar_electricity,0.14,measured,source_ingest,2022.0,
Zambia,2022,wind_electricity,0.0,measured,source_ingest,2022.0,
Zambia,2023,Access to Clean Fuels and Technologies for cooking (% of total population),9.2,measured,source_ingest,2023.0,
Zambia,2023,Access to electricity (% of total population),51.1,measured,source_ingest,2023.0,
Zambia,2023,Population growth (annual %),2.79406758723844,measured,source_ingest,2023.0,
Zambia,2023,carbon_intensity_elec,111.0,measured,source_ingest,2023.0,
Zambia,2023,electricity_demand (TWh),16.09,measured,source_ingest,2023.0,
Zambia,2023,electricity_generation (TWh),19.46,measured,source_ingest,2023.0,
Zambia,2023,energy_poverty_electricity (% of total population),48.9,derived,one_minus_access,2023.0,
Zambia,2023,energy_poverty_electricity_rural (% of rural population),82.4,measured,source_ingest,2023.0,
Zambia,2023,energy_poverty_electricity_urban (% of urban population),10.099999999999994,measured,source_ingest,2023.0,
Zambia,2023,energy_poverty_multidimensional (% of total population),69.85,measured,source_ingest,2023.0,
Zambia,2023,fossil_share_elec,10.997,measured,source_ingest,2023.0,
Zambia,2023,gdp,69812351242.89847,estimated,dampened_exponential_log_linear,2022.0,0.8404706636237667
Zambia,2023,greenhouse_gas_emissions,2.16,measured,source_ingest,2023.0,
Zambia,2023,hydro_electricity,17.09,measured,source_ingest,2023.0,
Zambia,2023,low_carbon_share_elec,89.003,measured,source_ingest,2023.0,
Zambia,2023,population,20723967.0,measured,source_ingest,2023.0,
Zambia,2023,renewables_electricity,17.32,measured,source_ingest,2023.0,
Zambia,2023,renewables_share_elec,89.003,measured,source_ingest,2023.0,
Zambia,2023,solar_electricity,0.15,measured,source_ingest,2023.0,
Zambia,2023,wind_electricity,0.0,measured,source_ingest,2023.0,
Zambia,2024,Access to Clean Fuels and Technologies for cooking (% of total population),8.507142857142753,estimated,linear_projection,2023.0,0.9981135546188566
Zambia,2024,Access to electricity (% of total population),53.6,measured,source_ingest,2024.0,
Zambia,2024,Population growth (annual %),2.81182258530958,measured,source_ingest,2024.0,
Zambia,2024,carbon_intensity_elec,119.68,measured,source_ingest,2024.0,
Zambia,2024,electricity_demand (TWh),16.6,measured,source_ingest,2024.0,
Zambia,2024,electricity_generation (TWh),19.72,measured,source_ingest,2024.0,
Zambia,2024,energy_poverty_electricity (% of total population),46.4,derived,one_minus_access,2024.0,
Zambia,2024,energy_poverty_electricity_rural (% of rural population),68.7,measured,source_ingest,2024.0,
Zambia,2024,energy_poverty_electricity_urban (% of urban population),19.700000000000003,measured,source_ingest,2024.0,
Zambia,2024,energy_poverty_multidimensional (% of total population),69.41428571428582,measured,source_ingest,2024.0,
Zambia,2024,fossil_share_elec,12.525,measured,source_ingest,2024.0,
Zambia,2024,gdp,71181435030.98552,estimated,dampened_exponential_log_linear,2022.0,0.8404706636237667
Zambia,2024,greenhouse_gas_emissions,2.36,measured,source_ingest,2024.0,
Zambia,2024,hydro_electricity,17.0,measured,source_ingest,2024.0,
Zambia,2024,low_carbon_share_elec,87.475,measured,source_ingest,2024.0,
Zambia,2024,population,21314962.0,measured,source_ingest,2024.0,
Zambia,2024,renewables_electricity,17.25,measured,source_ingest,2024.0,
Zambia,2024,renewables_share_elec,87.475,measured,source_ingest,2024.0,
Zambia,2024,solar_electricity,0.17,measured,source_ingest,2024.0,
Zambia,2024,wind_electricity,0.0,measured,source_ingest,2024.0,
Zambia,2025,Access to Clean Fuels and Technologies for cooking (% of total population),7.905952380952385,estimated,linear_projection,2023.0,0.9981135546188566
Zambia,2025,Access to electricity (% of total population),55.18692438316052,estimated,logistic_logit_linear,2024.0,0.975382522576042
Zambia,2025,Population growth (annual %),2.77109662765952,measured,source_ingest,2025.0,
Zambia,2025,carbon_intensity_elec,121.96875388718298,estimated,dampened_exponential_log_linear,2024.0,0.042812810068660334
Zambia,2025,electricity_demand (TWh),17.035662921400647,estimated,dampened_exponential_log_linear,2024.0,0.7436397153161758
Zambia,2025,electricity_generation (TWh),20.895206024367077,estimated,dampened_exponential_log_linear,2024.0,0.8412199749725402
Zambia,2025,energy_poverty_electricity (% of total population),44.81307561683948,estimated,one_minus_access,2024.0,
Zambia,2025,energy_poverty_electricity_rural (% of rural population),75.63055555555547,estimated,linear_projection,2024.0,0.574615580429304
Zambia,2025,energy_poverty_electricity_urban (% of urban population),9.847222222222172,estimated,linear_projection,2024.0,0.6669438190571852
Zambia,2025,energy_poverty_multidimensional (% of total population),68.71190476190486,measured,source_ingest,2025.0,
Zambia,2025,fossil_share_elec,12.200083333333339,estimated,linear_projection,2024.0,0.002236371914914659
Zambia,2025,gdp,71319811495.9173,estimated,dampened_exponential_log_linear,2022.0,0.8404706636237667
Zambia,2025,greenhouse_gas_emissions,2.548449435315069,estimated,dampened_exponential_log_linear,2024.0,0.36163767700217786
Zambia,2025,hydro_electricity,17.985261553108703,estimated,dampened_exponential_log_linear,2024.0,0.8310389210948314
Zambia,2025,low_carbon_share_elec,87.79991666666665,estimated,linear_projection,2024.0,0.002236371914915436
Zambia,2025,population,21913880.16859092,estimated,limit_year_population_growth_rate_exponential,2024.0,
Zambia,2025,renewables_electricity,18.26944920337625,estimated,dampened_exponential_log_linear,2024.0,0.8460333850395818
Zambia,2025,renewables_share_elec,87.79991666666665,estimated,linear_projection,2024.0,0.002236371914915436
Zambia,2025,solar_electricity,0.17832100256318636,estimated,dampened_exponential_log_linear,2024.0,0.6094464951140361
Zambia,2025,wind_electricity,,missing,no_history,,
Zimbabwe,2016,Access to Clean Fuels and Technologies for cooking (% of total population),29.9,measured,source_ingest,2016.0,
Zimbabwe,2016,Access to electricity (% of total population),42.5,measured,source_ingest,2016.0,
Zimbabwe,2016,Population growth (annual %),1.38820029316449,measured,source_ingest,2016.0,
Zimbabwe,2016,carbon_intensity_elec,488.15,measured,source_ingest,2016.0,
Zimbabwe,2016,electricity_demand (TWh),9.02,measured,source_ingest,2016.0,
Zimbabwe,2016,electricity_generation (TWh),7.17,measured,source_ingest,2016.0,
Zimbabwe,2016,energy_poverty_electricity (% of total population),57.5,derived,one_minus_access,2016.0,
Zimbabwe,2016,energy_poverty_electricity_rural (% of rural population),78.1,measured,source_ingest,2016.0,
Zimbabwe,2016,energy_poverty_electricity_urban (% of urban population),14.5,measured,source_ingest,2016.0,
Zimbabwe,2016,energy_poverty_multidimensional (% of total population),63.8,measured,source_ingest,2016.0,
Zimbabwe,2016,fossil_share_elec,55.091,measured,source_ingest,2016.0,
Zimbabwe,2016,gdp,24362052665.0,measured,source_ingest,2016.0,
Zimbabwe,2016,greenhouse_gas_emissions,3.5,measured,source_ingest,2016.0,
Zimbabwe,2016,hydro_electricity,2.98,measured,source_ingest,2016.0,
Zimbabwe,2016,low_carbon_share_elec,44.909,measured,source_ingest,2016.0,
Zimbabwe,2016,population,14600297.0,measured,source_ingest,2016.0,
Zimbabwe,2016,renewables_electricity,3.22,measured,source_ingest,2016.0,
Zimbabwe,2016,renewables_share_elec,44.909,measured,source_ingest,2016.0,
Zimbabwe,2016,solar_electricity,0.01,measured,source_ingest,2016.0,
Zimbabwe,2016,wind_electricity,0.0,measured,source_ingest,2016.0,
Zimbabwe,2017,Access to Clean Fuels and Technologies for cooking (% of total population),29.9,measured,source_ingest,2017.0,
Zimbabwe,2017,Access to electricity (% of total population),44.0,measured,source_ingest,2017.0,
Zimbabwe,2017,Population growth (annual %),1.44285382068925,measured,source_ingest,2017.0,
Zimbabwe,2017,carbon_intensity_elec,403.97,measured,source_ingest,2017.0,
Zimbabwe,2017,electricity_demand (TWh),9.77,measured,source_ingest,2017.0,
Zimbabwe,2017,electricity_generation (TWh),7.55,measured,source_ingest,2017.0,
Zimbabwe,2017,energy_poverty_electricity (% of total population),56.0,derived,one_minus_access,2017.0,
Zimbabwe,2017,energy_poverty_electricity_rural (% of rural population),75.8,measured,source_ingest,2017.0,
Zimbabwe,2017,energy_poverty_electricity_urban (% of urban population),14.5,measured,source_ingest,2017.0,
Zimbabwe,2017,energy_poverty_multidimensional (% of total population),63.05,measured,source_ingest,2017.0,
Zimbabwe,2017,fossil_share_elec,45.298,measured,source_ingest,2017.0,
Zimbabwe,2017,gdp,25576014023.0,measured,source_ingest,2017.0,
Zimbabwe,2017,greenhouse_gas_emissions,3.05,measured,source_ingest,2017.0,
Zimbabwe,2017,hydro_electricity,3.97,measured,source_ingest,2017.0,
Zimbabwe,2017,low_carbon_share_elec,54.702,measured,source_ingest,2017.0,
Zimbabwe,2017,population,14812484.0,measured,source_ingest,2017.0,
Zimbabwe,2017,renewables_electricity,4.13,measured,source_ingest,2017.0,
Zimbabwe,2017,renewables_share_elec,54.702,measured,source_ingest,2017.0,
Zimbabwe,2017,solar_electricity,0.01,measured,source_ingest,2017.0,
Zimbabwe,2017,wind_electricity,0.0,measured,source_ingest,2017.0,
Zimbabwe,2018,Access to Clean Fuels and Technologies for cooking (% of total population),30.1,measured,source_ingest,2018.0,
Zimbabwe,2018,Access to electricity (% of total population),45.4,measured,source_ingest,2018.0,
Zimbabwe,2018,Population growth (annual %),1.48741637841697,measured,source_ingest,2018.0,
Zimbabwe,2018,carbon_intensity_elec,395.55,measured,source_ingest,2018.0,
Zimbabwe,2018,electricity_demand (TWh),10.45,measured,source_ingest,2018.0,
Zimbabwe,2018,electricity_generation (TWh),9.43,measured,source_ingest,2018.0,
Zimbabwe,2018,energy_poverty_electricity (% of total population),54.6,derived,one_minus_access,2018.0,
Zimbabwe,2018,energy_poverty_electricity_rural (% of rural population),73.6,measured,source_ingest,2018.0,
Zimbabwe,2018,energy_poverty_electricity_urban (% of urban population),14.599999999999994,measured,source_ingest,2018.0,
Zimbabwe,2018,energy_poverty_multidimensional (% of total population),62.25,measured,source_ingest,2018.0,
Zimbabwe,2018,fossil_share_elec,44.327,measured,source_ingest,2018.0,
Zimbabwe,2018,gdp,26786271482.0,measured,source_ingest,2018.0,
Zimbabwe,2018,greenhouse_gas_emissions,3.73,measured,source_ingest,2018.0,
Zimbabwe,2018,hydro_electricity,5.05,measured,source_ingest,2018.0,
Zimbabwe,2018,low_carbon_share_elec,55.673,measured,source_ingest,2018.0,
Zimbabwe,2018,population,15034457.0,measured,source_ingest,2018.0,
Zimbabwe,2018,renewables_electricity,5.25,measured,source_ingest,2018.0,
Zimbabwe,2018,renewables_share_elec,55.673,measured,source_ingest,2018.0,
Zimbabwe,2018,solar_electricity,0.01,measured,source_ingest,2018.0,
Zimbabwe,2018,wind_electricity,0.0,measured,source_ingest,2018.0,
Zimbabwe,2019,Access to Clean Fuels and Technologies for cooking (% of total population),30.1,measured,source_ingest,2019.0,
Zimbabwe,2019,Access to electricity (% of total population),46.7,measured,source_ingest,2019.0,
Zimbabwe,2019,Population growth (annual %),1.56353351552455,measured,source_ingest,2019.0,
Zimbabwe,2019,carbon_intensity_elec,429.25,measured,source_ingest,2019.0,
Zimbabwe,2019,electricity_demand (TWh),9.59,measured,source_ingest,2019.0,
Zimbabwe,2019,electricity_generation (TWh),8.48,measured,source_ingest,2019.0,
Zimbabwe,2019,energy_poverty_electricity (% of total population),53.3,derived,one_minus_access,2019.0,
Zimbabwe,2019,energy_poverty_electricity_rural (% of rural population),71.7,measured,source_ingest,2019.0,
Zimbabwe,2019,energy_poverty_electricity_urban (% of urban population),14.599999999999994,measured,source_ingest,2019.0,
Zimbabwe,2019,energy_poverty_multidimensional (% of total population),61.6,measured,source_ingest,2019.0,
Zimbabwe,2019,fossil_share_elec,48.349,measured,source_ingest,2019.0,
Zimbabwe,2019,gdp,25146416205.0,measured,source_ingest,2019.0,
Zimbabwe,2019,greenhouse_gas_emissions,3.64,measured,source_ingest,2019.0,
Zimbabwe,2019,hydro_electricity,4.17,measured,source_ingest,2019.0,
Zimbabwe,2019,low_carbon_share_elec,51.651,measured,source_ingest,2019.0,
Zimbabwe,2019,population,15271377.0,measured,source_ingest,2019.0,
Zimbabwe,2019,renewables_electricity,4.38,measured,source_ingest,2019.0,
Zimbabwe,2019,renewables_share_elec,51.651,measured,source_ingest,2019.0,
Zimbabwe,2019,solar_electricity,0.02,measured,source_ingest,2019.0,
Zimbabwe,2019,wind_electricity,0.0,measured,source_ingest,2019.0,
Zimbabwe,2020,Access to Clean Fuels and Technologies for cooking (% of total population),30.3,measured,source_ingest,2020.0,
Zimbabwe,2020,Access to electricity (% of total population),52.7,measured,source_ingest,2020.0,
Zimbabwe,2020,Population growth (annual %),1.65935280874134,measured,source_ingest,2020.0,
Zimbabwe,2020,carbon_intensity_elec,371.09,measured,source_ingest,2020.0,
Zimbabwe,2020,electricity_demand (TWh),8.69,measured,source_ingest,2020.0,
Zimbabwe,2020,electricity_generation (TWh),6.71,measured,source_ingest,2020.0,
Zimbabwe,2020,energy_poverty_electricity (% of total population),47.3,derived,one_minus_access,2020.0,
Zimbabwe,2020,energy_poverty_electricity_rural (% of rural population),62.9,measured,source_ingest,2020.0,
Zimbabwe,2020,energy_poverty_electricity_urban (% of urban population),14.299999999999997,measured,source_ingest,2020.0,
Zimbabwe,2020,energy_poverty_multidimensional (% of total population),58.5,measured,source_ingest,2020.0,
Zimbabwe,2020,fossil_share_elec,41.431,measured,source_ingest,2020.0,
Zimbabwe,2020,gdp,23178707175.0,measured,source_ingest,2020.0,
Zimbabwe,2020,greenhouse_gas_emissions,2.49,measured,source_ingest,2020.0,
Zimbabwe,2020,hydro_electricity,3.81,measured,source_ingest,2020.0,
Zimbabwe,2020,low_carbon_share_elec,58.569,measured,source_ingest,2020.0,
Zimbabwe,2020,population,15526887.0,measured,source_ingest,2020.0,
Zimbabwe,2020,renewables_electricity,3.93,measured,source_ingest,2020.0,
Zimbabwe,2020,renewables_share_elec,58.569,measured,source_ingest,2020.0,
Zimbabwe,2020,solar_electricity,0.02,measured,source_ingest,2020.0,
Zimbabwe,2020,wind_electricity,0.0,measured,source_ingest,2020.0,
Zimbabwe,2021,Access to Clean Fuels and Technologies for cooking (% of total population),30.3,measured,source_ingest,2021.0,
Zimbabwe,2021,Access to electricity (% of total population),49.0,measured,source_ingest,2021.0,
Zimbabwe,2021,Population growth (annual %),1.72601114303872,measured,source_ingest,2021.0,
Zimbabwe,2021,carbon_intensity_elec,269.55,measured,source_ingest,2021.0,
Zimbabwe,2021,electricity_demand (TWh),10.31,measured,source_ingest,2021.0,
Zimbabwe,2021,electricity_generation (TWh),8.57,measured,source_ingest,2021.0,
Zimbabwe,2021,energy_poverty_electricity (% of total population),51.0,derived,one_minus_access,2021.0,
Zimbabwe,2021,energy_poverty_electricity_rural (% of rural population),68.4,measured,source_ingest,2021.0,
Zimbabwe,2021,energy_poverty_electricity_urban (% of urban population),14.700000000000003,measured,source_ingest,2021.0,
Zimbabwe,2021,energy_poverty_multidimensional (% of total population),60.35,measured,source_ingest,2021.0,
Zimbabwe,2021,fossil_share_elec,29.288,measured,source_ingest,2021.0,
Zimbabwe,2021,gdp,25140088767.0,measured,source_ingest,2021.0,
Zimbabwe,2021,greenhouse_gas_emissions,2.31,measured,source_ingest,2021.0,
Zimbabwe,2021,hydro_electricity,5.93,measured,source_ingest,2021.0,
Zimbabwe,2021,low_carbon_share_elec,70.712,measured,source_ingest,2021.0,
Zimbabwe,2021,population,15797220.0,measured,source_ingest,2021.0,
Zimbabwe,2021,renewables_electricity,6.06,measured,source_ingest,2021.0,
Zimbabwe,2021,renewables_share_elec,70.712,measured,source_ingest,2021.0,
Zimbabwe,2021,solar_electricity,0.02,measured,source_ingest,2021.0,
Zimbabwe,2021,wind_electricity,0.0,measured,source_ingest,2021.0,
Zimbabwe,2022,Access to Clean Fuels and Technologies for cooking (% of total population),30.5,measured,source_ingest,2022.0,
Zimbabwe,2022,Access to electricity (% of total population),50.1,measured,source_ingest,2022.0,
Zimbabwe,2022,Population growth (annual %),1.7062092862652,measured,source_ingest,2022.0,
Zimbabwe,2022,carbon_intensity_elec,297.54,measured,source_ingest,2022.0,
Zimbabwe,2022,electricity_demand (TWh),10.85,measured,source_ingest,2022.0,
Zimbabwe,2022,electricity_generation (TWh),8.94,measured,source_ingest,2022.0,
Zimbabwe,2022,energy_poverty_electricity (% of total population),49.9,derived,one_minus_access,2022.0,
Zimbabwe,2022,energy_poverty_electricity_rural (% of rural population),66.3,measured,source_ingest,2022.0,
Zimbabwe,2022,energy_poverty_electricity_urban (% of urban population),11.0,measured,source_ingest,2022.0,
Zimbabwe,2022,energy_poverty_multidimensional (% of total population),59.7,measured,source_ingest,2022.0,
Zimbabwe,2022,fossil_share_elec,32.662,measured,source_ingest,2022.0,
Zimbabwe,2022,gdp,25901585881.0,measured,source_ingest,2022.0,
Zimbabwe,2022,greenhouse_gas_emissions,2.66,measured,source_ingest,2022.0,
Zimbabwe,2022,hydro_electricity,5.88,measured,source_ingest,2022.0,
Zimbabwe,2022,low_carbon_share_elec,67.338,measured,source_ingest,2022.0,
Zimbabwe,2022,population,16069061.0,measured,source_ingest,2022.0,
Zimbabwe,2022,renewables_electricity,6.02,measured,source_ingest,2022.0,
Zimbabwe,2022,renewables_share_elec,67.338,measured,source_ingest,2022.0,
Zimbabwe,2022,solar_electricity,0.03,measured,source_ingest,2022.0,
Zimbabwe,2022,wind_electricity,0.0,measured,source_ingest,2022.0,
Zimbabwe,2023,Access to Clean Fuels and Technologies for cooking (% of total population),30.7,measured,source_ingest,2023.0,
Zimbabwe,2023,Access to electricity (% of total population),62.0,measured,source_ingest,2023.0,
Zimbabwe,2023,Population growth (annual %),1.67709591394986,measured,source_ingest,2023.0,
Zimbabwe,2023,carbon_intensity_elec,392.39,measured,source_ingest,2023.0,
Zimbabwe,2023,electricity_demand (TWh),11.99,measured,source_ingest,2023.0,
Zimbabwe,2023,electricity_generation (TWh),9.99,measured,source_ingest,2023.0,
Zimbabwe,2023,energy_poverty_electricity (% of total population),38.0,derived,one_minus_access,2023.0,
Zimbabwe,2023,energy_poverty_electricity_rural (% of rural population),48.6,measured,source_ingest,2023.0,
Zimbabwe,2023,energy_poverty_electricity_urban (% of urban population),16.0,measured,source_ingest,2023.0,
Zimbabwe,2023,energy_poverty_multidimensional (% of total population),53.65,measured,source_ingest,2023.0,
Zimbabwe,2023,fossil_share_elec,43.844,measured,source_ingest,2023.0,
Zimbabwe,2023,gdp,25906021534.640793,estimated,dampened_exponential_log_linear,2022.0,6.41667354199793e-05
Zimbabwe,2023,greenhouse_gas_emissions,3.92,measured,source_ingest,2023.0,
Zimbabwe,2023,hydro_electricity,5.46,measured,source_ingest,2023.0,
Zimbabwe,2023,low_carbon_share_elec,56.156,measured,source_ingest,2023.0,
Zimbabwe,2023,population,16340829.0,measured,source_ingest,2023.0,
Zimbabwe,2023,renewables_electricity,5.61,measured,source_ingest,2023.0,
Zimbabwe,2023,renewables_share_elec,56.156,measured,source_ingest,2023.0,
Zimbabwe,2023,solar_electricity,0.03,measured,source_ingest,2023.0,
Zimbabwe,2023,wind_electricity,0.0,measured,source_ingest,2023.0,
Zimbabwe,2024,Access to Clean Fuels and Technologies for cooking (% of total population),30.728571428571428,estimated,linear_projection,2023.0,0.9476619476619506
Zimbabwe,2024,Access to electricity (% of total population),62.0,measured,source_ingest,2024.0,
Zimbabwe,2024,Population growth (annual %),1.7804822981922,measured,source_ingest,2024.0,
Zimbabwe,2024,carbon_intensity_elec,384.02,measured,source_ingest,2024.0,
Zimbabwe,2024,electricity_demand (TWh),12.1,measured,source_ingest,2024.0,
Zimbabwe,2024,electricity_generation (TWh),10.26,measured,source_ingest,2024.0,
Zimbabwe,2024,energy_poverty_electricity (% of total population),38.0,derived,one_minus_access,2024.0,
Zimbabwe,2024,energy_poverty_electricity_rural (% of rural population),53.4,measured,source_ingest,2024.0,
Zimbabwe,2024,energy_poverty_electricity_urban (% of urban population),14.900000000000006,measured,source_ingest,2024.0,
Zimbabwe,2024,energy_poverty_multidimensional (% of total population),55.1875,measured,source_ingest,2024.0,
Zimbabwe,2024,fossil_share_elec,42.885,measured,source_ingest,2024.0,
Zimbabwe,2024,gdp,25910457947.88848,estimated,dampened_exponential_log_linear,2022.0,6.41667354199793e-05
Zimbabwe,2024,greenhouse_gas_emissions,3.94,measured,source_ingest,2024.0,
Zimbabwe,2024,hydro_electricity,5.7,measured,source_ingest,2024.0,
Zimbabwe,2024,low_carbon_share_elec,57.115,measured,source_ingest,2024.0,
Zimbabwe,2024,population,16634366.0,measured,source_ingest,2024.0,
Zimbabwe,2024,renewables_electricity,5.86,measured,source_ingest,2024.0,
Zimbabwe,2024,renewables_share_elec,57.115,measured,source_ingest,2024.0,
Zimbabwe,2024,solar_electricity,0.04,measured,source_ingest,2024.0,
Zimbabwe,2024,wind_electricity,0.0,measured,source_ingest,2024.0,
Zimbabwe,2025,Access to Clean Fuels and Technologies for cooking (% of total population),30.84047619047618,estimated,linear_projection,2023.0,0.9476619476619506
Zimbabwe,2025,Access to electricity (% of total population),62.409114986144616,estimated,logistic_logit_linear,2024.0,0.8210690417710239
Zimbabwe,2025,Population growth (annual %),1.88435182354047,measured,source_ingest,2025.0,
Zimbabwe,2025,carbon_intensity_elec,370.92485616802395,estimated,dampened_exponential_log_linear,2024.0,0.27630959340391126
Zimbabwe,2025,electricity_demand (TWh),12.496967470620978,estimated,dampened_exponential_log_linear,2024.0,0.5893267096723511
Zimbabwe,2025,electricity_generation (TWh),10.63916256677784,estimated,dampened_exponential_log_linear,2024.0,0.4546343596612076
Zimbabwe,2025,energy_poverty_electricity (% of total population),37.590885013855384,estimated,one_minus_access,2024.0,
Zimbabwe,2025,energy_poverty_electricity_rural (% of rural population),50.00833333333412,estimated,linear_projection,2024.0,0.8120000743383889
Zimbabwe,2025,energy_poverty_electricity_urban (% of urban population),14.261111111111113,estimated,linear_projection,2024.0,0.0011460880195597323
Zimbabwe,2025,energy_poverty_multidimensional (% of total population),54.03749999999991,measured,source_ingest,2025.0,
Zimbabwe,2025,fossil_share_elec,34.61024999999972,estimated,linear_projection,2024.0,0.31831310752837183
Zimbabwe,2025,gdp,25910901630.99664,estimated,dampened_exponential_log_linear,2022.0,6.41667354199793e-05
Zimbabwe,2025,greenhouse_gas_emissions,3.946284107267454,estimated,dampened_exponential_log_linear,2024.0,0.0004507088651517499
Zimbabwe,2025,hydro_electricity,6.11397573554098,estimated,dampened_exponential_log_linear,2024.0,0.6373216864131676
Zimbabwe,2025,low_carbon_share_elec,65.38975000000028,estimated,linear_projection,2024.0,0.31831310752837183
Zimbabwe,2025,population,16950787.866844755,estimated,limit_year_population_growth_rate_exponential,2024.0,
Zimbabwe,2025,renewables_electricity,6.254831110519026,estimated,dampened_exponential_log_linear,2024.0,0.6257026283208881
Zimbabwe,2025,renewables_share_elec,65.38975000000028,estimated,linear_projection,2024.0,0.31831310752837183
Zimbabwe,2025,solar_electricity,0.04807922168809238,estimated,dampened_exponential_log_linear,2024.0,0.9172831373900271
Zimbabwe,2025,wind_electricity,,missing,no_history,,
