country,year_t,year_t_plus_1,target,actual,pred_growth_model,pred_persistence,pred_country_growth
Algeria,2019,2020,electricity_demand (TWh),79.31,86.17756739079357,81.47,85.37675634301526
Algeria,2019,2020,electricity_demand_per_capita (MWh),1.8007772291662607,1.9623242805097767,1.8817610557966056,1.9341726246532938
Algeria,2019,2020,electricity_demand_per_capita_with_access (MWh),1.806195816616109,1.9264013824172448,1.8912171415041263,1.9432406467102057
Algeria,2019,2020,energy_poverty_electricity (% of total population),0.2999999999999971,0.04695184705636818,0.5,0.4705180077563356
Algeria,2019,2020,energy_poverty_multidimensional (% of total population),0.2999999999999971,0.28673765478409075,0.4000000000000057,0.3713270968946678
Algeria,2019,2020,carbon_intensity_elec,632.61,622.106692384876,632.77,631.5646070403418
Angola,2019,2020,electricity_demand (TWh),16.81,16.818149488856072,15.82,17.86794161151185
Angola,2019,2020,electricity_demand_per_capita (MWh),0.5025239947733917,0.5055355589514952,0.4886390947166963,0.5331226762477259
Angola,2019,2020,electricity_demand_per_capita_with_access (MWh),1.069199988879557,1.0558017452492727,1.0715769620980182,1.1357065679948641
Angola,2019,2020,energy_poverty_electricity (% of total population),53.0,51.82301269913538,54.4,53.1892914144983
Angola,2019,2020,energy_poverty_multidimensional (% of total population),51.8,51.25274220083315,52.6,51.79213243640617
Angola,2019,2020,carbon_intensity_elec,171.33,163.88824611523398,186.47,161.52515167066335
Benin,2019,2020,electricity_demand (TWh),1.63,1.7518696775731306,1.63,1.7314255995993573
Benin,2019,2020,electricity_demand_per_capita (MWh),0.1247114708310198,0.13412240859599037,0.1280765882282686,0.13227628148291753
Benin,2019,2020,electricity_demand_per_capita_with_access (MWh),0.3041743191000484,0.32680593252726403,0.3201914705706715,0.3222076922215879
Benin,2019,2020,energy_poverty_electricity (% of total population),59.0,58.502974801235865,60.0,59.032088807856915
Benin,2019,2020,energy_poverty_multidimensional (% of total population),76.65,76.09997409178227,77.25,76.70770388268339
Benin,2019,2020,carbon_intensity_elec,595.96,605.4178959873761,611.11,593.6387151370777
Botswana,2019,2020,electricity_demand (TWh),4.23,3.389018498288275,3.52,3.2776410260206736
Botswana,2019,2020,electricity_demand_per_capita (MWh),1.787906902039186,1.4276188998028096,1.5093808879790676,1.3856327711539718
Botswana,2019,2020,electricity_demand_per_capita_with_access (MWh),2.49012103348076,1.9845508798972997,2.1531824364893977,1.919563414169514
Botswana,2019,2020,energy_poverty_electricity (% of total population),28.200000000000003,28.433130258238897,29.90000000000001,28.157920306996214
Botswana,2019,2020,energy_poverty_multidimensional (% of total population),31.55000000000001,31.523044081441277,32.599999999999994,31.438030309979602
Botswana,2019,2020,carbon_intensity_elec,848.62,831.5930218572547,852.59,850.5498032191812
Burkina Faso,2019,2020,electricity_demand (TWh),3.02,3.0273942693474765,2.68,3.169626166983696
Burkina Faso,2019,2020,electricity_demand_per_capita (MWh),0.1406044716598418,0.14068372820376976,0.1278506643177764,0.14719027960942382
Burkina Faso,2019,2020,electricity_demand_per_capita_with_access (MWh),0.7600241711342802,0.8011518201139901,0.7264242290782753,0.8201596500407311
Burkina Faso,2019,2020,energy_poverty_electricity (% of total population),81.5,81.5962399230599,82.4,82.06933833711902
Burkina Faso,2019,2020,energy_poverty_multidimensional (% of total population),84.0,84.24201403374144,84.95,84.34213736704963
Burkina Faso,2019,2020,carbon_intensity_elec,547.17,558.5738576470244,556.25,556.4801903859427
Burundi,2019,2020,electricity_demand (TWh),0.46,0.5425984238738089,0.49,0.5707871175112696
Burundi,2019,2020,electricity_demand_per_capita (MWh),0.0364586276607962,0.04322256055172692,0.0399825741254485,0.04525034303543594
Burundi,2019,2020,electricity_demand_per_capita_with_access (MWh),0.4006442600087497,0.42110162938335066,0.4079854502596786,0.4403457075074548
Burundi,2019,2020,energy_poverty_electricity (% of total population),90.9,88.80853653766316,90.2,89.77078413496487
Burundi,2019,2020,energy_poverty_multidimensional (% of total population),95.4,94.34446505326899,95.025,94.81757552129609
Burundi,2019,2020,carbon_intensity_elec,189.19,283.3254886710035,230.77,370.95257186964176
Cameroon,2019,2020,electricity_demand (TWh),8.86,8.781140644985419,8.33,8.761039952563829
Cameroon,2019,2020,electricity_demand_per_capita (MWh),0.3380316167151827,0.33555833149073927,0.3265886055862334,0.33401837167818826
Cameroon,2019,2020,electricity_demand_per_capita_with_access (MWh),0.5257101348603153,0.5149683427841484,0.5167541227630276,0.5188573574952225
Cameroon,2019,2020,energy_poverty_electricity (% of total population),35.7,35.071807245660956,36.8,35.73181475884855
Cameroon,2019,2020,energy_poverty_multidimensional (% of total population),54.150000000000006,53.71940742168266,55.25,54.269213162605155
Cameroon,2019,2020,carbon_intensity_elec,320.46,302.8564777799722,305.56,307.579742957129
Cape Verde,2019,2020,electricity_demand (TWh),0.42,0.45763152073790575,0.44,0.43671629542228446
Cape Verde,2019,2020,electricity_demand_per_capita (MWh),0.8160362786414161,0.8777968242431538,0.8558379820896451,0.8485908500624686
Cape Verde,2019,2020,electricity_demand_per_capita_with_access (MWh),0.8709031789129308,0.9426674449575959,0.9363654071002682,0.9150386411958323
Cape Verde,2019,2020,energy_poverty_electricity (% of total population),6.299999999999997,7.943181559125314,8.599999999999994,7.592088510012708
Cape Verde,2019,2020,energy_poverty_multidimensional (% of total population),12.650000000000006,13.744860722913344,14.449999999999989,13.442157454165518
Cape Verde,2019,2020,carbon_intensity_elec,547.62,534.7864808318133,545.46,549.5643337994715
Central African Republic,2019,2020,electricity_demand (TWh),0.15,0.15037217594393454,0.15,0.1438705912795817
Central African Republic,2019,2020,electricity_demand_per_capita (MWh),0.029841072416524,0.029789647142818378,0.030335461669324,0.028635444090790937
Central African Republic,2019,2020,electricity_demand_per_capita_with_access (MWh),0.1937731975098965,0.19757847446401006,0.2121360955896786,0.19595553694844473
Central African Republic,2019,2020,energy_poverty_electricity (% of total population),84.6,83.48024498109929,85.7,85.40208334309986
Central African Republic,2019,2020,energy_poverty_multidimensional (% of total population),91.9,91.22644014689897,92.45,92.28393174231188
Central African Republic,2019,2020,carbon_intensity_elec,0.0,2.8972276987547532e-08,0.0,0.0
Chad,2019,2020,electricity_demand (TWh),0.35,0.3720964467661085,0.35,0.36444905098945385
Chad,2019,2020,electricity_demand_per_capita (MWh),0.0203196737519627,0.021816217332624236,0.0209766450229643,0.02113457517003635
Chad,2019,2020,electricity_demand_per_capita_with_access (MWh),0.1864190252473645,0.24862953546108135,0.2497219645590991,0.2593485040946609
Chad,2019,2020,energy_poverty_electricity (% of total population),89.1,89.50045947281376,91.6,91.86822993517455
Chad,2019,2020,energy_poverty_multidimensional (% of total population),90.85,91.39241507575618,92.5,92.31739004911474
Chad,2019,2020,carbon_intensity_elec,628.57,655.9971421308654,628.57,633.8818627158593
Comoros,2019,2020,electricity_demand (TWh),0.13,0.12619553066217834,0.11,0.13462925906954046
Comoros,2019,2020,electricity_demand_per_capita (MWh),0.1620600070807757,0.15717813344375886,0.1398455596492165,0.1678414145109689
Comoros,2019,2020,electricity_demand_per_capita_with_access (MWh),0.1893224381784763,0.18246079917301022,0.1678818243087833,0.1957658864278871
Comoros,2019,2020,energy_poverty_electricity (% of total population),14.400000000000006,15.291643390992851,16.700000000000003,14.881657094353592
Comoros,2019,2020,energy_poverty_multidimensional (% of total population),53.05,53.013318098574004,54.5,53.13771734429907
Comoros,2019,2020,carbon_intensity_elec,692.31,634.4229838495093,636.36,626.5660511740574
Congo,2019,2020,electricity_demand (TWh),4.01,4.092263704581216,3.87,4.226969703454248
Congo,2019,2020,electricity_demand_per_capita (MWh),0.6970528397341673,0.7118915817710306,0.6890220800419324,0.7345467262389777
Congo,2019,2020,electricity_demand_per_capita_with_access (MWh),1.431319999454142,1.4072909592632303,1.4444907338405293,1.5136576499844268
Congo,2019,2020,energy_poverty_electricity (% of total population),51.3,49.83213434758743,52.3,51.523632793687355
Congo,2019,2020,energy_poverty_multidimensional (% of total population),57.95,57.85583380065967,59.3,57.9931241379968
Congo,2019,2020,carbon_intensity_elec,663.34,635.8411622426224,655.53,691.3111244648707
Cote d'Ivoire,2019,2020,electricity_demand (TWh),10.14,10.15344389794355,9.57,9.760687408847387
Cote d'Ivoire,2019,2020,electricity_demand_per_capita (MWh),0.3506775546859859,0.351230060699261,0.3394457932025288,0.3369435664567232
Cote d'Ivoire,2019,2020,electricity_demand_per_capita_with_access (MWh),0.5016846275908238,0.4970119552787419,0.4948189405284677,0.4806865870206631
Cote d'Ivoire,2019,2020,energy_poverty_electricity (% of total population),30.099999999999994,29.642180539659577,31.40000000000001,30.085007586577344
Cote d'Ivoire,2019,2020,energy_poverty_multidimensional (% of total population),46.6,46.628987440476166,48.35,46.644459894448204
Cote d'Ivoire,2019,2020,carbon_intensity_elec,396.09,377.07903679752945,382.74,356.13878109304665
Democratic Republic of the Congo,2019,2020,electricity_demand (TWh),13.63,13.834910965944347,12.71,13.893866450637388
Democratic Republic of the Congo,2019,2020,electricity_demand_per_capita (MWh),0.1419939577039275,0.14471588798013924,0.1367439343413939,0.1444966432371044
Democratic Republic of the Congo,2019,2020,electricity_demand_per_capita_with_access (MWh),0.7064376005170521,0.7289336060310883,0.7159368290125339,0.731973439386966
Democratic Republic of the Congo,2019,2020,energy_poverty_electricity (% of total population),79.9,78.84718257509023,80.9,80.30874866277804
Democratic Republic of the Congo,2019,2020,energy_poverty_multidimensional (% of total population),87.75,87.04363326379497,88.25,87.88635099771732
Democratic Republic of the Congo,2019,2020,carbon_intensity_elec,24.82,24.630469589800907,24.6,24.670401037954395
Djibouti,2019,2020,electricity_demand (TWh),0.63,0.6193682352536493,0.6,0.62144649857405
Djibouti,2019,2020,electricity_demand_per_capita (MWh),0.5700361837253765,0.556561096714955,0.5511109478189784,0.5617449228633855
Djibouti,2019,2020,electricity_demand_per_capita_with_access (MWh),0.8837770290315915,0.8156370745100223,0.8517943552070764,0.8457341035567896
Djibouti,2019,2020,energy_poverty_electricity (% of total population),35.5,33.504935792693004,35.3,33.80318244634437
Djibouti,2019,2020,energy_poverty_multidimensional (% of total population),62.9,61.479121795629,62.925,62.01056855001515
Djibouti,2019,2020,carbon_intensity_elec,692.31,653.7290471635106,666.67,666.67
Egypt,2019,2020,electricity_demand (TWh),197.18,205.88925682143946,199.78,203.8973949434435
Egypt,2019,2020,electricity_demand_per_capita (MWh),1.80377612545778,1.881718596557512,1.8575000665484869,1.8604108438292422
Egypt,2019,2020,electricity_demand_per_capita_with_access (MWh),1.80377612545778,1.878294999843073,1.8575000665484869,1.8604108438292422
Egypt,2019,2020,energy_poverty_electricity (% of total population),0.0,0.0,0.0,0.0
Egypt,2019,2020,energy_poverty_multidimensional (% of total population),0.0499999999999971,0.03812345580309858,0.0499999999999971,0.03968495228403154
Egypt,2019,2020,carbon_intensity_elec,569.08,585.3866998438349,582.49,579.0379897110721
Equatorial Guinea,2019,2020,electricity_demand (TWh),1.41,1.4382658639062025,1.4,1.4
Equatorial Guinea,2019,2020,electricity_demand_per_capita (MWh),0.8214490244273306,0.8391424460777027,0.8382309973032911,0.8102041938340327
Equatorial Guinea,2019,2020,electricity_demand_per_capita_with_access (MWh),1.2315577577621148,1.2425965430612311,1.2586051010559929,1.2140824411159954
Equatorial Guinea,2019,2020,energy_poverty_electricity (% of total population),33.3,32.7148800025582,33.400000000000006,33.26772138631868
Equatorial Guinea,2019,2020,energy_poverty_multidimensional (% of total population),55.15,54.39518921600298,55.05,55.11682859368699
Equatorial Guinea,2019,2020,carbon_intensity_elec,574.47,597.3485640196935,600.0,604.8403938706027
Eritrea,2019,2020,electricity_demand (TWh),0.41,0.4271660551773215,0.4,0.4559935428041744
Eritrea,2019,2020,electricity_demand_per_capita (MWh),0.1245717087926661,0.12870165331496125,0.1234493984002192,0.1390379587868907
Eritrea,2019,2020,electricity_demand_per_capita_with_access (MWh),0.2423574101024634,0.2518714994869635,0.2454262393642529,0.2700435184104856
Eritrea,2019,2020,energy_poverty_electricity (% of total population),48.6,48.859378101795876,49.7,48.615752376742485
Eritrea,2019,2020,energy_poverty_multidimensional (% of total population),68.45,68.39617774410146,69.15,68.46384559702005
Eritrea,2019,2020,carbon_intensity_elec,585.37,570.4466597125515,575.0,547.3353380859237
Eswatini,2019,2020,electricity_demand (TWh),1.4,1.581245650895887,1.53,1.5685286628174187
Eswatini,2019,2020,electricity_demand_per_capita (MWh),1.1737738674339795,1.3112913855532413,1.2967365463583316,1.317886147446521
Eswatini,2019,2020,electricity_demand_per_capita_with_access (MWh),1.4672173342924744,1.643412126089947,1.684073436829002,1.6041809121683375
Eswatini,2019,2020,energy_poverty_electricity (% of total population),20.0,21.248225959115423,23.0,19.70047747066418
Eswatini,2019,2020,energy_poverty_multidimensional (% of total population),35.3,35.72948535205819,37.15,34.90216918389629
Eswatini,2019,2020,carbon_intensity_elec,163.27,163.75084013277277,204.08,198.3685778201506
Ethiopia,2019,2020,electricity_demand (TWh),13.98,15.26822102136562,14.17,15.339413057311772
Ethiopia,2019,2020,electricity_demand_per_capita (MWh),0.1175603255596918,0.12851916802221885,0.122432350812422,0.12900007230991486
Ethiopia,2019,2020,electricity_demand_per_capita_with_access (MWh),0.2300593455179879,0.2579704573203097,0.2550673975258792,0.25887339578347507
Ethiopia,2019,2020,energy_poverty_electricity (% of total population),48.9,50.068091407549396,52.0,50.403313611930635
Ethiopia,2019,2020,energy_poverty_multidimensional (% of total population),71.35,71.56445878492801,73.05,72.02920751527658
Ethiopia,2019,2020,carbon_intensity_elec,24.33,25.12680396349019,24.17,24.206778310977363
Gabon,2019,2020,electricity_demand (TWh),3.47,3.4743344942861145,3.37,3.703070325249878
Gabon,2019,2020,electricity_demand_per_capita (MWh),1.4940552102915,1.5047458965738651,1.486080016368929,1.5917425181452203
Gabon,2019,2020,electricity_demand_per_capita_with_access (MWh),1.6400166962585074,1.6431658758917072,1.6457143038415605,1.7482939463202487
Gabon,2019,2020,energy_poverty_electricity (% of total population),8.900000000000006,9.421172438773215,9.700000000000005,9.061080557031433
Gabon,2019,2020,energy_poverty_multidimensional (% of total population),9.450000000000005,9.706563003474976,10.150000000000006,9.49469082892246
Gabon,2019,2020,carbon_intensity_elec,423.21,430.2604857732155,443.66,419.42109542415534
Gambia,2019,2020,electricity_demand (TWh),0.48,0.504740166432235,0.46,0.5304404663438403
Gambia,2019,2020,electricity_demand_per_capita (MWh),0.1907984278209547,0.2010357871121883,0.1872318463461501,0.21070923784761758
Gambia,2019,2020,electricity_demand_per_capita_with_access (MWh),0.3067498839565188,0.3146788487505012,0.3015005577232691,0.3285901382208534
Gambia,2019,2020,energy_poverty_electricity (% of total population),37.8,36.36200746488328,37.9,36.170689162877665
Gambia,2019,2020,energy_poverty_multidimensional (% of total population),68.05,66.97627658487664,68.05,67.15727826288364
Gambia,2019,2020,carbon_intensity_elec,666.67,631.7344445634238,652.17,647.4070914880418
Ghana,2019,2020,electricity_demand (TWh),17.99,16.948765661805098,16.0,16.837197168834425
Ghana,2019,2020,electricity_demand_per_capita (MWh),0.5641655702704125,0.5300316361061085,0.5118535198071157,0.5274808134492684
Ghana,2019,2020,electricity_demand_per_capita_with_access (MWh),0.6606154218623096,0.6212914129760042,0.612998227313911,0.6209392275263151
Ghana,2019,2020,energy_poverty_electricity (% of total population),14.599999999999994,15.262446584592297,16.5,15.298721667923479
Ghana,2019,2020,energy_poverty_multidimensional (% of total population),43.15,42.89562087634354,44.8,43.48158085569195
Ghana,2019,2020,carbon_intensity_elec,459.2,411.8600260949253,416.76,419.03119814339556
Guinea,2019,2020,electricity_demand (TWh),2.48,2.1884187005479694,2.05,2.2219273416953413
Guinea,2019,2020,electricity_demand_per_capita (MWh),0.1854734640198307,0.16385702680228253,0.1572767462341233,0.16616880003200193
Guinea,2019,2020,electricity_demand_per_capita_with_access (MWh),0.4149294497087935,0.34788362233223,0.3726937114552686,0.36459818382855574
Guinea,2019,2020,energy_poverty_electricity (% of total population),55.3,52.01367363283614,57.8,55.16071701214756
Guinea,2019,2020,energy_poverty_multidimensional (% of total population),77.15,75.53314772021395,78.45,77.05139127878203
Guinea,2019,2020,carbon_intensity_elec,274.19,257.93316834643963,253.66,262.1478759737503
Guinea-Bissau,2019,2020,electricity_demand (TWh),0.08,0.08183141710037972,0.08,0.08
Guinea-Bissau,2019,2020,electricity_demand_per_capita (MWh),0.0397365664328335,0.04059567550285763,0.0406565215093327,0.03969880005886759
Guinea-Bissau,2019,2020,electricity_demand_per_capita_with_access (MWh),0.1189717557869267,0.12292983599068003,0.1315745032664489,0.11626379279403368
Guinea-Bissau,2019,2020,energy_poverty_electricity (% of total population),66.6,66.95971984323357,69.1,66.62224611152281
Guinea-Bissau,2019,2020,energy_poverty_multidimensional (% of total population),82.8,82.98608088185937,84.05,82.77313412419188
Guinea-Bissau,2019,2020,carbon_intensity_elec,625.0,626.9165001022072,625.0,625.0
Kenya,2019,2020,electricity_demand (TWh),11.8,12.576986035954102,11.76,12.526761684325084
Kenya,2019,2020,electricity_demand_per_capita (MWh),0.2259786296606105,0.2401413986204614,0.229674809569604,0.23967051449279395
Kenya,2019,2020,electricity_demand_per_capita_with_access (MWh),0.3160540274973574,0.3258905548842359,0.3295190955087576,0.3140526137401163
Kenya,2019,2020,energy_poverty_electricity (% of total population),28.5,26.43227717582247,30.3,26.193843186141276
Kenya,2019,2020,energy_poverty_multidimensional (% of total population),52.725,52.74854623895591,54.85,51.4780238494341
Kenya,2019,2020,carbon_intensity_elec,71.92,113.73388365843122,102.94,101.16004297356902
Lesotho,2019,2020,electricity_demand (TWh),0.87,0.957828117805756,0.93,0.9437289164748668
Lesotho,2019,2020,electricity_demand_per_capita (MWh),0.3891351672185378,0.42360315833243506,0.4209260917148167,0.4219877161268939
Lesotho,2019,2020,electricity_demand_per_capita_with_access (MWh),0.8192319309863956,0.8675236785128932,0.9437804746968984,0.8735525403472356
Lesotho,2019,2020,energy_poverty_electricity (% of total population),52.5,51.490398020754206,55.4,52.55307354744447
Lesotho,2019,2020,energy_poverty_multidimensional (% of total population),52.2,52.6664470312268,54.6,52.321027186175264
Lesotho,2019,2020,carbon_intensity_elec,23.26,23.81202956570777,25.64,28.22047153223489
Liberia,2019,2020,electricity_demand (TWh),0.45,0.460192206959226,0.42,0.4698493252046978
Liberia,2019,2020,electricity_demand_per_capita (MWh),0.0873876340671952,0.08917542087714583,0.0832718872720704,0.0913466621086883
Liberia,2019,2020,electricity_demand_per_capita_with_access (MWh),0.3166218625623017,0.35682831684379956,0.3604843604851535,0.3618549850576271
Liberia,2019,2020,energy_poverty_electricity (% of total population),72.4,74.29519172007683,76.9,75.17991689897929
Liberia,2019,2020,energy_poverty_multidimensional (% of total population),85.9,86.79610583999433,88.2,87.31794089688132
Liberia,2019,2020,carbon_intensity_elec,466.67,432.52080182120477,452.38,397.52784784458055
Madagascar,2019,2020,electricity_demand (TWh),2.16,2.656373934391682,2.47,2.695740403414535
Madagascar,2019,2020,electricity_demand_per_capita (MWh),0.0746022250804391,0.09187884754317562,0.0875279447138064,0.09307312444858988
Madagascar,2019,2020,electricity_demand_per_capita_with_access (MWh),0.2331319533763723,0.26244845699918523,0.2823482087542144,0.27140669928708844
Madagascar,2019,2020,energy_poverty_electricity (% of total population),68.0,44.5227023413597,69.0,66.49372479568056
Madagascar,2019,2020,energy_poverty_multidimensional (% of total population),83.35,78.09686772603298,83.9,82.56059756407667
Madagascar,2019,2020,carbon_intensity_elec,416.67,457.68874880003335,449.39,484.81640402375376
Malawi,2019,2020,electricity_demand (TWh),1.73,1.7857868966742507,1.78,1.6766154617984277
Malawi,2019,2020,electricity_demand_per_capita (MWh),0.0885640516466642,0.09182707368188557,0.0935574254426159,0.08579605032720264
Malawi,2019,2020,electricity_demand_per_capita_with_access (MWh),0.7701221882318631,0.741278772028576,0.8353341557376426,0.7614491115524037
Malawi,2019,2020,energy_poverty_electricity (% of total population),88.5,42.663772673042544,88.8,88.73343325841026
Malawi,2019,2020,energy_poverty_multidimensional (% of total population),93.35,85.58742397143925,93.45,93.45
Malawi,2019,2020,carbon_intensity_elec,34.29,62.18058550093237,55.56,51.498361124264925
Mali,2019,2020,electricity_demand (TWh),4.09,4.145513772563947,3.86,4.364615413900673
Mali,2019,2020,electricity_demand_per_capita (MWh),0.1883591555007067,0.19198109659929166,0.1832127301520926,0.20081917654497483
Mali,2019,2020,electricity_demand_per_capita_with_access (MWh),0.3722512954559422,0.3659737586507733,0.3824900420711747,0.3908125012408152
Mali,2019,2020,energy_poverty_electricity (% of total population),49.4,45.05879685264133,52.1,49.37796152782436
Mali,2019,2020,energy_poverty_multidimensional (% of total population),74.1,72.46467239954434,75.5,74.02613873415284
Mali,2019,2020,carbon_intensity_elec,401.02,425.7320576827143,417.32,450.7745846569473
Mauritania,2019,2020,electricity_demand (TWh),1.85,1.8508265781061741,1.77,1.9231123466287738
Mauritania,2019,2020,electricity_demand_per_capita (MWh),0.4021620230358407,0.4039834116593913,0.3961757623697488,0.41784334838258175
Mauritania,2019,2020,electricity_demand_per_capita_with_access (MWh),0.8858194339996491,0.8737647283964718,0.8823513638524473,0.9043102419768143
Mauritania,2019,2020,energy_poverty_electricity (% of total population),54.6,53.32380778496295,55.1,53.91914824809472
Mauritania,2019,2020,energy_poverty_multidimensional (% of total population),53.55,52.945913390536575,54.150000000000006,53.247600078273415
Mauritania,2019,2020,carbon_intensity_elec,472.39,450.2696448188264,464.97,456.4859537386103
Mauritius,2019,2020,electricity_demand (TWh),2.9,3.3303977365485125,3.23,3.29233043373042
Mauritius,2019,2020,electricity_demand_per_capita (MWh),2.2599204663852417,2.563856877377131,2.5111388053354315,2.5632652926252026
Mauritius,2019,2020,electricity_demand_per_capita_with_access (MWh),2.2712768506384338,2.5612547952321107,2.5111388053354315,2.5606994598701784
Mauritius,2019,2020,energy_poverty_electricity (% of total population),0.5,0.0,0.0,0.0
Mauritius,2019,2020,energy_poverty_multidimensional (% of total population),0.75,0.5029885755322163,0.5499999999999972,0.47571178847172313
Mauritius,2019,2020,carbon_intensity_elec,613.79,618.0266254559708,619.2,614.735170823905
Morocco,2019,2020,electricity_demand (TWh),39.03,40.333872536312214,39.45,40.66443793795816
Morocco,2019,2020,electricity_demand_per_capita (MWh),1.0668537637879163,1.1003075045490025,1.0894507558178534,1.110576760872921
Morocco,2019,2020,electricity_demand_per_capita_with_access (MWh),1.0668537637879163,1.1088980316700177,1.0938260600580858,1.1082789434785612
Morocco,2019,2020,energy_poverty_electricity (% of total population),0.0,34.31641665100454,0.4000000000000057,0.22660625499808668
Morocco,2019,2020,energy_poverty_multidimensional (% of total population),0.9000000000000057,1.4130814122175062,1.0500000000000114,0.8333854782673064
Morocco,2019,2020,carbon_intensity_elec,645.62,624.4577614004004,631.75,631.1245737113501
Mozambique,2019,2020,electricity_demand (TWh),15.61,16.762104131448382,16.5,16.836614713730246
Mozambique,2019,2020,electricity_demand_per_capita (MWh),0.5070867896419808,0.5472040879297958,0.552127937881123,0.5469068081544483
Mozambique,2019,2020,electricity_demand_per_capita_with_access (MWh),1.6571463713790224,1.5737818479033763,1.859016625862367,1.7660588037596379
Mozambique,2019,2020,energy_poverty_electricity (% of total population),69.4,64.18689430503396,70.3,69.17061644118522
Mozambique,2019,2020,energy_poverty_multidimensional (% of total population),81.65,78.54566782689948,82.35,81.597305394869
Mozambique,2019,2020,carbon_intensity_elec,128.29,154.1564416706433,154.29,162.29788995340277
Namibia,2019,2020,electricity_demand (TWh),4.19,4.546305499133858,4.42,4.410045011331477
Namibia,2019,2020,electricity_demand_per_capita (MWh),1.5354959761943154,1.67359258228176,1.6676105140956476,1.6184144976219539
Namibia,2019,2020,electricity_demand_per_capita_with_access (MWh),2.935938769013988,3.0175001084675883,3.1287251671588137,2.9664630560551783
Namibia,2019,2020,energy_poverty_electricity (% of total population),47.7,44.583803052902354,46.7,45.55819534004467
Namibia,2019,2020,energy_poverty_multidimensional (% of total population),50.400000000000006,48.98919511565267,50.150000000000006,49.312129983790896
Namibia,2019,2020,carbon_intensity_elec,60.0,54.94399895002965,57.97,59.338855790963855
Niger,2019,2020,electricity_demand (TWh),1.78,1.896938604692353,1.73,1.8223882123916213
Niger,2019,2020,electricity_demand_per_capita (MWh),0.0750497046182763,0.08044764981763955,0.0753886053827028,0.07671451028165648
Niger,2019,2020,electricity_demand_per_capita_with_access (MWh),0.4013353188143119,0.4252952635631277,0.407505975041637,0.4031483217424519
Niger,2019,2020,energy_poverty_electricity (% of total population),81.3,79.90684363833196,81.5,81.0060484734235
Niger,2019,2020,energy_poverty_multidimensional (% of total population),88.75,88.0857401621195,89.05,88.62083671230447
Niger,2019,2020,carbon_intensity_elec,701.49,664.1115099079249,686.57,677.5711514932933
Nigeria,2019,2020,electricity_demand (TWh),34.99,35.32849333031614,34.13,33.9747563944101
Nigeria,2019,2020,electricity_demand_per_capita (MWh),0.1635075877637725,0.1647106485424596,0.1629228642534571,0.1584739570449343
Nigeria,2019,2020,electricity_demand_per_capita_with_access (MWh),0.2951400501151128,0.28911143884647506,0.2940845925152656,0.29261490964360454
Nigeria,2019,2020,energy_poverty_electricity (% of total population),44.6,38.06464721591155,44.6,45.981345479129196
Nigeria,2019,2020,energy_poverty_multidimensional (% of total population),62.85,60.82503210562079,64.45,63.73292406163459
Nigeria,2019,2020,carbon_intensity_elec,523.42,507.68629540485114,505.76,503.952989698581
Rwanda,2019,2020,electricity_demand (TWh),0.91,0.9462725227764062,0.88,0.9452734093618431
Rwanda,2019,2020,electricity_demand_per_capita (MWh),0.0696472740592681,0.07228249009628325,0.0688785984958479,0.07229502597840941
Rwanda,2019,2020,electricity_demand_per_capita_with_access (MWh),0.1540868895116551,0.15098466043610917,0.1478081512786436,0.133058597795356
Rwanda,2019,2020,energy_poverty_electricity (% of total population),54.8,51.745202686822985,53.4,48.654174552642125
Rwanda,2019,2020,energy_poverty_multidimensional (% of total population),75.25,73.84963891431208,75.05,72.09834149654232
Rwanda,2019,2020,carbon_intensity_elec,247.19,339.47327169135013,329.41,324.76419041312096
Sao Tome and Principe,2019,2020,electricity_demand (TWh),0.11,0.11667647553650523,0.11,0.11
Sao Tome and Principe,2019,2020,electricity_demand_per_capita (MWh),0.5058634168774431,0.5361768041590071,0.5154518403973665,0.5075182475351567
Sao Tome and Principe,2019,2020,electricity_demand_per_capita_with_access (MWh),0.6586763240591706,0.694599620177405,0.6863539818873058,0.6582409559642035
Sao Tome and Principe,2019,2020,energy_poverty_electricity (% of total population),23.200000000000003,23.26460335399964,24.90000000000001,23.24655776479356
Sao Tome and Principe,2019,2020,energy_poverty_multidimensional (% of total population),59.85,59.199987830212244,60.85,59.788164833184105
Sao Tome and Principe,2019,2020,carbon_intensity_elec,636.36,648.63976929846,636.36,636.36
Senegal,2019,2020,electricity_demand (TWh),6.42,6.596025430888341,6.14,6.514835506719089
Senegal,2019,2020,electricity_demand_per_capita (MWh),0.3823882912466972,0.3940992898571551,0.3754679743551704,0.3873818935856415
Senegal,2019,2020,electricity_demand_per_capita_with_access (MWh),0.5946940765889537,0.5477608369082957,0.5333351908454125,0.5344359686617328
Senegal,2019,2020,energy_poverty_electricity (% of total population),35.7,27.845798263406582,29.599999999999994,27.8598963894857
Senegal,2019,2020,energy_poverty_multidimensional (% of total population),52.5,48.452413657010624,49.95,48.78942803416377
Senegal,2019,2020,carbon_intensity_elec,562.71,588.940837473883,609.97,605.5482247819018
Seychelles,2019,2020,electricity_demand (TWh),0.59,0.5949430081381889,0.57,0.5954470341826064
Seychelles,2019,2020,electricity_demand_per_capita (MWh),4.904446421001006,4.962082401072733,4.844384763135082,4.945874293331213
Seychelles,2019,2020,electricity_demand_per_capita_with_access (MWh),4.904446421001006,4.906020160106786,4.844384763135082,4.945874293331213
Seychelles,2019,2020,energy_poverty_electricity (% of total population),0.0,0.0,0.0,0.0
Seychelles,2019,2020,energy_poverty_multidimensional (% of total population),0.0,0.0,0.0,0.0
Seychelles,2019,2020,carbon_intensity_elec,576.27,608.2465913635025,614.04,605.6228129163113
Sierra Leone,2019,2020,electricity_demand (TWh),0.2,0.1960786140774105,0.2,0.19677362884634342
Sierra Leone,2019,2020,electricity_demand_per_capita (MWh),0.025276279210374,0.024755799992482154,0.0258665487841816,0.024857816204703086
Sierra Leone,2019,2020,electricity_demand_per_capita_with_access (MWh),0.0961075255147304,0.09720765411342203,0.1139495541153377,0.10550195750027322
Sierra Leone,2019,2020,energy_poverty_electricity (% of total population),73.7,72.00410617511753,77.3,76.51616906734154
Sierra Leone,2019,2020,energy_poverty_multidimensional (% of total population),86.45,86.52321055583366,88.3,87.88722284297575
Sierra Leone,2019,2020,carbon_intensity_elec,50.0,67.05633481246761,50.0,29.71941138663689
Somalia,2019,2020,electricity_demand (TWh),0.37,0.37726492832467934,0.37,0.373394684865465
Somalia,2019,2020,electricity_demand_per_capita (MWh),0.022220620736043,0.0228364945662399,0.0230803265853736,0.022447070453737943
Somalia,2019,2020,electricity_demand_per_capita_with_access (MWh),0.0445303020762385,0.04600005364228798,0.0469112328971008,0.046204029988622435
Somalia,2019,2020,energy_poverty_electricity (% of total population),50.1,50.212451962954056,50.8,51.449599291767726
Somalia,2019,2020,energy_poverty_multidimensional (% of total population),73.2,73.09890276859363,73.65,73.76703765430638
Somalia,2019,2020,carbon_intensity_elec,594.6,619.4592443627434,621.62,615.9677035737777
South Africa,2019,2020,electricity_demand (TWh),236.92,250.76513663112425,247.9,248.26104913872246
South Africa,2019,2020,electricity_demand_per_capita (MWh),3.9119998829636367,4.13584551524305,4.1602419820943455,4.1113140323643895
South Africa,2019,2020,electricity_demand_per_capita_with_access (MWh),4.346666536626263,4.829772975656625,4.894402331875701,4.8158845799722485
South Africa,2019,2020,energy_poverty_electricity (% of total population),10.0,13.787248124796989,15.0,14.650295570687266
South Africa,2019,2020,energy_poverty_multidimensional (% of total population),10.950000000000005,13.235535773428632,13.849999999999994,13.325685727132953
South Africa,2019,2020,carbon_intensity_elec,763.15,765.2111650729433,764.26,759.2789727616831
South Sudan,2019,2020,electricity_demand (TWh),0.56,0.579498966690396,0.55,0.560379798706328
South Sudan,2019,2020,electricity_demand_per_capita (MWh),0.0523439283987403,0.055041011691230164,0.0527659832480475,0.054452168320384714
South Sudan,2019,2020,electricity_demand_per_capita_with_access (MWh),0.7170401150512377,0.779269754915418,0.7759703418830518,0.7369340072300015
South Sudan,2019,2020,energy_poverty_electricity (% of total population),92.7,91.81054051388246,93.2,92.7052985390993
South Sudan,2019,2020,energy_poverty_multidimensional (% of total population),96.35,95.9409828007008,96.6,96.35128623207979
South Sudan,2019,2020,carbon_intensity_elec,642.86,654.5866621897119,654.55,654.783499828699
Sudan,2019,2020,electricity_demand (TWh),17.93,17.01814957450487,16.43,16.932581986755018
Sudan,2019,2020,electricity_demand_per_capita (MWh),0.3832077877226337,0.36443897911755846,0.3607169454568096,0.35969786313771573
Sudan,2019,2020,electricity_demand_per_capita_with_access (MWh),0.641889091662703,0.6086958616912626,0.6262446969736277,0.5976840547407444
Sudan,2019,2020,energy_poverty_electricity (% of total population),40.3,40.19368267694983,42.4,40.26732152227765
Sudan,2019,2020,energy_poverty_multidimensional (% of total population),38.45,39.043434553224245,40.8,38.42962383158704
Sudan,2019,2020,carbon_intensity_elec,247.67,248.36701738893055,254.62,240.1802245437769
Tanzania,2019,2020,electricity_demand (TWh),7.94,8.409089625285121,7.88,8.22873212985987
Tanzania,2019,2020,electricity_demand_per_capita (MWh),0.1302219942225716,0.13832260932039842,0.1331645928393714,0.13473331970450902
Tanzania,2019,2020,electricity_demand_per_capita_with_access (MWh),0.3263709128385255,0.355702937388761,0.3532217316694203,0.34117548911379797
Tanzania,2019,2020,energy_poverty_electricity (% of total population),60.1,60.499658417999825,62.3,60.74739203665578
Tanzania,2019,2020,energy_poverty_multidimensional (% of total population),76.6,76.83308269127866,78.15,77.03272424979936
Tanzania,2019,2020,carbon_intensity_elec,298.85,339.11781457742643,337.19,340.1547132731351
Togo,2019,2020,electricity_demand (TWh),1.42,1.4997782775612754,1.45,1.3778282974685812
Togo,2019,2020,electricity_demand_per_capita (MWh),0.1823304346218274,0.19206132883238985,0.1902908116047473,0.17744213455247512
Togo,2019,2020,electricity_demand_per_capita_with_access (MWh),0.3370248329423796,0.3503042581305793,0.3624586887709473,0.3252816978362003
Togo,2019,2020,energy_poverty_electricity (% of total population),45.9,45.79089179422123,47.5,45.73909865423043
Togo,2019,2020,energy_poverty_multidimensional (% of total population),67.65,67.56049155719508,68.9,67.6315141319746
Togo,2019,2020,carbon_intensity_elec,508.2,412.25830013631224,459.02,439.965332623342
Tunisia,2019,2020,electricity_demand (TWh),20.78,22.31768674823597,21.86,22.704631291231408
Tunisia,2019,2020,electricity_demand_per_capita (MWh),1.7354183519070978,1.8560134852176855,1.8408290838195331,1.8931804490802995
Tunisia,2019,2020,electricity_demand_per_capita_with_access (MWh),1.7371555074145124,1.8674072924102978,1.8408290838195331,1.8931804490802995
Tunisia,2019,2020,energy_poverty_electricity (% of total population),0.0999999999999943,0.0003560424489545013,0.0,0.0
Tunisia,2019,2020,energy_poverty_multidimensional (% of total population),0.0999999999999943,0.07307987320882174,0.0499999999999971,0.03968495228403153
Tunisia,2019,2020,carbon_intensity_elec,564.55,561.5100107647032,564.94,565.4475773811664
Uganda,2019,2020,electricity_demand (TWh),4.4,4.518949535105313,4.3,4.541440744408273
Uganda,2019,2020,electricity_demand_per_capita (MWh),0.0989717109158689,0.10224178650492659,0.1000008465187937,0.10205822833350991
Uganda,2019,2020,electricity_demand_per_capita_with_access (MWh),0.2350871993251043,0.22383290643452852,0.2421328002876363,0.21367399091667919
Uganda,2019,2020,energy_poverty_electricity (% of total population),57.9,55.29315387834094,58.7,54.51083191399521
Uganda,2019,2020,energy_poverty_multidimensional (% of total population),78.25,76.60074804777109,78.7,76.37746842177701
Uganda,2019,2020,carbon_intensity_elec,54.35,62.53451164499493,56.77,57.13121504583708
Zambia,2019,2020,electricity_demand (TWh),14.02,14.664970457115482,14.01,14.30536304549512
Zambia,2019,2020,electricity_demand_per_capita (MWh),0.7355952660404628,0.7723108342008669,0.7567312214392704,0.7497607111206356
Zambia,2019,2020,electricity_demand_per_capita_with_access (MWh),1.6493167400010378,1.7428984790115347,1.7598400498587683,1.6341772350212511
Zambia,2019,2020,energy_poverty_electricity (% of total population),55.4,55.046655836101955,57.0,54.67082591778492
Zambia,2019,2020,energy_poverty_multidimensional (% of total population),72.25,71.51399235868878,72.75,71.80825162949908
Zambia,2019,2020,carbon_intensity_elec,135.26,158.09257910260408,138.61,178.0283790597387
Zimbabwe,2019,2020,electricity_demand (TWh),8.69,10.19028249261667,9.59,9.78789489212941
Zimbabwe,2019,2020,electricity_demand_per_capita (MWh),0.5596743249306831,0.6521020455472852,0.6279721861361945,0.6314014801804921
Zimbabwe,2019,2020,electricity_demand_per_capita_with_access (MWh),1.062000616566761,1.3528400469041673,1.3446941887284678,1.3102255512637793
Zimbabwe,2019,2020,energy_poverty_electricity (% of total population),47.3,51.778403823615115,53.3,51.96931555531209
Zimbabwe,2019,2020,energy_poverty_multidimensional (% of total population),58.5,60.40361242353036,61.6,60.88365597677557
Zimbabwe,2019,2020,carbon_intensity_elec,371.09,417.0721830129048,429.25,411.2405903203833
Algeria,2020,2021,electricity_demand (TWh),84.45,80.70529919419253,79.31,81.59564114040631
Algeria,2020,2021,electricity_demand_per_capita (MWh),1.8866828984694948,1.8132418754852502,1.8007772291662607,1.8181593179756819
Algeria,2020,2021,electricity_demand_per_capita_with_access (MWh),1.890463826121738,1.819480565607764,1.806195816616109,1.8222568197822526
Algeria,2020,2021,energy_poverty_electricity (% of total population),0.2000000000000028,0.015000329721617038,0.2999999999999971,0.25226887058468855
Algeria,2020,2021,energy_poverty_multidimensional (% of total population),0.25,0.2949270160721373,0.2999999999999971,0.26403348916099867
Algeria,2020,2021,carbon_intensity_elec,633.53,628.0146930070836,632.61,631.6660319624494
Angola,2020,2021,electricity_demand (TWh),16.85,18.00592933764037,16.81,18.698598478297452
Angola,2020,2021,electricity_demand_per_capita (MWh),0.4879471691925968,0.523423713566018,0.5025239947733917,0.5402293296378322
Angola,2020,2021,electricity_demand_per_capita_with_access (MWh),1.012338525295844,1.0770183371540836,1.069199988879557,1.1162203014677312
Angola,2020,2021,energy_poverty_electricity (% of total population),51.8,50.84458658419957,53.0,51.77428271147407
Angola,2020,2021,energy_poverty_multidimensional (% of total population),51.0,50.33736762754576,51.8,51.00635626119326
Angola,2020,2021,carbon_intensity_elec,172.7,159.9293330368451,171.33,150.61315839784356
Benin,2020,2021,electricity_demand (TWh),1.82,1.6825444535368674,1.63,1.7054923549709415
Benin,2020,2021,electricity_demand_per_capita (MWh),0.1356849776526096,0.12526725841248973,0.1247114708310198,0.12691844350918954
Benin,2020,2021,electricity_demand_per_capita_with_access (MWh),0.3230594706014515,0.29806463384164716,0.3041743191000484,0.3017139217929335
Benin,2020,2021,energy_poverty_electricity (% of total population),58.0,57.83323736869229,59.0,58.040330553661455
Benin,2020,2021,energy_poverty_multidimensional (% of total population),76.1,75.75754523640815,76.65,76.09759792733169
Benin,2020,2021,carbon_intensity_elec,584.07,588.414714868708,595.96,579.4869514877721
Botswana,2020,2021,electricity_demand (TWh),4.15,4.464719475988722,4.23,4.198110222247816
Botswana,2020,2021,electricity_demand_per_capita (MWh),1.7281240318341269,1.8496088997751834,1.787906902039186,1.749316497464214
Botswana,2020,2021,electricity_demand_per_capita_with_access (MWh),2.344808727047662,2.5284029385262095,2.49012103348076,2.3691720085842425
Botswana,2020,2021,energy_poverty_electricity (% of total population),26.3,26.947164589223743,28.200000000000003,26.566884558128738
Botswana,2020,2021,energy_poverty_multidimensional (% of total population),30.349999999999994,30.60407864468089,31.55000000000001,30.452510431543
Botswana,2020,2021,carbon_intensity_elec,847.39,839.6933161917169,848.62,846.1086897548754
Burkina Faso,2020,2021,electricity_demand (TWh),3.23,3.4533571625951764,3.02,3.5288233195150545
Burkina Faso,2020,2021,electricity_demand_per_capita (MWh),0.1468498947204462,0.15654984126861804,0.1406044716598418,0.16003141229721166
Burkina Faso,2020,2021,electricity_demand_per_capita_with_access (MWh),0.7728941827391906,0.8486374274149965,0.7600241711342802,0.8419140002100493
Burkina Faso,2020,2021,energy_poverty_electricity (% of total population),81.0,80.91799981476815,81.5,81.03180224827676
Burkina Faso,2020,2021,energy_poverty_multidimensional (% of total population),83.2,83.32692864151912,84.0,83.31422835212375
Burkina Faso,2020,2021,carbon_intensity_elec,549.71,549.4194988754734,547.17,545.0923728630122
Burundi,2020,2021,electricity_demand (TWh),0.49,0.4950449262789868,0.46,0.5076996226786006
Burundi,2020,2021,electricity_demand_per_capita (MWh),0.037792641340815,0.03833946658396581,0.0364586276607962,0.03909274523533611
Burundi,2020,2021,electricity_demand_per_capita_with_access (MWh),0.3705160915766181,0.4013104929154026,0.4006442600087497,0.4223274480496611
Burundi,2020,2021,energy_poverty_electricity (% of total population),89.8,88.85609589576988,90.9,90.75061576478691
Burundi,2020,2021,energy_poverty_multidimensional (% of total population),94.85,94.43432203344356,95.4,95.33760216427913
Burundi,2020,2021,carbon_intensity_elec,230.77,222.56342017798082,189.19,256.9994308028307
Cameroon,2020,2021,electricity_demand (TWh),8.41,9.037310051192508,8.86,9.344668433834595
Cameroon,2020,2021,electricity_demand_per_capita (MWh),0.3124562872353804,0.3358596647520332,0.3380316167151827,0.34675552490243916
Cameroon,2020,2021,electricity_demand_per_capita_with_access (MWh),0.4777619070877376,0.509909551841718,0.5257101348603153,0.5295841411937067
Cameroon,2020,2021,energy_poverty_electricity (% of total population),34.599999999999994,34.55791121892024,35.7,34.65602568694166
Cameroon,2020,2021,energy_poverty_multidimensional (% of total population),53.1,52.947396141532174,54.150000000000006,53.15950612511622
Cameroon,2020,2021,carbon_intensity_elec,298.45,308.0665008881826,320.46,325.90354261539983
Cape Verde,2020,2021,electricity_demand (TWh),0.43,0.4254106690356783,0.42,0.41281786533753567
Cape Verde,2020,2021,electricity_demand_per_capita (MWh),0.8322768578645324,0.8180196535258355,0.8160362786414161,0.8012518308789554
Cape Verde,2020,2021,electricity_demand_per_capita_with_access (MWh),0.8714940920047459,0.8646263114306915,0.8709031789129308,0.8406138834596035
Cape Verde,2020,2021,energy_poverty_electricity (% of total population),4.5,1.51425217024206,6.299999999999997,5.3082110196215195
Cape Verde,2020,2021,energy_poverty_multidimensional (% of total population),11.200000000000005,11.780771201498215,12.650000000000006,11.590363137655098
Cape Verde,2020,2021,carbon_intensity_elec,534.88,540.7953990294278,547.62,551.2519296814199
Central African Republic,2020,2021,electricity_demand (TWh),0.15,0.15095399342177226,0.15,0.14537905335780052
Central African Republic,2020,2021,electricity_demand_per_capita (MWh),0.02934213179977,0.029428247297055204,0.029841072416524,0.02846068557515928
Central African Republic,2020,2021,electricity_demand_per_capita_with_access (MWh),0.1868925592342043,0.1821121335142386,0.1937731975098965,0.17849279858902375
Central African Republic,2020,2021,energy_poverty_electricity (% of total population),84.3,82.96334851987096,84.6,84.10725918554411
Central African Republic,2020,2021,energy_poverty_multidimensional (% of total population),91.7,91.0296437727666,91.9,91.63935857490802
Central African Republic,2020,2021,carbon_intensity_elec,0.0,6.9289077120900395e-09,0.0,0.0
Chad,2020,2021,electricity_demand (TWh),0.43,0.3684477657460064,0.35,0.3607818066730055
Chad,2020,2021,electricity_demand_per_capita (MWh),0.0241189921133139,0.020821725695084184,0.0203196737519627,0.020272393510502897
Chad,2020,2021,electricity_demand_per_capita_with_access (MWh),0.2134424080824242,0.18606155801503788,0.1864190252473645,0.17826613611154712
Chad,2020,2021,energy_poverty_electricity (% of total population),88.7,88.18217101545768,89.1,88.67999662531888
Chad,2020,2021,energy_poverty_multidimensional (% of total population),90.35,90.16753556601023,90.85,90.30817589342008
Chad,2020,2021,carbon_intensity_elec,627.91,709.8092424620268,628.57,632.5497034402111
Comoros,2020,2021,electricity_demand (TWh),0.13,0.14840781809705436,0.13,0.15772153335371789
Comoros,2020,2021,electricity_demand_per_capita (MWh),0.1588896303738306,0.18137009357298095,0.1620600070807757,0.19280594296776318
Comoros,2020,2021,electricity_demand_per_capita_with_access (MWh),0.1807618092990109,0.2067314878313011,0.1893224381784763,0.21892817321904628
Comoros,2020,2021,energy_poverty_electricity (% of total population),12.099999999999994,13.14979256290673,14.400000000000006,12.726972724142605
Comoros,2020,2021,energy_poverty_multidimensional (% of total population),51.55,51.74291480803717,53.05,51.70260243949216
Comoros,2020,2021,carbon_intensity_elec,692.31,675.4578048500622,692.31,698.8726225488759
Congo,2020,2021,electricity_demand (TWh),4.11,4.206621719075244,4.01,4.322563200039414
Congo,2020,2021,electricity_demand_per_capita (MWh),0.6975338698517207,0.714994276689278,0.6970528397341673,0.7334382529599711
Congo,2020,2021,electricity_demand_per_capita_with_access (MWh),1.4034886717338444,1.443357980126814,1.431319999454142,1.4790297493412736
Congo,2020,2021,energy_poverty_electricity (% of total population),50.3,50.32621028866819,51.3,50.48354859707
Congo,2020,2021,energy_poverty_multidimensional (% of total population),56.4,56.99010716915846,57.95,56.66233741190002
Congo,2020,2021,carbon_intensity_elec,669.1,666.6405894198746,663.34,692.3613569891936
Cote d'Ivoire,2020,2021,electricity_demand (TWh),10.8,10.57589101546899,10.14,10.441089277819806
Cote d'Ivoire,2020,2021,electricity_demand_per_capita (MWh),0.364375702793854,0.35692387374545154,0.3506775546859859,0.3515866753299758
Cote d'Ivoire,2020,2021,electricity_demand_per_capita_with_access (MWh),0.5124834075862926,0.5009354780707233,0.5016846275908238,0.4925935040408024
Cote d'Ivoire,2020,2021,energy_poverty_electricity (% of total population),28.90000000000001,29.112281879097345,30.099999999999994,28.843042201780378
Cote d'Ivoire,2020,2021,energy_poverty_multidimensional (% of total population),44.775000000000006,45.34043071713564,46.6,44.94547441589465
Cote d'Ivoire,2020,2021,carbon_intensity_elec,431.72,390.6584351838835,396.09,378.488724429463
Democratic Republic of the Congo,2020,2021,electricity_demand (TWh),15.6,14.590733141477804,13.63,14.828308371851222
Democratic Republic of the Congo,2020,2021,electricity_demand_per_capita (MWh),0.1573390655854783,0.14768896896940384,0.1419939577039275,0.14939035939136658
Democratic Republic of the Congo,2020,2021,electricity_demand_per_capita_with_access (MWh),0.7564378153147996,0.7113976110377657,0.7064376005170521,0.7158780502048802
Democratic Republic of the Congo,2020,2021,energy_poverty_electricity (% of total population),79.2,78.42472168873708,79.9,79.2149398464149
Democratic Republic of the Congo,2020,2021,energy_poverty_multidimensional (% of total population),87.3,86.85079478146935,87.75,87.35449697677647
Democratic Republic of the Congo,2020,2021,carbon_intensity_elec,25.37,24.999983467589722,24.82,24.928679346448398
Djibouti,2020,2021,electricity_demand (TWh),0.71,0.6570199497868515,0.63,0.6547526188901492
Djibouti,2020,2021,electricity_demand_per_capita (MWh),0.6332212858673035,0.5822015767273495,0.5700361837253765,0.5831675606385777
Djibouti,2020,2021,electricity_demand_per_capita_with_access (MWh),0.968228265852146,0.8780445474399332,0.8837770290315915,0.887194848775825
Djibouti,2020,2021,energy_poverty_electricity (% of total population),34.599999999999994,34.12527534804703,35.5,34.41350662029154
Djibouti,2020,2021,energy_poverty_multidimensional (% of total population),62.4,61.83050402753762,62.9,62.207015754410776
Djibouti,2020,2021,carbon_intensity_elec,450.0,666.3979509857869,692.31,698.8726225488759
Egypt,2020,2021,electricity_demand (TWh),208.19,199.24003243929283,197.18,199.56543675723535
Egypt,2020,2021,electricity_demand_per_capita (MWh),1.876312360810388,1.7907104070225603,1.80377612545778,1.7926937386131563
Egypt,2020,2021,electricity_demand_per_capita_with_access (MWh),1.876312360810388,1.7816453121298548,1.80377612545778,1.7926937386131563
Egypt,2020,2021,energy_poverty_electricity (% of total population),0.0,0.0,0.0,0.0
Egypt,2020,2021,energy_poverty_multidimensional (% of total population),0.0499999999999971,0.04163872311835844,0.0499999999999971,0.042044766771807386
Egypt,2020,2021,carbon_intensity_elec,568.06,567.6280539772141,569.08,563.2594322866831
Equatorial Guinea,2020,2021,electricity_demand (TWh),1.43,1.4466144849787084,1.41,1.4125111408385322
Equatorial Guinea,2020,2021,electricity_demand_per_capita (MWh),0.8130562043579812,0.821211099747003,0.8214490244273306,0.7967240385739353
Equatorial Guinea,2020,2021,electricity_demand_per_capita_with_access (MWh),1.2171500065239242,1.212768258139443,1.2315577577621148,1.1922439465963857
Equatorial Guinea,2020,2021,energy_poverty_electricity (% of total population),33.2,32.66198403320781,33.3,33.17615999714094
Equatorial Guinea,2020,2021,energy_poverty_multidimensional (% of total population),55.2,54.538175863342154,55.15,55.22525603130428
Equatorial Guinea,2020,2021,carbon_intensity_elec,594.41,590.3290582516244,574.47,571.6938661783753
Eritrea,2020,2021,electricity_demand (TWh),0.42,0.42823667690524886,0.41,0.4551335469069482
Eritrea,2020,2021,electricity_demand_per_capita (MWh),0.1253662111196844,0.12728262281668282,0.1245717087926661,0.1365008443737292
Eritrea,2020,2021,electricity_demand_per_capita_with_access (MWh),0.2387927830851132,0.24275982668324064,0.2423574101024634,0.2595521958715149
Eritrea,2020,2021,energy_poverty_electricity (% of total population),47.5,47.6954146949279,48.6,47.53589840741332
Eritrea,2020,2021,energy_poverty_multidimensional (% of total population),67.75,67.70330965950569,68.45,67.76736486420279
Eritrea,2020,2021,carbon_intensity_elec,571.43,586.8803837666695,585.37,566.6440703327696
Eswatini,2020,2021,electricity_demand (TWh),1.41,1.4304249809702831,1.4,1.3950441699949023
Eswatini,2020,2021,electricity_demand_per_capita (MWh),1.1685747862999938,1.1789598681969065,1.1737738674339795,1.1588766548260283
Eswatini,2020,2021,electricity_demand_per_capita_with_access (MWh),1.4096197663449863,1.4087666043374023,1.4672173342924744,1.3667750479113683
Eswatini,2020,2021,energy_poverty_electricity (% of total population),17.099999999999994,18.240880912319035,20.0,17.19559556724457
Eswatini,2020,2021,energy_poverty_multidimensional (% of total population),33.8,33.81388034040338,35.3,33.25821052931888
Eswatini,2020,2021,carbon_intensity_elec,137.26,157.70970504257127,163.27,151.16011201985836
Ethiopia,2020,2021,electricity_demand (TWh),14.12,14.523366720969943,13.98,14.786679875992
Ethiopia,2020,2021,electricity_demand_per_capita (MWh),0.1156063798608839,0.11909549114093643,0.1175603255596918,0.12102421073115376
Ethiopia,2020,2021,electricity_demand_per_capita_with_access (MWh),0.2132959038023688,0.2236669123551208,0.2300593455179879,0.22670466867931552
Ethiopia,2020,2021,energy_poverty_electricity (% of total population),45.8,46.94893718429558,48.9,47.041054308573685
Ethiopia,2020,2021,energy_poverty_multidimensional (% of total population),69.65,69.8731518011173,71.35,70.18652311769108
Ethiopia,2020,2021,carbon_intensity_elec,22.81,25.38229037605622,24.33,24.397972104082204
Gabon,2020,2021,electricity_demand (TWh),3.49,3.5948928104256024,3.47,3.7514867100780704
Gabon,2020,2021,electricity_demand_per_capita (MWh),1.46840468559941,1.519027440373608,1.4940552102915,1.575145681059975
Gabon,2020,2021,electricity_demand_per_capita_with_access (MWh),1.5995693742912962,1.6379695315434588,1.6400166962585074,1.7146154525917832
Gabon,2020,2021,energy_poverty_electricity (% of total population),8.200000000000003,8.080250522902404,8.900000000000006,8.276577143905316
Gabon,2020,2021,energy_poverty_multidimensional (% of total population),8.849999999999994,8.74883631164055,9.450000000000005,8.829463973196729
Gabon,2020,2021,carbon_intensity_elec,439.19,422.847099066885,423.21,400.98887992564323
Gambia,2020,2021,electricity_demand (TWh),0.5,0.5129373717561398,0.48,0.5398476281631196
Gambia,2020,2021,electricity_demand_per_capita (MWh),0.1940982486515024,0.19923291225969847,0.1907984278209547,0.20946016919881233
Gambia,2020,2021,electricity_demand_per_capita_with_access (MWh),0.3047068267684496,0.3100418253183559,0.3067498839565188,0.3286118964780262
Gambia,2020,2021,energy_poverty_electricity (% of total population),36.3,36.62995203111043,37.8,36.474817486960816
Gambia,2020,2021,energy_poverty_multidimensional (% of total population),67.3,67.21082191852695,68.05,67.37935471931321
Gambia,2020,2021,carbon_intensity_elec,660.0,655.2822120064011,666.67,666.67
Ghana,2020,2021,electricity_demand (TWh),20.39,18.857448699100836,17.99,19.24736665681527
Ghana,2020,2021,electricity_demand_per_capita (MWh),0.6270245682310053,0.5787118194494169,0.5641655702704125,0.591245061703038
Ghana,2020,2021,electricity_demand_per_capita_with_access (MWh),0.7265638102329147,0.6600922713766477,0.6606154218623096,0.6796158327700713
Ghana,2020,2021,energy_poverty_electricity (% of total population),13.700000000000005,13.522465504564012,14.599999999999994,13.379764914453242
Ghana,2020,2021,energy_poverty_multidimensional (% of total population),41.900000000000006,41.2295276159723,43.15,41.80006720595589
Ghana,2020,2021,carbon_intensity_elec,478.26,449.9189918569571,459.2,472.3904279407576
Guinea,2020,2021,electricity_demand (TWh),3.64,2.6500000198301468,2.48,2.762855212478659
Guinea,2020,2021,electricity_demand_per_capita (MWh),0.2654896624962665,0.19313601290586957,0.1854734640198307,0.20141870320571262
Guinea,2020,2021,electricity_demand_per_capita_with_access (MWh),0.5672856036245012,0.40729903259204703,0.4149294497087935,0.4192534417296096
Guinea,2020,2021,energy_poverty_electricity (% of total population),53.2,52.862773156201946,55.3,52.80815600913844
Guinea,2020,2021,energy_poverty_multidimensional (% of total population),76.1,75.54007275845063,77.15,75.79879975481136
Guinea,2020,2021,carbon_intensity_elec,192.31,272.84783921913555,274.19,286.5644309519576
Guinea-Bissau,2020,2021,electricity_demand (TWh),0.08,0.0810805047977283,0.08,0.08
Guinea-Bissau,2020,2021,electricity_demand_per_capita (MWh),0.0388568131293285,0.03931393508103141,0.0397365664328335,0.03880973995195053
Guinea-Bissau,2020,2021,electricity_demand_per_capita_with_access (MWh),0.1085385841601357,0.1089491211856405,0.1189717557869267,0.10573442817579637
Guinea-Bissau,2020,2021,energy_poverty_electricity (% of total population),64.2,64.30630789029026,66.6,64.20652889712427
Guinea-Bissau,2020,2021,energy_poverty_multidimensional (% of total population),81.625,81.6284292345828,82.8,81.54873957665491
Guinea-Bissau,2020,2021,carbon_intensity_elec,625.0,626.015853831298,625.0,625.0
Kenya,2020,2021,electricity_demand (TWh),12.65,12.376138038220134,11.8,12.38295511838559
Kenya,2020,2021,electricity_demand_per_capita (MWh),0.2376963171933901,0.23148712805052873,0.2259786296606105,0.23237093530247127
Kenya,2020,2021,electricity_demand_per_capita_with_access (MWh),0.3107141401220785,0.3064075880670054,0.3160540274973574,0.3016983123532093
Kenya,2020,2021,energy_poverty_electricity (% of total population),23.5,26.308987447608292,28.5,25.16302585274313
Kenya,2020,2021,energy_poverty_multidimensional (% of total population),48.85,50.73905408744101,52.725,49.78064319530396
Kenya,2020,2021,carbon_intensity_elec,96.12,71.8873617462326,71.92,64.89850435767026
Lesotho,2020,2021,electricity_demand (TWh),0.96,0.9040335860010794,0.87,0.8650706230875306
Lesotho,2020,2021,electricity_demand_per_capita (MWh),0.4244878178628895,0.3956500562480288,0.3891351672185378,0.38229147209306696
Lesotho,2020,2021,electricity_demand_per_capita_with_access (MWh),0.8422377338549396,0.8005436678890414,0.8192319309863956,0.7461984928694756
Lesotho,2020,2021,energy_poverty_electricity (% of total population),49.6,50.267411770692476,52.5,49.789521783699364
Lesotho,2020,2021,energy_poverty_multidimensional (% of total population),49.900000000000006,50.82145114890357,52.2,49.99224985991839
Lesotho,2020,2021,carbon_intensity_elec,18.87,24.06946760214755,23.26,24.393118009077554
Liberia,2020,2021,electricity_demand (TWh),0.38,0.4900456689946138,0.45,0.4980068322119206
Liberia,2020,2021,electricity_demand_per_capita (MWh),0.0722525904930421,0.09296137893475001,0.0873876340671952,0.09480550647496545
Liberia,2020,2021,electricity_demand_per_capita_with_access (MWh),0.2424583573592019,0.3099101654430622,0.3166218625623017,0.30739062190420113
Liberia,2020,2021,energy_poverty_electricity (% of total population),70.2,69.3902889608459,72.4,70.11698751538178
Liberia,2020,2021,energy_poverty_multidimensional (% of total population),84.75,84.20909020009972,85.9,84.69357865178229
Liberia,2020,2021,carbon_intensity_elec,421.05,437.41089843521723,466.67,426.85917993385914
Madagascar,2020,2021,electricity_demand (TWh),2.53,2.253600141619082,2.16,2.2303796204008504
Madagascar,2020,2021,electricity_demand_per_capita (MWh),0.0852107570194381,0.0758806125888797,0.0746022250804391,0.07506046390001962
Madagascar,2020,2021,electricity_demand_per_capita_with_access (MWh),0.2427656895140689,0.2140306763562146,0.2331319533763723,0.21574096472077017
Madagascar,2020,2021,energy_poverty_electricity (% of total population),64.9,65.12875128893101,68.0,65.89804739770729
Madagascar,2020,2021,energy_poverty_multidimensional (% of total population),81.75,81.59637682428371,83.35,82.21473572759935
Madagascar,2020,2021,carbon_intensity_elec,486.17,485.93171829221734,416.67,432.81257086332806
Malawi,2020,2021,electricity_demand (TWh),1.81,1.6767689962038719,1.73,1.6423386990055917
Malawi,2020,2021,electricity_demand_per_capita (MWh),0.090286634625054,0.08366218912434883,0.0885640516466642,0.08186420223646512
Malawi,2020,2021,electricity_demand_per_capita_with_access (MWh),0.6358213705989724,0.7390214376526545,0.7701221882318631,0.7039956323999582
Malawi,2020,2021,energy_poverty_electricity (% of total population),85.8,88.29353444819148,88.5,88.37543952244816
Malawi,2020,2021,energy_poverty_multidimensional (% of total population),92.05,93.22925086962427,93.35,93.32501672464615
Malawi,2020,2021,carbon_intensity_elec,54.65,21.4554218621019,34.29,28.710593801088944
Mali,2020,2021,electricity_demand (TWh),4.1,4.3247758888472205,4.09,4.5501563121124695
Mali,2020,2021,electricity_demand_per_capita (MWh),0.1831286111789654,0.19396301666814364,0.1883591555007067,0.2031803267687931
Mali,2020,2021,electricity_demand_per_capita_with_access (MWh),0.3429374741179128,0.372112322217544,0.3722512954559422,0.37575215094991643
Mali,2020,2021,energy_poverty_electricity (% of total population),46.6,48.02087169764919,49.4,46.824250075293875
Mali,2020,2021,energy_poverty_multidimensional (% of total population),72.7,72.96998125091646,74.1,72.67158474780342
Mali,2020,2021,carbon_intensity_elec,416.24,417.73021200392526,401.02,420.6858538754393
Mauritania,2020,2021,electricity_demand (TWh),1.77,1.9311912610105435,1.85,1.9906498958273808
Mauritania,2020,2021,electricity_demand_per_capita (MWh),0.3738219855480842,0.40924457006261966,0.4021620230358407,0.4201201753171221
Mauritania,2020,2021,electricity_demand_per_capita_with_access (MWh),0.7836938900379126,0.880159495872057,0.8858194339996491,0.903187734005417
Mauritania,2020,2021,energy_poverty_electricity (% of total population),52.3,53.24946471281755,54.6,53.5977392865219
Mauritania,2020,2021,energy_poverty_multidimensional (% of total population),52.1,52.51919362707961,53.55,52.73220258287972
Mauritania,2020,2021,carbon_intensity_elec,474.68,463.0408775577668,472.39,467.75829774255277
Mauritius,2020,2021,electricity_demand (TWh),2.99,3.0053757378557853,2.9,2.863667149087354
Mauritius,2020,2021,electricity_demand_per_capita (MWh),2.336616579193328,2.3178685492954023,2.2599204663852417,2.2353261181080724
Mauritius,2020,2021,electricity_demand_per_capita_with_access (MWh),2.346000581519406,2.2966470652683,2.2712768506384338,2.2476869868243474
Mauritius,2020,2021,energy_poverty_electricity (% of total population),0.4000000000000057,0.008948246114087458,0.5,0.5681096300833809
Mauritius,2020,2021,energy_poverty_multidimensional (% of total population),0.7000000000000028,0.4887920273350148,0.75,0.7268952759913304
Mauritius,2020,2021,carbon_intensity_elec,628.76,608.5120928965421,613.79,609.1298170256595
Morocco,2020,2021,electricity_demand (TWh),41.14,38.642534359177475,39.03,39.8210091667206
Morocco,2020,2021,electricity_demand_per_capita (MWh),1.1132626190577408,1.0478859662754783,1.0668537637879163,1.0766757930269593
Morocco,2020,2021,electricity_demand_per_capita_with_access (MWh),1.1132626190577408,1.0464258098214192,1.0668537637879163,1.0707045855773767
Morocco,2020,2021,energy_poverty_electricity (% of total population),0.0,6.492046368189857e-07,0.0,0.0
Morocco,2020,2021,energy_poverty_multidimensional (% of total population),0.9500000000000028,0.9062815769293808,0.9000000000000057,0.7281959651066359
Morocco,2020,2021,carbon_intensity_elec,639.95,645.0578987137017,645.62,648.6527841931612
Mozambique,2020,2021,electricity_demand (TWh),15.9,16.184324830744593,15.61,15.630064308757241
Mozambique,2020,2021,electricity_demand_per_capita (MWh),0.5014539325625829,0.5123529557615368,0.5070867896419808,0.49288788490355195
Mozambique,2020,2021,electricity_demand_per_capita_with_access (MWh),1.591917246230422,1.6286471616417835,1.6571463713790224,1.5494290065178926
Mozambique,2020,2021,energy_poverty_electricity (% of total population),68.5,67.35543264277406,69.4,68.3416165877294
Mozambique,2020,2021,energy_poverty_multidimensional (% of total population),81.0,80.24259488539111,81.65,80.91676203672557
Mozambique,2020,2021,carbon_intensity_elec,131.5,127.84723259994213,128.29,127.24416688108967
Namibia,2020,2021,electricity_demand (TWh),3.95,4.2360026365664405,4.19,4.127409181254572
Namibia,2020,2021,electricity_demand_per_capita (MWh),1.405417868091393,1.5166706675195503,1.5354959761943154,1.470732020618444
Namibia,2020,2021,electricity_demand_per_capita_with_access (MWh),2.546046862484407,2.7463776782904055,2.935938769013988,2.7764862956799377
Namibia,2020,2021,energy_poverty_electricity (% of total population),44.8,44.986907227796884,47.7,47.071276681356856
Namibia,2020,2021,energy_poverty_multidimensional (% of total population),48.65,48.89475546993425,50.400000000000006,49.829043943780405
Namibia,2020,2021,carbon_intensity_elec,46.36,65.96223586088269,60.0,61.5871544247046
Niger,2020,2021,electricity_demand (TWh),1.83,1.8724855409639205,1.78,1.8640586498877478
Niger,2020,2021,electricity_demand_per_capita (MWh),0.0746873385983145,0.07673397995141708,0.0750497046182763,0.07595190358404835
Niger,2020,2021,electricity_demand_per_capita_with_access (MWh),0.4015448311737341,0.39741190841028085,0.4013353188143119,0.39659650890892395
Niger,2020,2021,energy_poverty_electricity (% of total population),81.4,80.11622288038213,81.3,80.88046862250576
Niger,2020,2021,energy_poverty_multidimensional (% of total population),88.65,87.99715263503055,88.75,88.35444698109445
Niger,2020,2021,carbon_intensity_elec,690.14,696.0928005085213,701.49,698.326001617524
Nigeria,2020,2021,electricity_demand (TWh),36.14,35.59984593927263,34.99,35.08818494170309
Nigeria,2020,2021,electricity_demand_per_capita (MWh),0.1653782916766588,0.16251226117560322,0.1635075877637725,0.16029086768875536
Nigeria,2020,2021,electricity_demand_per_capita_with_access (MWh),0.2779467087002669,0.29239537143926864,0.2951400501151128,0.29429660343679964
Nigeria,2020,2021,energy_poverty_electricity (% of total population),40.5,43.93381763050705,44.6,45.632049093146634
Nigeria,2020,2021,energy_poverty_multidimensional (% of total population),59.325,61.19506681329254,62.85,61.934347154318814
Nigeria,2020,2021,carbon_intensity_elec,522.7,518.8884543636416,523.42,526.515223055201
Rwanda,2020,2021,electricity_demand (TWh),1.02,0.9570621222911498,0.91,0.9682492033306902
Rwanda,2020,2021,electricity_demand_per_capita (MWh),0.0763744022954251,0.07137010479005232,0.0696472740592681,0.07242310891598584
Rwanda,2020,2021,electricity_demand_per_capita_with_access (MWh),0.1568262880809551,0.15125435044687857,0.1540868895116551,0.14389342397957955
Rwanda,2020,2021,energy_poverty_electricity (% of total population),51.3,52.75082864845319,54.8,51.43686874786448
Rwanda,2020,2021,energy_poverty_multidimensional (% of total population),72.8,73.84918750927348,75.25,73.06786029039537
Rwanda,2020,2021,carbon_intensity_elec,280.0,237.2062156702304,247.19,227.62918589312522
Sao Tome and Principe,2020,2021,electricity_demand (TWh),0.11,0.11284038058761334,0.11,0.11
Sao Tome and Principe,2020,2021,electricity_demand_per_capita (MWh),0.4955513008221646,0.5092953840514428,0.5058634168774431,0.49767089495456696
Sao Tome and Principe,2020,2021,electricity_demand_per_capita_with_access (MWh),0.6312755424486174,0.6430551543382619,0.6586763240591706,0.6318013990206062
Sao Tome and Principe,2020,2021,energy_poverty_electricity (% of total population),21.5,21.806601574860057,23.200000000000003,21.64859043970195
Sao Tome and Principe,2020,2021,energy_poverty_multidimensional (% of total population),58.8,58.47662893612634,59.85,58.820813727470785
Sao Tome and Principe,2020,2021,carbon_intensity_elec,636.36,644.5644586448257,636.36,636.36
Senegal,2020,2021,electricity_demand (TWh),6.97,6.785287666945743,6.42,6.787002431541016
Senegal,2020,2021,electricity_demand_per_capita (MWh),0.4047415501636213,0.3964513999727334,0.3823882912466972,0.393244194838476
Senegal,2020,2021,electricity_demand_per_capita_with_access (MWh),0.5952081620053253,0.5944344940744603,0.5946940765889537,0.6120522987830754
Senegal,2020,2021,energy_poverty_electricity (% of total population),32.0,13.690067072782123,35.7,35.75017580897571
Senegal,2020,2021,energy_poverty_multidimensional (% of total population),49.95,43.767005154405346,52.5,52.22854554680478
Senegal,2020,2021,carbon_intensity_elec,546.55,551.6690152888858,562.71,548.4775641292506
Seychelles,2020,2021,electricity_demand (TWh),0.6,0.6090612003222551,0.59,0.6149255102647753
Seychelles,2020,2021,electricity_demand_per_capita (MWh),4.878048780487805,4.961595494516479,4.904446421001006,4.996675765342448
Seychelles,2020,2021,electricity_demand_per_capita_with_access (MWh),4.878048780487805,4.931201182102397,4.904446421001006,4.996675765342448
Seychelles,2020,2021,energy_poverty_electricity (% of total population),0.0,0.0,0.0,0.0
Seychelles,2020,2021,energy_poverty_multidimensional (% of total population),0.0,0.0,0.0,0.0
Seychelles,2020,2021,carbon_intensity_elec,566.67,569.4885291625052,576.27,561.3549034628054
Sierra Leone,2020,2021,electricity_demand (TWh),0.2,0.19772376531718303,0.2,0.1975753091215991
Sierra Leone,2020,2021,electricity_demand_per_capita (MWh),0.0247078207541494,0.024402440956592823,0.025276279210374,0.02439215429069435
Sierra Leone,2020,2021,electricity_demand_per_capita_with_access (MWh),0.0898466209241796,0.08832892920807985,0.0961075255147304,0.08693195198037677
Sierra Leone,2020,2021,energy_poverty_electricity (% of total population),72.5,72.08440635416788,73.7,72.2719511166873
Sierra Leone,2020,2021,energy_poverty_multidimensional (% of total population),85.85,85.59010694512044,86.45,85.69191522303944
Sierra Leone,2020,2021,carbon_intensity_elec,50.0,38.57097264112714,50.0,33.84719271450771
Somalia,2020,2021,electricity_demand (TWh),0.38,0.37866907319212706,0.37,0.3725431048586189
Somalia,2020,2021,electricity_demand_per_capita (MWh),0.0220016460705204,0.02209977231089463,0.022220620736043,0.02155624017632146
Somalia,2020,2021,electricity_demand_per_capita_with_access (MWh),0.0446280853357413,0.04385199154894788,0.0445303020762385,0.04345628397892382
Somalia,2020,2021,energy_poverty_electricity (% of total population),50.7,49.524628899184755,50.1,50.4045732975512
Somalia,2020,2021,energy_poverty_multidimensional (% of total population),73.2,72.64891395300283,73.2,73.17502132378185
Somalia,2020,2021,carbon_intensity_elec,578.95,597.3390048745914,594.6,584.0158157981334
South Africa,2020,2021,electricity_demand (TWh),241.89,239.83631999863124,236.92,234.50767879709426
South Africa,2020,2021,electricity_demand_per_capita (MWh),3.9330043304509297,3.906824869580548,3.9119998829636367,3.8182594641737952
South Africa,2020,2021,electricity_demand_per_capita_with_access (MWh),4.404260168478085,4.317228161655469,4.346666536626263,4.168720615824191
South Africa,2020,2021,energy_poverty_electricity (% of total population),10.700000000000005,8.76962802806003,10.0,8.877558229829074
South Africa,2020,2021,energy_poverty_multidimensional (% of total population),11.0,11.18964962774733,10.950000000000005,10.030787958491931
South Africa,2020,2021,carbon_intensity_elec,741.51,745.5193570874667,763.15,759.1407163332036
South Sudan,2020,2021,electricity_demand (TWh),0.57,0.5835673265719045,0.56,0.5704718213642616
South Sudan,2020,2021,electricity_demand_per_capita (MWh),0.0524582391002362,0.05369114839509279,0.0523439283987403,0.0534860151018151
South Sudan,2020,2021,electricity_demand_per_capita_with_access (MWh),0.6812758324706011,0.707318364672938,0.7170401150512377,0.676325309378454
South Sudan,2020,2021,energy_poverty_electricity (% of total population),92.3,91.60879298347142,92.7,92.20663496026067
South Sudan,2020,2021,energy_poverty_multidimensional (% of total population),96.15,95.7733868697366,96.35,96.10160917380871
South Sudan,2020,2021,carbon_intensity_elec,649.12,675.9171325664004,642.86,640.141484904048
Sudan,2020,2021,electricity_demand (TWh),18.63,18.78241078132427,17.93,18.744773142519776
Sudan,2020,2021,electricity_demand_per_capita (MWh),0.3875845617766726,0.3911791390960899,0.3832077877226337,0.3882216545788684
Sudan,2020,2021,electricity_demand_per_capita_with_access (MWh),0.6271594850755221,0.6355729952804584,0.641889091662703,0.6236410383088309
Sudan,2020,2021,energy_poverty_electricity (% of total population),38.2,38.223209606504106,40.3,38.28071209334334
Sudan,2020,2021,energy_poverty_multidimensional (% of total population),36.25,36.686155318274935,38.45,36.22095252879073
Sudan,2020,2021,carbon_intensity_elec,261.58,245.47713999975628,247.67,235.4247816314314
Tanzania,2020,2021,electricity_demand (TWh),8.79,8.248482657619357,7.94,8.21767770309789
Tanzania,2020,2021,electricity_demand_per_capita (MWh),0.1399004080985624,0.1316606507301217,0.1302219942225716,0.1306390219344604
Tanzania,2020,2021,electricity_demand_per_capita_with_access (MWh),0.327635616155884,0.3175106243067444,0.3263709128385255,0.3117634903855784
Tanzania,2020,2021,energy_poverty_electricity (% of total population),57.3,58.09136640558751,60.1,58.44545873385278
Tanzania,2020,2021,energy_poverty_multidimensional (% of total population),74.75,75.08369879049779,76.6,75.39862437112096
Tanzania,2020,2021,carbon_intensity_elec,320.23,293.62886098222884,298.85,291.8765865858773
Togo,2020,2021,electricity_demand (TWh),1.51,1.4230549431862418,1.42,1.3595298671790093
Togo,2020,2021,electricity_demand_per_capita (MWh),0.1902677419944217,0.17871715168132526,0.1823304346218274,0.1711782961198613
Togo,2020,2021,electricity_demand_per_capita_with_access (MWh),0.3415937917314574,0.318681644838447,0.3370248329423796,0.30515014061531737
Togo,2020,2021,energy_poverty_electricity (% of total population),44.3,44.27230357557114,45.9,44.23723243042837
Togo,2020,2021,energy_poverty_multidimensional (% of total population),66.44999999999999,66.33748234680564,67.65,66.40906445874526
Togo,2020,2021,carbon_intensity_elec,464.79,520.3181046475564,508.2,504.98160721414746
Tunisia,2020,2021,electricity_demand (TWh),22.93,21.579206082994276,20.78,21.110212822371285
Tunisia,2020,2021,electricity_demand_per_capita (MWh),1.9031217255080972,1.7819550329345595,1.7354183519070978,1.7463680340513463
Tunisia,2020,2021,electricity_demand_per_capita_with_access (MWh),1.9050267522603577,1.7678149441163584,1.7371555074145124,1.7485534525792175
Tunisia,2020,2021,energy_poverty_electricity (% of total population),0.0999999999999943,0.0013858889776686874,0.0999999999999943,1.7783006385592075
Tunisia,2020,2021,energy_poverty_multidimensional (% of total population),0.0999999999999943,0.05847011428029119,0.0999999999999943,0.0999999999999943
Tunisia,2020,2021,carbon_intensity_elec,564.38,554.6445686601688,564.55,564.83285393787
Uganda,2020,2021,electricity_demand (TWh),4.9,4.5989904503073475,4.4,4.610442700870533
Uganda,2020,2021,electricity_demand_per_capita (MWh),0.1067283954664304,0.10057679074536933,0.0989717109158689,0.10023541452518495
Uganda,2020,2021,electricity_demand_per_capita_with_access (MWh),0.2361247687310407,0.22320560866248498,0.2350871993251043,0.21246937731960144
Uganda,2020,2021,energy_poverty_electricity (% of total population),54.8,55.523570511747415,57.9,54.58486127930433
Uganda,2020,2021,energy_poverty_multidimensional (% of total population),76.65,76.7996947069374,78.25,76.40198548811186
Uganda,2020,2021,carbon_intensity_elec,55.03,54.50154885231445,54.35,54.017643799438396
Zambia,2020,2021,electricity_demand (TWh),15.59,14.406155778847626,14.02,14.24364184016067
Zambia,2020,2021,electricity_demand_per_capita (MWh),0.7952616890460481,0.736280242617458,0.7355952660404628,0.725352334918925
Zambia,2020,2021,electricity_demand_per_capita_with_access (MWh),1.7029158223684115,1.5849929848269442,1.6493167400010378,1.535080845347114
Zambia,2020,2021,energy_poverty_electricity (% of total population),53.3,53.17556062031453,55.4,53.31250342151067
Zambia,2020,2021,energy_poverty_multidimensional (% of total population),71.55,70.92154677215646,72.25,71.42415008760673
Zambia,2020,2021,carbon_intensity_elec,86.91,151.83615790288553,135.26,162.1937419952951
Zimbabwe,2020,2021,electricity_demand (TWh),10.31,9.089960151613015,8.69,8.609403968529385
Zimbabwe,2020,2021,electricity_demand_per_capita (MWh),0.6526464783044105,0.5724309360862103,0.5596743249306831,0.5460193292825487
Zimbabwe,2020,2021,electricity_demand_per_capita_with_access (MWh),1.331931588376348,1.065549677264082,1.062000616566761,0.9818428367266011
Zimbabwe,2020,2021,energy_poverty_electricity (% of total population),51.0,45.609904124254385,47.3,45.04633525259875
Zimbabwe,2020,2021,energy_poverty_multidimensional (% of total population),60.35,57.12402876020121,58.5,57.24527722756661
Zimbabwe,2020,2021,carbon_intensity_elec,269.55,343.1167016803219,371.09,346.5059852877764
Algeria,2021,2022,electricity_demand (TWh),88.9,86.86848554821545,84.45,87.48330912413807
Algeria,2021,2022,electricity_demand_per_capita (MWh),1.9548175048124463,1.9119651054756215,1.8866828984694948,1.9190410012155974
Algeria,2021,2022,electricity_demand_per_capita_with_access (MWh),1.9548175048124463,1.9073841066129846,1.890463826121738,1.9213429055175377
Algeria,2021,2022,energy_poverty_electricity (% of total population),0.0,0.06378150037685991,0.2000000000000028,0.16054822212603317
Algeria,2021,2022,energy_poverty_multidimensional (% of total population),0.1500000000000056,0.21607324924093044,0.25,0.2176375984297551
Algeria,2021,2022,carbon_intensity_elec,633.65,631.0269520768005,633.53,632.9575550268672
Angola,2021,2022,electricity_demand (TWh),17.31,17.40104117619779,16.85,18.356903191302635
Angola,2021,2022,electricity_demand_per_capita (MWh),0.4857580019300111,0.4901017976825764,0.4879471691925968,0.5139881292426433
Angola,2021,2022,electricity_demand_per_capita_with_access (MWh),1.0015628905773426,0.9860333961273553,1.012338525295844,1.0364107438278802
Angola,2021,2022,energy_poverty_electricity (% of total population),51.5,50.01667863116905,51.8,50.6070608040571
Angola,2021,2022,energy_poverty_multidimensional (% of total population),50.75,49.69682851058328,51.0,50.217361625722106
Angola,2021,2022,carbon_intensity_elec,172.16,154.1278641773937,172.7,156.0298614713944
Benin,2021,2022,electricity_demand (TWh),1.82,1.9050759676251925,1.82,1.9292027897741333
Benin,2021,2022,electricity_demand_per_capita (MWh),0.132272180972763,0.13832947445917892,0.1356849776526096,0.13994310390014805
Benin,2021,2022,electricity_demand_per_capita_with_access (MWh),0.2341100548190496,0.322471593655698,0.3230594706014515,0.324857358024235
Benin,2021,2022,energy_poverty_electricity (% of total population),43.5,56.93263376801729,58.0,57.04866453534552
Benin,2021,2022,energy_poverty_multidimensional (% of total population),68.8,75.28322647294559,76.1,75.55203863470828
Benin,2021,2022,carbon_intensity_elec,595.96,572.7945756071377,584.07,568.8210993026248
Botswana,2021,2022,electricity_demand (TWh),4.36,4.2364139694129594,4.15,4.109229698074093
Botswana,2021,2022,electricity_demand_per_capita (MWh),1.786962143862748,1.7335053561693763,1.7281240318341269,1.6867072202075692
Botswana,2021,2022,electricity_demand_per_capita_with_access (MWh),2.354363825906124,2.2977228653589017,2.344808727047662,2.226310441695997
Botswana,2021,2022,energy_poverty_electricity (% of total population),24.099999999999994,24.601167172043233,26.3,24.726935312105077
Botswana,2021,2022,energy_poverty_multidimensional (% of total population),29.05,29.135584911515924,30.349999999999994,29.27450439613183
Botswana,2021,2022,carbon_intensity_elec,847.66,841.8259387409935,847.39,845.1380654346162
Burkina Faso,2021,2022,electricity_demand (TWh),3.18,3.592211656303869,3.23,3.7080024676832832
Burkina Faso,2021,2022,electricity_demand_per_capita (MWh),0.1412765840992405,0.15910638542757222,0.1468498947204462,0.16429086366299933
Burkina Faso,2021,2022,electricity_demand_per_capita_with_access (MWh),0.7244953030730281,0.8326290646886877,0.7728941827391906,0.8416486410973718
Burkina Faso,2021,2022,energy_poverty_electricity (% of total population),80.5,80.18610809442687,81.0,80.52835220598145
Burkina Faso,2021,2022,energy_poverty_multidimensional (% of total population),82.3,82.44554284168643,83.2,82.49811899802535
Burkina Faso,2021,2022,carbon_intensity_elec,568.05,548.4011793413395,549.71,548.5474128563611
Burundi,2021,2022,electricity_demand (TWh),0.49,0.51945505031882,0.49,0.5369859613352657
Burundi,2021,2022,electricity_demand_per_capita (MWh),0.0367837435671613,0.039017430309922135,0.037792641340815,0.0402499447513596
Burundi,2021,2022,electricity_demand_per_capita_with_access (MWh),0.3571237239530226,0.3604057276893726,0.3705160915766181,0.38047753067033047
Burundi,2021,2022,energy_poverty_electricity (% of total population),89.7,87.6753273105811,89.8,89.4638091007695
Burundi,2021,2022,energy_poverty_multidimensional (% of total population),94.75,93.84724982013753,94.85,94.69080472491464
Burundi,2021,2022,carbon_intensity_elec,230.77,248.32986813177396,230.77,306.80523941877107
Cameroon,2021,2022,electricity_demand (TWh),8.15,8.898786362894896,8.41,8.685055345410506
Cameroon,2021,2022,electricity_demand_per_capita (MWh),0.2949396676482307,0.3221843990236312,0.3124562872353804,0.3139124295620414
Cameroon,2021,2022,electricity_demand_per_capita_with_access (MWh),0.4154079826031419,0.4780558975506243,0.4777619070877376,0.4714715059198254
Cameroon,2021,2022,energy_poverty_electricity (% of total population),29.0,33.19613459317756,34.599999999999994,33.57732605138179
Cameroon,2021,2022,energy_poverty_multidimensional (% of total population),49.8,51.65365587188935,53.1,52.117036694812455
Cameroon,2021,2022,carbon_intensity_elec,280.98,296.0844276338527,298.45,298.22451199140943
Cape Verde,2021,2022,electricity_demand (TWh),0.5,0.4360667720234325,0.43,0.42610795655287925
Cape Verde,2021,2022,electricity_demand_per_capita (MWh),0.962000962000962,0.8356062807378203,0.8322768578645324,0.8234308693225056
Cape Verde,2021,2022,electricity_demand_per_capita_with_access (MWh),0.990732195675553,0.8601168616801973,0.8714940920047459,0.8472756158573106
Cape Verde,2021,2022,energy_poverty_electricity (% of total population),2.9000000000000057,2.9993205811634236,4.5,3.668368912764489
Cape Verde,2021,2022,energy_poverty_multidimensional (% of total population),9.950000000000005,10.223954882154704,11.200000000000005,10.191749382074583
Cape Verde,2021,2022,carbon_intensity_elec,480.0,537.730062965919,534.88,535.1905401474834
Central African Republic,2021,2022,electricity_demand (TWh),0.14,0.150942216477949,0.15,0.146291711659741
Central African Republic,2021,2022,electricity_demand_per_capita (MWh),0.0274615450100607,0.0289525610235681,0.02934213179977,0.02815605768262439
Central African Republic,2021,2022,electricity_demand_per_capita_with_access (MWh),0.1749142994271384,0.1775194228936318,0.1868925592342043,0.1737453782555488
Central African Republic,2021,2022,energy_poverty_electricity (% of total population),84.3,83.0152146279837,84.3,83.84738279939019
Central African Republic,2021,2022,energy_poverty_multidimensional (% of total population),91.65,91.02798379608512,91.7,91.45202449168957
Central African Republic,2021,2022,carbon_intensity_elec,0.0,4.541614397604774e-09,0.0,0.0
Chad,2021,2022,electricity_demand (TWh),0.39,0.46822478481518653,0.43,0.4590815018325997
Chad,2021,2022,electricity_demand_per_capita (MWh),0.021132119146789,0.02559573809393687,0.0241189921133139,0.02491369933692114
Chad,2021,2022,electricity_demand_per_capita_with_access (MWh),0.1806164029640091,0.2244444098373901,0.2134424080824242,0.21159320221965947
Chad,2021,2022,energy_poverty_electricity (% of total population),88.3,87.48017081169334,88.7,88.2858645175878
Chad,2021,2022,energy_poverty_multidimensional (% of total population),89.75,89.65367500614197,90.35,89.8194751084984
Chad,2021,2022,carbon_intensity_elec,615.39,604.3806571146619,627.91,630.9558266722154
Comoros,2021,2022,electricity_demand (TWh),0.14,0.1477250734488717,0.13,0.1517404863947381
Comoros,2021,2022,electricity_demand_per_capita (MWh),0.1678272721714811,0.17723270251203022,0.1588896303738306,0.18185915097345823
Comoros,2021,2022,electricity_demand_per_capita_with_access (MWh),0.1866821714921925,0.19631861376728732,0.1807618092990109,0.20117187634448971
Comoros,2021,2022,energy_poverty_electricity (% of total population),10.099999999999994,10.946728593239845,12.099999999999994,10.586686244044332
Comoros,2021,2022,energy_poverty_multidimensional (% of total population),50.2,50.0872856814837,51.55,50.211007799581225
Comoros,2021,2022,carbon_intensity_elec,642.86,690.9378484836805,692.31,697.5551400799366
Congo,2021,2022,electricity_demand (TWh),4.95,4.294395431899974,4.11,4.385901712063272
Congo,2021,2022,electricity_demand_per_capita (MWh),0.8202012757360934,0.7118279502568821,0.6975338698517207,0.7266135717022693
Congo,2021,2022,electricity_demand_per_capita_with_access (MWh),1.620951137818366,1.4033590623109906,1.4034886717338444,1.4351440080995237
Congo,2021,2022,energy_poverty_electricity (% of total population),49.4,49.034261599985314,50.3,49.46341723681579
Congo,2021,2022,energy_poverty_multidimensional (% of total population),55.3,55.229893167325656,56.4,55.09561981938242
Congo,2021,2022,carbon_intensity_elec,707.07,671.2727064034344,669.1,693.6163243674893
Cote d'Ivoire,2021,2022,electricity_demand (TWh),11.85,11.322347066884436,10.8,11.196111088489417
Cote d'Ivoire,2021,2022,electricity_demand_per_capita (MWh),0.3898667030937058,0.37324786339170934,0.364375702793854,0.367940206613474
Cote d'Ivoire,2021,2022,electricity_demand_per_capita_with_access (MWh),0.5537879305308321,0.512440839368779,0.5124834075862926,0.5071961189463058
Cote d'Ivoire,2021,2022,energy_poverty_electricity (% of total population),29.599999999999994,27.46917337524471,28.90000000000001,27.704082256326483
Cote d'Ivoire,2021,2022,energy_poverty_multidimensional (% of total population),43.15,43.33294191401995,44.775000000000006,43.15246131164107
Cote d'Ivoire,2021,2022,carbon_intensity_elec,413.16,425.41280054992524,431.72,423.5367315506408
Democratic Republic of the Congo,2021,2022,electricity_demand (TWh),16.64,16.96904781314129,15.6,17.144583895775277
Democratic Republic of the Congo,2021,2022,electricity_demand_per_capita (MWh),0.1625048021438602,0.16624127281556667,0.1573390655854783,0.16725998609978557
Democratic Republic of the Congo,2021,2022,electricity_demand_per_capita_with_access (MWh),0.7558362890412104,0.7697853977881726,0.7564378153147996,0.7750421246518601
Democratic Republic of the Congo,2021,2022,energy_poverty_electricity (% of total population),78.5,77.4968738895494,79.2,78.5179796096151
Democratic Republic of the Congo,2021,2022,energy_poverty_multidimensional (% of total population),86.85,86.25077446537075,87.3,86.89567898942057
Democratic Republic of the Congo,2021,2022,carbon_intensity_elec,26.78,25.38701895054345,25.37,25.570675480804724
Djibouti,2021,2022,electricity_demand (TWh),0.71,0.7378331042536729,0.71,0.749948188748797
Djibouti,2021,2022,electricity_demand_per_capita (MWh),0.6243948426744854,0.6436166436694437,0.6332212858673035,0.6585653339254847
Djibouti,2021,2022,electricity_demand_per_capita_with_access (MWh),0.960607450268439,0.9447973472665337,0.968228265852146,0.9891127674579391
Djibouti,2021,2022,energy_poverty_electricity (% of total population),35.0,33.15936118949017,34.599999999999994,33.57732605138179
Djibouti,2021,2022,energy_poverty_multidimensional (% of total population),62.6,61.14410883400753,62.4,61.75076698456968
Djibouti,2021,2022,carbon_intensity_elec,450.0,469.1027225774629,450.0,415.9803672793862
Egypt,2021,2022,electricity_demand (TWh),215.15,212.39836925451237,208.19,212.49916970130667
Egypt,2021,2022,electricity_demand_per_capita (MWh),1.9104363296279896,1.8796765498361465,1.876312360810388,1.8818647808388764
Egypt,2021,2022,electricity_demand_per_capita_with_access (MWh),1.9104363296279896,1.872440140269808,1.876312360810388,1.8818647808388764
Egypt,2021,2022,energy_poverty_electricity (% of total population),0.0,0.0,0.0,0.0
Egypt,2021,2022,energy_poverty_multidimensional (% of total population),0.0499999999999971,0.04505679378451723,0.0499999999999971,0.04352748577094563
Egypt,2021,2022,carbon_intensity_elec,570.04,560.7149391954267,568.06,563.2050068647143
Equatorial Guinea,2021,2022,electricity_demand (TWh),1.51,1.4571736406790265,1.43,1.4360767061867374
Equatorial Guinea,2021,2022,electricity_demand_per_capita (MWh),0.8372381343672947,0.8080260139192117,0.8130562043579812,0.7917907068904669
Equatorial Guinea,2021,2022,electricity_demand_per_capita_with_access (MWh),1.2496091557720816,1.1930248303820117,1.2171500065239242,1.1831784293297378
Equatorial Guinea,2021,2022,energy_poverty_electricity (% of total population),33.0,32.56344745020132,33.2,33.081284205495
Equatorial Guinea,2021,2022,energy_poverty_multidimensional (% of total population),55.15,54.63380053333494,55.2,55.27026754890847
Equatorial Guinea,2021,2022,carbon_intensity_elec,602.65,591.4028182256725,594.41,596.1654463155277
Eritrea,2021,2022,electricity_demand (TWh),0.44,0.43766807816878567,0.42,0.45880312595102113
Eritrea,2021,2022,electricity_demand_per_capita (MWh),0.1290530730763026,0.12768431964691665,0.1253662111196844,0.13505337740864662
Eritrea,2021,2022,electricity_demand_per_capita_with_access (MWh),0.2329477853362863,0.2392097813383837,0.2387927830851132,0.25150631960294445
Eritrea,2021,2022,energy_poverty_electricity (% of total population),44.6,46.577161330905284,47.5,46.45296371178934
Eritrea,2021,2022,energy_poverty_multidimensional (% of total population),67.35,66.99412925486715,67.75,67.07090798410763
Eritrea,2021,2022,carbon_intensity_elec,590.91,566.2184555821054,571.43,554.0812602126805
Eswatini,2021,2022,electricity_demand (TWh),1.47,1.4428854877370443,1.41,1.4080084666186097
Eswatini,2021,2022,electricity_demand_per_capita (MWh),1.2059846372324377,1.176915962351653,1.1685747862999938,1.1556681621868923
Eswatini,2021,2022,electricity_demand_per_capita_with_access (MWh),1.4653519285934842,1.3585550557276196,1.4096197663449863,1.3212517040371612
Eswatini,2021,2022,energy_poverty_electricity (% of total population),17.700000000000003,15.312848399754689,17.099999999999994,14.685850874966684
Eswatini,2021,2022,energy_poverty_multidimensional (% of total population),33.900000000000006,32.223437173864376,33.8,31.948056029981927
Eswatini,2021,2022,carbon_intensity_elec,127.27,137.97894649405805,137.26,124.65111417603825
Ethiopia,2021,2022,electricity_demand (TWh),15.66,14.787302911153358,14.12,14.79759038016999
Ethiopia,2021,2022,electricity_demand_per_capita (MWh),0.1248960346186924,0.11800722777414138,0.1156063798608839,0.11792752695007835
Ethiopia,2021,2022,electricity_demand_per_capita_with_access (MWh),0.2270836993067135,0.20768745233665642,0.2132959038023688,0.20763831982422656
Ethiopia,2021,2022,energy_poverty_electricity (% of total population),45.0,43.35521658926147,45.8,43.82393309704935
Ethiopia,2021,2022,energy_poverty_multidimensional (% of total population),68.85,67.92828310208802,69.65,68.4091746346321
Ethiopia,2021,2022,carbon_intensity_elec,23.55,22.48489239067188,22.81,22.56790358365699
Gabon,2021,2022,electricity_demand (TWh),3.73,3.560094835562981,3.49,3.7189793540904996
Gabon,2021,2022,electricity_demand_per_capita (MWh),1.5345058109636944,1.4706059100859434,1.46840468559941,1.5265282622497087
Gabon,2021,2022,electricity_demand_per_capita_with_access (MWh),1.6411826855226677,1.571248688803157,1.5995693742912962,1.6492588155188403
Gabon,2021,2022,energy_poverty_electricity (% of total population),6.5,7.412608880503749,8.200000000000003,7.611447037367412
Gabon,2021,2022,energy_poverty_multidimensional (% of total population),7.75,8.299236546431368,8.849999999999994,8.272705938779994
Gabon,2021,2022,carbon_intensity_elec,429.47,423.65492535817583,439.19,423.7726008534753
Gambia,2021,2022,electricity_demand (TWh),0.51,0.5259189903961007,0.5,0.5537831315150938
Gambia,2021,2022,electricity_demand_per_capita (MWh),0.1934403247976841,0.19953740236217157,0.1940982486515024,0.20986127468875754
Gambia,2021,2022,electricity_demand_per_capita_with_access (MWh),0.2957803131463061,0.3064467817139231,0.3047068267684496,0.32152951156120857
Gambia,2021,2022,energy_poverty_electricity (% of total population),34.599999999999994,35.31271113813888,36.3,34.99376348075258
Gambia,2021,2022,energy_poverty_multidimensional (% of total population),66.44999999999999,66.55517625064418,67.3,66.6210426824981
Gambia,2021,2022,carbon_intensity_elec,666.67,660.750858502198,660.0,658.6740294238169
Ghana,2021,2022,electricity_demand (TWh),21.05,21.749641912954576,20.39,22.068182306908746
Ghana,2021,2022,electricity_demand_per_capita (MWh),0.635008702485059,0.6548700977249251,0.6270245682310053,0.6648886320069695
Ghana,2021,2022,electricity_demand_per_capita_with_access (MWh),0.7461911897591764,0.7433735037712195,0.7265638102329147,0.7575138796650346
Ghana,2021,2022,energy_poverty_electricity (% of total population),14.900000000000006,12.814042462986102,13.700000000000005,12.614516550859342
Ghana,2021,2022,energy_poverty_multidimensional (% of total population),41.7,40.061312398687626,41.900000000000006,40.60856206296366
Ghana,2021,2022,carbon_intensity_elec,469.42,459.00643196222984,478.26,493.2145309246295
Guinea,2021,2022,electricity_demand (TWh),4.0,4.147190528943804,3.64,4.285055714818838
Guinea,2021,2022,electricity_demand_per_capita (MWh),0.284593475296148,0.29533009022024226,0.2654896624962665,0.3046878334811348
Guinea,2021,2022,electricity_demand_per_capita_with_access (MWh),0.5966320236816519,0.5819811130159258,0.5672856036245012,0.6089324965670065
Guinea,2021,2022,energy_poverty_electricity (% of total population),52.3,50.542101618365045,53.2,50.87795298343657
Guinea,2021,2022,energy_poverty_multidimensional (% of total population),75.65,74.49477478725639,76.1,74.82651535726569
Guinea,2021,2022,carbon_intensity_elec,185.0,197.59024727542075,192.31,185.57884048671878
Guinea-Bissau,2021,2022,electricity_demand (TWh),0.08,0.08169071865203004,0.08,0.08
Guinea-Bissau,2021,2022,electricity_demand_per_capita (MWh),0.0379950938835022,0.038767124382683274,0.0388568131293285,0.037959707478221076
Guinea-Bissau,2021,2022,electricity_demand_per_capita_with_access (MWh),0.1015911601163162,0.10110050083261259,0.1085385841601357,0.09696839484813148
Guinea-Bissau,2021,2022,energy_poverty_electricity (% of total population),62.6,61.92376645796069,64.2,61.891521331231594
Guinea-Bissau,2021,2022,energy_poverty_multidimensional (% of total population),80.85,80.49017940358777,81.625,80.40652601342872
Guinea-Bissau,2021,2022,carbon_intensity_elec,625.0,624.87376604894,625.0,625.0
Kenya,2021,2022,electricity_demand (TWh),13.26,13.13509396626413,12.65,13.331716269005291
Kenya,2021,2022,electricity_demand_per_capita (MWh),0.2444128890897441,0.2414325951712716,0.2376963171933901,0.24553025488344984
Kenya,2021,2022,electricity_demand_per_capita_with_access (MWh),0.3215959066970317,0.3046001591185292,0.3107141401220785,0.2983528537018356
Kenya,2021,2022,energy_poverty_electricity (% of total population),24.0,21.805056596025047,23.5,20.466654831700904
Kenya,2021,2022,energy_poverty_multidimensional (% of total population),47.75,47.2265005566261,48.85,45.94828393814356
Kenya,2021,2022,carbon_intensity_elec,109.57,89.5044724013104,96.12,93.82413874606681
Lesotho,2021,2022,electricity_demand (TWh),0.91,1.0030207873692703,0.96,0.9746472864666523
Lesotho,2021,2022,electricity_demand_per_capita (MWh),0.3980557383015355,0.4336574779860244,0.4244878178628895,0.42584689524748237
Lesotho,2021,2022,electricity_demand_per_capita_with_access (MWh),0.796111476603071,0.8164470599870023,0.8422377338549396,0.7859560440807462
Lesotho,2021,2022,energy_poverty_electricity (% of total population),50.0,46.746442111017444,49.6,47.00337819290543
Lesotho,2021,2022,energy_poverty_multidimensional (% of total population),49.1,48.2784995315353,49.900000000000006,47.77187613045711
Lesotho,2021,2022,carbon_intensity_elec,20.83,19.833359973298965,18.87,18.79881280805337
Liberia,2021,2022,electricity_demand (TWh),0.39,0.40855996130091843,0.38,0.3983969975860199
Liberia,2021,2022,electricity_demand_per_capita (MWh),0.0725811359394427,0.07579375260076267,0.0722525904930421,0.07424052491989473
Liberia,2021,2022,electricity_demand_per_capita_with_access (MWh),0.2282425658473043,0.23453110270856695,0.2424583573592019,0.22447922543128268
Liberia,2021,2022,energy_poverty_electricity (% of total population),68.2,68.24858587991767,70.2,68.00245120508619
Liberia,2021,2022,energy_poverty_multidimensional (% of total population),83.7,83.55845321599477,84.75,83.57086004467423
Liberia,2021,2022,carbon_intensity_elec,435.9,499.47439578001496,421.05,384.07693172103853
Madagascar,2021,2022,electricity_demand (TWh),2.64,2.6727255911589114,2.53,2.6791307150282724
Madagascar,2021,2022,electricity_demand_per_capita (MWh),0.0867357939993352,0.08770968470272611,0.0852107570194381,0.08793676957061866
Madagascar,2021,2022,electricity_demand_per_capita_with_access (MWh),0.2402653573388787,0.22871763961517522,0.2427656895140689,0.23002183588794986
Madagascar,2021,2022,energy_poverty_electricity (% of total population),63.9,61.51504571715271,64.9,62.702197337860866
Madagascar,2021,2022,energy_poverty_multidimensional (% of total population),81.2,79.80628864224107,81.75,80.54515869688493
Madagascar,2021,2022,carbon_intensity_elec,477.27,446.5403503341148,486.17,516.8844273757959
Malawi,2021,2022,electricity_demand (TWh),1.81,1.8018606545951126,1.81,1.752017212066969
Malawi,2021,2022,electricity_demand_per_capita (MWh),0.0879976504141164,0.08752238909208995,0.090286634625054,0.08510712475423589
Malawi,2021,2022,electricity_demand_per_capita_with_access (MWh),0.6285546458151176,0.6180588857650788,0.6358213705989724,0.5695062143734518
Malawi,2021,2022,energy_poverty_electricity (% of total population),86.0,84.84129328646625,85.8,85.17394130665936
Malawi,2021,2022,energy_poverty_multidimensional (% of total population),92.2,91.5797611054193,92.05,91.77252697711222
Malawi,2021,2022,carbon_intensity_elec,54.65,36.242390694659036,54.65,52.04445378363839
Mali,2021,2022,electricity_demand (TWh),4.61,4.220194093046426,4.1,4.467230617169106
Mali,2021,2022,electricity_demand_per_capita (MWh),0.1998037415829423,0.1837435861756306,0.1831286111789654,0.19347552621216724
Mali,2021,2022,electricity_demand_per_capita_with_access (MWh),0.3769881916659289,0.3307873206823181,0.3429374741179128,0.33989352874037104
Mali,2021,2022,energy_poverty_electricity (% of total population),47.0,44.91950063642891,46.6,44.127854804338135
Mali,2021,2022,energy_poverty_multidimensional (% of total population),72.85,71.38043612865945,72.7,71.30414715656062
Mali,2021,2022,carbon_intensity_elec,391.71,410.0093066788757,416.24,435.72539234938597
Mauritania,2021,2022,electricity_demand (TWh),2.02,1.8347213441078363,1.77,1.8603390416503203
Mauritania,2021,2022,electricity_demand_per_capita (MWh),0.4143042437060622,0.37844306037771,0.3738219855480842,0.38150091529525965
Mauritania,2021,2022,electricity_demand_per_capita_with_access (MWh),0.8455188647062494,0.7682181135168278,0.7836938900379126,0.7766994076807907
Mauritania,2021,2022,energy_poverty_electricity (% of total population),51.0,50.18525561999953,52.3,51.088901113477576
Mauritania,2021,2022,energy_poverty_multidimensional (% of total population),51.05,50.69477569866541,52.1,51.18073545078215
Mauritania,2021,2022,carbon_intensity_elec,481.71,458.7300208691794,474.68,471.40873465641226
Mauritius,2021,2022,electricity_demand (TWh),3.12,3.0678059459774953,2.99,2.9781423889743825
Mauritius,2021,2022,electricity_demand_per_capita (MWh),2.4448843146566115,2.3668790300065674,2.336616579193328,2.3317635194744186
Mauritius,2021,2022,electricity_demand_per_capita_with_access (MWh),2.4448843146566115,2.3618687128805025,2.346000581519406,2.3415979489497363
Mauritius,2021,2022,energy_poverty_electricity (% of total population),0.0,0.20733018363527175,0.4000000000000057,0.4236895250284865
Mauritius,2021,2022,energy_poverty_multidimensional (% of total population),0.4500000000000028,0.6521826100083301,0.7000000000000028,0.6733391403762576
Mauritius,2021,2022,carbon_intensity_elec,615.39,630.5792724316972,628.76,627.9570851109295
Morocco,2021,2022,electricity_demand (TWh),42.81,42.77198133012052,41.14,42.248218746437395
Morocco,2021,2022,electricity_demand_per_capita (MWh),1.1468274536080032,1.141446784445788,1.1132626190577408,1.1310458670871109
Morocco,2021,2022,electricity_demand_per_capita_with_access (MWh),1.1468274536080032,1.1243084257883453,1.1132626190577408,1.1260248844181027
Morocco,2021,2022,energy_poverty_electricity (% of total population),0.0,0.0,0.0,0.0
Morocco,2021,2022,energy_poverty_multidimensional (% of total population),0.9500000000000028,0.669546339813091,0.9500000000000028,0.810633297613752
Morocco,2021,2022,carbon_intensity_elec,662.64,635.42401888563,639.95,641.2215444600299
Mozambique,2021,2022,electricity_demand (TWh),16.37,16.488030359394706,15.9,15.975051173941596
Mozambique,2021,2022,electricity_demand_per_capita (MWh),0.5012824194529181,0.506212371774342,0.5014539325625829,0.4890952754596096
Mozambique,2021,2022,electricity_demand_per_capita_with_access (MWh),1.5098868055810786,1.567765054874227,1.591917246230422,1.496514951073321
Mozambique,2021,2022,energy_poverty_electricity (% of total population),66.8,67.03733961711652,68.5,67.48657896702383
Mozambique,2021,2022,energy_poverty_multidimensional (% of total population),79.95,79.92157579731068,81.0,80.28910747656421
Mozambique,2021,2022,carbon_intensity_elec,127.81,135.11128252580062,131.5,131.2890193161558
Namibia,2021,2022,electricity_demand (TWh),4.07,4.062987157906022,3.95,3.8569544715296455
Namibia,2021,2022,electricity_demand_per_capita (MWh),1.4084663013190444,1.4144958822067477,1.405417868091393,1.3339658731833606
Namibia,2021,2022,electricity_demand_per_capita_with_access (MWh),2.5061677959413604,2.449970452627944,2.546046862484407,2.366405159290054
Namibia,2021,2022,energy_poverty_electricity (% of total population),43.8,42.2218433542594,44.8,43.77438162458854
Namibia,2021,2022,energy_poverty_multidimensional (% of total population),48.05,47.19842170357345,48.65,47.86906235397635
Namibia,2021,2022,carbon_intensity_elec,45.46,45.55728632331223,46.36,44.95862009558468
Niger,2021,2022,electricity_demand (TWh),1.95,1.9192794600179326,1.83,1.909365025755058
Niger,2021,2022,electricity_demand_per_capita (MWh),0.0770386257446968,0.0760970643243167,0.0746873385983145,0.07533179648811372
Niger,2021,2022,electricity_demand_per_capita_with_access (MWh),0.3950698756138299,0.40120507426781626,0.4015448311737341,0.3977888234329572
Niger,2021,2022,energy_poverty_electricity (% of total population),80.5,80.4623477756381,81.4,81.08372039789894
Niger,2021,2022,energy_poverty_multidimensional (% of total population),88.0,87.97565955428992,88.65,88.31385783026097
Niger,2021,2022,carbon_intensity_elec,683.54,682.9961784010432,690.14,685.4088778817954
Nigeria,2021,2022,electricity_demand (TWh),35.57,37.53287250473929,36.14,36.45612948524175
Nigeria,2021,2022,electricity_demand_per_capita (MWh),0.1593988598908041,0.16794616846261004,0.1653782916766588,0.16314107315729495
Nigeria,2021,2022,electricity_demand_per_capita_with_access (MWh),0.2634691899021555,0.27804959716658345,0.2779467087002669,0.2740021023739054
Nigeria,2021,2022,energy_poverty_electricity (% of total population),39.5,32.18401842275401,40.5,40.46011809100136
Nigeria,2021,2022,energy_poverty_multidimensional (% of total population),57.55,56.60487642267839,59.325,57.95958477501425
Nigeria,2021,2022,carbon_intensity_elec,497.37,511.2707400434304,522.7,525.0267521012894
Rwanda,2021,2022,electricity_demand (TWh),1.06,1.075332904944581,1.02,1.096651227188245
Rwanda,2021,2022,electricity_demand_per_capita (MWh),0.0776498468063753,0.0785991302226742,0.0763744022954251,0.08026661938630593
Rwanda,2021,2022,electricity_demand_per_capita_with_access (MWh),0.1534581952695164,0.15217212164952354,0.1568262880809551,0.14899431895531115
Rwanda,2021,2022,energy_poverty_electricity (% of total population),49.4,48.4000816936779,51.3,48.12601452825769
Rwanda,2021,2022,energy_poverty_multidimensional (% of total population),71.05,70.943479628121,72.8,70.63700268092813
Rwanda,2021,2022,carbon_intensity_elec,288.46,256.1273642461654,280.0,268.7454351985356
Sao Tome and Principe,2021,2022,electricity_demand (TWh),0.09,0.11185593850711481,0.11,0.11
Sao Tome and Principe,2021,2022,electricity_demand_per_capita (MWh),0.3976793202334819,0.49438623523765335,0.4955513008221646,0.4871097981257185
Sao Tome and Principe,2021,2022,electricity_demand_per_capita_with_access (MWh),0.5098452823506179,0.6128053411282992,0.6312755424486174,0.6054177765393396
Sao Tome and Principe,2021,2022,energy_poverty_electricity (% of total population),22.0,19.920958866646505,21.5,20.034654913020713
Sao Tome and Principe,2021,2022,energy_poverty_multidimensional (% of total population),58.9,57.34790745358612,58.8,57.7847793328338
Sao Tome and Principe,2021,2022,carbon_intensity_elec,555.56,642.5339213888928,636.36,636.36
Senegal,2021,2022,electricity_demand (TWh),7.65,7.4965109745350595,6.97,7.407756686398046
Senegal,2021,2022,electricity_demand_per_capita (MWh),0.4334007757817232,0.42514625460002586,0.4047415501636213,0.4186379714302645
Senegal,2021,2022,electricity_demand_per_capita_with_access (MWh),0.6382927478375895,0.6138305673596642,0.5952081620053253,0.6091719079973462
Senegal,2021,2022,energy_poverty_electricity (% of total population),32.099999999999994,30.513744698327763,32.0,31.342548267989947
Senegal,2021,2022,energy_poverty_multidimensional (% of total population),49.3,48.61935716966186,49.95,49.25038537627139
Senegal,2021,2022,carbon_intensity_elec,550.28,546.5297882696915,546.55,532.3513245147337
Seychelles,2021,2022,electricity_demand (TWh),0.62,0.6184864149708095,0.6,0.6222823692537949
Seychelles,2021,2022,electricity_demand_per_capita (MWh),4.938940358312157,4.928898559754474,4.878048780487805,4.945956671979366
Seychelles,2021,2022,electricity_demand_per_capita_with_access (MWh),4.938940358312157,4.91373749100548,4.878048780487805,4.945956671979366
Seychelles,2021,2022,energy_poverty_electricity (% of total population),0.0,0.0,0.0,0.0
Seychelles,2021,2022,energy_poverty_multidimensional (% of total population),0.0,0.0,0.0,0.0
Seychelles,2021,2022,carbon_intensity_elec,564.52,559.2045204469978,566.67,553.0447459571341
Sierra Leone,2021,2022,electricity_demand (TWh),0.2,0.19759602110025246,0.2,0.19805788417812395
Sierra Leone,2021,2022,electricity_demand_per_capita (MWh),0.0241639018128846,0.02385872214609668,0.0247078207541494,0.023904975343716932
Sierra Leone,2021,2022,electricity_demand_per_capita_with_access (MWh),0.0821901422206961,0.08324645151388643,0.0898466209241796,0.08180657621859908
Sierra Leone,2021,2022,energy_poverty_electricity (% of total population),70.6,71.34042890447701,72.5,71.14001355492718
Sierra Leone,2021,2022,energy_poverty_multidimensional (% of total population),84.9,85.23668186199232,85.85,85.12855103268382
Sierra Leone,2021,2022,carbon_intensity_elec,50.0,39.306959016746326,50.0,36.59418879281604
Somalia,2021,2022,electricity_demand (TWh),0.42,0.39199919056072097,0.38,0.38413140556334274
Somalia,2021,2022,electricity_demand_per_capita (MWh),0.0235929938919424,0.022042093596074,0.0220016460705204,0.021431295703779062
Somalia,2021,2022,electricity_demand_per_capita_with_access (MWh),0.0482474312718658,0.04448027210954573,0.0446280853357413,0.043784090681706064
Somalia,2021,2022,energy_poverty_electricity (% of total population),51.1,50.2510671029072,50.7,51.06787414098411
Somalia,2021,2022,energy_poverty_multidimensional (% of total population),73.15,72.67685800784749,73.2,73.18001637703702
Somalia,2021,2022,carbon_intensity_elec,523.81,573.6966315017042,578.95,567.6544566039348
South Africa,2021,2022,electricity_demand (TWh),237.66,247.2376269515415,241.89,240.9158801724832
South Africa,2021,2022,electricity_demand_per_capita (MWh),3.8099716445192895,3.945347303850622,3.9330043304509297,3.861560344413567
South Africa,2021,2022,electricity_demand_per_capita_with_access (MWh),4.404591496554092,4.3179325394676935,4.404260168478085,4.270644954115841
South Africa,2021,2022,energy_poverty_electricity (% of total population),13.5,9.468231354475032,10.700000000000005,9.860418714385913
South Africa,2021,2022,energy_poverty_multidimensional (% of total population),12.150000000000006,10.221393796605968,11.0,10.264200879970518
South Africa,2021,2022,carbon_intensity_elec,729.02,736.0819560990092,741.51,734.155969549299
South Sudan,2021,2022,electricity_demand (TWh),0.51,0.5902128472805502,0.57,0.5805627367026529
South Sudan,2021,2022,electricity_demand_per_capita (MWh),0.0462745578397947,0.05348891903601728,0.0524582391002362,0.053395213910443544
South Sudan,2021,2022,electricity_demand_per_capita_with_access (MWh),0.55088759333089,0.6685079765743965,0.6812758324706011,0.6435297614671813
South Sudan,2021,2022,energy_poverty_electricity (% of total population),91.6,91.48212667011393,92.3,91.82734873590975
South Sudan,2021,2022,energy_poverty_multidimensional (% of total population),95.8,95.68932245873289,96.15,95.9117809058369
South Sudan,2021,2022,carbon_intensity_elec,647.06,665.6086633690762,649.12,648.1781140078549
Sudan,2021,2022,electricity_demand (TWh),17.66,18.864871820509297,18.63,19.45267304202298
Sudan,2021,2022,electricity_demand_per_capita (MWh),0.3576104526254844,0.38292280943554396,0.3875845617766726,0.3925267353876302
Sudan,2021,2022,electricity_demand_per_capita_with_access (MWh),0.5658393237745006,0.6002386687401391,0.6271594850755221,0.6100161694728204
Sudan,2021,2022,energy_poverty_electricity (% of total population),36.8,36.16266720108929,38.2,36.27062135858821
Sudan,2021,2022,energy_poverty_multidimensional (% of total population),34.3,34.701001968781995,36.25,34.15396763811792
Sudan,2021,2022,carbon_intensity_elec,204.41,240.65146947959568,261.58,253.94155777648288
Tanzania,2021,2022,electricity_demand (TWh),9.77,9.249302036410729,8.79,9.220732666055627
Tanzania,2021,2022,electricity_demand_per_capita (MWh),0.1509770502212099,0.14341414104415823,0.1399004080985624,0.14228423045753488
Tanzania,2021,2022,electricity_demand_per_capita_with_access (MWh),0.3296442144567903,0.32194852890387776,0.327635616155884,0.3160953345732419
Tanzania,2021,2022,energy_poverty_electricity (% of total population),54.2,55.030290708582825,57.3,55.502390889132926
Tanzania,2021,2022,energy_poverty_multidimensional (% of total population),72.75,73.11493822190154,74.75,73.45060961542113
Tanzania,2021,2022,carbon_intensity_elec,349.27,300.5306412128211,320.23,318.6108529102975
Togo,2021,2022,electricity_demand (TWh),2.03,1.539493563055121,1.51,1.4763692647029292
Togo,2021,2022,electricity_demand_per_capita (MWh),0.2515920946045765,0.18944965988920298,0.1902677419944217,0.1824475331172973
Togo,2021,2022,electricity_demand_per_capita_with_access (MWh),0.43984631923877,0.32938332990977687,0.3415937917314574,0.31634496245192223
Togo,2021,2022,energy_poverty_electricity (% of total population),42.8,42.73987877771041,44.3,42.707302874001584
Togo,2021,2022,energy_poverty_multidimensional (% of total population),65.25,65.09665970388895,66.44999999999999,65.2391165190614
Togo,2021,2022,carbon_intensity_elec,477.78,464.56167854078535,464.79,454.2489354433236
Tunisia,2021,2022,electricity_demand (TWh),23.98,23.911242689433255,22.93,23.682819867633302
Tunisia,2021,2022,electricity_demand_per_capita (MWh),1.9786559298865996,1.951117201850252,1.9031217255080972,1.9483380539080712
Tunisia,2021,2022,electricity_demand_per_capita_with_access (MWh),1.9786559298865996,1.9436696024255435,1.9050267522603577,1.9506786340964701
Tunisia,2021,2022,energy_poverty_electricity (% of total population),0.0,0.0918091525297653,0.0999999999999943,1.000011000011932
Tunisia,2021,2022,energy_poverty_multidimensional (% of total population),0.0499999999999971,0.08739913351905797,0.0999999999999943,0.0999999999999943
Tunisia,2021,2022,carbon_intensity_elec,565.62,558.0371950130341,564.38,564.5721961978433
Uganda,2021,2022,electricity_demand (TWh),5.34,5.155702945678249,4.9,5.197287268424774
Uganda,2021,2022,electricity_demand_per_capita (MWh),0.1128660585511067,0.1092175592711182,0.1067283954664304,0.10945657246932719
Uganda,2021,2022,electricity_demand_per_capita_with_access (MWh),0.239630697560736,0.22918279729435606,0.2361247687310407,0.2179605780858983
Uganda,2021,2022,energy_poverty_electricity (% of total population),52.9,52.601506962398396,54.8,51.70301571172341
Uganda,2021,2022,energy_poverty_multidimensional (% of total population),75.65,75.23638983651057,76.65,74.88829805518384
Uganda,2021,2022,carbon_intensity_elec,57.39,53.55502546958883,55.03,54.89697022856211
Zambia,2021,2022,electricity_demand (TWh),16.43,16.31376820091887,15.59,16.127392669400926
Zambia,2021,2022,electricity_demand_per_capita (MWh),0.8152658657411439,0.8115373624894152,0.7952616890460481,0.7987527359517187
Zambia,2021,2022,electricity_demand_per_capita_with_access (MWh),1.7055771249814726,1.6377165073421294,1.7029158223684115,1.6182020709544984
Zambia,2021,2022,energy_poverty_electricity (% of total population),52.2,50.617529988528666,53.3,51.28922623300218
Zambia,2021,2022,energy_poverty_multidimensional (% of total population),71.25,69.85375818717206,71.55,70.75705997312824
Zambia,2021,2022,carbon_intensity_elec,111.97,101.20141670910716,86.91,91.99020610452725
Zimbabwe,2021,2022,electricity_demand (TWh),10.85,10.928788318941683,10.31,10.589344827459962
Zimbabwe,2021,2022,electricity_demand_per_capita (MWh),0.6752105801328404,0.6750618708196857,0.6526464783044105,0.6598491004599688
Zimbabwe,2021,2022,electricity_demand_per_capita_with_access (MWh),1.3477257088479846,1.2839385364625282,1.331931588376348,1.3088416868527082
Zimbabwe,2021,2022,energy_poverty_electricity (% of total population),49.9,47.53157333517106,51.0,49.79097634275944
Zimbabwe,2021,2022,energy_poverty_multidimensional (% of total population),59.7,58.29747580569427,60.35,59.68271807294081
Zimbabwe,2021,2022,carbon_intensity_elec,297.54,267.95085716723975,269.55,239.3627383470003
Algeria,2022,2023,electricity_demand (TWh),93.44,88.20883629755556,88.9,92.34004227659359
Algeria,2022,2023,electricity_demand_per_capita (MWh),2.024078300290645,1.922946199529308,1.9548175048124463,1.9944748042350768
Algeria,2022,2023,electricity_demand_per_capita_with_access (MWh),2.024078300290645,1.9290242899149843,1.9548175048124463,1.9924753250303713
Algeria,2022,2023,energy_poverty_electricity (% of total population),0.0,0.00010046854560993641,0.0,0.0
Algeria,2022,2023,energy_poverty_multidimensional (% of total population),0.1500000000000056,0.18886131707021964,0.1500000000000056,0.12272823709445493
Algeria,2022,2023,carbon_intensity_elec,633.61,631.2056080762042,633.65,633.1928233721028
Angola,2022,2023,electricity_demand (TWh),15.75,17.93214959036044,17.31,18.674379857564357
Angola,2022,2023,electricity_demand_per_capita (MWh),0.4285724897985462,0.489519160563164,0.4857580019300111,0.5068872831530234
Angola,2022,2023,electricity_demand_per_capita_with_access (MWh),0.838693717805374,0.9850247642327684,1.0015628905773426,1.019550526534577
Angola,2022,2023,energy_poverty_electricity (% of total population),48.9,50.17805803499527,51.5,50.460854795511764
Angola,2022,2023,energy_poverty_multidimensional (% of total population),49.35,49.739700093171884,50.75,50.05914809615276
Angola,2022,2023,carbon_intensity_elec,183.49,162.81622054428058,172.16,158.11329691981751
Benin,2022,2023,electricity_demand (TWh),2.29,1.9666456024487347,1.82,1.910557586795682
Benin,2022,2023,electricity_demand_per_capita (MWh),0.1622843398801009,0.1395242604755738,0.132272180972763,0.13514741826483687
Benin,2022,2023,electricity_demand_per_capita_with_access (MWh),0.2847093682107033,0.2484443886080478,0.2341100548190496,0.22290416138382702
Benin,2022,2023,energy_poverty_electricity (% of total population),43.0,31.499224282902382,43.5,40.895988317877865
Benin,2022,2023,energy_poverty_multidimensional (% of total population),68.5,67.61584584610745,68.8,67.24711812664499
Benin,2022,2023,carbon_intensity_elec,590.0,629.4882013447066,595.96,584.9267431622089
Botswana,2022,2023,electricity_demand (TWh),4.74,4.495737119271419,4.36,4.36
Botswana,2022,2023,electricity_demand_per_capita (MWh),1.911103835835374,1.8088575797599795,1.786962143862748,1.7610002654936812
Botswana,2022,2023,electricity_demand_per_capita_with_access (MWh),2.514610310309703,2.33556657541563,2.354363825906124,2.256315637625634
Botswana,2022,2023,energy_poverty_electricity (% of total population),24.0,22.56719975158976,24.099999999999994,22.56174631264312
Botswana,2022,2023,energy_poverty_multidimensional (% of total population),28.8,27.85462789224195,29.05,27.984642093244062
Botswana,2022,2023,carbon_intensity_elec,854.49,841.9198447305727,847.66,845.8272824390754
Burkina Faso,2022,2023,electricity_demand (TWh),3.27,3.4840252959005085,3.18,3.558326515222659
Burkina Faso,2022,2023,electricity_demand_per_capita (MWh),0.1420147515543123,0.15077357176144476,0.1412765840992405,0.15412961791070576
Burkina Faso,2022,2023,electricity_demand_per_capita_with_access (MWh),0.654445859697292,0.7590384410215837,0.7244953030730281,0.7694796816039793
Burkina Faso,2022,2023,energy_poverty_electricity (% of total population),78.3,79.42204401132456,80.5,80.02656672427833
Burkina Faso,2022,2023,energy_poverty_multidimensional (% of total population),80.65,81.42938296329035,82.3,81.57301608231177
Burkina Faso,2022,2023,carbon_intensity_elec,562.13,559.4053420652724,568.05,570.1587977144898
Burundi,2022,2023,electricity_demand (TWh),0.6,0.5092201129587033,0.49,0.5288531844106366
Burundi,2022,2023,electricity_demand_per_capita (MWh),0.0438293562453728,0.03728725292925968,0.0367837435671613,0.03859186464742006
Burundi,2022,2023,electricity_demand_per_capita_with_access (MWh),0.3778392779773518,0.3465478124846139,0.3571237239530226,0.36287378160227013
Burundi,2022,2023,energy_poverty_electricity (% of total population),88.4,88.72619945867632,89.7,89.4034616065927
Burundi,2022,2023,energy_poverty_multidimensional (% of total population),94.15,94.24568633367763,94.75,94.60082547538036
Burundi,2022,2023,carbon_intensity_elec,180.0,250.42318158210918,230.77,292.5828515598857
Cameroon,2022,2023,electricity_demand (TWh),7.28,8.546672671627555,8.15,8.327827224490123
Cameroon,2022,2023,electricity_demand_per_capita (MWh),0.2565847651385892,0.30255853162655433,0.2949396676482307,0.29325125298262505
Cameroon,2022,2023,electricity_demand_per_capita_with_access (MWh),0.3563677293591517,0.4177145423407427,0.4154079826031419,0.40137963126963816
Cameroon,2022,2023,energy_poverty_electricity (% of total population),28.0,27.6038143338723,29.0,27.46375957836737
Cameroon,2022,2023,energy_poverty_multidimensional (% of total population),48.65,48.29522248673226,49.8,48.50905423429883
Cameroon,2022,2023,carbon_intensity_elec,224.38,261.9284567012914,280.98,277.9942672854338
Cape Verde,2022,2023,electricity_demand (TWh),0.5,0.5223032649193367,0.5,0.5088575842132791
Cape Verde,2022,2023,electricity_demand_per_capita (MWh),0.9572400853858156,0.994218980980122,0.962000962000962,0.9767713027333529
Cape Verde,2022,2023,electricity_demand_per_capita_with_access (MWh),0.9708317296002188,1.0146988415218465,0.990732195675553,0.9886406558794254
Cape Verde,2022,2023,energy_poverty_electricity (% of total population),1.4000000000000057,0.07590802463510643,2.9000000000000057,2.2732435800814286
Cape Verde,2022,2023,energy_poverty_multidimensional (% of total population),8.75,8.307855202000269,9.950000000000005,9.0181236162039
Cape Verde,2022,2023,carbon_intensity_elec,480.0,477.0336370603182,480.0,471.6452243466492
Central African Republic,2022,2023,electricity_demand (TWh),0.14,0.13820326068640265,0.14,0.1355422042137038
Central African Republic,2022,2023,electricity_demand_per_capita (MWh),0.02717172432733,0.02667129516138219,0.0274615450100607,0.026242021714097973
Central African Republic,2022,2023,electricity_demand_per_capita_with_access (MWh),0.154384797314375,0.16345988179192558,0.1749142994271384,0.16279156385098983
Central African Republic,2022,2023,energy_poverty_electricity (% of total population),82.4,82.98144584516145,84.3,83.92264988511262
Central African Republic,2022,2023,energy_poverty_multidimensional (% of total population),90.7,90.92957014268259,91.65,91.435107921887
Central African Republic,2022,2023,carbon_intensity_elec,0.0,0.0,0.0,0.0
Chad,2022,2023,electricity_demand (TWh),0.36,0.41885059026259336,0.39,0.4052114914977801
Chad,2022,2023,electricity_demand_per_capita (MWh),0.0186344325491774,0.022097046255950856,0.021132119146789,0.021237642230382783
Chad,2022,2023,electricity_demand_per_capita_with_access (MWh),0.1552869379098119,0.18523203473202354,0.1806164029640091,0.17438967096745547
Chad,2022,2023,energy_poverty_electricity (% of total population),88.0,86.86705765566778,88.3,87.89007722894353
Chad,2022,2023,energy_poverty_multidimensional (% of total population),89.15,88.89997932711863,89.75,89.211492241947
Chad,2022,2023,carbon_intensity_elec,611.11,598.9168653619532,615.39,615.8059823927365
Comoros,2022,2023,electricity_demand (TWh),0.14,0.15692182327965323,0.14,0.1612342193006522
Comoros,2022,2023,electricity_demand_per_capita (MWh),0.164630346076506,0.18454036876503335,0.1678272721714811,0.18953526232785342
Comoros,2022,2023,electricity_demand_per_capita_with_access (MWh),0.1833300067667105,0.19987002892703185,0.1866821714921925,0.20518834464131794
Comoros,2022,2023,energy_poverty_electricity (% of total population),10.200000000000005,8.98024866806568,10.099999999999994,8.767779107690785
Comoros,2022,2023,energy_poverty_multidimensional (% of total population),49.9,48.69343225679282,50.2,48.8942867992251
Comoros,2022,2023,carbon_intensity_elec,642.86,641.2316100369987,642.86,638.9751754212306
Congo,2022,2023,electricity_demand (TWh),5.31,5.222484415312743,4.95,5.389891067377353
Congo,2022,2023,electricity_demand_per_capita (MWh),0.8588216837110154,0.8459755701910738,0.8202012757360934,0.8718226137315495
Congo,2022,2023,electricity_demand_per_capita_with_access (MWh),1.6741163425165992,1.6363306547721705,1.620951137818366,1.691487916361233
Congo,2022,2023,energy_poverty_electricity (% of total population),48.7,48.223814872610376,49.4,48.56799994205143
Congo,2022,2023,energy_poverty_multidimensional (% of total population),54.3,54.30776395455981,55.3,54.054407358612536
Congo,2022,2023,carbon_intensity_elec,692.16,679.2236873561542,707.07,735.3281712062745
Cote d'Ivoire,2022,2023,electricity_demand (TWh),10.27,12.69913573049749,11.85,12.401388669769839
Cote d'Ivoire,2022,2023,electricity_demand_per_capita (MWh),0.3295294342140047,0.4078935107826463,0.3898667030937058,0.39749694815877756
Cote d'Ivoire,2022,2023,electricity_demand_per_capita_with_access (MWh),0.4551511522292882,0.5672740064910262,0.5537879305308321,0.5561614208306912
Cote d'Ivoire,2022,2023,energy_poverty_electricity (% of total population),27.599999999999994,28.586414814569203,29.599999999999994,28.689895089981803
Cote d'Ivoire,2022,2023,energy_poverty_multidimensional (% of total population),41.75,41.941549598684944,43.15,41.58595207559657
Cote d'Ivoire,2022,2023,carbon_intensity_elec,398.91,416.6819056616715,413.16,403.6562790464835
Democratic Republic of the Congo,2022,2023,electricity_demand (TWh),17.07,17.47213758724265,16.64,18.19673210493584
Democratic Republic of the Congo,2022,2023,electricity_demand_per_capita (MWh),0.1613578134278872,0.16581858333094127,0.1625048021438602,0.1719230239984831
Democratic Republic of the Congo,2022,2023,electricity_demand_per_capita_with_access (MWh),0.7301258526148741,0.7392962036094859,0.7558362890412104,0.771193843646744
Democratic Republic of the Congo,2022,2023,energy_poverty_electricity (% of total population),77.9,76.67111290895001,78.5,77.82103716762474
Democratic Republic of the Congo,2022,2023,energy_poverty_multidimensional (% of total population),86.45,85.72758019160452,86.85,86.44018753706898
Democratic Republic of the Congo,2022,2023,carbon_intensity_elec,26.87,26.216041024859,26.78,27.200509232315035
Djibouti,2022,2023,electricity_demand (TWh),0.71,0.7333261492886158,0.71,0.7431373829740111
Djibouti,2022,2023,electricity_demand_per_capita (MWh),0.6158110795688628,0.6318227147152596,0.6243948426744854,0.6436445191241037
Djibouti,2022,2023,electricity_demand_per_capita_with_access (MWh),0.9444955208111392,0.948239436935197,0.960607450268439,0.9765564630026004
Djibouti,2022,2023,energy_poverty_electricity (% of total population),34.8,33.73851520127947,35.0,34.20122877153913
Djibouti,2022,2023,energy_poverty_multidimensional (% of total population),62.4,61.552606781193205,62.6,62.089871715999365
Djibouti,2022,2023,carbon_intensity_elec,450.0,421.40959225726783,450.0,421.4662282199342
Egypt,2022,2023,electricity_demand (TWh),220.53,220.48527406029132,215.15,220.05744937045338
Egypt,2022,2023,electricity_demand_per_capita (MWh),1.92542466121414,1.9253478284929213,1.9104363296279896,1.9209078678967773
Egypt,2022,2023,electricity_demand_per_capita_with_access (MWh),1.92542466121414,1.9231203453133574,1.9104363296279896,1.9209078678967773
Egypt,2022,2023,energy_poverty_electricity (% of total population),0.0,0.0,0.0,0.0
Egypt,2022,2023,energy_poverty_multidimensional (% of total population),0.0499999999999971,0.04565585788052061,0.0499999999999971,0.04454490104772543
Egypt,2022,2023,carbon_intensity_elec,571.29,567.1728848759996,570.04,566.305482793655
Equatorial Guinea,2022,2023,electricity_demand (TWh),1.43,1.5556021832249607,1.51,1.5291559035716018
Equatorial Guinea,2022,2023,electricity_demand_per_capita (MWh),0.773995483763415,0.8415395490991768,0.8372381343672947,0.822959760607559
Equatorial Guinea,2022,2023,electricity_demand_per_capita_with_access (MWh),1.156943921918408,1.2399907048439234,1.2496091557720816,1.225841525417763
Equatorial Guinea,2022,2023,energy_poverty_electricity (% of total population),33.099999999999994,32.592299097386956,33.0,32.86851979702807
Equatorial Guinea,2022,2023,energy_poverty_multidimensional (% of total population),55.5,54.73228782980018,55.15,55.20015928421571
Equatorial Guinea,2022,2023,carbon_intensity_elec,664.34,597.7643318670816,602.65,605.5205888379134
Eritrea,2022,2023,electricity_demand (TWh),0.49,0.459646710925502,0.44,0.47731029549325465
Eritrea,2022,2023,electricity_demand_per_capita (MWh),0.1411944648311962,0.1318032987615328,0.1290530730763026,0.1379760720415342
Eritrea,2022,2023,electricity_demand_per_capita_with_access (MWh),0.2595486485867578,0.23166253053013064,0.2329477853362863,0.24223556537264665
Eritrea,2022,2023,energy_poverty_electricity (% of total population),45.6,43.247186206086454,44.6,43.321975088716044
Eritrea,2022,2023,energy_poverty_multidimensional (% of total population),66.8,66.40246988718934,67.35,66.72107812068711
Eritrea,2022,2023,carbon_intensity_elec,591.84,582.2643106683253,590.91,579.148244374541
Eswatini,2022,2023,electricity_demand (TWh),1.7,1.5173447478727569,1.47,1.4785028514327123
Eswatini,2022,2023,electricity_demand_per_capita (MWh),1.3815443552942,1.2226725077345924,1.2059846372324377,1.2011664242948725
Eswatini,2022,2023,electricity_demand_per_capita_with_access (MWh),1.5990096704793977,1.4123113821883784,1.4653519285934842,1.397391993087681
Eswatini,2022,2023,energy_poverty_electricity (% of total population),13.599999999999994,16.36980973132455,17.700000000000003,15.681537062016243
Eswatini,2022,2023,energy_poverty_multidimensional (% of total population),31.65000000000001,32.61004262466798,33.900000000000006,32.360854352498365
Eswatini,2022,2023,carbon_intensity_elec,121.21,125.41054783628356,127.27,115.98002396823883
Ethiopia,2022,2023,electricity_demand (TWh),15.99,16.618635055382192,15.66,16.567164639329434
Ethiopia,2022,2023,electricity_demand_per_capita (MWh),0.124250442112834,0.1291191246632596,0.1248960346186924,0.12862861946650367
Ethiopia,2022,2023,electricity_demand_per_capita_with_access (MWh),0.2242787763769568,0.22563718039141054,0.2270836993067135,0.22438338545211375
Ethiopia,2022,2023,energy_poverty_electricity (% of total population),44.6,43.36182367802999,45.0,43.24891812035775
Ethiopia,2022,2023,energy_poverty_multidimensional (% of total population),68.75,67.54785009246233,68.85,67.69585952619575
Ethiopia,2022,2023,carbon_intensity_elec,23.64,24.360611534179373,23.55,23.46605726755444
Gabon,2022,2023,electricity_demand (TWh),3.17,3.8976366403029736,3.73,3.976686446715727
Gabon,2022,2023,electricity_demand_per_capita (MWh),1.275761734392041,1.5759418413905557,1.5345058109636944,1.5966322817255054
Gabon,2022,2023,electricity_demand_per_capita_with_access (MWh),1.3557510461126898,1.6669988606153128,1.6411826855226677,1.6907809476378797
Gabon,2022,2023,energy_poverty_electricity (% of total population),5.900000000000006,4.0304367693943215,6.5,5.876802383650306
Gabon,2022,2023,energy_poverty_multidimensional (% of total population),7.25,7.070089634808368,7.75,7.1660808603487025
Gabon,2022,2023,carbon_intensity_elec,525.1,428.038033596168,429.47,415.31720512365337
Gambia,2022,2023,electricity_demand (TWh),0.51,0.5318057286664151,0.51,0.5571579122949585
Gambia,2022,2023,electricity_demand_per_capita (MWh),0.1890397005611143,0.19730186124848967,0.1934403247976841,0.20632894373479096
Gambia,2022,2023,electricity_demand_per_capita_with_access (MWh),0.2825705539030109,0.2943262545102233,0.2957803131463061,0.307798141846376
Gambia,2022,2023,energy_poverty_electricity (% of total population),33.099999999999994,33.52290129108688,34.599999999999994,33.292087979447686
Gambia,2022,2023,energy_poverty_multidimensional (% of total population),65.75,65.67466392475957,66.44999999999999,65.75144069727243
Gambia,2022,2023,carbon_intensity_elec,666.67,662.7240891622656,666.67,666.67
Ghana,2022,2023,electricity_demand (TWh),21.85,21.878906336625032,21.05,22.60384706479222
Ghana,2022,2023,electricity_demand_per_capita (MWh),0.6466809021308091,0.6455762205405312,0.635008702485059,0.6682143863088249
Ghana,2022,2023,electricity_demand_per_capita_with_access (MWh),0.722548494000904,0.7457153681951807,0.7461911897591764,0.7760270673249041
Ghana,2022,2023,energy_poverty_electricity (% of total population),10.5,11.568132492054609,14.900000000000006,14.105514183141787
Ghana,2022,2023,energy_poverty_multidimensional (% of total population),38.85,40.11293639626,41.7,40.59376975528502
Ghana,2022,2023,carbon_intensity_elec,452.68,471.54837745066766,469.42,480.12502973872716
Guinea,2022,2023,electricity_demand (TWh),4.0,4.480866793291344,4.0,4.655135559027547
Guinea,2022,2023,electricity_demand_per_capita (MWh),0.2776723201445228,0.3107282592903033,0.284593475296148,0.3229193439770658
Guinea,2022,2023,electricity_demand_per_capita_with_access (MWh),0.5433900589912385,0.6195344035621748,0.5966320236816519,0.6382588540081554
Guinea,2022,2023,energy_poverty_electricity (% of total population),48.9,50.215105679585214,52.3,50.2475660125672
Guinea,2022,2023,energy_poverty_multidimensional (% of total population),73.95,74.33484790928148,75.65,74.51986022281389
Guinea,2022,2023,carbon_intensity_elec,185.0,193.79315971620963,185.0,178.43177509528593
Guinea-Bissau,2022,2023,electricity_demand (TWh),0.08,0.08166016027521078,0.08,0.08
Guinea-Bissau,2022,2023,electricity_demand_per_capita (MWh),0.0371515360070365,0.037937624016216566,0.0379950938835022,0.03712364734694595
Guinea-Bissau,2022,2023,electricity_demand_per_capita_with_access (MWh),0.091732187671695,0.09653974963978407,0.1015911601163162,0.09146878217426342
Guinea-Bissau,2022,2023,energy_poverty_electricity (% of total population),59.5,60.87457097082062,62.6,60.463645139316995
Guinea-Bissau,2022,2023,energy_poverty_multidimensional (% of total population),79.35,79.9824635602729,80.85,79.71613786636851
Guinea-Bissau,2022,2023,carbon_intensity_elec,625.0,616.724473813713,625.0,625.0
Kenya,2022,2023,electricity_demand (TWh),13.69,13.786607910926707,13.26,13.962032278339546
Kenya,2022,2023,electricity_demand_per_capita (MWh),0.2473842727246623,0.24826433279380186,0.2444128890897441,0.2522763350547887
Kenya,2022,2023,electricity_demand_per_capita_with_access (MWh),0.3246512765415517,0.313417125860048,0.3215959066970317,0.31268694210236103
Kenya,2022,2023,energy_poverty_electricity (% of total population),23.8,22.715307894527356,24.0,21.464345033191933
Kenya,2022,2023,energy_poverty_multidimensional (% of total population),46.1,46.271498020614644,47.75,45.20246486440476
Kenya,2022,2023,carbon_intensity_elec,96.88,113.78795990802746,109.57,109.75441482162816
Lesotho,2022,2023,electricity_demand (TWh),0.45,0.916270477252541,0.91,0.9133767586844377
Lesotho,2022,2023,electricity_demand_per_capita (MWh),0.1946808013580932,0.3923773177286453,0.3980557383015355,0.39486369952026795
Lesotho,2022,2023,electricity_demand_per_capita_with_access (MWh),0.3397570704329726,0.7565884556651382,0.796111476603071,0.7445034541890669
Lesotho,2022,2023,energy_poverty_electricity (% of total population),42.7,47.923265114236024,50.0,47.873027020482205
Lesotho,2022,2023,energy_poverty_multidimensional (% of total population),44.45,47.8748068632724,49.1,47.22131856920709
Lesotho,2022,2023,carbon_intensity_elec,21.18068802654653,19.247296281283433,20.83,21.109321169485515
Liberia,2022,2023,electricity_demand (TWh),0.61,0.4001488306788165,0.39,0.40743202055273414
Liberia,2022,2023,electricity_demand_per_capita (MWh),0.1110497202366269,0.07280905759484915,0.0725811359394427,0.07429766405889457
Liberia,2022,2023,electricity_demand_per_capita_with_access (MWh),0.341691446881929,0.2075767366360292,0.2282425658473043,0.21190394561186437
Liberia,2022,2023,energy_poverty_electricity (% of total population),67.5,65.3193663491448,68.2,66.09700755361557
Liberia,2022,2023,energy_poverty_multidimensional (% of total population),83.35,82.12592447095594,83.7,82.55671184982101
Liberia,2022,2023,carbon_intensity_elec,295.08,417.7236710467462,435.9,406.09988057138764
Madagascar,2022,2023,electricity_demand (TWh),2.48,2.784594499465676,2.64,2.788767525981815
Madagascar,2022,2023,electricity_demand_per_capita (MWh),0.0794975320023245,0.08904682462072942,0.0867357939993352,0.0893056799825826
Madagascar,2022,2023,electricity_demand_per_capita_with_access (MWh),0.2017703857927018,0.231212581337121,0.2402653573388787,0.22931190171556662
Madagascar,2022,2023,energy_poverty_electricity (% of total population),60.6,61.622725330652315,63.9,61.931073040570396
Madagascar,2022,2023,energy_poverty_multidimensional (% of total population),79.5,79.84360556283241,81.2,80.11130518709199
Madagascar,2022,2023,carbon_intensity_elec,423.39,488.50551008657925,477.27,500.72338703310004
Malawi,2022,2023,electricity_demand (TWh),1.81,1.805223181058372,1.81,1.761550384393389
Malawi,2022,2023,electricity_demand_per_capita (MWh),0.0857637809602511,0.08549607194059027,0.0879976504141164,0.08341248303972683
Malawi,2022,2023,electricity_demand_per_capita_with_access (MWh),0.5497678266682763,0.6052780726376856,0.6285546458151176,0.5723308409298498
Malawi,2022,2023,energy_poverty_electricity (% of total population),84.4,85.39992795851671,86.0,85.50992496539745
Malawi,2022,2023,energy_poverty_multidimensional (% of total population),91.45,91.87380093720945,92.2,91.99329831612872
Malawi,2022,2023,carbon_intensity_elec,54.65,44.30826702626904,54.65,52.469920574636156
Mali,2022,2023,electricity_demand (TWh),5.29,4.9330159624648475,4.61,5.04931579033513
Mali,2022,2023,electricity_demand_per_capita (MWh),0.2225575778330969,0.20833319016371682,0.1998037415829423,0.21222817363374885
Mali,2022,2023,electricity_demand_per_capita_with_access (MWh),0.4083625281341229,0.3784158671804842,0.3769881916659289,0.3801484057940314
Mali,2022,2023,energy_poverty_electricity (% of total population),45.5,45.212154433110896,47.0,44.97683908504072
Mali,2022,2023,energy_poverty_multidimensional (% of total population),72.1,71.55248130939451,72.85,71.70713915048876
Mali,2022,2023,carbon_intensity_elec,535.77,405.7817818828984,391.71,402.8335934431534
Mauritania,2022,2023,electricity_demand (TWh),2.35,2.106803231447051,2.02,2.1524351712539755
Mauritania,2022,2023,electricity_demand_per_capita (MWh),0.4678998781867466,0.42148764069547795,0.4143042437060622,0.42866769507027247
Mauritania,2022,2023,electricity_demand_per_capita_with_access (MWh),0.9302184456992976,0.8408734774053017,0.8455188647062494,0.8499137777589553
Mauritania,2022,2023,energy_poverty_electricity (% of total population),49.7,49.797949770653545,51.0,49.80454586646787
Mauritania,2022,2023,energy_poverty_multidimensional (% of total population),50.150000000000006,50.07456243732421,51.05,50.127889025000904
Mauritania,2022,2023,carbon_intensity_elec,521.53,475.3075097259317,481.71,480.1169366398394
Mauritius,2022,2023,electricity_demand (TWh),3.27,3.08163279662798,3.12,3.1318218742683173
Mauritius,2022,2023,electricity_demand_per_capita (MWh),2.5675432693855407,2.399506575989916,2.4448843146566115,2.459146105927843
Mauritius,2022,2023,electricity_demand_per_capita_with_access (MWh),2.5675432693855407,2.4065840772524294,2.4448843146566115,2.457914993104681
Mauritius,2022,2023,energy_poverty_electricity (% of total population),0.0,6.057551812180857e-05,0.0,0.0
Mauritius,2022,2023,energy_poverty_multidimensional (% of total population),0.4500000000000028,0.5459025101755629,0.4500000000000028,0.4047418193661638
Mauritius,2022,2023,carbon_intensity_elec,633.03,612.077055093814,615.39,612.5368760675635
Morocco,2022,2023,electricity_demand (TWh),44.31,44.489467049555984,42.81,44.060100256281025
Morocco,2022,2023,electricity_demand_per_capita (MWh),1.1749414968759972,1.175636369937057,1.1468274536080032,1.1678408124682707
Morocco,2022,2023,electricity_demand_per_capita_with_access (MWh),1.1749414968759972,1.165292107532446,1.1468274536080032,1.1635189414173437
Morocco,2022,2023,energy_poverty_electricity (% of total population),0.0,0.0,0.0,0.0
Morocco,2022,2023,energy_poverty_multidimensional (% of total population),0.9500000000000028,0.7481981399785058,0.9500000000000028,0.8323531628753854
Morocco,2022,2023,carbon_intensity_elec,616.35,650.3325704157542,662.64,667.602520799831
Mozambique,2022,2023,electricity_demand (TWh),16.5,16.944525725014117,16.37,16.51435248531809
Mozambique,2022,2023,electricity_demand_per_capita (MWh),0.4905580508112893,0.5051713817506823,0.5012824194529181,0.49093771943208514
Mozambique,2022,2023,electricity_demand_per_capita_with_access (MWh),1.3626612522535817,1.4720202028353837,1.5098868055810786,1.4215064993092066
Mozambique,2022,2023,energy_poverty_electricity (% of total population),64.0,65.1356992468406,66.8,65.69966360770698
Mozambique,2022,2023,energy_poverty_multidimensional (% of total population),78.3,78.83718127462883,79.95,79.19243905027226
Mozambique,2022,2023,carbon_intensity_elec,128.76,125.93092272136748,127.81,127.03504860425674
Namibia,2022,2023,electricity_demand (TWh),4.18,4.139765447462715,4.07,4.0098993843327575
Namibia,2022,2023,electricity_demand_per_capita (MWh),1.410683803662513,1.3989357258214803,1.4084663013190444,1.3490229332995223
Namibia,2022,2023,electricity_demand_per_capita_with_access (MWh),2.4879784897046084,2.4053003038578944,2.5061677959413604,2.351724059774087
Namibia,2022,2023,energy_poverty_electricity (% of total population),43.3,42.049204978935485,43.8,42.80144829660369
Namibia,2022,2023,energy_poverty_multidimensional (% of total population),47.65,46.941391500047885,48.05,47.308431207459776
Namibia,2022,2023,carbon_intensity_elec,47.62,47.90808941396537,45.46,44.167388385119224
Niger,2022,2023,electricity_demand (TWh),2.21,2.040404269165808,1.95,2.041722707459925
Niger,2022,2023,electricity_demand_per_capita (MWh),0.0844805647491349,0.07833832282394469,0.0770386257446968,0.07799406675084138
Niger,2022,2023,electricity_demand_per_capita_with_access (MWh),0.4203013171598754,0.3905007780693272,0.3950698756138299,0.3909273079037078
Niger,2022,2023,energy_poverty_electricity (% of total population),79.9,79.35297247898359,80.5,80.09071639697147
Niger,2022,2023,energy_poverty_multidimensional (% of total population),87.4,87.2677949767448,88.0,87.6143193413105
Niger,2022,2023,carbon_intensity_elec,680.41,684.7390083584919,683.54,678.5452709565803
Nigeria,2022,2023,electricity_demand (TWh),38.6,37.2505339068139,35.57,35.73429016471464
Nigeria,2022,2023,electricity_demand_per_capita (MWh),0.1693852048579553,0.1630678274677431,0.1593988598908041,0.15663555075816946
Nigeria,2022,2023,electricity_demand_per_capita_with_access (MWh),0.2767732105522146,0.2630223582697154,0.2634691899021555,0.2580387032316599
Nigeria,2022,2023,energy_poverty_electricity (% of total population),38.8,34.728770433073024,39.5,39.303468362558114
Nigeria,2022,2023,energy_poverty_multidimensional (% of total population),56.3,55.23977846088546,57.55,56.15902040063437
Nigeria,2022,2023,carbon_intensity_elec,510.26,499.17807394218045,497.37,495.09842486682135
Rwanda,2022,2023,electricity_demand (TWh),1.2,1.1253162150561122,1.06,1.13321881744079
Rwanda,2022,2023,electricity_demand_per_capita (MWh),0.0859939318381998,0.08038464008427416,0.0776498468063753,0.08115750472911355
Rwanda,2022,2023,electricity_demand_per_capita_with_access (MWh),0.1345757931740216,0.15250190501880895,0.1534581952695164,0.1465135054593949
Rwanda,2022,2023,energy_poverty_electricity (% of total population),36.1,47.497341515640215,49.4,46.54581690355425
Rwanda,2022,2023,energy_poverty_multidimensional (% of total population),63.4,69.55911618622014,71.05,69.00601298407243
Rwanda,2022,2023,carbon_intensity_elec,354.55,283.1966667622972,288.46,280.1513682549943
Sao Tome and Principe,2022,2023,electricity_demand (TWh),0.09,0.09226326840570423,0.09,0.08703971538979983
Sao Tome and Principe,2022,2023,electricity_demand_per_capita (MWh),0.389809513084606,0.3993692712669452,0.3976793202334819,0.37791047901815494
Sao Tome and Principe,2022,2023,electricity_demand_per_capita_with_access (MWh),0.4794704957990234,0.49181457149829166,0.5098452823506179,0.47515846691089403
Sao Tome and Principe,2022,2023,energy_poverty_electricity (% of total population),18.700000000000003,21.143036982018447,22.0,20.8228205473028
Sao Tome and Principe,2022,2023,energy_poverty_multidimensional (% of total population),57.05,57.89282376365489,58.9,58.06775919129865
Sao Tome and Principe,2022,2023,carbon_intensity_elec,555.56,569.2368761682445,555.56,543.1281574901268
Senegal,2022,2023,electricity_demand (TWh),8.74,7.931768771663059,7.65,8.17418545791866
Senegal,2022,2023,electricity_demand_per_capita (MWh),0.4834719793414747,0.4387303379592435,0.4334007757817232,0.45087797350687536
Senegal,2022,2023,electricity_demand_per_capita_with_access (MWh),0.6515794869831194,0.6353939144931398,0.6382927478375895,0.6583713223006535
Senegal,2022,2023,energy_poverty_electricity (% of total population),25.8,31.597791492018484,32.099999999999994,31.56587353860227
Senegal,2022,2023,energy_poverty_multidimensional (% of total population),45.5,48.53456169196287,49.3,48.61764754462495
Senegal,2022,2023,carbon_intensity_elec,557.32,547.2712671681037,550.28,538.9515606574744
Seychelles,2022,2023,electricity_demand (TWh),0.62,0.6405840812338639,0.62,0.6426314369186559
Seychelles,2022,2023,electricity_demand_per_capita (MWh),4.845226279882152,5.005926297752708,4.938940358312157,5.006511245233684
Seychelles,2022,2023,electricity_demand_per_capita_with_access (MWh),4.845226279882152,4.990417399731129,4.938940358312157,5.006511245233684
Seychelles,2022,2023,energy_poverty_electricity (% of total population),0.0,0.0,0.0,0.0
Seychelles,2022,2023,energy_poverty_multidimensional (% of total population),0.0,0.0,0.0,0.0
Seychelles,2022,2023,carbon_intensity_elec,564.52,547.5021866660958,564.52,552.8354611134323
Sierra Leone,2022,2023,electricity_demand (TWh),0.21,0.19697594098662946,0.2,0.19838025552556
Sierra Leone,2022,2023,electricity_demand_per_capita (MWh),0.0248211605830987,0.023282577546324325,0.0241639018128846,0.02342074479009219
Sierra Leone,2022,2023,electricity_demand_per_capita_with_access (MWh),0.0699187622059118,0.07540340500651892,0.0821901422206961,0.0748936061677894
Sierra Leone,2022,2023,energy_poverty_electricity (% of total population),64.5,69.22614953411059,70.6,69.18773250230437
Sierra Leone,2022,2023,energy_poverty_multidimensional (% of total population),81.8,84.1735358031751,84.9,84.14882192050784
Sierra Leone,2022,2023,carbon_intensity_elec,47.62,42.88270099559445,50.0,38.54828883302965
Somalia,2022,2023,electricity_demand (TWh),0.42,0.44523301919570624,0.42,0.43093035404472635
Somalia,2022,2023,electricity_demand_per_capita (MWh),0.0228775340545712,0.024375140200238968,0.0235929938919424,0.023352431515049617
Somalia,2022,2023,electricity_demand_per_capita_with_access (MWh),0.0454821750587896,0.04872855602296484,0.0482474312718658,0.04810703542760032
Somalia,2022,2023,energy_poverty_electricity (% of total population),49.7,49.78343890132785,51.1,51.476171639937874
Somalia,2022,2023,energy_poverty_multidimensional (% of total population),72.15,72.23627858958221,73.15,73.12502986009007
Somalia,2022,2023,carbon_intensity_elec,523.81,520.4747593072975,523.81,506.7554184039081
South Africa,2022,2023,electricity_demand (TWh),232.4,245.87951043594737,237.66,236.16673032260158
South Africa,2022,2023,electricity_demand_per_capita (MWh),3.6764946667256,3.8802726887042667,3.8099716445192895,3.732386681138193
South Africa,2022,2023,electricity_demand_per_capita_with_access (MWh),4.1921261878285065,4.411720670921703,4.404591496554092,4.293006035382354
South Africa,2022,2023,energy_poverty_electricity (% of total population),12.299999999999995,9.050073730126513,13.5,13.109468483717569
South Africa,2022,2023,energy_poverty_multidimensional (% of total population),11.25,10.627030488473562,12.150000000000006,11.660502287884414
South Africa,2022,2023,carbon_intensity_elec,714.4,722.2117264170441,729.02,720.9458007065407
South Sudan,2022,2023,electricity_demand (TWh),0.56,0.5232311761769842,0.51,0.5083521306431055
South Sudan,2022,2023,electricity_demand_per_capita (MWh),0.0487661722995949,0.04663143181946005,0.0462745578397947,0.04599079286590546
South Sudan,2022,2023,electricity_demand_per_capita_with_access (MWh),0.9030772648073144,0.5337958330997916,0.55088759333089,0.5070580623579065
South Sudan,2022,2023,energy_poverty_electricity (% of total population),94.6,90.69021947307844,91.6,91.0932903671839
South Sudan,2022,2023,energy_poverty_multidimensional (% of total population),97.3,95.26535529255288,95.8,95.54407670309124
South Sudan,2022,2023,carbon_intensity_elec,642.86,664.1070029058667,647.06,645.9352085108617
Sudan,2022,2023,electricity_demand (TWh),15.16,18.450678095199684,17.66,18.14508611540912
Sudan,2022,2023,electricity_demand_per_capita (MWh),0.3029406827755441,0.364864669338493,0.3576104526254844,0.3565905289532994
Sudan,2022,2023,electricity_demand_per_capita_with_access (MWh),0.4590010345084002,0.5553922436350778,0.5658393237745006,0.5435194688433992
Sudan,2022,2023,energy_poverty_electricity (% of total population),34.0,34.401440316472794,36.8,35.02581546168447
Sudan,2022,2023,energy_poverty_multidimensional (% of total population),31.724999999999994,32.85006868659093,34.3,32.33970827088951
Sudan,2022,2023,carbon_intensity_elec,146.11,197.2443281844134,204.41,191.39302589714129
Tanzania,2022,2023,electricity_demand (TWh),10.76,10.435055040217584,9.77,10.348068812639594
Tanzania,2022,2023,electricity_demand_per_capita (MWh),0.1615188609221583,0.15710347833246624,0.1509770502212099,0.15507474642567343
Tanzania,2022,2023,electricity_demand_per_capita_with_access (MWh),0.334407579548982,0.3304057151196311,0.3296442144567903,0.32026562947238296
Tanzania,2022,2023,energy_poverty_electricity (% of total population),51.7,52.30758594916204,54.2,52.2922853139753
Tanzania,2022,2023,energy_poverty_multidimensional (% of total population),70.95,71.08986856216153,72.75,71.37127756287408
Tanzania,2022,2023,carbon_intensity_elec,372.75,355.9409154527907,349.27,352.86611328902
Togo,2022,2023,electricity_demand (TWh),2.25,2.160794332485765,2.03,2.0929760532471273
Togo,2022,2023,electricity_demand_per_capita (MWh),0.2735943845299764,0.26175762302643985,0.2515920946045765,0.254524541303111
Togo,2022,2023,electricity_demand_per_capita_with_access (MWh),0.4621526765709061,0.43094721808426406,0.43984631923877,0.43033691741130914
Togo,2022,2023,energy_poverty_electricity (% of total population),40.8,41.22160453973148,42.8,41.27614458758987
Togo,2022,2023,energy_poverty_multidimensional (% of total population),63.8,63.97965068113987,65.25,64.06276452183432
Togo,2022,2023,carbon_intensity_elec,436.62,457.35749903916604,477.78,470.8914265243446
Tunisia,2022,2023,electricity_demand (TWh),23.78,23.58802822777988,23.98,24.8188219582568
Tunisia,2022,2023,electricity_demand_per_capita (MWh),1.9491109906418085,1.9302050678060358,1.9786559298865996,2.0308866650488215
Tunisia,2022,2023,electricity_demand_per_capita_with_access (MWh),1.9491109906418085,1.9391617223423518,1.9786559298865996,2.0308866650488215
Tunisia,2022,2023,energy_poverty_electricity (% of total population),0.0,0.0034262842806375452,0.0,0.0
Tunisia,2022,2023,energy_poverty_multidimensional (% of total population),0.0499999999999971,0.07712423351522417,0.0499999999999971,0.04454490104772543
Tunisia,2022,2023,carbon_intensity_elec,560.15,563.9581184805816,565.62,565.9875009396425
Uganda,2022,2023,electricity_demand (TWh),5.33,5.693703167614275,5.34,5.6896120469454825
Uganda,2022,2023,electricity_demand_per_capita (MWh),0.1095431933744001,0.11700890321195678,0.1128660585511067,0.11634439599475106
Uganda,2022,2023,electricity_demand_per_capita_with_access (MWh),0.2127052298532042,0.2379528235533691,0.239630697560736,0.22471890533417602
Uganda,2022,2023,energy_poverty_electricity (% of total population),48.5,51.22968151562294,52.9,50.10114157104027
Uganda,2022,2023,energy_poverty_multidimensional (% of total population),73.35,74.44549835665491,75.65,74.03604814458302
Uganda,2022,2023,carbon_intensity_elec,58.93,55.20019097978318,57.39,57.67661043864244
Zambia,2022,2023,electricity_demand (TWh),16.09,16.81514542330047,16.43,17.04908891271499
Zambia,2022,2023,electricity_demand_per_capita (MWh),0.7763957547317075,0.813119442769318,0.8152658657411439,0.8216421432882853
Zambia,2022,2023,electricity_demand_per_capita_with_access (MWh),1.5193654691422849,1.6302493739901722,1.7055771249814726,1.6349985419741122
Zambia,2022,2023,energy_poverty_electricity (% of total population),48.9,50.20659918863123,52.2,50.37829909416269
Zambia,2022,2023,energy_poverty_multidimensional (% of total population),69.85,69.84529055928971,71.25,70.54196039180778
Zambia,2022,2023,carbon_intensity_elec,111.0,119.48898275344447,111.97,122.46167664668029
Zimbabwe,2022,2023,electricity_demand (TWh),11.99,10.955904025715501,10.85,11.18923181413397
Zimbabwe,2022,2023,electricity_demand_per_capita (MWh),0.7337449036398337,0.6654438333053181,0.6752105801328404,0.6852856486981544
Zimbabwe,2022,2023,electricity_demand_per_capita_with_access (MWh),1.1834595219997317,1.2793421619652494,1.3477257088479846,1.330839794921108
Zimbabwe,2022,2023,energy_poverty_electricity (% of total population),38.0,48.102626497636244,49.9,48.734815818907556
Zimbabwe,2022,2023,energy_poverty_multidimensional (% of total population),53.65,58.39584343785346,59.7,59.04275399136188
Zimbabwe,2022,2023,carbon_intensity_elec,392.39,278.89078060939806,297.54,273.97485314547333
Algeria,2023,2024,electricity_demand (TWh),93.84,96.6321768701067,93.44,97.2200450409338
Algeria,2023,2024,electricity_demand_per_capita (MWh),2.004515628578634,2.05709237115888,2.024078300290645,2.06949199829448
Algeria,2023,2024,electricity_demand_per_capita_with_access (MWh),2.004515628578634,2.042186688650265,2.024078300290645,2.067713569829297
Algeria,2023,2024,energy_poverty_electricity (% of total population),0.0,0.0,0.0,0.0
Algeria,2023,2024,energy_poverty_multidimensional (% of total population),0.0857142857142889,0.13581994377547782,0.1500000000000056,0.12629729283267174
Algeria,2023,2024,carbon_intensity_elec,632.94,631.951117141899,633.61,633.2124283110485
Angola,2023,2024,electricity_demand (TWh),15.59,16.013927505478158,15.75,16.5830022771087
Angola,2023,2024,electricity_demand_per_capita (MWh),0.4114992366280037,0.4250624378157811,0.4285724897985462,0.43661965530716274
Angola,2023,2024,electricity_demand_per_capita_with_access (MWh),0.7414400659964031,0.8107372872196394,0.838693717805374,0.8302690837553756
Angola,2023,2024,energy_poverty_electricity (% of total population),44.5,46.844136590626526,48.9,47.69873277442063
Angola,2023,2024,energy_poverty_multidimensional (% of total population),48.74642857142862,48.108521664754335,49.35,48.57909049182831
Angola,2023,2024,carbon_intensity_elec,185.38,169.25424712198017,183.49,172.14063442670638
Benin,2023,2024,electricity_demand (TWh),2.31,2.425217273516463,2.29,2.466968245902146
Benin,2023,2024,electricity_demand_per_capita (MWh),0.1597209819645971,0.1677881518329944,0.1622843398801009,0.1702035149540782
Benin,2023,2024,electricity_demand_per_capita_with_access (MWh),0.2707135287535544,0.27744134304865425,0.2847093682107033,0.28072639411972217
Benin,2023,2024,energy_poverty_electricity (% of total population),41.0,40.74702716605099,43.0,40.71668780537706
Benin,2023,2024,energy_poverty_multidimensional (% of total population),68.28749999999991,66.91997881353153,68.5,67.13068538621066
Benin,2023,2024,carbon_intensity_elec,584.16,572.910357088258,590.0,579.7919332912447
Botswana,2023,2024,electricity_demand (TWh),4.67,4.858851616634795,4.74,4.7969245984636535
Botswana,2023,2024,electricity_demand_per_capita (MWh),1.852332967758697,1.921815718304141,1.911103835835374,1.9054753455631985
Botswana,2023,2024,electricity_demand_per_capita_with_access (MWh),2.309642104437278,2.4604143636921805,2.514610310309703,2.447492529380819
Botswana,2023,2024,energy_poverty_electricity (% of total population),19.8,19.323964045267413,24.0,22.667362318660135
Botswana,2023,2024,energy_poverty_multidimensional (% of total population),27.216071428571468,27.656679389754434,28.8,27.857871233803454
Botswana,2023,2024,carbon_intensity_elec,851.31,852.4633086804599,854.49,853.8845766150771
Burkina Faso,2023,2024,electricity_demand (TWh),3.19,3.4962699881455994,3.27,3.615129436693146
Burkina Faso,2023,2024,electricity_demand_per_capita (MWh),0.1354634817206257,0.14798025758240183,0.1420147515543123,0.15313357640268915
Burkina Faso,2023,2024,electricity_demand_per_capita_with_access (MWh),0.3984220050606639,0.6565778979598619,0.654445859697292,0.6791865947810398
Burkina Faso,2023,2024,energy_poverty_electricity (% of total population),66.0,76.37737742370359,78.3,77.59734528574059
Burkina Faso,2023,2024,energy_poverty_multidimensional (% of total population),80.37678571428569,79.3765641711747,80.65,79.8077442096471
Burkina Faso,2023,2024,carbon_intensity_elec,562.13,554.7338090924566,562.13,563.074892661859
Burundi,2023,2024,electricity_demand (TWh),0.57,0.6415535256822827,0.6,0.6593578111408371
Burundi,2023,2024,electricity_demand_per_capita (MWh),0.0405757831766823,0.045625996832046614,0.0438293562453728,0.04682744215517023
Burundi,2023,2024,electricity_demand_per_capita_with_access (MWh),0.2018695680431957,0.37626581617516536,0.3778392779773518,0.38614583000201164
Burundi,2023,2024,energy_poverty_electricity (% of total population),79.9,86.49363138409558,88.4,87.96580083980318
Burundi,2023,2024,energy_poverty_multidimensional (% of total population),94.3035714285714,93.2650096523693,94.15,93.93764321916977
Burundi,2023,2024,carbon_intensity_elec,183.67,182.12008133950832,180.0,212.91317829459933
Cameroon,2023,2024,electricity_demand (TWh),7.32,7.354951564351514,7.28,7.297306254417652
Cameroon,2023,2024,electricity_demand_per_capita (MWh),0.2513412765417418,0.2532430602949749,0.2565847651385892,0.25029406456904185
Cameroon,2023,2024,electricity_demand_per_capita_with_access (MWh),0.3490851063079747,0.3377195295004242,0.3563677293591517,0.3385316577512484
Cameroon,2023,2024,energy_poverty_electricity (% of total population),28.0,26.120371491894886,28.0,26.59008602477118
Cameroon,2023,2024,energy_poverty_multidimensional (% of total population),47.89642857142826,46.99485287432992,48.65,47.40851092226109
Cameroon,2023,2024,carbon_intensity_elec,225.9,205.42399871675104,224.38,215.3036915163995
Cape Verde,2023,2024,electricity_demand (TWh),0.52,0.5176295700983184,0.5,0.5075826723293586
Cape Verde,2023,2024,electricity_demand_per_capita (MWh),0.9907064117756889,0.9832663264972495,0.9572400853858156,0.9691368722040434
Cape Verde,2023,2024,electricity_demand_per_capita_with_access (MWh),1.006815459121635,0.986822355807778,0.9708317296002188,0.9662697085736472
Cape Verde,2023,2024,energy_poverty_electricity (% of total population),1.5999999999999943,0.06810106195371217,1.4000000000000057,1.024004733922185
Cape Verde,2023,2024,energy_poverty_multidimensional (% of total population),7.328571428571195,7.4941470079926935,8.75,7.89638955899267
Cape Verde,2023,2024,carbon_intensity_elec,461.54,478.46104938683857,480.0,472.8298007814649
Chad,2023,2024,electricity_demand (TWh),0.37,0.3596742071506087,0.36,0.36777292733629713
Chad,2023,2024,electricity_demand_per_capita (MWh),0.0182273812608037,0.01806594487940946,0.0186344325491774,0.0183808897903264
Chad,2023,2024,electricity_demand_per_capita_with_access (MWh),0.13602523328958,0.14613011830909242,0.1552869379098119,0.14746892042599247
Chad,2023,2024,energy_poverty_electricity (% of total population),86.6,86.38546861578108,88.0,87.6071114641187
Chad,2023,2024,energy_poverty_multidimensional (% of total population),88.79464285714289,88.15758810337984,89.15,88.6063638361515
Chad,2023,2024,carbon_intensity_elec,621.62,603.8460480198927,611.11,610.8547128275754
Comoros,2023,2024,electricity_demand (TWh),0.1560082729595132,0.15215876447283433,0.14,0.15801412501633125
Comoros,2023,2024,electricity_demand_per_capita (MWh),0.1800846746739503,0.1754250515415549,0.164630346076506,0.182220555144868
Comoros,2023,2024,electricity_demand_per_capita_with_access (MWh),0.1963845961547986,0.1902926747073411,0.1833300067667105,0.19828732576278596
Comoros,2023,2024,energy_poverty_electricity (% of total population),8.299999999999997,9.517559019691713,10.200000000000005,9.048063138312251
Comoros,2023,2024,energy_poverty_multidimensional (% of total population),47.874999999999545,48.91369646034379,49.9,48.74366141307733
Comoros,2023,2024,carbon_intensity_elec,639.9181023668425,630.4692991502701,642.86,639.5287097276495
Congo,2023,2024,electricity_demand (TWh),5.38,5.618351352977239,5.31,5.769561597386178
Congo,2023,2024,electricity_demand_per_capita (MWh),0.8495225541132445,0.8880278062079022,0.8588216837110154,0.9109164139521806
Congo,2023,2024,electricity_demand_per_capita_with_access (MWh),1.6028727436098953,1.6902595529847786,1.6741163425165992,1.7443922374061334
Congo,2023,2024,energy_poverty_electricity (% of total population),47.0,47.13532833778453,48.7,47.898357743869276
Congo,2023,2024,energy_poverty_multidimensional (% of total population),52.70267857142835,53.21804828263849,54.3,53.11131496520485
Congo,2023,2024,carbon_intensity_elec,716.12,701.2082073613223,692.16,713.6278027038893
Cote d'Ivoire,2023,2024,electricity_demand (TWh),10.06,10.819338895993495,10.27,10.462185839407715
Cote d'Ivoire,2023,2024,electricity_demand_per_capita (MWh),0.3150224794843176,0.3389930853357897,0.3295294342140047,0.32709781293012163
Cote d'Ivoire,2023,2024,electricity_demand_per_capita_with_access (MWh),0.432129601487404,0.4575998104754229,0.4551511522292882,0.44419942035518134
Cote d'Ivoire,2023,2024,energy_poverty_electricity (% of total population),27.099999999999994,26.411349138136273,27.599999999999994,26.603788798399727
Cote d'Ivoire,2023,2024,energy_poverty_multidimensional (% of total population),39.692857142857065,40.73091288879874,41.75,40.25933436083969
Cote d'Ivoire,2023,2024,carbon_intensity_elec,405.01,411.5369534937941,398.91,389.07608768939656
Democratic Republic of the Congo,2023,2024,electricity_demand (TWh),17.36,17.824184946539177,17.07,18.49728138985502
Democratic Republic of the Congo,2023,2024,electricity_demand_per_capita (MWh),0.1588634106305098,0.1637290489624095,0.1613578134278872,0.16916985644386762
Democratic Republic of the Congo,2023,2024,electricity_demand_per_capita_with_access (MWh),0.706059602802266,0.7106779109016397,0.7301258526148741,0.7391599427971007
Democratic Republic of the Congo,2023,2024,energy_poverty_electricity (% of total population),77.5,76.19271777294716,77.9,77.23741601252337
Democratic Republic of the Congo,2023,2024,energy_poverty_multidimensional (% of total population),86.05357142857144,85.3391567379318,86.45,86.0434702429443
Democratic Republic of the Congo,2023,2024,carbon_intensity_elec,27.64,27.213428688678754,26.87,27.244299588085592
Djibouti,2023,2024,electricity_demand (TWh),0.8,0.7186699613270222,0.71,0.7383104241224175
Djibouti,2023,2024,electricity_demand_per_capita (MWh),0.6845060347763291,0.6104481219604962,0.6158110795688628,0.6307998959332025
Djibouti,2023,2024,electricity_demand_per_capita_with_access (MWh),0.9891705704860247,0.9219449556180151,0.9444955208111392,0.9556090314871808
Djibouti,2023,2024,energy_poverty_electricity (% of total population),30.8,34.103468268036586,34.8,34.09021182248504
Djibouti,2023,2024,energy_poverty_multidimensional (% of total population),61.27678571428555,61.839281770505075,62.4,61.935569768144276
Djibouti,2023,2024,carbon_intensity_elec,450.0,440.92135657937337,450.0,425.42893861958
Egypt,2023,2024,electricity_demand (TWh),235.99,225.0146680948201,220.53,225.62929582494513
Egypt,2023,2024,electricity_demand_per_capita (MWh),2.025000271155594,1.930214953605443,1.92542466121414,1.9366280180590298
Egypt,2023,2024,electricity_demand_per_capita_with_access (MWh),2.025000271155594,1.9280069332254173,1.92542466121414,1.9366280180590298
Egypt,2023,2024,energy_poverty_electricity (% of total population),0.0,0.0,0.0,0.0
Egypt,2023,2024,energy_poverty_multidimensional (% of total population),0.0374999999999978,0.04829276498038856,0.0499999999999971,0.045286153631774094
Egypt,2023,2024,carbon_intensity_elec,574.5,568.5070304107203,571.29,568.2582515761069
Equatorial Guinea,2023,2024,electricity_demand (TWh),1.49,1.4362158182752522,1.43,1.4343378742460384
Equatorial Guinea,2023,2024,electricity_demand_per_capita (MWh),0.7873087936051504,0.7600557350163742,0.773995483763415,0.7541579016252268
Equatorial Guinea,2023,2024,electricity_demand_per_capita_with_access (MWh),1.2093837075347935,1.087730496400187,1.156943921918408,1.125598688813168
Equatorial Guinea,2023,2024,energy_poverty_electricity (% of total population),34.900000000000006,31.512861229900597,33.099999999999994,33.00119050261302
Equatorial Guinea,2023,2024,energy_poverty_multidimensional (% of total population),55.451785714285705,54.18698539995726,55.5,55.593483827560014
Equatorial Guinea,2023,2024,carbon_intensity_elec,644.3,639.2709651466445,664.34,676.4034232899182
Eritrea,2023,2024,electricity_demand (TWh),0.45,0.5135300014580841,0.49,0.5335462776228044
Eritrea,2023,2024,electricity_demand_per_capita (MWh),0.1272764812861147,0.14453304812110251,0.1411944648311962,0.15145500685644686
Eritrea,2023,2024,electricity_demand_per_capita_with_access (MWh),0.2301563856891766,0.25655860063255526,0.2595486485867578,0.27257188984585023
Eritrea,2023,2024,energy_poverty_electricity (% of total population),44.7,43.844889890809235,45.6,44.61878559147324
Eritrea,2023,2024,energy_poverty_multidimensional (% of total population),66.00000000000023,65.62133633719773,66.8,66.18739090064034
Eritrea,2023,2024,carbon_intensity_elec,577.78,588.7757314269544,591.84,581.8588671224163
Eswatini,2023,2024,electricity_demand (TWh),1.65,1.7387023643452073,1.7,1.7442740405529025
Eswatini,2023,2024,electricity_demand_per_capita (MWh),1.3276162690120683,1.388280624898424,1.3815443552942,1.403804003229896
Eswatini,2023,2024,electricity_demand_per_capita_with_access (MWh),1.486692350517434,1.5649771511445152,1.5990096704793977,1.5544946646409494
Eswatini,2023,2024,energy_poverty_electricity (% of total population),10.700000000000005,11.674803463287427,13.599999999999994,11.80642996854463
Eswatini,2023,2024,energy_poverty_multidimensional (% of total population),29.546428571428805,30.27276696855116,31.65000000000001,30.117294600241195
Eswatini,2023,2024,carbon_intensity_elec,131.15,117.57660945539797,121.21,111.15578410049278
Ethiopia,2023,2024,electricity_demand (TWh),23.44,16.661433764611715,15.99,16.83080675132016
Ethiopia,2023,2024,electricity_demand_per_capita (MWh),0.1774953871266018,0.12611843671672646,0.124250442112834,0.12733223973929134
Ethiopia,2023,2024,electricity_demand_per_capita_with_access (MWh),0.3135960903296853,0.22028498075325614,0.2242787763769568,0.2215970539596968
Ethiopia,2023,2024,energy_poverty_electricity (% of total population),43.4,43.25975283379619,44.6,43.053266626932924
Ethiopia,2023,2024,energy_poverty_multidimensional (% of total population),66.81071428571431,67.67865206739586,68.75,67.74691465082688
Ethiopia,2023,2024,carbon_intensity_elec,23.41,23.961335653753505,23.64,23.580601513208755
Gabon,2023,2024,electricity_demand (TWh),3.18,3.2352380609030873,3.17,3.271943292738025
Gabon,2023,2024,electricity_demand_per_capita (MWh),1.2524847840822575,1.2776363731468143,1.275761734392041,1.2855430003480603
Gabon,2023,2024,electricity_demand_per_capita_with_access (MWh),1.3170187004019531,1.3328789837377368,1.3557510461126898,1.3533474565861872
Gabon,2023,2024,energy_poverty_electricity (% of total population),4.900000000000006,5.346093203720634,5.900000000000006,5.337331274893628
Gabon,2023,2024,energy_poverty_multidimensional (% of total population),6.26785714285711,6.890732531693097,7.25,6.714912176856756
Gabon,2023,2024,carbon_intensity_elec,523.08,534.3787818087029,525.1,525.0985714441173
Gambia,2023,2024,electricity_demand (TWh),0.51,0.5260398190345825,0.51,0.5501630608985034
Gambia,2023,2024,electricity_demand_per_capita (MWh),0.1847826756458969,0.19053526683157243,0.1890397005611143,0.19912994598448228
Gambia,2023,2024,electricity_demand_per_capita_with_access (MWh),0.2678009791969521,0.2766050278351385,0.2825705539030109,0.29048121361213675
Gambia,2023,2024,energy_poverty_electricity (% of total population),31.0,31.87225469069532,33.099999999999994,31.822472724300063
Gambia,2023,2024,energy_poverty_multidimensional (% of total population),64.92499999999995,64.85739784403654,65.75,65.0585958381875
Gambia,2023,2024,carbon_intensity_elec,666.67,650.6353403783115,666.67,666.67
Ghana,2023,2024,electricity_demand (TWh),21.83,22.587965280785742,21.85,23.34948382812215
Ghana,2023,2024,electricity_demand_per_capita (MWh),0.6340876517108442,0.6567173066725848,0.6466809021308091,0.6773200382628535
Ghana,2023,2024,electricity_demand_per_capita_with_access (MWh),0.689975681948688,0.7211513851583239,0.722548494000904,0.7438130128344193
Ghana,2023,2024,energy_poverty_electricity (% of total population),8.099999999999994,8.199728757590865,10.5,9.529666881161155
Ghana,2023,2024,energy_poverty_multidimensional (% of total population),37.81428571428569,36.519452377633634,38.85,37.58290106119436
Ghana,2023,2024,carbon_intensity_elec,468.89,454.97820871011595,452.68,459.1263330906529
Guinea,2023,2024,electricity_demand (TWh),4.03,4.267199007165031,4.0,4.555352594857682
Guinea,2023,2024,electricity_demand_per_capita (MWh),0.2731318442655088,0.2888658211928571,0.2776723201445228,0.30834420641953886
Guinea,2023,2024,electricity_demand_per_capita_with_access (MWh),0.5076800079284551,0.5398201670062199,0.5433900589912385,0.5680916254725392
Guinea,2023,2024,energy_poverty_electricity (% of total population),46.2,46.769368645253394,48.9,46.79889555111721
Guinea,2023,2024,energy_poverty_multidimensional (% of total population),72.6732142857145,72.47083435672936,73.95,72.76541537717968
Guinea,2023,2024,carbon_intensity_elec,181.14,178.3249246862809,185.0,179.3556186641923
Guinea-Bissau,2023,2024,electricity_demand (TWh),0.08,0.0822057769891739,0.08,0.08
Guinea-Bissau,2023,2024,electricity_demand_per_capita (MWh),0.0363411709125268,0.0373167534845203,0.0371515360070365,0.036303330995432245
Guinea-Bissau,2023,2024,electricity_demand_per_capita_with_access (MWh),0.0831605741705418,0.08695950722765994,0.091732187671695,0.08262606780875283
Guinea-Bissau,2023,2024,energy_poverty_electricity (% of total population),56.3,57.37135743063813,59.5,57.337690031371835
Guinea-Bissau,2023,2024,energy_poverty_multidimensional (% of total population),78.15357142857147,78.22132930681614,79.35,78.18573793761516
Guinea-Bissau,2023,2024,carbon_intensity_elec,625.0,614.1324616068682,625.0,625.0
Kenya,2023,2024,electricity_demand (TWh),14.75,14.350356717919988,13.69,14.3743369294727
Kenya,2023,2024,electricity_demand_per_capita (MWh),0.2613721424360869,0.25361358373271087,0.2473842727246623,0.25463000350114756
Kenya,2023,2024,electricity_demand_per_capita_with_access (MWh),0.3394443408260869,0.3197874892455446,0.3246512765415517,0.3173554584481834
Kenya,2023,2024,energy_poverty_electricity (% of total population),23.0,22.143264950530764,23.8,21.60189396455977
Kenya,2023,2024,energy_poverty_multidimensional (% of total population),41.204464285714494,44.39417290837232,46.1,43.76324292969511
Kenya,2023,2024,carbon_intensity_elec,85.22,106.35682276872758,96.88,95.3286280926249
Lesotho,2023,2024,electricity_demand (TWh),0.58,0.431125227844855,0.45,0.4082267061111077
Lesotho,2023,2024,electricity_demand_per_capita (MWh),0.2481359853651107,0.1829535206814593,0.1946808013580932,0.1745627159884687
Lesotho,2023,2024,electricity_demand_per_capita_with_access (MWh),0.4094653223846711,0.31381722450142185,0.3397570704329726,0.2840468965665059
Lesotho,2023,2024,energy_poverty_electricity (% of total population),39.4,41.613417824694274,42.7,40.22110920051485
Lesotho,2023,2024,energy_poverty_multidimensional (% of total population),42.70535714285688,43.433069945753324,44.45,42.3814731110687
Lesotho,2023,2024,carbon_intensity_elec,21.53728013816091,24.028978649404177,21.18068802654653,21.475063688931673
Liberia,2023,2024,electricity_demand (TWh),0.57,0.6666064907597347,0.61,0.6750867680475445
Liberia,2023,2024,electricity_demand_per_capita (MWh),0.101553356578956,0.11858358559154179,0.1110497202366269,0.12039359200118253
Liberia,2023,2024,electricity_demand_per_capita_with_access (MWh),0.290983829739129,0.33558543110692174,0.341691446881929,0.33963988883587504
Liberia,2023,2024,energy_poverty_electricity (% of total population),65.1,64.63826165939253,67.5,65.61518162812355
Liberia,2023,2024,energy_poverty_multidimensional (% of total population),82.00892857142844,81.86976125168614,83.35,82.32388361592908
Liberia,2023,2024,carbon_intensity_elec,315.79,288.8063328215098,295.08,262.64701497821665
Madagascar,2023,2024,electricity_demand (TWh),2.43,2.6710688084443386,2.48,2.576202378458103
Madagascar,2023,2024,electricity_demand_per_capita (MWh),0.076020742713271,0.08345612227199607,0.0794975320023245,0.08050381467247716
Madagascar,2023,2024,electricity_demand_per_capita_with_access (MWh),0.1788723357959318,0.2022704030390431,0.2017703857927018,0.18908382956192957
Madagascar,2023,2024,energy_poverty_electricity (% of total population),57.5,58.09762536080009,60.6,58.550738012474206
Madagascar,2023,2024,energy_poverty_multidimensional (% of total population),78.48749999999973,77.99681611927004,79.5,78.34831612720382
Madagascar,2023,2024,carbon_intensity_elec,432.1,433.0036585947409,423.39,433.6767634133591
Malawi,2023,2024,electricity_demand (TWh),1.81,1.8089071096593956,1.81,1.7683915353759572
Malawi,2023,2024,electricity_demand_per_capita (MWh),0.0835823564202886,0.08354921047287828,0.0857637809602511,0.08161849483145275
Malawi,2023,2024,electricity_demand_per_capita_with_access (MWh),0.5357843360274913,0.5101439121360322,0.5497678266682763,0.4977233490300981
Malawi,2023,2024,energy_poverty_electricity (% of total population),84.4,83.04479185392626,84.4,83.76255923170771
Malawi,2023,2024,energy_poverty_multidimensional (% of total population),91.78392857142856,90.77874510622618,91.45,91.16780146994058
Malawi,2023,2024,carbon_intensity_elec,54.65,48.31158657303053,54.65,52.77595329327852
Mali,2023,2024,electricity_demand (TWh),5.46,5.605520348623897,5.29,5.832789430661466
Mali,2023,2024,electricity_demand_per_capita (MWh),0.2230519992628662,0.22997926402068722,0.2225575778330969,0.23800729605070925
Mali,2023,2024,electricity_demand_per_capita_with_access (MWh),0.4506100995209419,0.4028916649018774,0.4083625281341229,0.4160189607486134
Mali,2023,2024,energy_poverty_electricity (% of total population),50.5,43.53134886162645,45.5,43.61340198766262
Mali,2023,2024,energy_poverty_multidimensional (% of total population),69.66785714285743,70.58678474146534,72.1,71.02432025327474
Mali,2023,2024,carbon_intensity_elec,538.59,531.6531455999166,535.77,573.8952868582589
Mauritania,2023,2024,electricity_demand (TWh),2.37,2.5373516198923878,2.35,2.535682218925013
Mauritania,2023,2024,electricity_demand_per_capita (MWh),0.4584668674506514,0.49301416132392106,0.4678998781867466,0.4902159855691702
Mauritania,2023,2024,electricity_demand_per_capita_with_access (MWh),0.8782890181046962,0.954387374355205,0.9302184456992976,0.9471918529561061
Mauritania,2023,2024,energy_poverty_electricity (% of total population),47.8,47.96153105029219,49.7,48.520450691030625
Mauritania,2023,2024,energy_poverty_multidimensional (% of total population),49.26785714285711,49.07253535137847,50.150000000000006,49.247248070372606
Mauritania,2023,2024,carbon_intensity_elec,512.08,500.3765351208242,521.53,525.9855836522287
Mauritius,2023,2024,electricity_demand (TWh),3.41,3.3673687731399227,3.27,3.3026981492867145
Mauritius,2023,2024,electricity_demand_per_capita (MWh),2.682565917567345,2.6245487716348985,2.5675432693855407,2.598483687478427
Mauritius,2023,2024,electricity_demand_per_capita_with_access (MWh),2.682565917567345,2.613006922025066,2.5675432693855407,2.5973686171723687
Mauritius,2023,2024,energy_poverty_electricity (% of total population),0.0,0.0,0.0,0.0
Mauritius,2023,2024,energy_poverty_multidimensional (% of total population),0.4160714285714277,0.39539455536801127,0.4500000000000028,0.41091730205167787
Mauritius,2023,2024,carbon_intensity_elec,642.23,627.4502705991554,633.03,633.0642931441303
Morocco,2023,2024,electricity_demand (TWh),44.94,45.82928964968169,44.31,45.640763279299875
Morocco,2023,2024,electricity_demand_per_capita (MWh),1.1801106142310311,1.1992399679899604,1.1749414968759972,1.197506542642733
Morocco,2023,2024,electricity_demand_per_capita_with_access (MWh),1.1801106142310311,1.1905879942741127,1.1749414968759972,1.1937069748291131
Morocco,2023,2024,energy_poverty_electricity (% of total population),0.0,0.0,0.0,0.0
Morocco,2023,2024,energy_poverty_multidimensional (% of total population),0.6196428571428783,0.8225432857264712,0.9500000000000028,0.8482227497652288
Morocco,2023,2024,carbon_intensity_elec,594.81,616.6085523233058,616.35,613.9202015960016
Mozambique,2023,2024,electricity_demand (TWh),16.49,16.855365424363132,16.5,16.643431431929088
Mozambique,2023,2024,electricity_demand_per_capita (MWh),0.4761524296464572,0.48794188585656445,0.4905580508112893,0.480381567860825
Mozambique,2023,2024,electricity_demand_per_capita_with_access (MWh),1.290385988201781,1.2884886467193266,1.3626612522535817,1.2751737750803915
Mozambique,2023,2024,energy_poverty_electricity (% of total population),63.1,61.55402289260984,64.0,62.710532707697496
Mozambique,2023,2024,energy_poverty_multidimensional (% of total population),77.87857142857138,76.76769946136518,78.3,77.43260610051139
Mozambique,2023,2024,carbon_intensity_elec,129.36,125.4737270605584,128.76,128.2261090667018
Namibia,2023,2024,electricity_demand (TWh),4.04,4.2323004737918115,4.18,4.14278973856988
Namibia,2023,2024,electricity_demand_per_capita (MWh),1.3332774500870757,1.3938637492622767,1.410683803662513,1.3598013221058534
Namibia,2023,2024,electricity_demand_per_capita_with_access (MWh),2.24835994955662,2.3712927968793878,2.4879784897046084,2.3535160329595417
Namibia,2023,2024,energy_poverty_electricity (% of total population),40.7,41.36720181966717,43.3,42.382906960825416
Namibia,2023,2024,energy_poverty_multidimensional (% of total population),46.88214285714275,46.524356279678635,47.65,46.96284478668667
Namibia,2023,2024,carbon_intensity_elec,48.78,47.78926400253943,47.62,46.76612080341724
Niger,2023,2024,electricity_demand (TWh),2.15,2.3367832057144073,2.21,2.340281312993097
Niger,2023,2024,electricity_demand_per_capita (MWh),0.0795341385862758,0.08690385734676292,0.0844805647491349,0.086509997794502
Niger,2023,2024,electricity_demand_per_capita_with_access (MWh),0.3733997116726567,0.41705107551409665,0.4203013171598754,0.4202210539572658
Niger,2023,2024,energy_poverty_electricity (% of total population),78.7,77.78394927398863,79.9,79.46669718992578
Niger,2023,2024,energy_poverty_multidimensional (% of total population),87.17500000000007,86.25417899309018,87.4,86.9865087588501
Niger,2023,2024,carbon_intensity_elec,673.68,680.8311040132774,680.41,675.7030005927877
Nigeria,2023,2024,electricity_demand (TWh),35.26,39.80689375234523,38.6,39.207993705822695
Nigeria,2023,2024,electricity_demand_per_capita (MWh),0.1515389311378989,0.1706435603087801,0.1693852048579553,0.16831996135886185
Nigeria,2023,2024,electricity_demand_per_capita_with_access (MWh),0.2424622898206383,0.273765052729308,0.2767732105522146,0.27379626838838983
Nigeria,2023,2024,energy_poverty_electricity (% of total population),37.5,36.26779596053344,38.8,38.53591079067603
Nigeria,2023,2024,energy_poverty_multidimensional (% of total population),54.82678571428596,54.45474771372243,56.3,54.9589141492524
Nigeria,2023,2024,carbon_intensity_elec,495.74,505.1398598709391,510.26,510.12300438485244
Rwanda,2023,2024,electricity_demand (TWh),1.22,1.2643261461812667,1.2,1.29342618964172
Rwanda,2023,2024,electricity_demand_per_capita (MWh),0.0855745626946952,0.08867627995864819,0.0859939318381998,0.09062482169469184
Rwanda,2023,2024,electricity_demand_per_capita_with_access (MWh),0.1188535592981878,0.13455198344322852,0.1345757931740216,0.12693504456174864
Rwanda,2023,2024,energy_poverty_electricity (% of total population),28.0,30.371594132739716,36.1,32.801467432280624
Rwanda,2023,2024,energy_poverty_multidimensional (% of total population),63.4696428571433,61.145534387081575,63.4,60.835250411238455
Rwanda,2023,2024,carbon_intensity_elec,353.98,344.5899756424737,354.55,356.1203113548049
Sao Tome and Principe,2023,2024,electricity_demand (TWh),0.0882540500874678,0.08995161258778935,0.09,0.08745657579837082
Sao Tome and Principe,2023,2024,electricity_demand_per_capita (MWh),0.37474102244128,0.3822036202819442,0.389809513084606,0.37207605036707925
Sao Tome and Principe,2023,2024,electricity_demand_per_capita_with_access (MWh),0.4822921781741056,0.45938631869839325,0.4794704957990234,0.44742725898221847
Sao Tome and Principe,2023,2024,energy_poverty_electricity (% of total population),22.3,17.58401081676667,18.700000000000003,17.42959701985767
Sao Tome and Principe,2023,2024,energy_poverty_multidimensional (% of total population),56.41607142857151,55.7882763644877,57.05,56.10200225730593
Sao Tome and Principe,2023,2024,carbon_intensity_elec,539.9630162912052,524.6451541598201,555.56,544.8869560523353
Senegal,2023,2024,electricity_demand (TWh),8.13,9.191801361160142,8.74,9.428593337137219
Senegal,2023,2024,electricity_demand_per_capita (MWh),0.43941224045762,0.49768062811292585,0.4834719793414747,0.5080084849362198
Senegal,2023,2024,electricity_demand_per_capita_with_access (MWh),0.5300509535073824,0.6714849204977837,0.6515794869831194,0.6710811512028018
Senegal,2023,2024,energy_poverty_electricity (% of total population),17.099999999999994,22.002294954602277,25.8,24.650087801527217
Senegal,2023,2024,energy_poverty_multidimensional (% of total population),46.2035714285712,44.314271246163635,45.5,44.44742708962776
Senegal,2023,2024,carbon_intensity_elec,539.97,550.7904801181694,557.32,548.4662449831583
Seychelles,2023,2024,electricity_demand (TWh),0.63,0.634014369277146,0.62,0.6393484869043005
Seychelles,2023,2024,electricity_demand_per_capita (MWh),4.829954920420743,4.861016550823893,4.845226279882152,4.888593073683974
Seychelles,2023,2024,electricity_demand_per_capita_with_access (MWh),4.829954920420743,4.843265460855721,4.845226279882152,4.888593073683974
Seychelles,2023,2024,energy_poverty_electricity (% of total population),0.0,0.0,0.0,0.0
Seychelles,2023,2024,energy_poverty_multidimensional (% of total population),0.0,0.0,0.0,0.0
Seychelles,2023,2024,carbon_intensity_elec,555.56,560.6611009287617,564.52,554.4897558231306
Sierra Leone,2023,2024,electricity_demand (TWh),0.21,0.21327647185378062,0.21,0.21
Sierra Leone,2023,2024,electricity_demand_per_capita (MWh),0.0242998490285093,0.02462622690667944,0.0248211605830987,0.02425821233115222
Sierra Leone,2023,2024,electricity_demand_per_capita_with_access (MWh),0.0619894107870137,0.0650387055813704,0.0699187622059118,0.06308908271735932
Sierra Leone,2023,2024,energy_poverty_electricity (% of total population),60.8,62.13170522589358,64.5,62.57939240978292
Sierra Leone,2023,2024,energy_poverty_multidimensional (% of total population),82.48214285714289,80.44203145469764,81.8,80.74902045754263
Sierra Leone,2023,2024,carbon_intensity_elec,47.62,39.59079554242896,47.62,37.83872829731074
Somalia,2023,2024,electricity_demand (TWh),0.43,0.4355787468867224,0.42,0.42935162939419846
Somalia,2023,2024,electricity_demand_per_capita (MWh),0.0226206793516071,0.02307791939364571,0.0228775340545712,0.022577900545874833
Somalia,2023,2024,electricity_demand_per_capita_with_access (MWh),0.0415821311610425,0.04473811289162281,0.0454821750587896,0.044987780434580404
Somalia,2023,2024,energy_poverty_electricity (% of total population),45.6,48.69529973285761,49.7,49.815349160672085
Somalia,2023,2024,energy_poverty_multidimensional (% of total population),72.74285714285713,71.35205651342478,72.15,71.98719377646943
Somalia,2023,2024,carbon_intensity_elec,511.63,507.82997366693024,523.81,509.1573615790087
South Africa,2023,2024,electricity_demand (TWh),246.22,231.35233380110856,232.4,230.40995257454236
South Africa,2023,2024,electricity_demand_per_capita (MWh),3.846755521376061,3.5969800719942184,3.6764946667256,3.5938730254759363
South Africa,2023,2024,electricity_demand_per_capita_with_access (MWh),4.264695699973459,4.0365403875265295,4.1921261878285065,4.072066880901659
South Africa,2023,2024,energy_poverty_electricity (% of total population),9.799999999999995,11.258450607800363,12.299999999999995,11.83592337423034
South Africa,2023,2024,energy_poverty_multidimensional (% of total population),9.957142857143026,10.507976366493573,11.25,10.74162456649017
South Africa,2023,2024,carbon_intensity_elec,717.36,697.9840711397856,714.4,705.567776058401
South Sudan,2023,2024,electricity_demand (TWh),0.56,0.57175056515045,0.56,0.5659601311603413
South Sudan,2023,2024,electricity_demand_per_capita (MWh),0.0468877816302044,0.049005914990605574,0.0487661722995949,0.048874540199997145
South Sudan,2023,2024,electricity_demand_per_capita_with_access (MWh),0.8682922524111931,0.8137101969102456,0.9030772648073144,0.9026704518550932
South Sudan,2023,2024,energy_poverty_electricity (% of total population),94.6,91.38714840783425,94.6,94.58572290844852
South Sudan,2023,2024,energy_poverty_multidimensional (% of total population),96.08035714285712,95.82754273556093,97.3,97.29285923953496
South Sudan,2023,2024,carbon_intensity_elec,642.86,660.48557842525,642.86,641.3051522858058
Sudan,2023,2024,electricity_demand (TWh),15.57,15.383013233650251,15.16,15.18155059104545
Sudan,2023,2024,electricity_demand_per_capita (MWh),0.3086287606325284,0.30075489231160724,0.3029406827755441,0.2951217155721373
Sudan,2023,2024,electricity_demand_per_capita_with_access (MWh),0.4676193342917096,0.4494826641942514,0.4590010345084002,0.43037765305312786
Sudan,2023,2024,energy_poverty_electricity (% of total population),34.0,32.48929027289835,34.0,32.22368194821362
Sudan,2023,2024,energy_poverty_multidimensional (% of total population),29.15625,30.829567986707705,31.724999999999994,29.829980565236205
Sudan,2023,2024,carbon_intensity_elec,153.69,132.44518277780304,146.11,131.6298718605423
Tanzania,2023,2024,electricity_demand (TWh),9.03,11.50787555329711,10.76,11.460376020914632
Tanzania,2023,2024,electricity_demand_per_capita (MWh),0.1317091403605493,0.1683308001820765,0.1615188609221583,0.16687043749950278
Tanzania,2023,2024,electricity_demand_per_capita_with_access (MWh),0.2513533212987582,0.33346395577702254,0.334407579548982,0.32690518875216135
Tanzania,2023,2024,energy_poverty_electricity (% of total population),47.6,49.326294988813686,51.7,49.799175572555626
Tanzania,2023,2024,energy_poverty_multidimensional (% of total population),69.75714285714321,69.0962651798467,70.95,69.54654780392092
Tanzania,2023,2024,carbon_intensity_elec,345.02,387.00899981200575,372.75,379.54862421807957
Togo,2023,2024,electricity_demand (TWh),2.21,2.459969344175399,2.25,2.343899905352951
Togo,2023,2024,electricity_demand_per_capita (MWh),0.26289012120781,0.29233418483061774,0.2735943845299764,0.2796548475153744
Togo,2023,2024,electricity_demand_per_capita_with_access (MWh),0.4302620641699018,0.47928993559835337,0.4621526765709061,0.4567918880881208
Togo,2023,2024,energy_poverty_electricity (% of total population),38.9,39.27970982590027,40.8,39.2821877864106
Togo,2023,2024,energy_poverty_multidimensional (% of total population),62.51249999999982,62.51739029741672,63.8,62.6023792321748
Togo,2023,2024,carbon_intensity_elec,422.54,442.25196402484846,436.62,425.7045353957667
Tunisia,2023,2024,electricity_demand (TWh),23.96,24.743835044448396,23.78,24.461950108098456
Tunisia,2023,2024,electricity_demand_per_capita (MWh),1.951600471218658,2.0033394844825585,1.9491109906418085,1.9888503385130192
Tunisia,2023,2024,electricity_demand_per_capita_with_access (MWh),1.951600471218658,1.9989275367352461,1.9491109906418085,1.9888503385130192
Tunisia,2023,2024,energy_poverty_electricity (% of total population),0.0,0.0,0.0,0.0
Tunisia,2023,2024,energy_poverty_multidimensional (% of total population),0.0571428571428533,0.03638499860887514,0.0499999999999971,0.04528615363177409
Tunisia,2023,2024,carbon_intensity_elec,558.26,557.8805004125345,560.15,559.6844089890265
Uganda,2023,2024,electricity_demand (TWh),5.37,5.641691636385682,5.33,5.626234488648405
Uganda,2023,2024,electricity_demand_per_capita (MWh),0.1073675943126845,0.11301619629762401,0.1095431933744001,0.11195161360110463
Uganda,2023,2024,electricity_demand_per_capita_with_access (MWh),0.1941547817589232,0.2085765214086435,0.2127052298532042,0.1979094503071454
Uganda,2023,2024,energy_poverty_electricity (% of total population),44.7,46.078028607577686,48.5,45.72129912203585
Uganda,2023,2024,energy_poverty_multidimensional (% of total population),71.66964285714312,71.6194064690055,73.35,71.68971068056946
Uganda,2023,2024,carbon_intensity_elec,58.52,57.43996338185274,58.93,59.406472061088735
Zambia,2023,2024,electricity_demand (TWh),16.6,16.555399619176633,16.09,16.558747917148153
Zambia,2023,2024,electricity_demand_per_capita (MWh),0.778795664754176,0.7785730962596383,0.7763957547317075,0.7761620020845931
Zambia,2023,2024,electricity_demand_per_capita_with_access (MWh),1.4529769864816715,1.4540509522614542,1.5193654691422849,1.4413104194432809
Zambia,2023,2024,energy_poverty_electricity (% of total population),46.4,46.5433218462274,48.9,46.993095188345414
Zambia,2023,2024,energy_poverty_multidimensional (% of total population),69.41428571428582,68.31995117280948,69.85,69.05855371727051
Zambia,2023,2024,carbon_intensity_elec,119.68,108.18645158562255,111.0,119.70843570588895
Zimbabwe,2023,2024,electricity_demand (TWh),12.1,12.222221242405874,11.99,12.487575649894689
Zimbabwe,2023,2024,electricity_demand_per_capita (MWh),0.7274097491903209,0.7317633300569711,0.7337449036398337,0.7519977837414583
Zimbabwe,2023,2024,electricity_demand_per_capita_with_access (MWh),1.1732415309521302,1.1507940587001182,1.1834595219997317,1.1492007634384374
Zimbabwe,2023,2024,energy_poverty_electricity (% of total population),38.0,33.45047427335111,38.0,35.81672288230197
Zimbabwe,2023,2024,energy_poverty_multidimensional (% of total population),55.1875,51.97934281934148,53.65,52.33829734950417
Zimbabwe,2023,2024,carbon_intensity_elec,384.02,374.87843757633107,392.39,380.33826581261945
Algeria,2024,2025,electricity_demand (TWh),97.16654912994125,96.47053660396948,93.84,97.20531454400158
Algeria,2024,2025,electricity_demand_per_capita (MWh),2.048401443704752,2.0304441559974538,2.004515628578634,2.0413341507506377
Algeria,2024,2025,electricity_demand_per_capita_with_access (MWh),2.0484014489728826,2.026466398247853,2.004515628578634,2.039799116255734
Algeria,2024,2025,energy_poverty_electricity (% of total population),2.5718252061324165e-07,0.0,0.0,0.0
Algeria,2024,2025,energy_poverty_multidimensional (% of total population),0.033928571428575,0.079022918617559,0.0857142857142889,0.06875636149132561
Algeria,2024,2025,carbon_intensity_elec,632.7273546735626,630.383969774092,632.94,632.5088247821182
Angola,2024,2025,electricity_demand (TWh),16.429148580239648,15.665270969824828,15.59,16.288331023716175
Angola,2024,2025,electricity_demand_per_capita (MWh),0.4208281249923062,0.40311306377100314,0.4114992366280037,0.4161321265570103
Angola,2024,2025,electricity_demand_per_capita_with_access (MWh),0.7692260750286594,0.6975677103290633,0.7414400659964031,0.7236835056127391
Angola,2024,2025,energy_poverty_electricity (% of total population),45.29200989752885,42.23378879195305,44.5,43.0318125272021
Angola,2024,2025,energy_poverty_multidimensional (% of total population),47.96785714285716,47.47988522617165,48.74642857142862,48.005577975636996
Angola,2024,2025,carbon_intensity_elec,179.46741097701485,180.48794276757653,185.38,175.5320040537113
Benin,2024,2025,electricity_demand (TWh),2.4715356301443725,2.373873337194396,2.31,2.4681474958579526
Benin,2024,2025,electricity_demand_per_capita (MWh),0.1668326852828,0.16008394300717183,0.1597209819645971,0.16618930287432507
Benin,2024,2025,electricity_demand_per_capita_with_access (MWh),0.2727988391334875,0.25862751861008687,0.2707135287535544,0.2657172733550044
Benin,2024,2025,energy_poverty_electricity (% of total population),38.84406333519459,39.06786453463299,41.0,38.856552882816864
Benin,2024,2025,energy_poverty_multidimensional (% of total population),66.6833333333334,67.2536727213352,68.28749999999991,67.0655112774032
Benin,2024,2025,carbon_intensity_elec,575.8205925624251,577.2061578977019,584.16,574.5918061135139
Botswana,2024,2025,electricity_demand (TWh),4.751514500925471,4.706949555308332,4.67,4.71026866780499
Botswana,2024,2025,electricity_demand_per_capita (MWh),1.854518712588106,1.83451063703138,1.852332967758697,1.8403590931882285
Botswana,2024,2025,electricity_demand_per_capita_with_access (MWh),2.306753974443517,2.240082449446332,2.309642104437278,2.23176408666556
Botswana,2024,2025,energy_poverty_electricity (% of total population),19.604832889233837,18.171081311177428,19.8,18.387088239536638
Botswana,2024,2025,energy_poverty_multidimensional (% of total population),26.12380952380954,25.92228343931325,27.216071428571468,26.249169277867313
Botswana,2024,2025,carbon_intensity_elec,850.3200082691494,839.1696507096768,851.31,850.3857815577429
Burkina Faso,2024,2025,electricity_demand (TWh),3.470596904170771,3.5214466975425656,3.19,3.4719633824858382
Burkina Faso,2024,2025,electricity_demand_per_capita (MWh),0.1441602203150265,0.145811008992098,0.1354634817206257,0.14384778800851628
Burkina Faso,2024,2025,electricity_demand_per_capita_with_access (MWh),0.5220382951398485,0.4380089026971435,0.3984220050606639,0.3868147031549037
Burkina Faso,2024,2025,energy_poverty_electricity (% of total population),72.38512544823794,64.95651998698685,66.0,64.09751182269419
Burkina Faso,2024,2025,energy_poverty_multidimensional (% of total population),79.48690476190473,79.91123814244763,80.37678571428569,79.60805226420787
Burkina Faso,2024,2025,carbon_intensity_elec,562.4810154786801,553.3183502128242,562.13,562.9566942745423
Burundi,2024,2025,electricity_demand (TWh),0.6098728896365954,0.6234533569078904,0.57,0.6150904397068833
Burundi,2024,2025,electricity_demand_per_capita (MWh),0.0423817008799983,0.043240121046193895,0.0405757831766823,0.04258171149402291
Burundi,2024,2025,electricity_demand_per_capita_with_access (MWh),0.2787441550603992,0.21753599386504086,0.2018695680431957,0.1902413900066584
Burundi,2024,2025,energy_poverty_electricity (% of total population),84.79548356060957,78.85912746420914,79.9,78.55747031224303
Burundi,2024,2025,energy_poverty_multidimensional (% of total population),94.1425595238095,93.98518712041839,94.3035714285714,94.13660600910573
Burundi,2024,2025,carbon_intensity_elec,199.0528940900512,183.24366200198918,183.67,213.2788175370335
Cameroon,2024,2025,electricity_demand (TWh),7.279716657775864,7.529940756615105,7.32,7.340249775033672
Cameroon,2024,2025,electricity_demand_per_capita (MWh),0.2436371214643575,0.25253337460214365,0.2513412765417418,0.24530712266606075
Cameroon,2024,2025,electricity_demand_per_capita_with_access (MWh),0.3300739110746941,0.3393793751111055,0.3490851063079747,0.3328884606776438
Cameroon,2024,2025,energy_poverty_electricity (% of total population),26.18710134615162,26.5587641063292,28.0,26.76236739967191
Cameroon,2024,2025,energy_poverty_multidimensional (% of total population),46.51577380952358,46.453949499650925,47.89642857142826,46.73394608513464
Cameroon,2024,2025,carbon_intensity_elec,217.8004747926452,224.08402982477307,225.9,218.06785801861588
Cape Verde,2024,2025,electricity_demand (TWh),0.5314733076179364,0.539457895445695,0.52,0.5294832136256378
Cape Verde,2024,2025,electricity_demand_per_capita (MWh),1.0078628686097892,1.0139408312424139,0.9907064117756889,1.00578278039922
Cape Verde,2024,2025,electricity_demand_per_capita_with_access (MWh),1.0194991502796948,1.0123332706330386,1.006815459121635,1.0072463848682207
Cape Verde,2024,2025,energy_poverty_electricity (% of total population),1.141372375515303,0.47842454634478937,1.5999999999999943,1.237431533372555
Cape Verde,2024,2025,energy_poverty_multidimensional (% of total population),5.977976190476056,6.472537232467315,7.328571428571195,6.552223174873485
Cape Verde,2024,2025,carbon_intensity_elec,453.5312432439089,454.2975175054474,461.54,453.274212697605
Chad,2024,2025,electricity_demand (TWh),0.3796279811636671,0.37491293759232835,0.37,0.37827420318358473
Chad,2024,2025,electricity_demand_per_capita (MWh),0.0180743269604184,0.01792736976750042,0.0182273812608037,0.017960538234026553
Chad,2024,2025,electricity_demand_per_capita_with_access (MWh),0.1375597223518778,0.12423841098096067,0.13602523328958,0.1278791975209696
Chad,2024,2025,energy_poverty_electricity (% of total population),86.86074190075469,83.95029787002738,86.6,86.08884822180858
Chad,2024,2025,energy_poverty_multidimensional (% of total population),88.26011904761913,87.94061939951285,88.79464285714289,88.27659296233918
Chad,2024,2025,carbon_intensity_elec,621.420105422692,614.3968074060625,621.62,622.7186872422004
Comoros,2024,2025,electricity_demand (TWh),0.1738470087986427,0.16228962567150468,0.1560082729595132,0.17580123964080951
Comoros,2024,2025,electricity_demand_per_capita (MWh),0.1969897459691399,0.18382851620321802,0.1800846746739503,0.19903256143255374
Comoros,2024,2025,electricity_demand_per_capita_with_access (MWh),0.2121333262195591,0.19649264529229946,0.1963845961547986,0.2121511388634926
Comoros,2024,2025,energy_poverty_electricity (% of total population),7.138708716962938,7.366260289644083,8.299999999999997,7.283646342963341
Comoros,2024,2025,energy_poverty_multidimensional (% of total population),46.53333333333285,46.09760213571834,47.874999999999545,46.66058931595322
Comoros,2024,2025,carbon_intensity_elec,636.9896676364692,632.3032174977724,639.9181023668425,636.6504953938451
Congo,2024,2025,electricity_demand (TWh),5.859113449595509,5.7118381303743755,5.38,5.794760639585176
Congo,2024,2025,electricity_demand_per_capita (MWh),0.903564341543348,0.8810547486180733,0.8495225541132445,0.8932283299149737
Congo,2024,2025,electricity_demand_per_capita_with_access (MWh),1.6907330444596012,1.616689437808386,1.6028727436098953,1.6525873197670502
Congo,2024,2025,energy_poverty_electricity (% of total population),46.55783510565094,45.362751788942376,47.0,46.11706652976215
Congo,2024,2025,energy_poverty_multidimensional (% of total population),51.38035714285661,51.62376161537701,52.70267857142835,51.49921595835224
Congo,2024,2025,carbon_intensity_elec,741.4366349643662,708.2265716329545,716.12,738.6527551458629
Cote d'Ivoire,2024,2025,electricity_demand (TWh),10.36002370178825,10.088523752828241,10.06,10.198162106425414
Cote d'Ivoire,2024,2025,electricity_demand_per_capita (MWh),0.3167084707490532,0.3090275227333811,0.3150224794843176,0.3112310805593487
Cote d'Ivoire,2024,2025,electricity_demand_per_capita_with_access (MWh),0.4265339135643656,0.41269635412487343,0.432129601487404,0.4202820678852648
Cote d'Ivoire,2024,2025,energy_poverty_electricity (% of total population),25.74834950345381,25.39337087155148,27.099999999999994,26.182247573788853
Cote d'Ivoire,2024,2025,energy_poverty_multidimensional (% of total population),37.93363095238101,38.16300309348871,39.692857142857065,38.20790213540648
Cote d'Ivoire,2024,2025,carbon_intensity_elec,399.71839359922006,401.2119251831235,405.01,397.01257598348343
Democratic Republic of the Congo,2024,2025,electricity_demand (TWh),18.829016909817884,17.726856452451077,17.36,18.66290864550233
Democratic Republic of the Congo,2024,2025,electricity_demand_per_capita (MWh),0.1668758698759039,0.15759848722036185,0.1588634106305098,0.1652511451481685
Democratic Republic of the Congo,2024,2025,electricity_demand_per_capita_with_access (MWh),0.7087847259613292,0.6682948498367364,0.706059602802266,0.7107140951816613
Democratic Republic of the Congo,2024,2025,energy_poverty_electricity (% of total population),76.45605728176929,75.59549771379966,77.5,76.87342423394306
Democratic Republic of the Congo,2024,2025,energy_poverty_multidimensional (% of total population),85.63630952380947,85.09113618681157,86.05357142857144,85.65016266418326
Democratic Republic of the Congo,2024,2025,carbon_intensity_elec,28.08897937520584,28.171820052170474,27.64,28.075585273486155
Djibouti,2024,2025,electricity_demand (TWh),0.8382721547815092,0.8244901041449433,0.8,0.8402857695935213
Djibouti,2024,2025,electricity_demand_per_capita (MWh),0.7079522646939601,0.691056898226865,0.6845060347763291,0.7083650124028226
Djibouti,2024,2025,electricity_demand_per_capita_with_access (MWh),1.028753772575235,0.9744777590748366,0.9891705704860247,1.0051373174185083
Djibouti,2024,2025,energy_poverty_electricity (% of total population),31.183507310814164,29.325799768871395,30.8,29.791426525279785
Djibouti,2024,2025,energy_poverty_multidimensional (% of total population),60.768154761904725,60.14157866919736,61.27678571428555,60.73947077831848
Djibouti,2024,2025,carbon_intensity_elec,422.9490976454563,438.8216126602397,450.0,428.42540301259794
Egypt,2024,2025,electricity_demand (TWh),244.31,241.88765452020164,235.99,242.80558650538768
Egypt,2024,2025,electricity_demand_per_capita (MWh),2.0640218501943908,2.0446534826006517,2.025000271155594,2.048175305545384
Egypt,2024,2025,electricity_demand_per_capita_with_access (MWh),2.0640218708346096,2.0333677368075653,2.025000271155594,2.048175305545384
Egypt,2024,2025,energy_poverty_electricity (% of total population),1.0000000116860974e-06,0.0,0.0,0.0
Egypt,2024,2025,energy_poverty_multidimensional (% of total population),0.0333333333333314,0.03376273808583467,0.0374999999999978,0.03317298637783771
Egypt,2024,2025,carbon_intensity_elec,563.23,574.1441201303297,574.5,572.2320743662616
Equatorial Guinea,2024,2025,electricity_demand (TWh),1.507219896571002,1.5346109208534053,1.49,1.5016494017973596
Equatorial Guinea,2024,2025,electricity_demand_per_capita (MWh),0.7775434471059719,0.7934907767401296,0.7873087936051504,0.7712662254983924
Equatorial Guinea,2024,2025,electricity_demand_per_capita_with_access (MWh),1.1722006175347444,1.1835425975710574,1.2093837075347935,1.1872247742606374
Equatorial Guinea,2024,2025,energy_poverty_electricity (% of total population),33.66805686033301,33.13591426954286,34.900000000000006,35.0399935693908
Equatorial Guinea,2024,2025,energy_poverty_multidimensional (% of total population),55.5327380952381,54.239776262642344,55.451785714285705,55.52747168748808
Equatorial Guinea,2024,2025,carbon_intensity_elec,652.1455211835143,648.0276634792021,644.3,652.0243545572954
Eritrea,2024,2025,electricity_demand (TWh),0.4764723601127715,0.4614422556013417,0.45,0.47967113708081033
Eritrea,2024,2025,electricity_demand_per_capita (MWh),0.132096207506878,0.12739189301764653,0.1272764812861147,0.13358946486560885
Eritrea,2024,2025,electricity_demand_per_capita_with_access (MWh),0.231408724805317,0.22005946141920246,0.2301563856891766,0.23664812957710235
Eritrea,2024,2025,energy_poverty_electricity (% of total population),42.9164965072039,42.60379557990645,44.7,43.74809518584682
Eritrea,2024,2025,energy_poverty_multidimensional (% of total population),65.35833333333358,64.88992461210718,66.00000000000023,65.37155548166625
Eritrea,2024,2025,carbon_intensity_elec,570.5705606950606,568.6924213727783,577.78,567.536703872898
Eswatini,2024,2025,electricity_demand (TWh),1.6791617576182705,1.6591576340819032,1.65,1.6812542444518992
Eswatini,2024,2025,electricity_demand_per_capita (MWh),1.3367195150164597,1.314708366193822,1.3276162690120683,1.3396303275529557
Eswatini,2024,2025,electricity_demand_per_capita_with_access (MWh),1.4833278011551967,1.4336964299218964,1.486692350517434,1.4372695859669895
Eswatini,2024,2025,energy_poverty_electricity (% of total population),9.883741545500628,8.951489084117473,10.700000000000005,9.17532826807507
Eswatini,2024,2025,energy_poverty_multidimensional (% of total population),27.924107142857338,27.74647156757654,29.546428571428805,28.048417625205186
Eswatini,2024,2025,carbon_intensity_elec,124.42248303802054,126.808074965858,131.15,122.78390424558884
Ethiopia,2024,2025,electricity_demand (TWh),31.02,24.994112816132084,23.44,25.715540724056975
Ethiopia,2024,2025,electricity_demand_per_capita (MWh),0.2289771244913932,0.1848014800914947,0.1774953871266018,0.1896088237763997
Ethiopia,2024,2025,electricity_demand_per_capita_with_access (MWh),0.3833235823417466,0.31083172014463656,0.3135960903296853,0.32359162312987577
Ethiopia,2024,2025,energy_poverty_electricity (% of total population),40.26531759602206,40.7926724114419,43.4,41.93691043910217
Ethiopia,2024,2025,energy_poverty_multidimensional (% of total population),65.6047619047622,65.24383937747186,66.81071428571431,65.72150617533444
Ethiopia,2024,2025,carbon_intensity_elec,23.08,23.509123985530618,23.41,23.329994560302747
Gabon,2024,2025,electricity_demand (TWh),3.269553727244752,3.2228656138315923,3.18,3.2705914334988013
Gabon,2024,2025,electricity_demand_per_capita (MWh),1.260851727251644,1.2483350862366738,1.2524847840822575,1.2579843150802372
Gabon,2024,2025,electricity_demand_per_capita_with_access (MWh),1.321849811017921,1.29422496745291,1.3170187004019531,1.310219724665743
Gabon,2024,2025,energy_poverty_electricity (% of total population),4.614600180583622,4.130767121618955,4.900000000000006,4.385581800862609
Gabon,2024,2025,energy_poverty_multidimensional (% of total population),5.448214285714357,5.70243516713988,6.26785714285711,5.755476209872155
Gabon,2024,2025,carbon_intensity_elec,523.9961093202984,516.3919341085025,523.08,522.8268024139326
Gambia,2024,2025,electricity_demand (TWh),0.5473068916924647,0.5187841695580648,0.51,0.5449746126960535
Gambia,2024,2025,electricity_demand_per_capita (MWh),0.1939357457022471,0.18373623939819328,0.1847826756458969,0.1928347920976393
Gambia,2024,2025,electricity_demand_per_capita_with_access (MWh),0.2768334059957749,0.2577385191771725,0.2678009791969521,0.2725147877917873
Gambia,2024,2025,energy_poverty_electricity (% of total population),29.94496274585916,29.504692950005296,31.0,29.706131164290916
Gambia,2024,2025,energy_poverty_multidimensional (% of total population),64.17916666666656,63.93904397944984,64.92499999999995,64.22576647542675
Gambia,2024,2025,carbon_intensity_elec,667.8969675974378,657.7633832931921,666.67,666.67
Ghana,2024,2025,electricity_demand (TWh),23.470364120557043,22.380994132174827,21.83,23.13271648582411
Ghana,2024,2025,electricity_demand_per_capita (MWh),0.669352612692287,0.6379934807285466,0.6340876517108442,0.6586771635147224
Ghana,2024,2025,electricity_demand_per_capita_with_access (MWh),0.7315763796686111,0.6795348092260854,0.689975681948688,0.7036420876748238
Ghana,2024,2025,energy_poverty_electricity (% of total population),8.505436849192733,6.72804507554855,8.099999999999994,7.203596036733824
Ghana,2024,2025,energy_poverty_multidimensional (% of total population),36.353571428571286,35.911890881587624,37.81428571428569,36.60904323533889
Ghana,2024,2025,carbon_intensity_elec,478.387566508289,453.39750172255475,468.89,476.8197237885921
Guinea,2024,2025,electricity_demand (TWh),4.615361551436139,4.193519910511102,4.03,4.519755415859499
Guinea,2024,2025,electricity_demand_per_capita (MWh),0.3056587333177119,0.27707191380398577,0.2731318442655088,0.29873947421347735
Guinea,2024,2025,electricity_demand_per_capita_with_access (MWh),0.5442405124934016,0.4915939813881496,0.5076800079284551,0.5233511963202203
Guinea,2024,2025,energy_poverty_electricity (% of total population),43.83756330131383,44.150365520210144,46.2,44.143779798521685
Guinea,2024,2025,energy_poverty_multidimensional (% of total population),71.51726190476211,71.3729536235091,72.6732142857145,71.49774970770548
Guinea,2024,2025,carbon_intensity_elec,173.87496890991036,177.49952464519333,181.14,175.83083700854033
Guinea-Bissau,2024,2025,electricity_demand (TWh),0.08,0.08189753789237274,0.08,0.08
Guinea-Bissau,2024,2025,electricity_demand_per_capita (MWh),0.0355630921645922,0.03631626441916557,0.0363411709125268,0.0355160915225659
Guinea-Bissau,2024,2025,electricity_demand_per_capita_with_access (MWh),0.0765022712506923,0.07765304688563414,0.0831605741705418,0.07496573602628813
Guinea-Bissau,2024,2025,energy_poverty_electricity (% of total population),53.5136779821156,53.58572344519813,56.3,54.130264211654854
Guinea-Bissau,2024,2025,energy_poverty_multidimensional (% of total population),76.95505952380927,77.08683120450611,78.15357142857147,77.00290305059265
Guinea-Bissau,2024,2025,carbon_intensity_elec,625.0,618.3331338325967,625.0,625.0
Kenya,2024,2025,electricity_demand (TWh),15.58,14.953736856719686,14.75,15.537348872689442
Kenya,2024,2025,electricity_demand_per_capita (MWh),0.2708035012772174,0.2598429451854738,0.2613721424360869,0.26990784011011537
Kenya,2024,2025,electricity_demand_per_capita_with_access (MWh),0.3284539339853416,0.32725659795462764,0.3394443408260869,0.3346187375428762
Kenya,2024,2025,energy_poverty_electricity (% of total population),17.552060347889466,20.924230091645907,23.0,21.040071417007407
Kenya,2024,2025,energy_poverty_multidimensional (% of total population),38.108928571428805,39.146041318259385,41.204464285714494,38.82238302424372
Kenya,2024,2025,carbon_intensity_elec,95.44,84.45503437468876,85.22,82.68857660067411
Lesotho,2024,2025,electricity_demand (TWh),0.5438721356119012,0.5745555325787127,0.58,0.5497721468377603
Lesotho,2024,2025,electricity_demand_per_capita (MWh),0.2301295726204432,0.24137332463860828,0.2481359853651107,0.23249330237793234
Lesotho,2024,2025,electricity_demand_per_capita_with_access (MWh),0.366841741381091,0.3801024352348957,0.4094653223846711,0.358337367019572
Lesotho,2024,2025,energy_poverty_electricity (% of total population),37.267342654615,36.84497287695537,39.4,37.01712302273715
Lesotho,2024,2025,energy_poverty_multidimensional (% of total population),40.29404761904698,41.29368361809762,42.70535714285688,40.756786054612924
Lesotho,2024,2025,carbon_intensity_elec,21.573267886478117,21.539229302751583,21.53728013816091,21.844509809437966
Liberia,2024,2025,electricity_demand (TWh),0.6096395240917487,0.6123476563150445,0.57,0.6176166975235577
Liberia,2024,2025,electricity_demand_per_capita (MWh),0.1063720198775764,0.1064667991713116,0.101553356578956,0.10778084315816712
Liberia,2024,2025,electricity_demand_per_capita_with_access (MWh),0.2804006480306225,0.28492133994072194,0.290983829739129,0.28370024085510614
Liberia,2024,2025,energy_poverty_electricity (% of total population),62.064274592561006,62.55252768262316,65.1,63.219874986553386
Liberia,2024,2025,energy_poverty_multidimensional (% of total population),80.98869047619019,80.8417063891419,82.00892857142844,80.96052109687088
Liberia,2024,2025,carbon_intensity_elec,288.24086621989926,282.04955038141253,315.79,287.63008248155273
Madagascar,2024,2025,electricity_demand (TWh),2.507804831568506,2.508398797847295,2.43,2.5058949266015738
Madagascar,2024,2025,electricity_demand_per_capita (MWh),0.0765959861231117,0.076449256345837,0.076020742713271,0.07643361146705865
Madagascar,2024,2025,electricity_demand_per_capita_with_access (MWh),0.1714751981681269,0.16787273274946896,0.1788723357959318,0.166466259826977
Madagascar,2024,2025,energy_poverty_electricity (% of total population),55.3311575426719,54.32778326122064,57.5,55.42995525021524
Madagascar,2024,2025,energy_poverty_multidimensional (% of total population),77.42083333333312,77.11234898563838,78.48749999999973,77.3676468701486
Madagascar,2024,2025,carbon_intensity_elec,440.6109156097649,434.544975791674,432.1,442.39691244339315
Malawi,2024,2025,electricity_demand (TWh),1.7877543323953955,1.8139710449072317,1.81,1.7735398283945343
Malawi,2024,2025,electricity_demand_per_capita (MWh),0.0804710348740107,0.08161275694841119,0.0835823564202886,0.07977926318692127
Malawi,2024,2025,electricity_demand_per_capita_with_access (MWh),0.5129710966309238,0.4958858027345013,0.5357843360274913,0.4895521415472551
Malawi,2024,2025,energy_poverty_electricity (% of total population),84.31275457768946,83.13378513137673,84.4,83.8419752945568
Malawi,2024,2025,energy_poverty_multidimensional (% of total population),91.66369047619048,91.22486527694416,91.78392857142856,91.57776912362623
Malawi,2024,2025,carbon_intensity_elec,53.9994378518878,50.63599399584597,54.65,53.00664863537235
Mali,2024,2025,electricity_demand (TWh),5.934652800290261,5.653577374433344,5.46,5.970735213540445
Mali,2024,2025,electricity_demand_per_capita (MWh),0.2355130946565006,0.22547190068730977,0.2230519992628662,0.2366088507017078
Mali,2024,2025,electricity_demand_per_capita_with_access (MWh),0.4094714250922107,0.440445450727958,0.4506100995209419,0.46366480804758975
Mali,2024,2025,energy_poverty_electricity (% of total population),42.483631280628586,47.078309748801985,50.5,49.30135692867187
Mali,2024,2025,energy_poverty_multidimensional (% of total population),68.38571428571458,67.32013601105845,69.66785714285743,68.46323945741862
Mali,2024,2025,carbon_intensity_elec,565.9491462775131,544.5047173117935,538.59,572.3553611730975
Mauritania,2024,2025,electricity_demand (TWh),2.525952016994088,2.4226480654156783,2.37,2.5357532980341646
Mauritania,2024,2025,electricity_demand_per_capita (MWh),0.4752431264552506,0.4574612075873884,0.4584668674506514,0.4763295824888713
Mauritania,2024,2025,electricity_demand_per_capita_with_access (MWh),0.8961876284977515,0.8453437737447057,0.8782890181046962,0.88591161778495
Mauritania,2024,2025,energy_poverty_electricity (% of total population),46.97057721585775,45.72544337531955,47.8,46.57836265121907
Mauritania,2024,2025,energy_poverty_multidimensional (% of total population),48.30238095238087,48.24333992919034,49.26785714285711,48.38351505419198
Mauritania,2024,2025,carbon_intensity_elec,515.5213005534692,509.4067854478025,512.08,514.7280746276881
Mauritius,2024,2025,electricity_demand (TWh),3.439657451744592,3.4991096209801333,3.41,3.4578901803445263
Mauritius,2024,2025,electricity_demand_per_capita (MWh),2.710330625093927,2.7397015548096104,2.682565917567345,2.725721167864314
Mauritius,2024,2025,electricity_demand_per_capita_with_access (MWh),2.710330632436146,2.7277156417673987,2.682565917567345,2.724697678396872
Mauritius,2024,2025,energy_poverty_electricity (% of total population),2.708975301857208e-07,0.0,0.0,0.0
Mauritius,2024,2025,energy_poverty_multidimensional (% of total population),0.3613095238095241,0.3614939330500616,0.4160714285714277,0.38052788227678935
Mauritius,2024,2025,carbon_intensity_elec,641.8630903092325,644.5318969717287,642.23,643.419859077873
Morocco,2024,2025,electricity_demand (TWh),48.23,46.069674119022274,44.94,46.20024067785614
Morocco,2024,2025,electricity_demand_per_capita (MWh),1.2549838314471626,1.1957676657864122,1.1801106142310311,1.2005768683985545
Morocco,2024,2025,electricity_demand_per_capita_with_access (MWh),1.2549838317586512,1.1899987054882861,1.1801106142310311,1.197243060692511
Morocco,2024,2025,energy_poverty_electricity (% of total population),2.4820138833092642e-08,0.0,0.0,0.0
Morocco,2024,2025,energy_poverty_multidimensional (% of total population),0.4851190476190936,0.5161921559498331,0.6196428571428783,0.5319632898106216
Morocco,2024,2025,carbon_intensity_elec,596.4,597.7809579280128,594.81,590.1278047651393
Mozambique,2024,2025,electricity_demand (TWh),16.597532634501235,16.71450760046185,16.49,16.61409944448082
Mozambique,2024,2025,electricity_demand_per_capita (MWh),0.4658086492715838,0.4694536688840304,0.4761524296464572,0.46575968088342434
Mozambique,2024,2025,electricity_demand_per_capita_with_access (MWh),1.2142804286172952,1.2166567905336438,1.290385988201781,1.2093301665038874
Mozambique,2024,2025,energy_poverty_electricity (% of total population),61.63912072584407,61.12538794488196,63.1,61.876534727846824
Mozambique,2024,2025,energy_poverty_multidimensional (% of total population),76.98630952380927,76.76011797703853,77.87857142857138,77.07115246451802
Mozambique,2024,2025,carbon_intensity_elec,127.5430274591425,126.68388440834298,129.36,128.96547018383654
Namibia,2024,2025,electricity_demand (TWh),3.9711688811793486,4.067662401301878,4.04,3.991480705876345
Namibia,2024,2025,electricity_demand_per_capita (MWh),1.2839994760201687,1.31070521438369,1.3332774500870757,1.2820263351474732
Namibia,2024,2025,electricity_demand_per_capita_with_access (MWh),2.169100483787449,2.1415439904222113,2.24835994955662,2.1147301846298965
Namibia,2024,2025,energy_poverty_electricity (% of total population),40.8049795010793,38.966278370205934,40.7,39.63672031541036
Namibia,2024,2025,energy_poverty_multidimensional (% of total population),46.19761904761913,45.968569427157796,46.88214285714275,46.19612817194537
Namibia,2024,2025,carbon_intensity_elec,47.7341228410863,48.39039811875703,48.78,48.15845639369014
Niger,2024,2025,electricity_demand (TWh),2.2752127781437608,2.2140299178459766,2.15,2.252737303973732
Niger,2024,2025,electricity_demand_per_capita (MWh),0.0814967451201106,0.07957387846207871,0.0795341385862758,0.080593309576683
Niger,2024,2025,electricity_demand_per_capita_with_access (MWh),0.3841604101658014,0.34997024297558404,0.3733997116726567,0.3678561787389926
Niger,2024,2025,energy_poverty_electricity (% of total population),78.78575122175211,76.36766211495934,78.7,78.17840620041126
Niger,2024,2025,energy_poverty_multidimensional (% of total population),86.77499999999998,86.29293084829253,87.17500000000007,86.78605173888553
Niger,2024,2025,carbon_intensity_elec,669.0151326243569,668.7623996195158,673.68,668.768855544011
Nigeria,2024,2025,electricity_demand (TWh),39.24,35.53772579476488,35.26,35.343380324541094
Nigeria,2024,2025,electricity_demand_per_capita (MWh),0.165201723682115,0.14921000034053922,0.1515389311378989,0.14862194447824847
Nigeria,2024,2025,electricity_demand_per_capita_with_access (MWh),0.2661791108974191,0.23000736016516046,0.2424622898206383,0.23623799918992425
Nigeria,2024,2025,energy_poverty_electricity (% of total population),37.93587966946776,35.78523869041733,37.5,37.11811175778754
Nigeria,2024,2025,energy_poverty_multidimensional (% of total population),53.10565476190504,52.86877207059357,54.82678571428596,53.50469152882921
Nigeria,2024,2025,carbon_intensity_elec,455.71,488.46636333456456,495.74,493.8382537253869
Rwanda,2024,2025,electricity_demand (TWh),1.3073839258115465,1.2957527121792505,1.22,1.3054117193081052
Rwanda,2024,2025,electricity_demand_per_capita (MWh),0.0897352444141366,0.08883631894959293,0.0855745626946952,0.08953879380866463
Rwanda,2024,2025,electricity_demand_per_capita_with_access (MWh),0.1258301147182142,0.11587961414341184,0.1188535592981878,0.11118740301430213
Rwanda,2024,2025,energy_poverty_electricity (% of total population),28.685398868870905,25.127769844465327,28.0,24.943201602387866
Rwanda,2024,2025,energy_poverty_multidimensional (% of total population),60.79345238095266,61.70228420218928,63.4696428571433,61.22565515051249
Rwanda,2024,2025,carbon_intensity_elec,350.20272575085727,361.3119405857466,353.98,355.2799730169529
Sao Tome and Principe,2024,2025,electricity_demand (TWh),0.0865419706315697,0.09089593052456583,0.0882540500874678,0.08585732909091594
Sao Tome and Principe,2024,2025,electricity_demand_per_capita (MWh),0.3602550199175262,0.37843290736510654,0.37474102244128,0.3580123086915114
Sao Tome and Principe,2024,2025,electricity_demand_per_capita_with_access (MWh),0.4428075773891264,0.4732038251112093,0.4822921781741056,0.4543015755766897
Sao Tome and Principe,2024,2025,energy_poverty_electricity (% of total population),18.642986635040216,19.646902117030344,22.3,21.43521246082578
Sao Tome and Principe,2024,2025,energy_poverty_multidimensional (% of total population),55.50297619047615,53.552954835634935,56.41607142857151,55.51733531261293
Sao Tome and Principe,2024,2025,carbon_intensity_elec,524.803907700872,530.4770638161457,539.9630162912052,528.9890196569357
Senegal,2024,2025,electricity_demand (TWh),8.74212421995534,8.431177738344834,8.13,8.609570229998578
Senegal,2024,2025,electricity_demand_per_capita (MWh),0.4617651611020966,0.44756470567471524,0.43941224045762,0.45341612386260677
Senegal,2024,2025,electricity_demand_per_capita_with_access (MWh),0.5886977544789789,0.5341588458906791,0.5300509535073824,0.5300515174067384
Senegal,2024,2025,energy_poverty_electricity (% of total population),21.561589527247776,7.83566620972656,17.099999999999994,15.60781394226281
Senegal,2024,2025,energy_poverty_multidimensional (% of total population),45.12797619047615,43.11381414475862,46.2035714285712,45.35387423409402
Senegal,2024,2025,carbon_intensity_elec,530.1362935853813,530.0504755447489,539.97,530.355862066009
Seychelles,2024,2025,electricity_demand (TWh),0.6504149966326734,0.6452161721664119,0.63,0.648465484092128
Seychelles,2024,2025,electricity_demand_per_capita (MWh),4.930562130830236,4.860054413419104,4.829954920420743,4.865839728663867
Seychelles,2024,2025,electricity_demand_per_capita_with_access (MWh),4.930562180135858,4.845098525403999,4.829954920420743,4.865839728663867
Seychelles,2024,2025,energy_poverty_electricity (% of total population),1.0000000116860974e-06,0.0,0.0,0.0
Seychelles,2024,2025,energy_poverty_multidimensional (% of total population),0.0,0.0,0.0,0.0
Seychelles,2024,2025,carbon_intensity_elec,543.2045187222091,546.3193002909412,555.56,545.8205008967043
Sierra Leone,2024,2025,electricity_demand (TWh),0.2069661918214011,0.21179000186453814,0.21,0.21
Sierra Leone,2024,2025,electricity_demand_per_capita (MWh),0.0234660836953592,0.023932897167825762,0.0242998490285093,0.02375381519648278
Sierra Leone,2024,2025,electricity_demand_per_capita_with_access (MWh),0.0608104200271547,0.05605801605400263,0.0619894107870137,0.055811451089676944
Sierra Leone,2024,2025,energy_poverty_electricity (% of total population),61.41108105341073,57.995665129503074,60.8,58.77724641546479
Sierra Leone,2024,2025,energy_poverty_multidimensional (% of total population),81.60595238095243,81.41450545619294,82.48214285714289,81.63882179200482
Sierra Leone,2024,2025,carbon_intensity_elec,37.38228826494623,42.24850380486805,47.62,38.941989864619195
Somalia,2024,2025,electricity_demand (TWh),0.4399397269940678,0.4456167372864685,0.43,0.4396572079339311
Somalia,2024,2025,electricity_demand_per_capita (MWh),0.02238338725433,0.022828526571694686,0.0226206793516071,0.02232969273340167
Somalia,2024,2025,electricity_demand_per_capita_with_access (MWh),0.0438730394523173,0.040191456406472426,0.0415821311610425,0.04072739119401273
Somalia,2024,2025,energy_poverty_electricity (% of total population),48.981452997672825,43.836002068038475,45.6,45.20347690324266
Somalia,2024,2025,energy_poverty_multidimensional (% of total population),72.6732142857143,71.79979920131093,72.74285714285713,72.67351270498183
Somalia,2024,2025,carbon_intensity_elec,496.37968353543295,497.1924221102148,511.63,497.61932845897223
South Africa,2024,2025,electricity_demand (TWh),236.84,247.10520797508948,246.22,246.14510262728876
South Africa,2024,2025,electricity_demand_per_capita (MWh),3.657912075093024,3.7999368299781056,3.846755521376061,3.792406277377323
South Africa,2024,2025,electricity_demand_per_capita_with_access (MWh),4.055079460386671,4.136733496487125,4.264695699973459,4.166561024585711
South Africa,2024,2025,energy_poverty_electricity (% of total population),9.794318192121809,6.791233362828926,9.799999999999995,9.210349278175814
South Africa,2024,2025,energy_poverty_multidimensional (% of total population),9.280952380952384,8.971142892679307,9.957142857143026,9.417492448562944
South Africa,2024,2025,carbon_intensity_elec,699.29,712.3924768232828,717.36,709.9606055538146
South Sudan,2024,2025,electricity_demand (TWh),0.5630597319455881,0.5733054082848822,0.56,0.5652116594803127
South Sudan,2024,2025,electricity_demand_per_capita (MWh),0.0461948831711285,0.047063689603951415,0.0468877816302044,0.046748838663706084
South Sudan,2024,2025,electricity_demand_per_capita_with_access (MWh),0.6578369501932446,0.862946440836568,0.8682922524111931,0.8636988290037645
South Sudan,2024,2025,energy_poverty_electricity (% of total population),92.97776095466232,93.54371245375499,94.6,94.58750742705021
South Sudan,2024,2025,energy_poverty_multidimensional (% of total population),95.92321428571428,95.61273805122282,96.08035714285712,95.92282052799499
South Sudan,2024,2025,carbon_intensity_elec,640.2408606284697,661.5644015268424,642.86,641.499302404468
Sudan,2024,2025,electricity_demand (TWh),15.584161659088132,15.429498812494858,15.57,15.641453308912203
Sudan,2024,2025,electricity_demand_per_capita (MWh),0.3016553413046606,0.29980371115787385,0.3086287606325284,0.30234957743180985
Sudan,2024,2025,electricity_demand_per_capita_with_access (MWh),0.4375633669953501,0.4390912187457162,0.4676193342917096,0.4430307312159781
Sudan,2024,2025,energy_poverty_electricity (% of total population),31.06019286393638,30.97743648480187,34.0,32.44054425000743
Sudan,2024,2025,energy_poverty_multidimensional (% of total population),26.75208333333376,27.735962891929702,29.15625,27.336495752126243
Sudan,2024,2025,carbon_intensity_elec,140.85655845883866,142.77545828151153,153.69,141.1664594289761
Tanzania,2024,2025,electricity_demand (TWh),9.482703133062516,9.886349839053423,9.03,9.33545429474713
Tanzania,2024,2025,electricity_demand_per_capita (MWh),0.1344189690140136,0.1405676485394455,0.1317091403605493,0.1321072496327285
Tanzania,2024,2025,electricity_demand_per_capita_with_access (MWh),0.2497933308220049,0.2615281376648614,0.2513533212987582,0.2377733422877161
Tanzania,2024,2025,energy_poverty_electricity (% of total population),46.1879272069932,46.12883531119356,47.6,45.5917919987724
Tanzania,2024,2025,energy_poverty_multidimensional (% of total population),68.13928571428596,68.66480773521523,69.75714285714321,68.40313397958725
Tanzania,2024,2025,carbon_intensity_elec,347.7750127481752,373.59113212923165,345.02,347.149182130909
Togo,2024,2025,electricity_demand (TWh),2.3180340572299145,2.269813849188025,2.21,2.2853644569170273
Togo,2024,2025,electricity_demand_per_capita (MWh),0.2698016836621008,0.26370511395230584,0.26289012120781,0.2666449909525974
Togo,2024,2025,electricity_demand_per_capita_with_access (MWh),0.4300720691116494,0.41725056837321955,0.4302620641699018,0.42210237886712265
Togo,2024,2025,energy_poverty_electricity (% of total population),37.26593679533775,37.3183853146323,38.9,37.40712641957361
Togo,2024,2025,energy_poverty_multidimensional (% of total population),61.19999999999982,61.27007356125963,62.51249999999982,61.32803241765726
Togo,2024,2025,carbon_intensity_elec,417.1829648907579,418.20511544581524,422.54,411.59247266117995
Tunisia,2024,2025,electricity_demand (TWh),24.9,24.7229106821123,23.96,24.58331843313987
Tunisia,2024,2025,electricity_demand_per_capita (MWh),2.0164268333449944,1.9920407747048678,1.951600471218658,1.9866897395750152
Tunisia,2024,2025,electricity_demand_per_capita_with_access (MWh),2.0164271784434744,1.9881678736315336,1.951600471218658,1.9866897395750152
Tunisia,2024,2025,energy_poverty_electricity (% of total population),1.7114353710212526e-05,0.0,0.0,0.0
Tunisia,2024,2025,energy_poverty_multidimensional (% of total population),0.0517857142857103,0.045200098353328395,0.0571428571428533,0.05328218813948059
Tunisia,2024,2025,carbon_intensity_elec,560.29,555.6110459777956,558.26,557.6183316794585
Uganda,2024,2025,electricity_demand (TWh),5.690086169394963,5.540217070792045,5.37,5.635526059973127
Uganda,2024,2025,electricity_demand_per_capita (MWh),0.1107346116771662,0.10792230880534188,0.1073675943126845,0.10915623372487
Uganda,2024,2025,electricity_demand_per_capita_with_access (MWh),0.1890731209563244,0.18511210032063038,0.1941547817589232,0.1802173648940374
Uganda,2024,2025,energy_poverty_electricity (% of total population),41.43291700212337,42.27419564739777,44.7,42.02018562199145
Uganda,2024,2025,energy_poverty_multidimensional (% of total population),70.08511904761917,70.30191811076884,71.66964285714312,70.04493738557193
Uganda,2024,2025,carbon_intensity_elec,58.62416667645301,57.87892484753813,58.52,58.88239383747442
Zambia,2024,2025,electricity_demand (TWh),17.035662921400647,16.897394568400898,16.6,17.088919846558376
Zambia,2024,2025,electricity_demand_per_capita (MWh),0.7773914427905743,0.7725490824302189,0.778795664754176,0.7788909258127802
Zambia,2024,2025,electricity_demand_per_capita_with_access (MWh),1.4086515084500413,1.3718154474743545,1.4529769864816715,1.3797222260080844
Zambia,2024,2025,energy_poverty_electricity (% of total population),44.81307561683948,44.087224553204486,46.4,44.51984701748394
Zambia,2024,2025,energy_poverty_multidimensional (% of total population),68.71190476190486,68.04353902520538,69.41428571428582,68.67186621720428
Zambia,2024,2025,carbon_intensity_elec,121.96875388718298,116.76570147294072,119.68,129.06558686688464
Zimbabwe,2024,2025,electricity_demand (TWh),12.496967470620978,12.420330022754401,12.1,12.552572088513545
Zimbabwe,2024,2025,electricity_demand_per_capita (MWh),0.7372499478366242,0.7299663702687548,0.7274097491903209,0.7424135676486641
Zimbabwe,2024,2025,electricity_demand_per_capita_with_access (MWh),1.1813177418079082,1.1252204586349346,1.1732415309521302,1.1422307974216792
Zimbabwe,2024,2025,energy_poverty_electricity (% of total population),37.59088501385538,35.79204637162967,38.0,36.08262007101009
Zimbabwe,2024,2025,energy_poverty_multidimensional (% of total population),54.03749999999991,53.66067072138874,55.1875,54.1961238030977
Zimbabwe,2024,2025,carbon_intensity_elec,370.924856168024,397.30097513377274,384.02,372.6738431291787
